source_id,url,locator,source_kind,event_earliest,event_latest,published_at,retrieved_at,sha256,content_path,authority_at_event,exclusion_reason,registration_commit,access_state,eligible,decisive_material_complete
calendar-2026-09-21,https://www.apache.org/foundation/board/calendar.html,Whole access object; no episode classification,archive_index,unknown,unknown,unknown,2026-09-21T14:36:29.706758+00:00,d1d2fbab5deb80a2586be5beff910f33d683fce919b436c577557ba7074d20c9,sources/board-calendar.html,Current official public archive; access only,,00d696ed80bd388955f622e0611853165f19508c,public_complete,unknown,yes
minutes-index-2023,https://www.apache.org/foundation/records/minutes/2023/,Whole access object; no episode classification,archive_index,unknown,unknown,unknown,2026-09-21T14:37:32.396254+00:00,76f927a6772e585066b30c5e193be4d0a4519fa3d55244f63e4549c0ad81d68f,sources/minutes-2023-index.html,Current official public archive; access only,,00d696ed80bd388955f622e0611853165f19508c,public_complete,unknown,yes
minutes-index-2024,https://www.apache.org/foundation/records/minutes/2024/,Whole access object; no episode classification,archive_index,unknown,unknown,unknown,2026-09-21T14:37:32.410415+00:00,1f92c4247f016fda8e465f1e809562943c32742cf8c930ce1cf1472412e6031f,sources/minutes-2024-index.html,Current official public archive; access only,,00d696ed80bd388955f622e0611853165f19508c,public_complete,unknown,yes
minutes-index-2025,https://www.apache.org/foundation/records/minutes/2025/,Whole access object; no episode classification,archive_index,unknown,unknown,unknown,2026-09-21T14:37:32.470668+00:00,01c254da6be51aabda4435ecbcf796f010e8c577220082acce2e2557a9db7d85,sources/minutes-2025-index.html,Current official public archive; access only,,00d696ed80bd388955f622e0611853165f19508c,public_complete,unknown,yes
asf-bylaws-1887743,https://svn.apache.org/repos/asf/infrastructure/site/trunk/content/foundation/bylaws.mdtext,"Sections 5.1, 5.12, 6.3, 6.4; Amendment II effective 2021-03-11",official_policy,2021-03-11,2021-03-11,2021-03-16T23:51:51+00:00,2026-09-21T14:40:24.768257+00:00,c77fdc69fe257f265ce00016be939fad1a4c581f8025602c8fef41143e1088e8,sources/bylaws-svn.mdtext,"Official ASF bylaws, public SVN last revision 1887743 on 2021-03-16, predating the study window",,00d696ed80bd388955f622e0611853165f19508c,public_complete,yes,yes
board-2022-10-19,https://svn.apache.org/repos/asf/infrastructure/site/trunk/content/foundation/records/minutes/2022/board_minutes_2022_10_19.txt,Official dated board record; public SVN revision bounds publication of retained bytes,approved_minutes,2022-10-19,2022-10-19,2023-10-10T18:52:15+00:00,2026-09-21T14:41:41.745494+00:00,782aa3f2f2e18ceba3dc831c5544c8f28e44f3653094db0bfdd228f56474d284,sources/board_minutes_2022_10_19.txt,"ASF Board official corporate record, dated act distinct from publication and retrieval",,00d696ed80bd388955f622e0611853165f19508c,public_complete,yes,yes
board-2022-11-16,https://svn.apache.org/repos/asf/infrastructure/site/trunk/content/foundation/records/minutes/2022/board_minutes_2022_11_16.txt,Official dated board record; public SVN revision bounds publication of retained bytes,approved_minutes,2022-11-16,2022-11-16,2023-12-09T13:11:30+00:00,2026-09-21T14:41:41.745774+00:00,55a59d8a0dadf3c565b6586935eb2c76127475bb634fe8b8f15afb3804cd91bd,sources/board_minutes_2022_11_16.txt,"ASF Board official corporate record, dated act distinct from publication and retrieval",,00d696ed80bd388955f622e0611853165f19508c,public_complete,yes,yes
board-2022-12-21,https://svn.apache.org/repos/asf/infrastructure/site/trunk/content/foundation/records/minutes/2022/board_minutes_2022_12_21.txt,Official dated board record; public SVN revision bounds publication of retained bytes,approved_minutes,2022-12-21,2022-12-21,2023-10-10T18:52:15+00:00,2026-09-21T14:41:45.738076+00:00,4b2c04b05ffa0ca30512913680163c35b39430262208b1aec2665f9aaf9aeddc,sources/board-2022-12-21.txt,"ASF Board official corporate record, dated act distinct from publication and retrieval",,00d696ed80bd388955f622e0611853165f19508c,public_complete,yes,yes
board-2023-01-18,https://svn.apache.org/repos/asf/infrastructure/site/trunk/content/foundation/records/minutes/2023/board_minutes_2023_01_18.txt,Official dated board record; public SVN revision bounds publication of retained bytes,approved_minutes,2023-01-18,2023-01-18,2023-12-09T13:06:32+00:00,2026-09-21T14:41:41.748028+00:00,f49783d8d25ad1083ae8f8284ea5c81b4bef132b982d6c718cbbd21d9937fbe6,sources/board_minutes_2023_01_18.txt,"ASF Board official corporate record, dated act distinct from publication and retrieval",,00d696ed80bd388955f622e0611853165f19508c,public_complete,yes,yes
board-2023-02-15,https://svn.apache.org/repos/asf/infrastructure/site/trunk/content/foundation/records/minutes/2023/board_minutes_2023_02_15.txt,Official dated board record; public SVN revision bounds publication of retained bytes,approved_minutes,2023-02-15,2023-02-15,2023-10-12T10:16:27+00:00,2026-09-21T14:41:42.069763+00:00,05b3c9abc703e1fb200e6dc9f9307a9018091a0f65b2501b5e355f0bdfc38186,sources/board_minutes_2023_02_15.txt,"ASF Board official corporate record, dated act distinct from publication and retrieval",,00d696ed80bd388955f622e0611853165f19508c,public_complete,yes,yes
board-2023-03-22,https://svn.apache.org/repos/asf/infrastructure/site/trunk/content/foundation/records/minutes/2023/board_minutes_2023_03_22.txt,Official dated board record; public SVN revision bounds publication of retained bytes,approved_minutes,2023-03-22,2023-03-22,2023-10-10T18:05:35+00:00,2026-09-21T14:41:42.079220+00:00,196c56e6d31f447e11c767503f9c6ee30f08cd737a94c3384b07572d96e6b80f,sources/board_minutes_2023_03_22.txt,"ASF Board official corporate record, dated act distinct from publication and retrieval",,00d696ed80bd388955f622e0611853165f19508c,public_complete,yes,yes
board-2023-04-19,https://svn.apache.org/repos/asf/infrastructure/site/trunk/content/foundation/records/minutes/2023/board_minutes_2023_04_19.txt,Official dated board record; public SVN revision bounds publication of retained bytes,approved_minutes,2023-04-19,2023-04-19,2023-12-09T13:06:32+00:00,2026-09-21T14:41:42.094993+00:00,96a961a086722cd48c953908cb852aa67ed20d294ca6af68b8990209db439f6c,sources/board_minutes_2023_04_19.txt,"ASF Board official corporate record, dated act distinct from publication and retrieval",,00d696ed80bd388955f622e0611853165f19508c,public_complete,yes,yes
board-2023-05-17,https://svn.apache.org/repos/asf/infrastructure/site/trunk/content/foundation/records/minutes/2023/board_minutes_2023_05_17.txt,Official dated board record; public SVN revision bounds publication of retained bytes,approved_minutes,2023-05-17,2023-05-17,2023-10-12T10:16:27+00:00,2026-09-21T14:41:42.388117+00:00,3e8eb676326a427f4a2b34dacffbe98fd5bdad5d0c11975b467341bbc7ab1463,sources/board_minutes_2023_05_17.txt,"ASF Board official corporate record, dated act distinct from publication and retrieval",,00d696ed80bd388955f622e0611853165f19508c,public_complete,yes,yes
board-2023-06-21,https://svn.apache.org/repos/asf/infrastructure/site/trunk/content/foundation/records/minutes/2023/board_minutes_2023_06_21.txt,Official dated board record; public SVN revision bounds publication of retained bytes,approved_minutes,2023-06-21,2023-06-21,2023-12-09T13:06:32+00:00,2026-09-21T14:41:42.406147+00:00,ee6f70a274c85fb95490e65b6cb3bf91d78e82c6895f00beb6cb596c7a0dec46,sources/board_minutes_2023_06_21.txt,"ASF Board official corporate record, dated act distinct from publication and retrieval",,00d696ed80bd388955f622e0611853165f19508c,public_complete,yes,yes
board-2023-07-19,https://svn.apache.org/repos/asf/infrastructure/site/trunk/content/foundation/records/minutes/2023/board_minutes_2023_07_19.txt,Official dated board record; public SVN revision bounds publication of retained bytes,approved_minutes,2023-07-19,2023-07-19,2023-10-10T18:51:45+00:00,2026-09-21T14:41:42.434733+00:00,5d75c035c16ea809e2c612eaf047d013c2f6c8c65d6b8737fd58a9228dc0ba1f,sources/board_minutes_2023_07_19.txt,"ASF Board official corporate record, dated act distinct from publication and retrieval",,00d696ed80bd388955f622e0611853165f19508c,public_complete,yes,yes
board-2023-08-16,https://svn.apache.org/repos/asf/infrastructure/site/trunk/content/foundation/records/minutes/2023/board_minutes_2023_08_16.txt,Official dated board record; public SVN revision bounds publication of retained bytes,approved_minutes,2023-08-16,2023-08-16,2023-10-12T09:36:54+00:00,2026-09-21T14:41:42.695533+00:00,6d7aa8c42350ba5baf5d8aeecccf86582a4d88cff962b1d19dfb9793e17f38bc,sources/board_minutes_2023_08_16.txt,"ASF Board official corporate record, dated act distinct from publication and retrieval",,00d696ed80bd388955f622e0611853165f19508c,public_complete,yes,yes
board-2023-09-20,https://svn.apache.org/repos/asf/infrastructure/site/trunk/content/foundation/records/minutes/2023/board_minutes_2023_09_20.txt,Official dated board record; public SVN revision bounds publication of retained bytes,approved_minutes,2023-09-20,2023-09-20,2023-12-09T13:06:32+00:00,2026-09-21T14:41:42.735790+00:00,f5b2daf2c833547332e7d4b8ba253cfbb24cfadfe1b460ecb58efaebf67dc21f,sources/board_minutes_2023_09_20.txt,"ASF Board official corporate record, dated act distinct from publication and retrieval",,00d696ed80bd388955f622e0611853165f19508c,public_complete,yes,yes
board-2023-10-18,https://svn.apache.org/repos/asf/infrastructure/site/trunk/content/foundation/records/minutes/2023/board_minutes_2023_10_18.txt,Official dated board record; public SVN revision bounds publication of retained bytes,approved_minutes,2023-10-18,2023-10-18,2023-12-20T21:08:58+00:00,2026-09-21T14:41:42.748532+00:00,f624403a93bd54908e86a062b3dc50f1b28d846280fff995101aff5b3e05960b,sources/board_minutes_2023_10_18.txt,"ASF Board official corporate record, dated act distinct from publication and retrieval",,00d696ed80bd388955f622e0611853165f19508c,public_complete,yes,yes
board-2023-11-15,https://svn.apache.org/repos/asf/infrastructure/site/trunk/content/foundation/records/minutes/2023/board_minutes_2023_11_15.txt,Official dated board record; public SVN revision bounds publication of retained bytes,approved_minutes,2023-11-15,2023-11-15,2023-12-20T21:09:12+00:00,2026-09-21T14:41:43.042456+00:00,31286bcda3996141886d0968fb67137069803f82a2ab8a86c3791aecdd77b4d4,sources/board_minutes_2023_11_15.txt,"ASF Board official corporate record, dated act distinct from publication and retrieval",,00d696ed80bd388955f622e0611853165f19508c,public_complete,yes,yes
board-2023-12-20,https://svn.apache.org/repos/asf/infrastructure/site/trunk/content/foundation/records/minutes/2023/board_minutes_2023_12_20.txt,Official dated board record; public SVN revision bounds publication of retained bytes,approved_minutes,2023-12-20,2023-12-20,2024-01-17T21:03:11+00:00,2026-09-21T14:41:43.047526+00:00,a43f5c860583aec421de994c65dc0db97842f9976ca5f589bd7be6c65b1c23a6,sources/board_minutes_2023_12_20.txt,"ASF Board official corporate record, dated act distinct from publication and retrieval",,00d696ed80bd388955f622e0611853165f19508c,public_complete,yes,yes
board-2024-01-17,https://svn.apache.org/repos/asf/infrastructure/site/trunk/content/foundation/records/minutes/2024/board_minutes_2024_01_17.txt,Official dated board record; public SVN revision bounds publication of retained bytes,approved_minutes,2024-01-17,2024-01-17,2024-02-21T21:04:18+00:00,2026-09-21T14:41:43.051215+00:00,561fb09db2429d37bb48c1df09e8d70851afb306d1a89ee6844a0c740d295800,sources/board_minutes_2024_01_17.txt,"ASF Board official corporate record, dated act distinct from publication and retrieval",,00d696ed80bd388955f622e0611853165f19508c,public_complete,yes,yes
board-2024-02-21,https://svn.apache.org/repos/asf/infrastructure/site/trunk/content/foundation/records/minutes/2024/board_minutes_2024_02_21.txt,Official dated board record; public SVN revision bounds publication of retained bytes,approved_minutes,2024-02-21,2024-02-21,2024-03-20T21:02:43+00:00,2026-09-21T14:41:43.337436+00:00,58209c3e00ce0473bc1af3a59b4022fc3f03a8a73f4337078e67cc4bc99b5a58,sources/board_minutes_2024_02_21.txt,"ASF Board official corporate record, dated act distinct from publication and retrieval",,00d696ed80bd388955f622e0611853165f19508c,public_complete,yes,yes
board-2024-03-20,https://svn.apache.org/repos/asf/infrastructure/site/trunk/content/foundation/records/minutes/2024/board_minutes_2024_03_20.txt,Official dated board record; public SVN revision bounds publication of retained bytes,approved_minutes,2024-03-20,2024-03-20,2024-04-17T21:03:17+00:00,2026-09-21T14:41:43.350050+00:00,3b24c80d692acb71dccd7c491cf5fd538babd2cf8b338d2f7e4ae66e902d0e71,sources/board_minutes_2024_03_20.txt,"ASF Board official corporate record, dated act distinct from publication and retrieval",,00d696ed80bd388955f622e0611853165f19508c,public_complete,yes,yes
board-2024-04-17,https://svn.apache.org/repos/asf/infrastructure/site/trunk/content/foundation/records/minutes/2024/board_minutes_2024_04_17.txt,Official dated board record; public SVN revision bounds publication of retained bytes,approved_minutes,2024-04-17,2024-04-17,2024-05-15T21:02:40+00:00,2026-09-21T14:41:43.353702+00:00,42ae5fbe77ad90430619a0d072d526b71cd9c70ee45b252b202be6082073a9de,sources/board_minutes_2024_04_17.txt,"ASF Board official corporate record, dated act distinct from publication and retrieval",,00d696ed80bd388955f622e0611853165f19508c,public_complete,yes,yes
board-2024-05-15,https://svn.apache.org/repos/asf/infrastructure/site/trunk/content/foundation/records/minutes/2024/board_minutes_2024_05_15.txt,Official dated board record; public SVN revision bounds publication of retained bytes,approved_minutes,2024-05-15,2024-05-15,2024-06-19T21:03:04+00:00,2026-09-21T14:41:43.639739+00:00,007cf3659b3fd9261a0c55f63f9ec8dc40a971c709a9a3d8016a0d0c790549e7,sources/board_minutes_2024_05_15.txt,"ASF Board official corporate record, dated act distinct from publication and retrieval",,00d696ed80bd388955f622e0611853165f19508c,public_complete,yes,yes
board-2024-06-19,https://svn.apache.org/repos/asf/infrastructure/site/trunk/content/foundation/records/minutes/2024/board_minutes_2024_06_19.txt,Official dated board record; public SVN revision bounds publication of retained bytes,approved_minutes,2024-06-19,2024-06-19,2024-07-17T21:02:17+00:00,2026-09-21T14:41:43.699455+00:00,a8c9559542f242ea1536d9ae977ee1afbbf5191626d162c449dfe0995816223c,sources/board_minutes_2024_06_19.txt,"ASF Board official corporate record, dated act distinct from publication and retrieval",,00d696ed80bd388955f622e0611853165f19508c,public_complete,yes,yes
board-2024-07-17,https://svn.apache.org/repos/asf/infrastructure/site/trunk/content/foundation/records/minutes/2024/board_minutes_2024_07_17.txt,Official dated board record; public SVN revision bounds publication of retained bytes,approved_minutes,2024-07-17,2024-07-17,2024-08-21T21:03:19+00:00,2026-09-21T14:41:43.699518+00:00,41a1a4295eb688b48950d83766611e3a43e514420cfc5fa3fcde961fb3282b04,sources/board_minutes_2024_07_17.txt,"ASF Board official corporate record, dated act distinct from publication and retrieval",,00d696ed80bd388955f622e0611853165f19508c,public_complete,yes,yes
board-2024-08-21,https://svn.apache.org/repos/asf/infrastructure/site/trunk/content/foundation/records/minutes/2024/board_minutes_2024_08_21.txt,Official dated board record; public SVN revision bounds publication of retained bytes,approved_minutes,2024-08-21,2024-08-21,2024-10-16T21:02:30+00:00,2026-09-21T14:41:43.950013+00:00,4dac682ac86b164bdd3589aabfc18d543820889c19fc67cbebea0c37862926ca,sources/board_minutes_2024_08_21.txt,"ASF Board official corporate record, dated act distinct from publication and retrieval",,00d696ed80bd388955f622e0611853165f19508c,public_complete,yes,yes
board-2024-09-18,https://svn.apache.org/repos/asf/infrastructure/site/trunk/content/foundation/records/minutes/2024/board_minutes_2024_09_18.txt,Official dated board record; public SVN revision bounds publication of retained bytes,approved_minutes,2024-09-18,2024-09-18,2024-10-16T21:02:45+00:00,2026-09-21T14:41:44.014329+00:00,1bb8bd4f82ae80518c50fc28c85993d19a82172517a40768e0c09a54c0fe2ed0,sources/board_minutes_2024_09_18.txt,"ASF Board official corporate record, dated act distinct from publication and retrieval",,00d696ed80bd388955f622e0611853165f19508c,public_complete,yes,yes
board-2024-10-16,https://svn.apache.org/repos/asf/infrastructure/site/trunk/content/foundation/records/minutes/2024/board_minutes_2024_10_16.txt,Official dated board record; public SVN revision bounds publication of retained bytes,approved_minutes,2024-10-16,2024-10-16,2024-11-20T21:11:38+00:00,2026-09-21T14:41:44.019613+00:00,83841b79d368cdf3ee8dce8b9cee5beeb2e152efb4ae5a3a2623494f9f7995de,sources/board_minutes_2024_10_16.txt,"ASF Board official corporate record, dated act distinct from publication and retrieval",,00d696ed80bd388955f622e0611853165f19508c,public_complete,yes,yes
board-2024-11-20,https://svn.apache.org/repos/asf/infrastructure/site/trunk/content/foundation/records/minutes/2024/board_minutes_2024_11_20.txt,Official dated board record; public SVN revision bounds publication of retained bytes,approved_minutes,2024-11-20,2024-11-20,2024-12-18T21:02:25+00:00,2026-09-21T14:41:44.247981+00:00,4e550da5f2e0e774cca87db4dd7c3537a2fd0a13812602a79ce343ea41ec6081,sources/board_minutes_2024_11_20.txt,"ASF Board official corporate record, dated act distinct from publication and retrieval",,00d696ed80bd388955f622e0611853165f19508c,public_complete,yes,yes
board-2024-12-18,https://svn.apache.org/repos/asf/infrastructure/site/trunk/content/foundation/records/minutes/2024/board_minutes_2024_12_18.txt,Official dated board record; public SVN revision bounds publication of retained bytes,approved_minutes,2024-12-18,2024-12-18,2025-01-15T21:02:24+00:00,2026-09-21T14:41:44.297575+00:00,9993faeb9bf8a2d493a81f4dcd7316a721743ecab9a30e15993744dced14e059,sources/board_minutes_2024_12_18.txt,"ASF Board official corporate record, dated act distinct from publication and retrieval",,00d696ed80bd388955f622e0611853165f19508c,public_complete,yes,yes
board-2025-01-15,https://svn.apache.org/repos/asf/infrastructure/site/trunk/content/foundation/records/minutes/2025/board_minutes_2025_01_15.txt,Official dated board record; public SVN revision bounds publication of retained bytes,approved_minutes,2025-01-15,2025-01-15,2025-02-19T21:03:44+00:00,2026-09-21T14:41:44.311847+00:00,37236cf0bcdf11145dab2cefbbc3d457674bf0ead2ce19edf38e1b94df2ef43a,sources/board_minutes_2025_01_15.txt,"ASF Board official corporate record, dated act distinct from publication and retrieval",,00d696ed80bd388955f622e0611853165f19508c,public_complete,yes,yes
board-2025-02-19,https://svn.apache.org/repos/asf/infrastructure/site/trunk/content/foundation/records/minutes/2025/board_minutes_2025_02_19.txt,Official dated board record; public SVN revision bounds publication of retained bytes,approved_minutes,2025-02-19,2025-02-19,2025-03-19T22:18:11+00:00,2026-09-21T14:41:44.562992+00:00,ad457998bc51e241456778edc245db3149b477595376f8a86d6dc8cd97b5d54d,sources/board_minutes_2025_02_19.txt,"ASF Board official corporate record, dated act distinct from publication and retrieval",,00d696ed80bd388955f622e0611853165f19508c,public_complete,yes,yes
board-2025-03-19,https://svn.apache.org/repos/asf/infrastructure/site/trunk/content/foundation/records/minutes/2025/board_minutes_2025_03_19.txt,Official dated board record; public SVN revision bounds publication of retained bytes,approved_minutes,2025-03-19,2025-03-19,2025-04-16T22:04:44+00:00,2026-09-21T14:41:44.585111+00:00,49ec04dc878a995613e20cdc2c11da987577545e630d8a2e7869a0fb5e0acba8,sources/board_minutes_2025_03_19.txt,"ASF Board official corporate record, dated act distinct from publication and retrieval",,00d696ed80bd388955f622e0611853165f19508c,public_complete,yes,yes
board-2025-04-16,https://svn.apache.org/repos/asf/infrastructure/site/trunk/content/foundation/records/minutes/2025/board_minutes_2025_04_16.txt,Official dated board record; public SVN revision bounds publication of retained bytes,approved_minutes,2025-04-16,2025-04-16,2025-05-21T21:01:55+00:00,2026-09-21T14:41:44.611474+00:00,8a0a93ed8434e8828c53c777e13dbbb8d938836d379b1ac386e441dfa063639e,sources/board_minutes_2025_04_16.txt,"ASF Board official corporate record, dated act distinct from publication and retrieval",,00d696ed80bd388955f622e0611853165f19508c,public_complete,yes,yes
board-2025-05-21,https://svn.apache.org/repos/asf/infrastructure/site/trunk/content/foundation/records/minutes/2025/board_minutes_2025_05_21.txt,Official dated board record; public SVN revision bounds publication of retained bytes,approved_minutes,2025-05-21,2025-05-21,2025-06-18T21:02:27+00:00,2026-09-21T14:41:44.901219+00:00,5a9c7feaeb098e1f35a3ab6b7c42f3ed9711f97aa4df5e64b5535bf186e56acf,sources/board_minutes_2025_05_21.txt,"ASF Board official corporate record, dated act distinct from publication and retrieval",,00d696ed80bd388955f622e0611853165f19508c,public_complete,yes,yes
board-2025-06-18,https://svn.apache.org/repos/asf/infrastructure/site/trunk/content/foundation/records/minutes/2025/board_minutes_2025_06_18.txt,Official dated board record; public SVN revision bounds publication of retained bytes,approved_minutes,2025-06-18,2025-06-18,2025-07-16T21:02:46+00:00,2026-09-21T14:41:44.924944+00:00,2a6ab4188da40e682ec1597e2cbd559168920697c3a9427a8363295743b323e7,sources/board_minutes_2025_06_18.txt,"ASF Board official corporate record, dated act distinct from publication and retrieval",,00d696ed80bd388955f622e0611853165f19508c,public_complete,yes,yes
board-2025-07-16,https://svn.apache.org/repos/asf/infrastructure/site/trunk/content/foundation/records/minutes/2025/board_minutes_2025_07_16.txt,Official dated board record; public SVN revision bounds publication of retained bytes,approved_minutes,2025-07-16,2025-07-16,2025-08-20T21:01:48+00:00,2026-09-21T14:41:44.930486+00:00,39aca19cc3f44cacd1a23a5be83aa57631caca8c11881a7e40dd2c3f4728bba6,sources/board_minutes_2025_07_16.txt,"ASF Board official corporate record, dated act distinct from publication and retrieval",,00d696ed80bd388955f622e0611853165f19508c,public_complete,yes,yes
board-2025-08-20,https://svn.apache.org/repos/asf/infrastructure/site/trunk/content/foundation/records/minutes/2025/board_minutes_2025_08_20.txt,Official dated board record; public SVN revision bounds publication of retained bytes,approved_minutes,2025-08-20,2025-08-20,2025-10-02T19:26:54+00:00,2026-09-21T14:41:45.213499+00:00,835f54f8a59e3b7aaed99728a721f9983997fbc5afe578da814e5eb0e251a83c,sources/board_minutes_2025_08_20.txt,"ASF Board official corporate record, dated act distinct from publication and retrieval",,00d696ed80bd388955f622e0611853165f19508c,public_complete,yes,yes
board-2025-08-24,https://svn.apache.org/repos/asf/infrastructure/site/trunk/content/foundation/records/minutes/2025/board_minutes_2025_08_24.png,Official dated board record; public SVN revision bounds publication of retained bytes,official_policy,2025-08-24,2025-08-24,2025-10-11T20:45:53+00:00,2026-09-21T14:41:45.858710+00:00,4a2bce400027f178bb7e868e5364bc78381f619708247643cc37a197d7afa153,sources/board_minutes_2025_08_24.png,"ASF Board official corporate record, dated act distinct from publication and retrieval",,00d696ed80bd388955f622e0611853165f19508c,public_complete,yes,yes
board-2025-08-25,https://svn.apache.org/repos/asf/infrastructure/site/trunk/content/foundation/records/minutes/2025/board_minutes_2025_08_25.txt,Official dated board record; public SVN revision bounds publication of retained bytes,approved_minutes,2025-08-25,2025-08-25,2025-10-03T23:04:15+00:00,2026-09-21T14:41:45.267830+00:00,9eee77bcb7a03ee760ebb196b4f9d2e68e006283952894686d9ebc386228064d,sources/board_minutes_2025_08_25.txt,"ASF Board official corporate record, dated act distinct from publication and retrieval",,00d696ed80bd388955f622e0611853165f19508c,public_complete,yes,yes
board-2025-09-24,https://svn.apache.org/repos/asf/infrastructure/site/trunk/content/foundation/records/minutes/2025/board_minutes_2025_09_24.txt,Official dated board record; public SVN revision bounds publication of retained bytes,approved_minutes,2025-09-24,2025-09-24,2025-10-29T18:12:20+00:00,2026-09-21T14:41:45.273972+00:00,6cff722921ad9dd74309f9d63d213c2525e92d3b8b3197fb8b41f1070515bd84,sources/board_minutes_2025_09_24.txt,"ASF Board official corporate record, dated act distinct from publication and retrieval",,00d696ed80bd388955f622e0611853165f19508c,public_complete,yes,yes
board-2025-10-15,https://svn.apache.org/repos/asf/infrastructure/site/trunk/content/foundation/records/minutes/2025/board_minutes_2025_10_15.txt,Official dated board record; public SVN revision bounds publication of retained bytes,approved_minutes,2025-10-15,2025-10-15,2025-11-19T22:02:51+00:00,2026-09-21T14:41:45.431007+00:00,321c25c432c24e3e9b7c0bac2617bdc3eb2362eddc6b7ede6af8d082f018c470,sources/board_minutes_2025_10_15.txt,"ASF Board official corporate record, dated act distinct from publication and retrieval",,00d696ed80bd388955f622e0611853165f19508c,public_complete,yes,yes
board-2025-11-19,https://svn.apache.org/repos/asf/infrastructure/site/trunk/content/foundation/records/minutes/2025/board_minutes_2025_11_19.txt,Official dated board record; public SVN revision bounds publication of retained bytes,approved_minutes,2025-11-19,2025-11-19,2025-12-18T03:28:06+00:00,2026-09-21T14:41:45.534596+00:00,3fe1471abea2398cdebada99487a7f844869f27f5e0d32706629ac9ccad6cdf1,sources/board_minutes_2025_11_19.txt,"ASF Board official corporate record, dated act distinct from publication and retrieval",,00d696ed80bd388955f622e0611853165f19508c,public_complete,yes,yes
board-2025-12-17,https://svn.apache.org/repos/asf/infrastructure/site/trunk/content/foundation/records/minutes/2025/board_minutes_2025_12_17.txt,Official dated board record; public SVN revision bounds publication of retained bytes,approved_minutes,2025-12-17,2025-12-17,2026-01-21T22:37:51+00:00,2026-09-21T14:41:45.587870+00:00,f6c7ec50bda60fe6a0690f1bcb70b164afac39d480973ff90081efd12af42d52,sources/board_minutes_2025_12_17.txt,"ASF Board official corporate record, dated act distinct from publication and retrieval",,00d696ed80bd388955f622e0611853165f19508c,public_complete,yes,yes
index-httpd-2023-01,https://lists.apache.org/api/stats.lua?list=dev&domain=httpd.apache.org&d=2023-01,Whole access object; no episode classification,archive_index,unknown,unknown,unknown,2026-09-21T14:38:49.703603+00:00,6f9f0815a6b5a47a7db1f7db40b15048b244fe424ed5619e73dcdf7360bda1f0,sources/httpd-2023-01-index.json.gz,Current official public archive; access only,,00d696ed80bd388955f622e0611853165f19508c,public_complete,unknown,yes
mailbox-httpd-2023-01,https://lists.apache.org/api/mbox.lua?list=dev&domain=httpd.apache.org&d=2023-01,Complete month-level mbox export; original Message-ID multiset checked against the index; not individually coded evidence,archive_index,unknown,unknown,unknown,2026-09-21T14:41:12.875162+00:00,2b56cfee82a9e20660b0f3419ffe7a6bd5d4ce154e916c7476474eb6040c9594,sources/httpd-2023-01.mbox.gz,Current official public archive; access only,,00d696ed80bd388955f622e0611853165f19508c,public_complete,unknown,yes
index-httpd-2023-02,https://lists.apache.org/api/stats.lua?list=dev&domain=httpd.apache.org&d=2023-02,Whole access object; no episode classification,archive_index,unknown,unknown,unknown,2026-09-21T14:39:35.369830+00:00,4d199284da842edecba9c0dfb24435cd5ac724d50494316cb80031f35696cf54,sources/httpd-2023-02-index.json.gz,Current official public archive; access only,,00d696ed80bd388955f622e0611853165f19508c,public_complete,unknown,yes
mailbox-httpd-2023-02,https://lists.apache.org/api/mbox.lua?list=dev&domain=httpd.apache.org&d=2023-02,Complete month-level mbox export; original Message-ID multiset checked against the index; not individually coded evidence,archive_index,unknown,unknown,unknown,2026-09-21T14:41:12.875652+00:00,82784063bcf038fbc8aaf98f37755f7818a585f2f15b5d1781f56daaa13b8885,sources/httpd-2023-02.mbox.gz,Current official public archive; access only,,00d696ed80bd388955f622e0611853165f19508c,public_complete,unknown,yes
index-httpd-2023-03,https://lists.apache.org/api/stats.lua?list=dev&domain=httpd.apache.org&d=2023-03,Whole access object; no episode classification,archive_index,unknown,unknown,unknown,2026-09-21T14:39:35.372108+00:00,55d8fbd9c93aad48db9754fe7d370153294bebdf5072cabdf58a2f924bb692bd,sources/httpd-2023-03-index.json.gz,Current official public archive; access only,,00d696ed80bd388955f622e0611853165f19508c,public_complete,unknown,yes
mailbox-httpd-2023-03,https://lists.apache.org/api/mbox.lua?list=dev&domain=httpd.apache.org&d=2023-03,Complete month-level mbox export; original Message-ID multiset checked against the index; not individually coded evidence,archive_index,unknown,unknown,unknown,2026-09-21T14:41:12.878153+00:00,4882a5fbf84330b8099d2f5c8181817fd4aa093b3c5da07c3c741da7db75106b,sources/httpd-2023-03.mbox.gz,Current official public archive; access only,,00d696ed80bd388955f622e0611853165f19508c,public_complete,unknown,yes
index-httpd-2023-04,https://lists.apache.org/api/stats.lua?list=dev&domain=httpd.apache.org&d=2023-04,Whole access object; no episode classification,archive_index,unknown,unknown,unknown,2026-09-21T14:39:35.372985+00:00,55296d6476c531506e96479817775b3860a3c41630838e04f578c26ce1c768c6,sources/httpd-2023-04-index.json.gz,Current official public archive; access only,,00d696ed80bd388955f622e0611853165f19508c,public_complete,unknown,yes
mailbox-httpd-2023-04,https://lists.apache.org/api/mbox.lua?list=dev&domain=httpd.apache.org&d=2023-04,Complete month-level mbox export; original Message-ID multiset checked against the index; not individually coded evidence,archive_index,unknown,unknown,unknown,2026-09-21T14:41:14.786544+00:00,2756220a77508dca9e4f61edbed38ab8012e2301ea4542c984f83ad0a88ddfc6,sources/httpd-2023-04.mbox.gz,Current official public archive; access only,,00d696ed80bd388955f622e0611853165f19508c,public_complete,unknown,yes
index-httpd-2023-05,https://lists.apache.org/api/stats.lua?list=dev&domain=httpd.apache.org&d=2023-05,Whole access object; no episode classification,archive_index,unknown,unknown,unknown,2026-09-21T14:39:35.704152+00:00,bfb27e4a529a9fc2732b0f6d5e9b2c17d81ec820d6cb091f0a77fec45adce9e1,sources/httpd-2023-05-index.json.gz,Current official public archive; access only,,00d696ed80bd388955f622e0611853165f19508c,public_complete,unknown,yes
mailbox-httpd-2023-05,https://lists.apache.org/api/mbox.lua?list=dev&domain=httpd.apache.org&d=2023-05,Complete month-level mbox export; original Message-ID multiset checked against the index; not individually coded evidence,archive_index,unknown,unknown,unknown,2026-09-21T14:41:18.643606+00:00,48312c24c01b8e64a230961bc634761d840bc03473b6a5d07d5da880327781f4,sources/httpd-2023-05.mbox.gz,Current official public archive; access only,,00d696ed80bd388955f622e0611853165f19508c,public_complete,unknown,yes
index-httpd-2023-06,https://lists.apache.org/api/stats.lua?list=dev&domain=httpd.apache.org&d=2023-06,Whole access object; no episode classification,archive_index,unknown,unknown,unknown,2026-09-21T14:39:36.119273+00:00,f0ec8cc3e9965bf6b9edea30ce720123237b789403595d6ecf0cf97e001f4fe9,sources/httpd-2023-06-index.json.gz,Current official public archive; access only,,00d696ed80bd388955f622e0611853165f19508c,public_complete,unknown,yes
mailbox-httpd-2023-06,https://lists.apache.org/api/mbox.lua?list=dev&domain=httpd.apache.org&d=2023-06,Complete month-level mbox export; original Message-ID multiset checked against the index; not individually coded evidence,archive_index,unknown,unknown,unknown,2026-09-21T14:41:19.107233+00:00,e3996b52184550d37f2e5d6e7b05768c95a03a2a25338c1f9aae16b174857a08,sources/httpd-2023-06.mbox.gz,Current official public archive; access only,,00d696ed80bd388955f622e0611853165f19508c,public_complete,unknown,yes
index-httpd-2023-07,https://lists.apache.org/api/stats.lua?list=dev&domain=httpd.apache.org&d=2023-07,Whole access object; no episode classification,archive_index,unknown,unknown,unknown,2026-09-21T14:39:36.133250+00:00,c18657b85eba651ea25cdc067a8170c4a9722b7b557b3cc1397cfb9bc3ea5031,sources/httpd-2023-07-index.json.gz,Current official public archive; access only,,00d696ed80bd388955f622e0611853165f19508c,public_complete,unknown,yes
mailbox-httpd-2023-07,https://lists.apache.org/api/mbox.lua?list=dev&domain=httpd.apache.org&d=2023-07,Complete month-level mbox export; original Message-ID multiset checked against the index; not individually coded evidence,archive_index,unknown,unknown,unknown,2026-09-21T14:41:21.513997+00:00,58a26c594695fc03bafe062e29c1c60a178aa22cb738a5bddf7bc55b2187493b,sources/httpd-2023-07.mbox.gz,Current official public archive; access only,,00d696ed80bd388955f622e0611853165f19508c,public_complete,unknown,yes
index-httpd-2023-08,https://lists.apache.org/api/stats.lua?list=dev&domain=httpd.apache.org&d=2023-08,Whole access object; no episode classification,archive_index,unknown,unknown,unknown,2026-09-21T14:39:36.166885+00:00,125abab6c15454f382d03ba63ee6d00a2650e67d0bf4303ccc13c6b5f9720e23,sources/httpd-2023-08-index.json.gz,Current official public archive; access only,,00d696ed80bd388955f622e0611853165f19508c,public_complete,unknown,yes
mailbox-httpd-2023-08,https://lists.apache.org/api/mbox.lua?list=dev&domain=httpd.apache.org&d=2023-08,Complete month-level mbox export; original Message-ID multiset checked against the index; not individually coded evidence,archive_index,unknown,unknown,unknown,2026-09-21T14:41:22.534311+00:00,23ba1cd7ce43dc1e16936f2fcac9ed5c0471b16c2397321b8ab81a184084f3d3,sources/httpd-2023-08.mbox.gz,Current official public archive; access only,,00d696ed80bd388955f622e0611853165f19508c,public_complete,unknown,yes
index-httpd-2023-09,https://lists.apache.org/api/stats.lua?list=dev&domain=httpd.apache.org&d=2023-09,Whole access object; no episode classification,archive_index,unknown,unknown,unknown,2026-09-21T14:39:36.443273+00:00,89ce1b35b0e594977804c140598c212bfe552222ec0f3682a06f9a2741da1c76,sources/httpd-2023-09-index.json.gz,Current official public archive; access only,,00d696ed80bd388955f622e0611853165f19508c,public_complete,unknown,yes
mailbox-httpd-2023-09,https://lists.apache.org/api/mbox.lua?list=dev&domain=httpd.apache.org&d=2023-09,Complete month-level mbox export; original Message-ID multiset checked against the index; not individually coded evidence,archive_index,unknown,unknown,unknown,2026-09-21T14:41:23.568329+00:00,4c4b4c3671b9e43f8ace2e5fe0847c4515bf40c17c8c527f73ea1f49944bd375,sources/httpd-2023-09.mbox.gz,Current official public archive; access only,,00d696ed80bd388955f622e0611853165f19508c,public_complete,unknown,yes
index-httpd-2023-10,https://lists.apache.org/api/stats.lua?list=dev&domain=httpd.apache.org&d=2023-10,Whole access object; no episode classification,archive_index,unknown,unknown,unknown,2026-09-21T14:39:36.469122+00:00,f33aa72fabca9f6b9dd6caebd71fb1d4c228506395607a202a92e89d72ae13ba,sources/httpd-2023-10-index.json.gz,Current official public archive; access only,,00d696ed80bd388955f622e0611853165f19508c,public_complete,unknown,yes
mailbox-httpd-2023-10,https://lists.apache.org/api/mbox.lua?list=dev&domain=httpd.apache.org&d=2023-10,Complete month-level mbox export; original Message-ID multiset checked against the index; not individually coded evidence,archive_index,unknown,unknown,unknown,2026-09-21T14:41:25.701072+00:00,dd78d40cc6eea2bd3f47361332f494862d358aa8d21aa66f0f1fa8fa8f590c1f,sources/httpd-2023-10.mbox.gz,Current official public archive; access only,,00d696ed80bd388955f622e0611853165f19508c,public_complete,unknown,yes
index-httpd-2023-11,https://lists.apache.org/api/stats.lua?list=dev&domain=httpd.apache.org&d=2023-11,Whole access object; no episode classification,archive_index,unknown,unknown,unknown,2026-09-21T14:39:36.495951+00:00,dd36a25813086c4a75386d34c9f4e5d78c23e6e285927d627c6249891a3d2c5e,sources/httpd-2023-11-index.json.gz,Current official public archive; access only,,00d696ed80bd388955f622e0611853165f19508c,public_complete,unknown,yes
mailbox-httpd-2023-11,https://lists.apache.org/api/mbox.lua?list=dev&domain=httpd.apache.org&d=2023-11,Complete month-level mbox export; original Message-ID multiset checked against the index; not individually coded evidence,archive_index,unknown,unknown,unknown,2026-09-21T14:41:25.840125+00:00,7d32c30ea0e1b919df7dcf7c18417245b0a65e63227ae78bc071ff58042df95a,sources/httpd-2023-11.mbox.gz,Current official public archive; access only,,00d696ed80bd388955f622e0611853165f19508c,public_complete,unknown,yes
index-httpd-2023-12,https://lists.apache.org/api/stats.lua?list=dev&domain=httpd.apache.org&d=2023-12,Whole access object; no episode classification,archive_index,unknown,unknown,unknown,2026-09-21T14:39:37.043588+00:00,3628fbe5a8eb7145db7959aca5109023dfb3b682e522a156ae755a644f5e1da0,sources/httpd-2023-12-index.json.gz,Current official public archive; access only,,00d696ed80bd388955f622e0611853165f19508c,public_complete,unknown,yes
mailbox-httpd-2023-12,https://lists.apache.org/api/mbox.lua?list=dev&domain=httpd.apache.org&d=2023-12,Complete month-level mbox export; original Message-ID multiset checked against the index; not individually coded evidence,archive_index,unknown,unknown,unknown,2026-09-21T14:41:26.911795+00:00,7d70f038a3ebd238ace7c69c08de8662939981649386353c645d6b54d1f138a6,sources/httpd-2023-12.mbox.gz,Current official public archive; access only,,00d696ed80bd388955f622e0611853165f19508c,public_complete,unknown,yes
index-httpd-2024-01,https://lists.apache.org/api/stats.lua?list=dev&domain=httpd.apache.org&d=2024-01,Whole access object; no episode classification,archive_index,unknown,unknown,unknown,2026-09-21T14:39:37.043641+00:00,b9a12d417a536d4e90aec87ffc3eb45cfbdb656f1876ddc5637c56fe93983862,sources/httpd-2024-01-index.json.gz,Current official public archive; access only,,00d696ed80bd388955f622e0611853165f19508c,public_complete,unknown,yes
mailbox-httpd-2024-01,https://lists.apache.org/api/mbox.lua?list=dev&domain=httpd.apache.org&d=2024-01,Complete month-level mbox export; original Message-ID multiset checked against the index; not individually coded evidence,archive_index,unknown,unknown,unknown,2026-09-21T14:41:31.081584+00:00,d48bdf9279ba417da5b900981e11b9f1c2e548cf5963a8464d87597d3aaa0268,sources/httpd-2024-01.mbox.gz,Current official public archive; access only,,00d696ed80bd388955f622e0611853165f19508c,public_complete,unknown,yes
index-httpd-2024-02,https://lists.apache.org/api/stats.lua?list=dev&domain=httpd.apache.org&d=2024-02,Whole access object; no episode classification,archive_index,unknown,unknown,unknown,2026-09-21T14:39:37.049492+00:00,8efec8740ab5b5b5d55e96ebfa2a7903045532f962c222742a72a4e1531b4c1a,sources/httpd-2024-02-index.json.gz,Current official public archive; access only,,00d696ed80bd388955f622e0611853165f19508c,public_complete,unknown,yes
mailbox-httpd-2024-02,https://lists.apache.org/api/mbox.lua?list=dev&domain=httpd.apache.org&d=2024-02,Complete month-level mbox export; original Message-ID multiset checked against the index; not individually coded evidence,archive_index,unknown,unknown,unknown,2026-09-21T14:41:32.262935+00:00,d00fb69daebd3588df680bf140c8de924a194047a79dbfcafb831a3ca265b0d1,sources/httpd-2024-02.mbox.gz,Current official public archive; access only,,00d696ed80bd388955f622e0611853165f19508c,public_complete,unknown,yes
index-httpd-2024-03,https://lists.apache.org/api/stats.lua?list=dev&domain=httpd.apache.org&d=2024-03,Whole access object; no episode classification,archive_index,unknown,unknown,unknown,2026-09-21T14:39:37.362849+00:00,d41141383f592c555268b2ffc0bebc370d66818da303084ed5ef7d8910640c59,sources/httpd-2024-03-index.json.gz,Current official public archive; access only,,00d696ed80bd388955f622e0611853165f19508c,public_complete,unknown,yes
mailbox-httpd-2024-03,https://lists.apache.org/api/mbox.lua?list=dev&domain=httpd.apache.org&d=2024-03,Complete month-level mbox export; original Message-ID multiset checked against the index; not individually coded evidence,archive_index,unknown,unknown,unknown,2026-09-21T14:41:33.249784+00:00,ba96182c3074f23b4e479fd708aac856e17d113d8ac0a0e0b488167cd2e5a32d,sources/httpd-2024-03.mbox.gz,Current official public archive; access only,,00d696ed80bd388955f622e0611853165f19508c,public_complete,unknown,yes
index-httpd-2024-04,https://lists.apache.org/api/stats.lua?list=dev&domain=httpd.apache.org&d=2024-04,Whole access object; no episode classification,archive_index,unknown,unknown,unknown,2026-09-21T14:39:37.375098+00:00,aa73b617bf92cd3ea46ffdc5497db872890f3421bc8eda57e396bbdd0ca46332,sources/httpd-2024-04-index.json.gz,Current official public archive; access only,,00d696ed80bd388955f622e0611853165f19508c,public_complete,unknown,yes
mailbox-httpd-2024-04,https://lists.apache.org/api/mbox.lua?list=dev&domain=httpd.apache.org&d=2024-04,Complete month-level mbox export; original Message-ID multiset checked against the index; not individually coded evidence,archive_index,unknown,unknown,unknown,2026-09-21T14:41:34.384771+00:00,d96fcfe02f195d6b1f782e816076f100bae9896a27626ac6e29e336683429aa7,sources/httpd-2024-04.mbox.gz,Current official public archive; access only,,00d696ed80bd388955f622e0611853165f19508c,public_complete,unknown,yes
index-httpd-2024-05,https://lists.apache.org/api/stats.lua?list=dev&domain=httpd.apache.org&d=2024-05,Whole access object; no episode classification,archive_index,unknown,unknown,unknown,2026-09-21T14:39:37.378686+00:00,0d8f681fd78d613bd3d6e7c43d21c85cb1259b786f6f120257f0152794374f64,sources/httpd-2024-05-index.json.gz,Current official public archive; access only,,00d696ed80bd388955f622e0611853165f19508c,public_complete,unknown,yes
mailbox-httpd-2024-05,https://lists.apache.org/api/mbox.lua?list=dev&domain=httpd.apache.org&d=2024-05,Complete month-level mbox export; original Message-ID multiset checked against the index; not individually coded evidence,archive_index,unknown,unknown,unknown,2026-09-21T14:41:35.628839+00:00,f7042364427102e0208c6ff340045d907c8ef88a5d9ea827349b6a2657185059,sources/httpd-2024-05.mbox.gz,Current official public archive; access only,,00d696ed80bd388955f622e0611853165f19508c,public_complete,unknown,yes
index-httpd-2024-06,https://lists.apache.org/api/stats.lua?list=dev&domain=httpd.apache.org&d=2024-06,Whole access object; no episode classification,archive_index,unknown,unknown,unknown,2026-09-21T14:39:37.641047+00:00,cc5fb2d1b900906f705ef7434719d2e952868b0505fcc40aedd9ebbe2cfb2b84,sources/httpd-2024-06-index.json.gz,Current official public archive; access only,,00d696ed80bd388955f622e0611853165f19508c,public_complete,unknown,yes
mailbox-httpd-2024-06,https://lists.apache.org/api/mbox.lua?list=dev&domain=httpd.apache.org&d=2024-06,Complete month-level mbox export; original Message-ID multiset checked against the index; not individually coded evidence,archive_index,unknown,unknown,unknown,2026-09-21T14:41:36.693861+00:00,47365af50de29f2537f80bba705bc82cf07e622f9b5f104c9be858558f121edb,sources/httpd-2024-06.mbox.gz,Current official public archive; access only,,00d696ed80bd388955f622e0611853165f19508c,public_complete,unknown,yes
index-httpd-2024-07,https://lists.apache.org/api/stats.lua?list=dev&domain=httpd.apache.org&d=2024-07,Whole access object; no episode classification,archive_index,unknown,unknown,unknown,2026-09-21T14:39:37.657396+00:00,dd0b98908215316711dd1be315ad047f241d0aae484d8b3f4a3fcba4e1a92eaf,sources/httpd-2024-07-index.json.gz,Current official public archive; access only,,00d696ed80bd388955f622e0611853165f19508c,public_complete,unknown,yes
mailbox-httpd-2024-07,https://lists.apache.org/api/mbox.lua?list=dev&domain=httpd.apache.org&d=2024-07,Complete month-level mbox export; original Message-ID multiset checked against the index; not individually coded evidence,archive_index,unknown,unknown,unknown,2026-09-21T14:41:37.632482+00:00,75d8883b299c5dd0ad27ae823b88284245d8b7fabc4e4143f035c6b4397e6540,sources/httpd-2024-07.mbox.gz,Current official public archive; access only,,00d696ed80bd388955f622e0611853165f19508c,public_complete,unknown,yes
index-httpd-2024-08,https://lists.apache.org/api/stats.lua?list=dev&domain=httpd.apache.org&d=2024-08,Whole access object; no episode classification,archive_index,unknown,unknown,unknown,2026-09-21T14:39:37.710772+00:00,99405bb772a5207eb3c25dc3cbca92d4d171716e640f8edbcdd4ffe633376c4b,sources/httpd-2024-08-index.json.gz,Current official public archive; access only,,00d696ed80bd388955f622e0611853165f19508c,public_complete,unknown,yes
mailbox-httpd-2024-08,https://lists.apache.org/api/mbox.lua?list=dev&domain=httpd.apache.org&d=2024-08,Complete month-level mbox export; original Message-ID multiset checked against the index; not individually coded evidence,archive_index,unknown,unknown,unknown,2026-09-21T14:41:39.752385+00:00,3ae6f7585e40a58d277cc641b0990b8e0b7e9416987f3e39b9568e3bb2c87095,sources/httpd-2024-08.mbox.gz,Current official public archive; access only,,00d696ed80bd388955f622e0611853165f19508c,public_complete,unknown,yes
index-httpd-2024-09,https://lists.apache.org/api/stats.lua?list=dev&domain=httpd.apache.org&d=2024-09,Whole access object; no episode classification,archive_index,unknown,unknown,unknown,2026-09-21T14:39:38.067156+00:00,b00ab8a5c68dc646c3ed8040cd18767012f22546d98e3111afe0a282d3dcb79c,sources/httpd-2024-09-index.json.gz,Current official public archive; access only,,00d696ed80bd388955f622e0611853165f19508c,public_complete,unknown,yes
mailbox-httpd-2024-09,https://lists.apache.org/api/mbox.lua?list=dev&domain=httpd.apache.org&d=2024-09,Complete month-level mbox export; original Message-ID multiset checked against the index; not individually coded evidence,archive_index,unknown,unknown,unknown,2026-09-21T14:41:42.917843+00:00,595f4dbba0e07adda78e2cf868e277c2d1ef156072a74fcfe66185f1df758de8,sources/httpd-2024-09.mbox.gz,Current official public archive; access only,,00d696ed80bd388955f622e0611853165f19508c,public_complete,unknown,yes
index-httpd-2024-10,https://lists.apache.org/api/stats.lua?list=dev&domain=httpd.apache.org&d=2024-10,Whole access object; no episode classification,archive_index,unknown,unknown,unknown,2026-09-21T14:39:38.067265+00:00,c7d53bbd7d73bfa136808ffc97dfd040bab7212d022008928be8c0b5662fb321,sources/httpd-2024-10-index.json.gz,Current official public archive; access only,,00d696ed80bd388955f622e0611853165f19508c,public_complete,unknown,yes
mailbox-httpd-2024-10,https://lists.apache.org/api/mbox.lua?list=dev&domain=httpd.apache.org&d=2024-10,Complete month-level mbox export; original Message-ID multiset checked against the index; not individually coded evidence,archive_index,unknown,unknown,unknown,2026-09-21T14:41:43.810870+00:00,143ca040b034514a3342c0be611aad2f3f39963260ebedff5f510eab6aef2ad5,sources/httpd-2024-10.mbox.gz,Current official public archive; access only,,00d696ed80bd388955f622e0611853165f19508c,public_complete,unknown,yes
index-httpd-2024-11,https://lists.apache.org/api/stats.lua?list=dev&domain=httpd.apache.org&d=2024-11,Whole access object; no episode classification,archive_index,unknown,unknown,unknown,2026-09-21T14:39:38.072644+00:00,d06d31976d7e9a438bde45367e280ef4b70792279d17e373e4ca006921f2dcd0,sources/httpd-2024-11-index.json.gz,Current official public archive; access only,,00d696ed80bd388955f622e0611853165f19508c,public_complete,unknown,yes
mailbox-httpd-2024-11,https://lists.apache.org/api/mbox.lua?list=dev&domain=httpd.apache.org&d=2024-11,Complete month-level mbox export; original Message-ID multiset checked against the index; not individually coded evidence,archive_index,unknown,unknown,unknown,2026-09-21T14:41:43.899956+00:00,df2fd5185987f8fb8c97ccf0acc1a796228a2af17ae87b71cc50000634550974,sources/httpd-2024-11.mbox.gz,Current official public archive; access only,,00d696ed80bd388955f622e0611853165f19508c,public_complete,unknown,yes
index-httpd-2024-12,https://lists.apache.org/api/stats.lua?list=dev&domain=httpd.apache.org&d=2024-12,Whole access object; no episode classification,archive_index,unknown,unknown,unknown,2026-09-21T14:39:38.351919+00:00,45e5bbd55296a9c9784b64876ef0aaf84ea6711af4a761cf15941e3208d05e21,sources/httpd-2024-12-index.json.gz,Current official public archive; access only,,00d696ed80bd388955f622e0611853165f19508c,public_complete,unknown,yes
mailbox-httpd-2024-12,https://lists.apache.org/api/mbox.lua?list=dev&domain=httpd.apache.org&d=2024-12,Complete month-level mbox export; original Message-ID multiset checked against the index; not individually coded evidence,archive_index,unknown,unknown,unknown,2026-09-21T14:41:46.128010+00:00,4b8e44a143517ead76c5f074aaf10724a6b5e0e294fa1719a848236f25fbe1d7,sources/httpd-2024-12.mbox.gz,Current official public archive; access only,,00d696ed80bd388955f622e0611853165f19508c,public_complete,unknown,yes
index-httpd-2025-01,https://lists.apache.org/api/stats.lua?list=dev&domain=httpd.apache.org&d=2025-01,Whole access object; no episode classification,archive_index,unknown,unknown,unknown,2026-09-21T14:39:38.395491+00:00,ff9d33de5fe55f1dbce990e90d98e592d6f8a7c9ae928f42ecfbeca7a21a80b8,sources/httpd-2025-01-index.json.gz,Current official public archive; access only,,00d696ed80bd388955f622e0611853165f19508c,public_complete,unknown,yes
mailbox-httpd-2025-01,https://lists.apache.org/api/mbox.lua?list=dev&domain=httpd.apache.org&d=2025-01,Complete month-level mbox export; original Message-ID multiset checked against the index; not individually coded evidence,archive_index,unknown,unknown,unknown,2026-09-21T14:41:46.155591+00:00,04f4c3df7ccc6ffb45997af69be7c197d2d85d15cc4cfc6d5c36080af59da6df,sources/httpd-2025-01.mbox.gz,Current official public archive; access only,,00d696ed80bd388955f622e0611853165f19508c,public_complete,unknown,yes
index-httpd-2025-02,https://lists.apache.org/api/stats.lua?list=dev&domain=httpd.apache.org&d=2025-02,Whole access object; no episode classification,archive_index,unknown,unknown,unknown,2026-09-21T14:39:38.399298+00:00,6704f2c42442c4d4a20c86461eaf1372339912b207bba08fd55aab1add740bbe,sources/httpd-2025-02-index.json.gz,Current official public archive; access only,,00d696ed80bd388955f622e0611853165f19508c,public_complete,unknown,yes
mailbox-httpd-2025-02,https://lists.apache.org/api/mbox.lua?list=dev&domain=httpd.apache.org&d=2025-02,Complete month-level mbox export; original Message-ID multiset checked against the index; not individually coded evidence,archive_index,unknown,unknown,unknown,2026-09-21T14:41:46.250063+00:00,018b1bcb7e415c1d5483bba1718249f037f1b6bb7fb21ff97afd58fa9a82995b,sources/httpd-2025-02.mbox.gz,Current official public archive; access only,,00d696ed80bd388955f622e0611853165f19508c,public_complete,unknown,yes
index-httpd-2025-03,https://lists.apache.org/api/stats.lua?list=dev&domain=httpd.apache.org&d=2025-03,Whole access object; no episode classification,archive_index,unknown,unknown,unknown,2026-09-21T14:39:38.635923+00:00,edc75a02abdb36ebb282f8df675b65127fd30b74adf42c08c5098895ea9665bc,sources/httpd-2025-03-index.json.gz,Current official public archive; access only,,00d696ed80bd388955f622e0611853165f19508c,public_complete,unknown,yes
mailbox-httpd-2025-03,https://lists.apache.org/api/mbox.lua?list=dev&domain=httpd.apache.org&d=2025-03,Complete month-level mbox export; original Message-ID multiset checked against the index; not individually coded evidence,archive_index,unknown,unknown,unknown,2026-09-21T14:41:48.416224+00:00,a72fcffdb2dc194011ca4d718bd1b56321d2f9a7c8153dbd13863f3c81b12ca1,sources/httpd-2025-03.mbox.gz,Current official public archive; access only,,00d696ed80bd388955f622e0611853165f19508c,public_complete,unknown,yes
index-httpd-2025-04,https://lists.apache.org/api/stats.lua?list=dev&domain=httpd.apache.org&d=2025-04,Whole access object; no episode classification,archive_index,unknown,unknown,unknown,2026-09-21T14:39:38.665908+00:00,05a5a9fb15af5e81248295d91d628511bfa5ee3825ff580ffdae66714a1bb53d,sources/httpd-2025-04-index.json.gz,Current official public archive; access only,,00d696ed80bd388955f622e0611853165f19508c,public_complete,unknown,yes
mailbox-httpd-2025-04,https://lists.apache.org/api/mbox.lua?list=dev&domain=httpd.apache.org&d=2025-04,Complete month-level mbox export; original Message-ID multiset checked against the index; not individually coded evidence,archive_index,unknown,unknown,unknown,2026-09-21T14:41:48.417454+00:00,f69c540e135d8ab686720e22c29aa2ae7b42bca08da075ddada121555bdfc085,sources/httpd-2025-04.mbox.gz,Current official public archive; access only,,00d696ed80bd388955f622e0611853165f19508c,public_complete,unknown,yes
index-httpd-2025-05,https://lists.apache.org/api/stats.lua?list=dev&domain=httpd.apache.org&d=2025-05,Whole access object; no episode classification,archive_index,unknown,unknown,unknown,2026-09-21T14:39:38.736418+00:00,5fd4f02ba28a4d316e2135b8fa7e34c7a6244fe1b92e1dd121eab446df384613,sources/httpd-2025-05-index.json.gz,Current official public archive; access only,,00d696ed80bd388955f622e0611853165f19508c,public_complete,unknown,yes
mailbox-httpd-2025-05,https://lists.apache.org/api/mbox.lua?list=dev&domain=httpd.apache.org&d=2025-05,Complete month-level mbox export; original Message-ID multiset checked against the index; not individually coded evidence,archive_index,unknown,unknown,unknown,2026-09-21T14:41:49.483925+00:00,4d5cbf17eb706b8fb550c865fd4ddc4c9f9a92491ff73da752cd0cf78d69c131,sources/httpd-2025-05.mbox.gz,Current official public archive; access only,,00d696ed80bd388955f622e0611853165f19508c,public_complete,unknown,yes
index-httpd-2025-06,https://lists.apache.org/api/stats.lua?list=dev&domain=httpd.apache.org&d=2025-06,Whole access object; no episode classification,archive_index,unknown,unknown,unknown,2026-09-21T14:39:38.888822+00:00,900dac681621b1a9b25a6c28719826e49bff81c4bcff0ecb71f07c5abb7b35a5,sources/httpd-2025-06-index.json.gz,Current official public archive; access only,,00d696ed80bd388955f622e0611853165f19508c,public_complete,unknown,yes
mailbox-httpd-2025-06,https://lists.apache.org/api/mbox.lua?list=dev&domain=httpd.apache.org&d=2025-06,Complete month-level mbox export; original Message-ID multiset checked against the index; not individually coded evidence,archive_index,unknown,unknown,unknown,2026-09-21T14:41:49.507234+00:00,e43cccb90ef76c80c4cff3b4c29f08f241f19c88d5c9895e9166e89a7259f8fb,sources/httpd-2025-06.mbox.gz,Current official public archive; access only,,00d696ed80bd388955f622e0611853165f19508c,public_complete,unknown,yes
index-httpd-2025-07,https://lists.apache.org/api/stats.lua?list=dev&domain=httpd.apache.org&d=2025-07,Whole access object; no episode classification,archive_index,unknown,unknown,unknown,2026-09-21T14:39:38.916243+00:00,0c89c0ab843e09f8883f59e453273ed93e795db111127cc4b95c49738aa2ad03,sources/httpd-2025-07-index.json.gz,Current official public archive; access only,,00d696ed80bd388955f622e0611853165f19508c,public_complete,unknown,yes
mailbox-httpd-2025-07,https://lists.apache.org/api/mbox.lua?list=dev&domain=httpd.apache.org&d=2025-07,Complete month-level mbox export; original Message-ID multiset checked against the index; not individually coded evidence,archive_index,unknown,unknown,unknown,2026-09-21T14:41:50.703775+00:00,3185019b54dd1eec6bf8598b596ad0c73e0cb9faf6a1a0bfc40b095e201e8e9b,sources/httpd-2025-07.mbox.gz,Current official public archive; access only,,00d696ed80bd388955f622e0611853165f19508c,public_complete,unknown,yes
index-httpd-2025-08,https://lists.apache.org/api/stats.lua?list=dev&domain=httpd.apache.org&d=2025-08,Whole access object; no episode classification,archive_index,unknown,unknown,unknown,2026-09-21T14:39:38.980915+00:00,63ca3b46996e36fe602e710c159dccabd5eeca4d6755caa4e750538a3ea5c1f7,sources/httpd-2025-08-index.json.gz,Current official public archive; access only,,00d696ed80bd388955f622e0611853165f19508c,public_complete,unknown,yes
mailbox-httpd-2025-08,https://lists.apache.org/api/mbox.lua?list=dev&domain=httpd.apache.org&d=2025-08,Complete month-level mbox export; original Message-ID multiset checked against the index; not individually coded evidence,archive_index,unknown,unknown,unknown,2026-09-21T14:41:50.810094+00:00,58e6e8f97d67f4f2a11eac24c96bd35279070c1c68a263e331d89c705818c7da,sources/httpd-2025-08.mbox.gz,Current official public archive; access only,,00d696ed80bd388955f622e0611853165f19508c,public_complete,unknown,yes
index-httpd-2025-09,https://lists.apache.org/api/stats.lua?list=dev&domain=httpd.apache.org&d=2025-09,Whole access object; no episode classification,archive_index,unknown,unknown,unknown,2026-09-21T14:39:39.148388+00:00,2c7cd1c347e34018cfe0f6f32fce2bc2ddaa05850314936688b89ed78bdad792,sources/httpd-2025-09-index.json.gz,Current official public archive; access only,,00d696ed80bd388955f622e0611853165f19508c,public_complete,unknown,yes
mailbox-httpd-2025-09,https://lists.apache.org/api/mbox.lua?list=dev&domain=httpd.apache.org&d=2025-09,Complete month-level mbox export; original Message-ID multiset checked against the index; not individually coded evidence,archive_index,unknown,unknown,unknown,2026-09-21T14:41:52.047924+00:00,a81570ff997eb93608669b3288072ab30d484b8eb97b0f9b4e4aec380c6cfcce,sources/httpd-2025-09.mbox.gz,Current official public archive; access only,,00d696ed80bd388955f622e0611853165f19508c,public_complete,unknown,yes
index-httpd-2025-10,https://lists.apache.org/api/stats.lua?list=dev&domain=httpd.apache.org&d=2025-10,Whole access object; no episode classification,archive_index,unknown,unknown,unknown,2026-09-21T14:39:39.228813+00:00,5ca92cf7ea86913cbe9c8628edc9b1797b5abd959ce456c83125c182ac1ce7a2,sources/httpd-2025-10-index.json.gz,Current official public archive; access only,,00d696ed80bd388955f622e0611853165f19508c,public_complete,unknown,yes
mailbox-httpd-2025-10,https://lists.apache.org/api/mbox.lua?list=dev&domain=httpd.apache.org&d=2025-10,Complete month-level mbox export; original Message-ID multiset checked against the index; not individually coded evidence,archive_index,unknown,unknown,unknown,2026-09-21T14:41:53.125276+00:00,c674d233cd6953c72a6938e8f5445f7dafa0431853ab89979c1d92f7a516afcf,sources/httpd-2025-10.mbox.gz,Current official public archive; access only,,00d696ed80bd388955f622e0611853165f19508c,public_complete,unknown,yes
index-httpd-2025-11,https://lists.apache.org/api/stats.lua?list=dev&domain=httpd.apache.org&d=2025-11,Whole access object; no episode classification,archive_index,unknown,unknown,unknown,2026-09-21T14:39:39.255020+00:00,e0596e27cf6d229dc9a8c37f3e7160ad30293c6d8c0d06eca072623ac59801d0,sources/httpd-2025-11-index.json.gz,Current official public archive; access only,,00d696ed80bd388955f622e0611853165f19508c,public_complete,unknown,yes
mailbox-httpd-2025-11,https://lists.apache.org/api/mbox.lua?list=dev&domain=httpd.apache.org&d=2025-11,Complete month-level mbox export; original Message-ID multiset checked against the index; not individually coded evidence,archive_index,unknown,unknown,unknown,2026-09-21T14:41:53.255284+00:00,d6518b3d58952355985f25d2f28f24498a99766a748f28f2bd37f2f427829638,sources/httpd-2025-11.mbox.gz,Current official public archive; access only,,00d696ed80bd388955f622e0611853165f19508c,public_complete,unknown,yes
index-httpd-2025-12,https://lists.apache.org/api/stats.lua?list=dev&domain=httpd.apache.org&d=2025-12,Whole access object; no episode classification,archive_index,unknown,unknown,unknown,2026-09-21T14:39:39.422797+00:00,0e15eb833af4eb02c003d2dc67e30657be41c808e416e7e977965fb05f20372f,sources/httpd-2025-12-index.json.gz,Current official public archive; access only,,00d696ed80bd388955f622e0611853165f19508c,public_complete,unknown,yes
mailbox-httpd-2025-12,https://lists.apache.org/api/mbox.lua?list=dev&domain=httpd.apache.org&d=2025-12,Complete month-level mbox export; original Message-ID multiset checked against the index; not individually coded evidence,archive_index,unknown,unknown,unknown,2026-09-21T14:41:55.129049+00:00,4dc5e31f42c5597e9d5c08233dc0b6e74dbb7b2d512deb0ea965f31e352071ce,sources/httpd-2025-12.mbox.gz,Current official public archive; access only,,00d696ed80bd388955f622e0611853165f19508c,public_complete,unknown,yes
index-tomcat-2023-01,https://lists.apache.org/api/stats.lua?list=dev&domain=tomcat.apache.org&d=2023-01,Whole access object; no episode classification,archive_index,unknown,unknown,unknown,2026-09-21T14:38:49.703814+00:00,19af1fa9ce2f70188605dd6a9a74246a3f978c262cac4baaa64c84b7b7f322a0,sources/tomcat-2023-01-index.json.gz,Current official public archive; access only,,00d696ed80bd388955f622e0611853165f19508c,public_complete,unknown,yes
mailbox-tomcat-2023-01,https://lists.apache.org/api/mbox.lua?list=dev&domain=tomcat.apache.org&d=2023-01,Complete month-level mbox export; original Message-ID multiset checked against the index; not individually coded evidence,archive_index,unknown,unknown,unknown,2026-09-21T14:40:24.765760+00:00,9d15e897a20ed2079e67d1417370e1876d802fe82f77999e6bc549228ffebdc0,sources/tomcat-2023-01.mbox.gz,Current official public archive; access only,,00d696ed80bd388955f622e0611853165f19508c,public_complete,unknown,yes
index-tomcat-2023-02,https://lists.apache.org/api/stats.lua?list=dev&domain=tomcat.apache.org&d=2023-02,Whole access object; no episode classification,archive_index,unknown,unknown,unknown,2026-09-21T14:39:39.487738+00:00,44fa0d7e013e35c494bbf871787d23f2ba44a6872064a32500b95512b3e4190c,sources/tomcat-2023-02-index.json.gz,Current official public archive; access only,,00d696ed80bd388955f622e0611853165f19508c,public_complete,unknown,yes
mailbox-tomcat-2023-02,https://lists.apache.org/api/mbox.lua?list=dev&domain=tomcat.apache.org&d=2023-02,Complete month-level mbox export; original Message-ID multiset checked against the index; not individually coded evidence,archive_index,unknown,unknown,unknown,2026-09-21T14:41:55.161507+00:00,6de383eb00da15b1d04e41b616c02ffcef34bbad16c44ff8ea37e3660686dd02,sources/tomcat-2023-02.mbox.gz,Current official public archive; access only,,00d696ed80bd388955f622e0611853165f19508c,public_complete,unknown,yes
index-tomcat-2023-03,https://lists.apache.org/api/stats.lua?list=dev&domain=tomcat.apache.org&d=2023-03,Whole access object; no episode classification,archive_index,unknown,unknown,unknown,2026-09-21T14:39:39.544515+00:00,f5ee6a5d82e3654edddab6d3eb0e30757feffb367dff353c60b160d27276a096,sources/tomcat-2023-03-index.json.gz,Current official public archive; access only,,00d696ed80bd388955f622e0611853165f19508c,public_complete,unknown,yes
mailbox-tomcat-2023-03,https://lists.apache.org/api/mbox.lua?list=dev&domain=tomcat.apache.org&d=2023-03,Complete month-level mbox export; original Message-ID multiset checked against the index; not individually coded evidence,archive_index,unknown,unknown,unknown,2026-09-21T14:41:55.164602+00:00,b6dc8b1b8d8fe92cd2a733e0a8fd434178e76148143ce67147de48b9d36a05cb,sources/tomcat-2023-03.mbox.gz,Current official public archive; access only,,00d696ed80bd388955f622e0611853165f19508c,public_complete,unknown,yes
index-tomcat-2023-04,https://lists.apache.org/api/stats.lua?list=dev&domain=tomcat.apache.org&d=2023-04,Whole access object; no episode classification,archive_index,unknown,unknown,unknown,2026-09-21T14:39:39.726463+00:00,8a3105b37e76d0069cf0b47177c2bef86e2ed37a6f10b2f9ff816cf3936b907f,sources/tomcat-2023-04-index.json.gz,Current official public archive; access only,,00d696ed80bd388955f622e0611853165f19508c,public_complete,unknown,yes
mailbox-tomcat-2023-04,https://lists.apache.org/api/mbox.lua?list=dev&domain=tomcat.apache.org&d=2023-04,Complete month-level mbox export; original Message-ID multiset checked against the index; not individually coded evidence,archive_index,unknown,unknown,unknown,2026-09-21T14:41:55.599719+00:00,680acf525339785dba53710d1a55dfbf604a86e10a433cf865e5b0f048953af4,sources/tomcat-2023-04.mbox.gz,Current official public archive; access only,,00d696ed80bd388955f622e0611853165f19508c,public_complete,unknown,yes
index-tomcat-2023-05,https://lists.apache.org/api/stats.lua?list=dev&domain=tomcat.apache.org&d=2023-05,Whole access object; no episode classification,archive_index,unknown,unknown,unknown,2026-09-21T14:39:40.169871+00:00,61c03f0622107b3011f5afd1f642cc275b5bca1b92a55e9f54910c18ec8c7559,sources/tomcat-2023-05-index.json.gz,Current official public archive; access only,,00d696ed80bd388955f622e0611853165f19508c,public_complete,unknown,yes
mailbox-tomcat-2023-05,https://lists.apache.org/api/mbox.lua?list=dev&domain=tomcat.apache.org&d=2023-05,Complete month-level mbox export; original Message-ID multiset checked against the index; not individually coded evidence,archive_index,unknown,unknown,unknown,2026-09-21T14:42:03.538485+00:00,1c64938a0fc898190db2919aa36f144a5cbcb76ed26f4a265d4779e455ce1757,sources/tomcat-2023-05.mbox.gz,Current official public archive; access only,,00d696ed80bd388955f622e0611853165f19508c,public_complete,unknown,yes
index-tomcat-2023-06,https://lists.apache.org/api/stats.lua?list=dev&domain=tomcat.apache.org&d=2023-06,Whole access object; no episode classification,archive_index,unknown,unknown,unknown,2026-09-21T14:39:40.263030+00:00,e601c18e5c3d6396b4185b35154d680a7445b6564c8da83f89b78bec8909f9c4,sources/tomcat-2023-06-index.json.gz,Current official public archive; access only,,00d696ed80bd388955f622e0611853165f19508c,public_complete,unknown,yes
mailbox-tomcat-2023-06,https://lists.apache.org/api/mbox.lua?list=dev&domain=tomcat.apache.org&d=2023-06,Complete month-level mbox export; original Message-ID multiset checked against the index; not individually coded evidence,archive_index,unknown,unknown,unknown,2026-09-21T14:42:04.182273+00:00,61bb2da1738466cd14874d58a557a9182ad5c23021bdbd9441ea4e7ab14d5469,sources/tomcat-2023-06.mbox.gz,Current official public archive; access only,,00d696ed80bd388955f622e0611853165f19508c,public_complete,unknown,yes
index-tomcat-2023-07,https://lists.apache.org/api/stats.lua?list=dev&domain=tomcat.apache.org&d=2023-07,Whole access object; no episode classification,archive_index,unknown,unknown,unknown,2026-09-21T14:39:40.426248+00:00,bb2ca54193073b62b92ef4e3d470f1adac9fa4c191ace049ea8c97aeea44a1d7,sources/tomcat-2023-07-index.json.gz,Current official public archive; access only,,00d696ed80bd388955f622e0611853165f19508c,public_complete,unknown,yes
mailbox-tomcat-2023-07,https://lists.apache.org/api/mbox.lua?list=dev&domain=tomcat.apache.org&d=2023-07,Complete month-level mbox export; original Message-ID multiset checked against the index; not individually coded evidence,archive_index,unknown,unknown,unknown,2026-09-21T14:42:05.807935+00:00,d7ebcc2d130254375d0e8bb79790dffccc46f9fe4ef976d403aac9294c88d635,sources/tomcat-2023-07.mbox.gz,Current official public archive; access only,,00d696ed80bd388955f622e0611853165f19508c,public_complete,unknown,yes
index-tomcat-2023-08,https://lists.apache.org/api/stats.lua?list=dev&domain=tomcat.apache.org&d=2023-08,Whole access object; no episode classification,archive_index,unknown,unknown,unknown,2026-09-21T14:39:40.864436+00:00,bd8d0d91ae2612b1470a928b1bb919d50fac23087f3ee5a998af043b010b31e6,sources/tomcat-2023-08-index.json.gz,Current official public archive; access only,,00d696ed80bd388955f622e0611853165f19508c,public_complete,unknown,yes
mailbox-tomcat-2023-08,https://lists.apache.org/api/mbox.lua?list=dev&domain=tomcat.apache.org&d=2023-08,Complete month-level mbox export; original Message-ID multiset checked against the index; not individually coded evidence,archive_index,unknown,unknown,unknown,2026-09-21T14:42:10.234152+00:00,a53d2ff1ff90130e2455dd28acba7b4cb036d3f88796f85fead2a6b332ccc58d,sources/tomcat-2023-08.mbox.gz,Current official public archive; access only,,00d696ed80bd388955f622e0611853165f19508c,public_complete,unknown,yes
index-tomcat-2023-09,https://lists.apache.org/api/stats.lua?list=dev&domain=tomcat.apache.org&d=2023-09,Whole access object; no episode classification,archive_index,unknown,unknown,unknown,2026-09-21T14:39:40.935709+00:00,abced8777bc8f03b2f13994d91610de2f39cd03cf258ae70386a09b8f4cf9e29,sources/tomcat-2023-09-index.json.gz,Current official public archive; access only,,00d696ed80bd388955f622e0611853165f19508c,public_complete,unknown,yes
mailbox-tomcat-2023-09,https://lists.apache.org/api/mbox.lua?list=dev&domain=tomcat.apache.org&d=2023-09,Complete month-level mbox export; original Message-ID multiset checked against the index; not individually coded evidence,archive_index,unknown,unknown,unknown,2026-09-21T14:42:10.685708+00:00,c89aeba4f7e26dc9ee994912adc81a3529b16f4dde95ac5e5e0ac7b75334484c,sources/tomcat-2023-09.mbox.gz,Current official public archive; access only,,00d696ed80bd388955f622e0611853165f19508c,public_complete,unknown,yes
index-tomcat-2023-10,https://lists.apache.org/api/stats.lua?list=dev&domain=tomcat.apache.org&d=2023-10,Whole access object; no episode classification,archive_index,unknown,unknown,unknown,2026-09-21T14:39:41.063613+00:00,387a5814dfa42552a22000e008166baebdcd2735d5cd3c923df97c10d887bded,sources/tomcat-2023-10-index.json.gz,Current official public archive; access only,,00d696ed80bd388955f622e0611853165f19508c,public_complete,unknown,yes
mailbox-tomcat-2023-10,https://lists.apache.org/api/mbox.lua?list=dev&domain=tomcat.apache.org&d=2023-10,Complete month-level mbox export; original Message-ID multiset checked against the index; not individually coded evidence,archive_index,unknown,unknown,unknown,2026-09-21T14:42:10.890515+00:00,f50b91428f109ec3c01fe1e519a825a0df54732335eb7dd90a1f357d533b26cb,sources/tomcat-2023-10.mbox.gz,Current official public archive; access only,,00d696ed80bd388955f622e0611853165f19508c,public_complete,unknown,yes
index-tomcat-2023-11,https://lists.apache.org/api/stats.lua?list=dev&domain=tomcat.apache.org&d=2023-11,Whole access object; no episode classification,archive_index,unknown,unknown,unknown,2026-09-21T14:39:41.556195+00:00,c52225d63cc8a4cc173779c81c8842e6c9a8d77707ad3264dc3108132cb11c41,sources/tomcat-2023-11-index.json.gz,Current official public archive; access only,,00d696ed80bd388955f622e0611853165f19508c,public_complete,unknown,yes
mailbox-tomcat-2023-11,https://lists.apache.org/api/mbox.lua?list=dev&domain=tomcat.apache.org&d=2023-11,Complete month-level mbox export; original Message-ID multiset checked against the index; not individually coded evidence,archive_index,unknown,unknown,unknown,2026-09-21T14:42:16.014912+00:00,61fe96525df7976eecba5c2c75697c736a7b88f043889d22b32cca24bb2bf985,sources/tomcat-2023-11.mbox.gz,Current official public archive; access only,,00d696ed80bd388955f622e0611853165f19508c,public_complete,unknown,yes
index-tomcat-2023-12,https://lists.apache.org/api/stats.lua?list=dev&domain=tomcat.apache.org&d=2023-12,Whole access object; no episode classification,archive_index,unknown,unknown,unknown,2026-09-21T14:39:41.672488+00:00,9a2566fc62934ca0c16c6b6eab29dcf10b76522c5a6942a5e22e6c1146c570a2,sources/tomcat-2023-12-index.json.gz,Current official public archive; access only,,00d696ed80bd388955f622e0611853165f19508c,public_complete,unknown,yes
mailbox-tomcat-2023-12,https://lists.apache.org/api/mbox.lua?list=dev&domain=tomcat.apache.org&d=2023-12,Complete month-level mbox export; original Message-ID multiset checked against the index; not individually coded evidence,archive_index,unknown,unknown,unknown,2026-09-21T14:42:21.660734+00:00,fcb5fd4bf8ae88379e4c90a553fd75bab3da9edc025785ea53464e7b23e16b9b,sources/tomcat-2023-12.mbox.gz,Current official public archive; access only,,00d696ed80bd388955f622e0611853165f19508c,public_complete,unknown,yes
index-tomcat-2024-01,https://lists.apache.org/api/stats.lua?list=dev&domain=tomcat.apache.org&d=2024-01,Whole access object; no episode classification,archive_index,unknown,unknown,unknown,2026-09-21T14:39:41.943203+00:00,916f4e418193d6f820b85791ab2253a8807eda0111005cb086059c1780e19ae6,sources/tomcat-2024-01-index.json.gz,Current official public archive; access only,,00d696ed80bd388955f622e0611853165f19508c,public_complete,unknown,yes
mailbox-tomcat-2024-01,https://lists.apache.org/api/mbox.lua?list=dev&domain=tomcat.apache.org&d=2024-01,Complete month-level mbox export; original Message-ID multiset checked against the index; not individually coded evidence,archive_index,unknown,unknown,unknown,2026-09-21T14:42:21.870045+00:00,db6ae05211773f45112b61c36d797a72fbe2a1de5b6c5ce759b27ce0e5304b83,sources/tomcat-2024-01.mbox.gz,Current official public archive; access only,,00d696ed80bd388955f622e0611853165f19508c,public_complete,unknown,yes
index-tomcat-2024-02,https://lists.apache.org/api/stats.lua?list=dev&domain=tomcat.apache.org&d=2024-02,Whole access object; no episode classification,archive_index,unknown,unknown,unknown,2026-09-21T14:39:42.199842+00:00,caf35617cdd2699def28d31f1fcf0f9f0c21284ce48777d352dff203f4f689bf,sources/tomcat-2024-02-index.json.gz,Current official public archive; access only,,00d696ed80bd388955f622e0611853165f19508c,public_complete,unknown,yes
mailbox-tomcat-2024-02,https://lists.apache.org/api/mbox.lua?list=dev&domain=tomcat.apache.org&d=2024-02,Complete month-level mbox export; original Message-ID multiset checked against the index; not individually coded evidence,archive_index,unknown,unknown,unknown,2026-09-21T14:42:22.083711+00:00,6429d72a487d63dab2985fb15af2092481e5f3dcd92b3a4c7e492f951e0bb7b5,sources/tomcat-2024-02.mbox.gz,Current official public archive; access only,,00d696ed80bd388955f622e0611853165f19508c,public_complete,unknown,yes
index-tomcat-2024-03,https://lists.apache.org/api/stats.lua?list=dev&domain=tomcat.apache.org&d=2024-03,Whole access object; no episode classification,archive_index,unknown,unknown,unknown,2026-09-21T14:39:42.310127+00:00,86b0bfd1a486bfbb2d73e2e4277f40f836e643c9380f49a80bce491e6d245b7d,sources/tomcat-2024-03-index.json.gz,Current official public archive; access only,,00d696ed80bd388955f622e0611853165f19508c,public_complete,unknown,yes
mailbox-tomcat-2024-03,https://lists.apache.org/api/mbox.lua?list=dev&domain=tomcat.apache.org&d=2024-03,Complete month-level mbox export; original Message-ID multiset checked against the index; not individually coded evidence,archive_index,unknown,unknown,unknown,2026-09-21T14:42:26.772431+00:00,7b389558093b3ebb8297aee4b7deb0c3a7b65a5646727c9c73ffcdd25d705686,sources/tomcat-2024-03.mbox.gz,Current official public archive; access only,,00d696ed80bd388955f622e0611853165f19508c,public_complete,unknown,yes
index-tomcat-2024-04,https://lists.apache.org/api/stats.lua?list=dev&domain=tomcat.apache.org&d=2024-04,Whole access object; no episode classification,archive_index,unknown,unknown,unknown,2026-09-21T14:39:42.555134+00:00,5819a094ff26d0ee694edf170725dfadff177ff8a18b6dea2fa3e339acd0f21e,sources/tomcat-2024-04-index.json.gz,Current official public archive; access only,,00d696ed80bd388955f622e0611853165f19508c,public_complete,unknown,yes
mailbox-tomcat-2024-04,https://lists.apache.org/api/mbox.lua?list=dev&domain=tomcat.apache.org&d=2024-04,Complete month-level mbox export; original Message-ID multiset checked against the index; not individually coded evidence,archive_index,unknown,unknown,unknown,2026-09-21T14:42:27.128202+00:00,5b824305c8598c3f8c344b0ba23abc11c41a048d5229201f2372c7191edfe186,sources/tomcat-2024-04.mbox.gz,Current official public archive; access only,,00d696ed80bd388955f622e0611853165f19508c,public_complete,unknown,yes
index-tomcat-2024-05,https://lists.apache.org/api/stats.lua?list=dev&domain=tomcat.apache.org&d=2024-05,Whole access object; no episode classification,archive_index,unknown,unknown,unknown,2026-09-21T14:39:42.872519+00:00,800ce8e3d2dd180e4e407dd4e0f20d5f746c68b0fbddc19c7798c9e46eed743a,sources/tomcat-2024-05-index.json.gz,Current official public archive; access only,,00d696ed80bd388955f622e0611853165f19508c,public_complete,unknown,yes
mailbox-tomcat-2024-05,https://lists.apache.org/api/mbox.lua?list=dev&domain=tomcat.apache.org&d=2024-05,Complete month-level mbox export; original Message-ID multiset checked against the index; not individually coded evidence,archive_index,unknown,unknown,unknown,2026-09-21T14:42:29.459139+00:00,30906c6e75061574254cda20d52fa487809af3e3fc672785b5632a0500decec5,sources/tomcat-2024-05.mbox.gz,Current official public archive; access only,,00d696ed80bd388955f622e0611853165f19508c,public_complete,unknown,yes
index-tomcat-2024-06,https://lists.apache.org/api/stats.lua?list=dev&domain=tomcat.apache.org&d=2024-06,Whole access object; no episode classification,archive_index,unknown,unknown,unknown,2026-09-21T14:39:42.948727+00:00,22661889f1ff2c33efaa731eb5fbe9f3d81162ccfb364d80078e9c55bbcc94c0,sources/tomcat-2024-06-index.json.gz,Current official public archive; access only,,00d696ed80bd388955f622e0611853165f19508c,public_complete,unknown,yes
mailbox-tomcat-2024-06,https://lists.apache.org/api/mbox.lua?list=dev&domain=tomcat.apache.org&d=2024-06,Complete month-level mbox export; original Message-ID multiset checked against the index; not individually coded evidence,archive_index,unknown,unknown,unknown,2026-09-21T14:42:31.663923+00:00,c40134d372098e1c479c47ae1fd084fcf480ab8fc98e3a8919bb9402ff888d50,sources/tomcat-2024-06.mbox.gz,Current official public archive; access only,,00d696ed80bd388955f622e0611853165f19508c,public_complete,unknown,yes
index-tomcat-2024-07,https://lists.apache.org/api/stats.lua?list=dev&domain=tomcat.apache.org&d=2024-07,Whole access object; no episode classification,archive_index,unknown,unknown,unknown,2026-09-21T14:39:43.163476+00:00,2db29873ccc21501cb1c23fd328bb903aaf282c91c68d5a9d1218aee17ccf39b,sources/tomcat-2024-07-index.json.gz,Current official public archive; access only,,00d696ed80bd388955f622e0611853165f19508c,public_complete,unknown,yes
mailbox-tomcat-2024-07,https://lists.apache.org/api/mbox.lua?list=dev&domain=tomcat.apache.org&d=2024-07,Complete month-level mbox export; original Message-ID multiset checked against the index; not individually coded evidence,archive_index,unknown,unknown,unknown,2026-09-21T14:42:34.156908+00:00,9fcb0125c3bf410c6f77b25ef72645a8d6c940b28598d94e757fc45f8751a371,sources/tomcat-2024-07.mbox.gz,Current official public archive; access only,,00d696ed80bd388955f622e0611853165f19508c,public_complete,unknown,yes
index-tomcat-2024-08,https://lists.apache.org/api/stats.lua?list=dev&domain=tomcat.apache.org&d=2024-08,Whole access object; no episode classification,archive_index,unknown,unknown,unknown,2026-09-21T14:39:43.478790+00:00,ab3937cc490d092fa875b412ba7e4a82a505dee59f8973a3b093853fa631dd18,sources/tomcat-2024-08-index.json.gz,Current official public archive; access only,,00d696ed80bd388955f622e0611853165f19508c,public_complete,unknown,yes
mailbox-tomcat-2024-08,https://lists.apache.org/api/mbox.lua?list=dev&domain=tomcat.apache.org&d=2024-08,Complete month-level mbox export; original Message-ID multiset checked against the index; not individually coded evidence,archive_index,unknown,unknown,unknown,2026-09-21T14:42:34.732594+00:00,a68022fe0bd4e63c8481afd21e10a912c0534e3a4536bef814efc2519d1767a1,sources/tomcat-2024-08.mbox.gz,Current official public archive; access only,,00d696ed80bd388955f622e0611853165f19508c,public_complete,unknown,yes
index-tomcat-2024-09,https://lists.apache.org/api/stats.lua?list=dev&domain=tomcat.apache.org&d=2024-09,Whole access object; no episode classification,archive_index,unknown,unknown,unknown,2026-09-21T14:39:43.689419+00:00,1d1d616106d3c75cb67c4e9722a968296baa942aaefbe08e81c2e2e28d3b6247,sources/tomcat-2024-09-index.json.gz,Current official public archive; access only,,00d696ed80bd388955f622e0611853165f19508c,public_complete,unknown,yes
mailbox-tomcat-2024-09,https://lists.apache.org/api/mbox.lua?list=dev&domain=tomcat.apache.org&d=2024-09,Complete month-level mbox export; original Message-ID multiset checked against the index; not individually coded evidence,archive_index,unknown,unknown,unknown,2026-09-21T14:42:38.422609+00:00,01ca8746947b8298a7d6fe486f346d72c32293194b687174b073c5362e97fb73,sources/tomcat-2024-09.mbox.gz,Current official public archive; access only,,00d696ed80bd388955f622e0611853165f19508c,public_complete,unknown,yes
index-tomcat-2024-10,https://lists.apache.org/api/stats.lua?list=dev&domain=tomcat.apache.org&d=2024-10,Whole access object; no episode classification,archive_index,unknown,unknown,unknown,2026-09-21T14:39:43.837660+00:00,030f57ed7e5ba7c105098abc1b32f60147275a36e7f4594e8f935d433358a559,sources/tomcat-2024-10-index.json.gz,Current official public archive; access only,,00d696ed80bd388955f622e0611853165f19508c,public_complete,unknown,yes
mailbox-tomcat-2024-10,https://lists.apache.org/api/mbox.lua?list=dev&domain=tomcat.apache.org&d=2024-10,Complete month-level mbox export; original Message-ID multiset checked against the index; not individually coded evidence,archive_index,unknown,unknown,unknown,2026-09-21T14:42:39.753986+00:00,aed2d5396e78ae73727d0fc4b0697bab8df9345bc0af3da0ca577cc2b4fae04b,sources/tomcat-2024-10.mbox.gz,Current official public archive; access only,,00d696ed80bd388955f622e0611853165f19508c,public_complete,unknown,yes
index-tomcat-2024-11,https://lists.apache.org/api/stats.lua?list=dev&domain=tomcat.apache.org&d=2024-11,Whole access object; no episode classification,archive_index,unknown,unknown,unknown,2026-09-21T14:39:44.069794+00:00,14826dea503a9f0933c43a2465e23de545f0c2163dce47faa201821af52c67da,sources/tomcat-2024-11-index.json.gz,Current official public archive; access only,,00d696ed80bd388955f622e0611853165f19508c,public_complete,unknown,yes
mailbox-tomcat-2024-11,https://lists.apache.org/api/mbox.lua?list=dev&domain=tomcat.apache.org&d=2024-11,Complete month-level mbox export; original Message-ID multiset checked against the index; not individually coded evidence,archive_index,unknown,unknown,unknown,2026-09-21T14:42:40.099742+00:00,801d39f1b1be26668ade7435a221c0f4f9e99b8bc7ddd590752e2dd9bc8cc7f3,sources/tomcat-2024-11.mbox.gz,Current official public archive; access only,,00d696ed80bd388955f622e0611853165f19508c,public_complete,unknown,yes
index-tomcat-2024-12,https://lists.apache.org/api/stats.lua?list=dev&domain=tomcat.apache.org&d=2024-12,Whole access object; no episode classification,archive_index,unknown,unknown,unknown,2026-09-21T14:39:44.364651+00:00,ffd723531e80f93a55c25f31705fe15538b095597eca6789b3bec5062c09d0e0,sources/tomcat-2024-12-index.json.gz,Current official public archive; access only,,00d696ed80bd388955f622e0611853165f19508c,public_complete,unknown,yes
mailbox-tomcat-2024-12,https://lists.apache.org/api/mbox.lua?list=dev&domain=tomcat.apache.org&d=2024-12,Complete month-level mbox export; original Message-ID multiset checked against the index; not individually coded evidence,archive_index,unknown,unknown,unknown,2026-09-21T14:42:45.648647+00:00,9b4d971e7ad18fe4feefac5e5c6cfbedc7306cd2f77e202d1a56eb969bbcf7a2,sources/tomcat-2024-12.mbox.gz,Current official public archive; access only,,00d696ed80bd388955f622e0611853165f19508c,public_complete,unknown,yes
index-tomcat-2025-01,https://lists.apache.org/api/stats.lua?list=dev&domain=tomcat.apache.org&d=2025-01,Whole access object; no episode classification,archive_index,unknown,unknown,unknown,2026-09-21T14:39:44.790084+00:00,b4bcb653df7e4c43b12e3f227385de19a571c34869f94c727979b53c9884f199,sources/tomcat-2025-01-index.json.gz,Current official public archive; access only,,00d696ed80bd388955f622e0611853165f19508c,public_complete,unknown,yes
mailbox-tomcat-2025-01,https://lists.apache.org/api/mbox.lua?list=dev&domain=tomcat.apache.org&d=2025-01,Complete month-level mbox export; original Message-ID multiset checked against the index; not individually coded evidence,archive_index,unknown,unknown,unknown,2026-09-21T14:42:46.772955+00:00,995fac61caf39f0ff66e390c53714634c80727dc63dbd3cc655b7fdfd3e6dfff,sources/tomcat-2025-01.mbox.gz,Current official public archive; access only,,00d696ed80bd388955f622e0611853165f19508c,public_complete,unknown,yes
index-tomcat-2025-02,https://lists.apache.org/api/stats.lua?list=dev&domain=tomcat.apache.org&d=2025-02,Whole access object; no episode classification,archive_index,unknown,unknown,unknown,2026-09-21T14:39:44.848977+00:00,a763fa2c9799864a45bc34bca20f604bd428732355bf31f82d47cb5be54fee60,sources/tomcat-2025-02-index.json.gz,Current official public archive; access only,,00d696ed80bd388955f622e0611853165f19508c,public_complete,unknown,yes
mailbox-tomcat-2025-02,https://lists.apache.org/api/mbox.lua?list=dev&domain=tomcat.apache.org&d=2025-02,Complete month-level mbox export; original Message-ID multiset checked against the index; not individually coded evidence,archive_index,unknown,unknown,unknown,2026-09-21T14:42:48.995605+00:00,6ceca00b65e3944204943b705f8b89f15bbac4564e242358db6abb2a30eb4098,sources/tomcat-2025-02.mbox.gz,Current official public archive; access only,,00d696ed80bd388955f622e0611853165f19508c,public_complete,unknown,yes
index-tomcat-2025-03,https://lists.apache.org/api/stats.lua?list=dev&domain=tomcat.apache.org&d=2025-03,Whole access object; no episode classification,archive_index,unknown,unknown,unknown,2026-09-21T14:39:45.033235+00:00,3eb60f17a871d53bd401945d2b4f869927d645d3016e91bfba6614ddcf8c9698,sources/tomcat-2025-03-index.json.gz,Current official public archive; access only,,00d696ed80bd388955f622e0611853165f19508c,public_complete,unknown,yes
mailbox-tomcat-2025-03,https://lists.apache.org/api/mbox.lua?list=dev&domain=tomcat.apache.org&d=2025-03,Complete month-level mbox export; original Message-ID multiset checked against the index; not individually coded evidence,archive_index,unknown,unknown,unknown,2026-09-21T14:42:51.186984+00:00,283f919b4d06d1124f92687dcfab98a95b7fe14b9f3367b9d51bd536e5b978d7,sources/tomcat-2025-03.mbox.gz,Current official public archive; access only,,00d696ed80bd388955f622e0611853165f19508c,public_complete,unknown,yes
index-tomcat-2025-04,https://lists.apache.org/api/stats.lua?list=dev&domain=tomcat.apache.org&d=2025-04,Whole access object; no episode classification,archive_index,unknown,unknown,unknown,2026-09-21T14:39:45.438440+00:00,77b8eb08faa7d76b962d0e66a2dc97f158a870a1a41ca8b43568c206493cef87,sources/tomcat-2025-04-index.json.gz,Current official public archive; access only,,00d696ed80bd388955f622e0611853165f19508c,public_complete,unknown,yes
mailbox-tomcat-2025-04,https://lists.apache.org/api/mbox.lua?list=dev&domain=tomcat.apache.org&d=2025-04,Complete month-level mbox export; original Message-ID multiset checked against the index; not individually coded evidence,archive_index,unknown,unknown,unknown,2026-09-21T14:42:52.290907+00:00,e61af59dcccc950bc329e3836cfdceb918043699f270367aa89dfbbd748293ae,sources/tomcat-2025-04.mbox.gz,Current official public archive; access only,,00d696ed80bd388955f622e0611853165f19508c,public_complete,unknown,yes
index-tomcat-2025-05,https://lists.apache.org/api/stats.lua?list=dev&domain=tomcat.apache.org&d=2025-05,Whole access object; no episode classification,archive_index,unknown,unknown,unknown,2026-09-21T14:39:45.578762+00:00,0c88240c345bc1e0c223f2f44c05c2a49f6d02e897e115a68e5417ddec0a0197,sources/tomcat-2025-05-index.json.gz,Current official public archive; access only,,00d696ed80bd388955f622e0611853165f19508c,public_complete,unknown,yes
mailbox-tomcat-2025-05,https://lists.apache.org/api/mbox.lua?list=dev&domain=tomcat.apache.org&d=2025-05,Complete month-level mbox export; original Message-ID multiset checked against the index; not individually coded evidence,archive_index,unknown,unknown,unknown,2026-09-21T14:42:57.859905+00:00,7de1af79658298cfb2e882fc541babfe360d64ef43dee63be0158a8fce4b2419,sources/tomcat-2025-05.mbox.gz,Current official public archive; access only,,00d696ed80bd388955f622e0611853165f19508c,public_complete,unknown,yes
index-tomcat-2025-06,https://lists.apache.org/api/stats.lua?list=dev&domain=tomcat.apache.org&d=2025-06,Whole access object; no episode classification,archive_index,unknown,unknown,unknown,2026-09-21T14:39:45.731208+00:00,fcdf8818cd3ab4292ed036ec42827063b934f02fdcc3ff85a8a2ea5b8abbfdc6,sources/tomcat-2025-06-index.json.gz,Current official public archive; access only,,00d696ed80bd388955f622e0611853165f19508c,public_complete,unknown,yes
mailbox-tomcat-2025-06,https://lists.apache.org/api/mbox.lua?list=dev&domain=tomcat.apache.org&d=2025-06,Complete month-level mbox export; original Message-ID multiset checked against the index; not individually coded evidence,archive_index,unknown,unknown,unknown,2026-09-21T14:42:59.029566+00:00,4054a1b8c6b1ed8109356c043bf08890c547d6eda755a7db2d5ac91ac4d101ad,sources/tomcat-2025-06.mbox.gz,Current official public archive; access only,,00d696ed80bd388955f622e0611853165f19508c,public_complete,unknown,yes
index-tomcat-2025-07,https://lists.apache.org/api/stats.lua?list=dev&domain=tomcat.apache.org&d=2025-07,Whole access object; no episode classification,archive_index,unknown,unknown,unknown,2026-09-21T14:39:46.008076+00:00,20d1b53994e2962a5d76246f8551f7d67b46b3fbecd0428a457651bf1c9ebfd1,sources/tomcat-2025-07-index.json.gz,Current official public archive; access only,,00d696ed80bd388955f622e0611853165f19508c,public_complete,unknown,yes
mailbox-tomcat-2025-07,https://lists.apache.org/api/mbox.lua?list=dev&domain=tomcat.apache.org&d=2025-07,Complete month-level mbox export; original Message-ID multiset checked against the index; not individually coded evidence,archive_index,unknown,unknown,unknown,2026-09-21T14:43:00.636378+00:00,e64c6d98fbca98c25cdc5ed2a38fbe8959e04da59706411bbac3744f43254c4c,sources/tomcat-2025-07.mbox.gz,Current official public archive; access only,,00d696ed80bd388955f622e0611853165f19508c,public_complete,unknown,yes
index-tomcat-2025-08,https://lists.apache.org/api/stats.lua?list=dev&domain=tomcat.apache.org&d=2025-08,Whole access object; no episode classification,archive_index,unknown,unknown,unknown,2026-09-21T14:39:46.242649+00:00,e7735546ea6999765dd0dba2f558a71d195d9c43b5e0ef6bc36e66b238fc821f,sources/tomcat-2025-08-index.json.gz,Current official public archive; access only,,00d696ed80bd388955f622e0611853165f19508c,public_complete,unknown,yes
mailbox-tomcat-2025-08,https://lists.apache.org/api/mbox.lua?list=dev&domain=tomcat.apache.org&d=2025-08,Complete month-level mbox export; original Message-ID multiset checked against the index; not individually coded evidence,archive_index,unknown,unknown,unknown,2026-09-21T14:43:05.510074+00:00,6719b2902e8e55cd89a8653b8868f29532473f04dce952ac626f4a3530431c49,sources/tomcat-2025-08.mbox.gz,Current official public archive; access only,,00d696ed80bd388955f622e0611853165f19508c,public_complete,unknown,yes
index-tomcat-2025-09,https://lists.apache.org/api/stats.lua?list=dev&domain=tomcat.apache.org&d=2025-09,Whole access object; no episode classification,archive_index,unknown,unknown,unknown,2026-09-21T14:39:46.290605+00:00,47a526745aad5dada9da538ccb34176b940873b275d05a3531dc0183900f8ac0,sources/tomcat-2025-09-index.json.gz,Current official public archive; access only,,00d696ed80bd388955f622e0611853165f19508c,public_complete,unknown,yes
mailbox-tomcat-2025-09,https://lists.apache.org/api/mbox.lua?list=dev&domain=tomcat.apache.org&d=2025-09,Complete month-level mbox export; original Message-ID multiset checked against the index; not individually coded evidence,archive_index,unknown,unknown,unknown,2026-09-21T14:43:06.303196+00:00,06b152093dea19ad0bce89389e8b33983c33ed8b075b8a770b55398e85c46f2a,sources/tomcat-2025-09.mbox.gz,Current official public archive; access only,,00d696ed80bd388955f622e0611853165f19508c,public_complete,unknown,yes
index-tomcat-2025-10,https://lists.apache.org/api/stats.lua?list=dev&domain=tomcat.apache.org&d=2025-10,Whole access object; no episode classification,archive_index,unknown,unknown,unknown,2026-09-21T14:39:46.559640+00:00,46122a3c02597afb85cbe3b5d34456b01cfc69bb9bbd3c47460a827229bb860f,sources/tomcat-2025-10-index.json.gz,Current official public archive; access only,,00d696ed80bd388955f622e0611853165f19508c,public_complete,unknown,yes
mailbox-tomcat-2025-10,https://lists.apache.org/api/mbox.lua?list=dev&domain=tomcat.apache.org&d=2025-10,Complete month-level mbox export; original Message-ID multiset checked against the index; not individually coded evidence,archive_index,unknown,unknown,unknown,2026-09-21T14:43:06.434471+00:00,4bc73260e672ee5370cbe542845cc48ddef6992115b6f09ad267270b65542d90,sources/tomcat-2025-10.mbox.gz,Current official public archive; access only,,00d696ed80bd388955f622e0611853165f19508c,public_complete,unknown,yes
index-tomcat-2025-11,https://lists.apache.org/api/stats.lua?list=dev&domain=tomcat.apache.org&d=2025-11,Whole access object; no episode classification,archive_index,unknown,unknown,unknown,2026-09-21T14:39:46.919178+00:00,505e399a36da758eb18f926c0a2466e90e8b625dd0d33307963a298d5993e48f,sources/tomcat-2025-11-index.json.gz,Current official public archive; access only,,00d696ed80bd388955f622e0611853165f19508c,public_complete,unknown,yes
mailbox-tomcat-2025-11,https://lists.apache.org/api/mbox.lua?list=dev&domain=tomcat.apache.org&d=2025-11,Complete month-level mbox export; original Message-ID multiset checked against the index; not individually coded evidence,archive_index,unknown,unknown,unknown,2026-09-21T14:43:10.717627+00:00,9f14adeddb52fb20ca04e120d331024c49dde4566b5b16e85d4de62be66dce2c,sources/tomcat-2025-11.mbox.gz,Current official public archive; access only,,00d696ed80bd388955f622e0611853165f19508c,public_complete,unknown,yes
index-tomcat-2025-12,https://lists.apache.org/api/stats.lua?list=dev&domain=tomcat.apache.org&d=2025-12,Whole access object; no episode classification,archive_index,unknown,unknown,unknown,2026-09-21T14:39:47.027521+00:00,aa8a2b6c7ebb23965cf7cfdde335a865b4b5c28445458febe6ff255acf0549b2,sources/tomcat-2025-12-index.json.gz,Current official public archive; access only,,00d696ed80bd388955f622e0611853165f19508c,public_complete,unknown,yes
mailbox-tomcat-2025-12,https://lists.apache.org/api/mbox.lua?list=dev&domain=tomcat.apache.org&d=2025-12,Complete month-level mbox export; original Message-ID multiset checked against the index; not individually coded evidence,archive_index,unknown,unknown,unknown,2026-09-21T14:43:12.337952+00:00,0d377bda41aff866e6b11f4297ec24c2a125b9541debfb683a3a6391b98fce18,sources/tomcat-2025-12.mbox.gz,Current official public archive; access only,,00d696ed80bd388955f622e0611853165f19508c,public_complete,unknown,yes
index-maven-2023-01,https://lists.apache.org/api/stats.lua?list=dev&domain=maven.apache.org&d=2023-01,Whole access object; no episode classification,archive_index,unknown,unknown,unknown,2026-09-21T14:38:49.703895+00:00,07365fea60b4dbea7012664cb6fe1053ea38855087a9601223f534ab3e791991,sources/maven-2023-01-index.json.gz,Current official public archive; access only,,00d696ed80bd388955f622e0611853165f19508c,public_complete,unknown,yes
mailbox-maven-2023-01,https://lists.apache.org/api/mbox.lua?list=dev&domain=maven.apache.org&d=2023-01,Complete month-level mbox export; original Message-ID multiset checked against the index; not individually coded evidence,archive_index,unknown,unknown,unknown,2026-09-21T14:43:15.330839+00:00,ffbe25fc584a09cd53f093dfde57b0bde1990aab6e31aff78ed33236a8469e7f,sources/maven-2023-01.mbox.gz,Current official public archive; access only,,00d696ed80bd388955f622e0611853165f19508c,public_complete,unknown,yes
index-maven-2023-02,https://lists.apache.org/api/stats.lua?list=dev&domain=maven.apache.org&d=2023-02,Whole access object; no episode classification,archive_index,unknown,unknown,unknown,2026-09-21T14:39:47.218547+00:00,376262e2520076c877a916743993155a732495621421024c97033e50494d6cda,sources/maven-2023-02-index.json.gz,Current official public archive; access only,,00d696ed80bd388955f622e0611853165f19508c,public_complete,unknown,yes
mailbox-maven-2023-02,https://lists.apache.org/api/mbox.lua?list=dev&domain=maven.apache.org&d=2023-02,Complete month-level mbox export; original Message-ID multiset checked against the index; not individually coded evidence,archive_index,unknown,unknown,unknown,2026-09-21T14:43:16.427387+00:00,d389f5f40017da968baae8c5751cb2ade4e34099a630064e987294175b859dd7,sources/maven-2023-02.mbox.gz,Current official public archive; access only,,00d696ed80bd388955f622e0611853165f19508c,public_complete,unknown,yes
index-maven-2023-03,https://lists.apache.org/api/stats.lua?list=dev&domain=maven.apache.org&d=2023-03,Whole access object; no episode classification,archive_index,unknown,unknown,unknown,2026-09-21T14:39:47.561847+00:00,1881dd69d5c965f5170bef425d928170c86f800bc1186bf0872c00bb5aa02c7b,sources/maven-2023-03-index.json.gz,Current official public archive; access only,,00d696ed80bd388955f622e0611853165f19508c,public_complete,unknown,yes
mailbox-maven-2023-03,https://lists.apache.org/api/mbox.lua?list=dev&domain=maven.apache.org&d=2023-03,Complete month-level mbox export; original Message-ID multiset checked against the index; not individually coded evidence,archive_index,unknown,unknown,unknown,2026-09-21T14:43:16.717242+00:00,154ad74018f33906079ac49ee3e63af4ba0bbcf5b9c1992c8a210a8505d3b768,sources/maven-2023-03.mbox.gz,Current official public archive; access only,,00d696ed80bd388955f622e0611853165f19508c,public_complete,unknown,yes
index-maven-2023-04,https://lists.apache.org/api/stats.lua?list=dev&domain=maven.apache.org&d=2023-04,Whole access object; no episode classification,archive_index,unknown,unknown,unknown,2026-09-21T14:39:47.725216+00:00,1ae31e911ea14ba80bee040a2bd275c811899a6a79db941920d6c086fad1d683,sources/maven-2023-04-index.json.gz,Current official public archive; access only,,00d696ed80bd388955f622e0611853165f19508c,public_complete,unknown,yes
mailbox-maven-2023-04,https://lists.apache.org/api/mbox.lua?list=dev&domain=maven.apache.org&d=2023-04,Complete month-level mbox export; original Message-ID multiset checked against the index; not individually coded evidence,archive_index,unknown,unknown,unknown,2026-09-21T14:43:17.465181+00:00,f183593f62c92142805b865a1f1bdad2cb042eeefd46b8906dca8f219b56437e,sources/maven-2023-04.mbox.gz,Current official public archive; access only,,00d696ed80bd388955f622e0611853165f19508c,public_complete,unknown,yes
index-maven-2023-05,https://lists.apache.org/api/stats.lua?list=dev&domain=maven.apache.org&d=2023-05,Whole access object; no episode classification,archive_index,unknown,unknown,unknown,2026-09-21T14:39:47.747589+00:00,3a2aeb5ad289be82ca5b4aa259ec90fd798d354af8b69ebb10e61f80cb63f7ec,sources/maven-2023-05-index.json.gz,Current official public archive; access only,,00d696ed80bd388955f622e0611853165f19508c,public_complete,unknown,yes
mailbox-maven-2023-05,https://lists.apache.org/api/mbox.lua?list=dev&domain=maven.apache.org&d=2023-05,Complete month-level mbox export; original Message-ID multiset checked against the index; not individually coded evidence,archive_index,unknown,unknown,unknown,2026-09-21T14:43:18.903543+00:00,ce34963fadff9489cf02cdbc07ec3f4315b0730bc905819ba0cd00471ac70917,sources/maven-2023-05.mbox.gz,Current official public archive; access only,,00d696ed80bd388955f622e0611853165f19508c,public_complete,unknown,yes
index-maven-2023-06,https://lists.apache.org/api/stats.lua?list=dev&domain=maven.apache.org&d=2023-06,Whole access object; no episode classification,archive_index,unknown,unknown,unknown,2026-09-21T14:39:48.093156+00:00,a78be7f9a22f8c73f607483a2c523a105a0cf9a406e1978221392aa23362f66c,sources/maven-2023-06-index.json.gz,Current official public archive; access only,,00d696ed80bd388955f622e0611853165f19508c,public_complete,unknown,yes
mailbox-maven-2023-06,https://lists.apache.org/api/mbox.lua?list=dev&domain=maven.apache.org&d=2023-06,Complete month-level mbox export; original Message-ID multiset checked against the index; not individually coded evidence,archive_index,unknown,unknown,unknown,2026-09-21T14:43:19.660408+00:00,152ae74eb2b37b9213cf35447fc42417a36970507988459a7f0573c60df0c833,sources/maven-2023-06.mbox.gz,Current official public archive; access only,,00d696ed80bd388955f622e0611853165f19508c,public_complete,unknown,yes
index-maven-2023-07,https://lists.apache.org/api/stats.lua?list=dev&domain=maven.apache.org&d=2023-07,Whole access object; no episode classification,archive_index,unknown,unknown,unknown,2026-09-21T14:39:48.255771+00:00,98c1acfc83ef63c60c16e32c9717ce4ff2b6ab5fe7638eb5b5325c5e440ceb3f,sources/maven-2023-07-index.json.gz,Current official public archive; access only,,00d696ed80bd388955f622e0611853165f19508c,public_complete,unknown,yes
mailbox-maven-2023-07,https://lists.apache.org/api/mbox.lua?list=dev&domain=maven.apache.org&d=2023-07,Complete month-level mbox export; original Message-ID multiset checked against the index; not individually coded evidence,archive_index,unknown,unknown,unknown,2026-09-21T14:43:19.917074+00:00,b7fd78085f2092a4426a5545c1b1034b505938b02e5b47a34c2fd9c8c40d1468,sources/maven-2023-07.mbox.gz,Current official public archive; access only,,00d696ed80bd388955f622e0611853165f19508c,public_complete,unknown,yes
index-maven-2023-08,https://lists.apache.org/api/stats.lua?list=dev&domain=maven.apache.org&d=2023-08,Whole access object; no episode classification,archive_index,unknown,unknown,unknown,2026-09-21T14:39:48.265011+00:00,0e76ced22830ee76bfb476ac57539acaacc517e39630cdaa3676a5b0d38e610d,sources/maven-2023-08-index.json.gz,Current official public archive; access only,,00d696ed80bd388955f622e0611853165f19508c,public_complete,unknown,yes
mailbox-maven-2023-08,https://lists.apache.org/api/mbox.lua?list=dev&domain=maven.apache.org&d=2023-08,Complete month-level mbox export; original Message-ID multiset checked against the index; not individually coded evidence,archive_index,unknown,unknown,unknown,2026-09-21T14:43:20.982883+00:00,c4985b807b9dd7ffef5bca5050e7bf1ee4f7ebf5c16c4bbb361dd9e6736a3ca8,sources/maven-2023-08.mbox.gz,Current official public archive; access only,,00d696ed80bd388955f622e0611853165f19508c,public_complete,unknown,yes
index-maven-2023-09,https://lists.apache.org/api/stats.lua?list=dev&domain=maven.apache.org&d=2023-09,Whole access object; no episode classification,archive_index,unknown,unknown,unknown,2026-09-21T14:39:48.652165+00:00,a2779475fdb85c8b76c53dfd13eb11cb5e9c77802f999bd1ee8996da81f81d34,sources/maven-2023-09-index.json.gz,Current official public archive; access only,,00d696ed80bd388955f622e0611853165f19508c,public_complete,unknown,yes
mailbox-maven-2023-09,https://lists.apache.org/api/mbox.lua?list=dev&domain=maven.apache.org&d=2023-09,Complete month-level mbox export; original Message-ID multiset checked against the index; not individually coded evidence,archive_index,unknown,unknown,unknown,2026-09-21T14:43:21.251993+00:00,9ba4ea2a106968ca1c0e0b3e80449b277b78e2640c17eb759cad8661593ea83d,sources/maven-2023-09.mbox.gz,Current official public archive; access only,,00d696ed80bd388955f622e0611853165f19508c,public_complete,unknown,yes
index-maven-2023-10,https://lists.apache.org/api/stats.lua?list=dev&domain=maven.apache.org&d=2023-10,Whole access object; no episode classification,archive_index,unknown,unknown,unknown,2026-09-21T14:39:48.654834+00:00,5a047b8fedbaedb3ca0446e2df5b8581cc4eb60f311fccbc227a2a63ac5d7323,sources/maven-2023-10-index.json.gz,Current official public archive; access only,,00d696ed80bd388955f622e0611853165f19508c,public_complete,unknown,yes
mailbox-maven-2023-10,https://lists.apache.org/api/mbox.lua?list=dev&domain=maven.apache.org&d=2023-10,Complete month-level mbox export; original Message-ID multiset checked against the index; not individually coded evidence,archive_index,unknown,unknown,unknown,2026-09-21T14:43:21.968794+00:00,00910c9d273d215c079941ece103392ba3c8c2e27174b921152b03b58b4527b1,sources/maven-2023-10.mbox.gz,Current official public archive; access only,,00d696ed80bd388955f622e0611853165f19508c,public_complete,unknown,yes
index-maven-2023-11,https://lists.apache.org/api/stats.lua?list=dev&domain=maven.apache.org&d=2023-11,Whole access object; no episode classification,archive_index,unknown,unknown,unknown,2026-09-21T14:39:48.677645+00:00,cdc17facf28ed67193c10cac847b47e17c8d7796114e56c6bed67f074c2e77e1,sources/maven-2023-11-index.json.gz,Current official public archive; access only,,00d696ed80bd388955f622e0611853165f19508c,public_complete,unknown,yes
mailbox-maven-2023-11,https://lists.apache.org/api/mbox.lua?list=dev&domain=maven.apache.org&d=2023-11,Complete month-level mbox export; original Message-ID multiset checked against the index; not individually coded evidence,archive_index,unknown,unknown,unknown,2026-09-21T14:43:22.117162+00:00,6f8625adeb896682eed52ce35d6d3a9ed71f3f5d50f5bde2ff165dc972bcbded,sources/maven-2023-11.mbox.gz,Current official public archive; access only,,00d696ed80bd388955f622e0611853165f19508c,public_complete,unknown,yes
index-maven-2023-12,https://lists.apache.org/api/stats.lua?list=dev&domain=maven.apache.org&d=2023-12,Whole access object; no episode classification,archive_index,unknown,unknown,unknown,2026-09-21T14:39:49.128756+00:00,fa1e0af130e2d616d5c19ef0db71597bbd75bd2f234d12c1d278805477de22e3,sources/maven-2023-12-index.json.gz,Current official public archive; access only,,00d696ed80bd388955f622e0611853165f19508c,public_complete,unknown,yes
mailbox-maven-2023-12,https://lists.apache.org/api/mbox.lua?list=dev&domain=maven.apache.org&d=2023-12,Complete month-level mbox export; original Message-ID multiset checked against the index; not individually coded evidence,archive_index,unknown,unknown,unknown,2026-09-21T14:43:22.533392+00:00,e570c6e186fd8df2e38a85a77b5ed583d73c6765f17a5893a47cec9ecf1054c3,sources/maven-2023-12.mbox.gz,Current official public archive; access only,,00d696ed80bd388955f622e0611853165f19508c,public_complete,unknown,yes
index-maven-2024-01,https://lists.apache.org/api/stats.lua?list=dev&domain=maven.apache.org&d=2024-01,Whole access object; no episode classification,archive_index,unknown,unknown,unknown,2026-09-21T14:39:49.139638+00:00,98418e5d708ba32229ea864661e338f35f77ee63d744da785c77cb126760b2a2,sources/maven-2024-01-index.json.gz,Current official public archive; access only,,00d696ed80bd388955f622e0611853165f19508c,public_complete,unknown,yes
mailbox-maven-2024-01,https://lists.apache.org/api/mbox.lua?list=dev&domain=maven.apache.org&d=2024-01,Complete month-level mbox export; original Message-ID multiset checked against the index; not individually coded evidence,archive_index,unknown,unknown,unknown,2026-09-21T14:43:24.112033+00:00,cb1541f4c808687c9e56e339373206c223e09d72d61b10c6c72c773c4a353650,sources/maven-2024-01.mbox.gz,Current official public archive; access only,,00d696ed80bd388955f622e0611853165f19508c,public_complete,unknown,yes
index-maven-2024-02,https://lists.apache.org/api/stats.lua?list=dev&domain=maven.apache.org&d=2024-02,Whole access object; no episode classification,archive_index,unknown,unknown,unknown,2026-09-21T14:39:49.237613+00:00,ed50e66d4a96f47031ce6a90d8b11910f86cdfd6706bd64314abb06e11060001,sources/maven-2024-02-index.json.gz,Current official public archive; access only,,00d696ed80bd388955f622e0611853165f19508c,public_complete,unknown,yes
mailbox-maven-2024-02,https://lists.apache.org/api/mbox.lua?list=dev&domain=maven.apache.org&d=2024-02,Complete month-level mbox export; original Message-ID multiset checked against the index; not individually coded evidence,archive_index,unknown,unknown,unknown,2026-09-21T14:43:24.255534+00:00,66708e8b9733edbdd0e969052506f8ef22519105790008cb5bd0085aa5968011,sources/maven-2024-02.mbox.gz,Current official public archive; access only,,00d696ed80bd388955f622e0611853165f19508c,public_complete,unknown,yes
index-maven-2024-03,https://lists.apache.org/api/stats.lua?list=dev&domain=maven.apache.org&d=2024-03,Whole access object; no episode classification,archive_index,unknown,unknown,unknown,2026-09-21T14:39:49.604996+00:00,719c456522e3b6fb3c20df49972cf187872732a314bb8f126ed43497b2d51b9d,sources/maven-2024-03-index.json.gz,Current official public archive; access only,,00d696ed80bd388955f622e0611853165f19508c,public_complete,unknown,yes
mailbox-maven-2024-03,https://lists.apache.org/api/mbox.lua?list=dev&domain=maven.apache.org&d=2024-03,Complete month-level mbox export; original Message-ID multiset checked against the index; not individually coded evidence,archive_index,unknown,unknown,unknown,2026-09-21T14:43:25.790038+00:00,fd886000694d73227b9cad441d459b2a7a9efbb14de9afac377acd5421bf7678,sources/maven-2024-03.mbox.gz,Current official public archive; access only,,00d696ed80bd388955f622e0611853165f19508c,public_complete,unknown,yes
index-maven-2024-04,https://lists.apache.org/api/stats.lua?list=dev&domain=maven.apache.org&d=2024-04,Whole access object; no episode classification,archive_index,unknown,unknown,unknown,2026-09-21T14:39:49.629323+00:00,9d002b693372bbc8a1e2aeb02bce65037de20e0957d9dd43e838dbdc00f53a64,sources/maven-2024-04-index.json.gz,Current official public archive; access only,,00d696ed80bd388955f622e0611853165f19508c,public_complete,unknown,yes
mailbox-maven-2024-04,https://lists.apache.org/api/mbox.lua?list=dev&domain=maven.apache.org&d=2024-04,Complete month-level mbox export; original Message-ID multiset checked against the index; not individually coded evidence,archive_index,unknown,unknown,unknown,2026-09-21T14:43:26.147578+00:00,9bb9bb895a3e37fc5306a41f5540fd362aa5a47ffae44951e66360053fed23ce,sources/maven-2024-04.mbox.gz,Current official public archive; access only,,00d696ed80bd388955f622e0611853165f19508c,public_complete,unknown,yes
index-maven-2024-05,https://lists.apache.org/api/stats.lua?list=dev&domain=maven.apache.org&d=2024-05,Whole access object; no episode classification,archive_index,unknown,unknown,unknown,2026-09-21T14:39:49.727313+00:00,07e8726180a6110d458d0c75d9565820da473360f0a10ce7105a96ea7119b8d5,sources/maven-2024-05-index.json.gz,Current official public archive; access only,,00d696ed80bd388955f622e0611853165f19508c,public_complete,unknown,yes
mailbox-maven-2024-05,https://lists.apache.org/api/mbox.lua?list=dev&domain=maven.apache.org&d=2024-05,Complete month-level mbox export; original Message-ID multiset checked against the index; not individually coded evidence,archive_index,unknown,unknown,unknown,2026-09-21T14:43:26.154784+00:00,ee90054fb1bc4df5ebdbd48455f8fbedd0d1ce6f0b93793c1d45be33e358d3fa,sources/maven-2024-05.mbox.gz,Current official public archive; access only,,00d696ed80bd388955f622e0611853165f19508c,public_complete,unknown,yes
index-maven-2024-06,https://lists.apache.org/api/stats.lua?list=dev&domain=maven.apache.org&d=2024-06,Whole access object; no episode classification,archive_index,unknown,unknown,unknown,2026-09-21T14:39:50.180419+00:00,a1a14fbfdeecdf7ef5dfe00d4fe9831150a82adafa4e7eac9f1122167e3d656d,sources/maven-2024-06-index.json.gz,Current official public archive; access only,,00d696ed80bd388955f622e0611853165f19508c,public_complete,unknown,yes
mailbox-maven-2024-06,https://lists.apache.org/api/mbox.lua?list=dev&domain=maven.apache.org&d=2024-06,Complete month-level mbox export; original Message-ID multiset checked against the index; not individually coded evidence,archive_index,unknown,unknown,unknown,2026-09-21T14:43:28.244719+00:00,99d14ad29c8af898fdfd730e5ad10e056628d21e74e6c0c0df0af122050e9d51,sources/maven-2024-06.mbox.gz,Current official public archive; access only,,00d696ed80bd388955f622e0611853165f19508c,public_complete,unknown,yes
index-maven-2024-07,https://lists.apache.org/api/stats.lua?list=dev&domain=maven.apache.org&d=2024-07,Whole access object; no episode classification,archive_index,unknown,unknown,unknown,2026-09-21T14:39:50.198869+00:00,86a011c271f927f046bbfc88e212b9b5e299e919221856073d4388a113124d02,sources/maven-2024-07-index.json.gz,Current official public archive; access only,,00d696ed80bd388955f622e0611853165f19508c,public_complete,unknown,yes
mailbox-maven-2024-07,https://lists.apache.org/api/mbox.lua?list=dev&domain=maven.apache.org&d=2024-07,Complete month-level mbox export; original Message-ID multiset checked against the index; not individually coded evidence,archive_index,unknown,unknown,unknown,2026-09-21T14:43:28.651132+00:00,60c53ee51da3c43bec22602c67a03133862c19ac3a3ebbd3d24fb435d1bfd4dc,sources/maven-2024-07.mbox.gz,Current official public archive; access only,,00d696ed80bd388955f622e0611853165f19508c,public_complete,unknown,yes
index-maven-2024-08,https://lists.apache.org/api/stats.lua?list=dev&domain=maven.apache.org&d=2024-08,Whole access object; no episode classification,archive_index,unknown,unknown,unknown,2026-09-21T14:39:50.218287+00:00,4383f89cbe6bbc245ab5d47655d17c6a6355a59e9ed32db1ef7576184405594e,sources/maven-2024-08-index.json.gz,Current official public archive; access only,,00d696ed80bd388955f622e0611853165f19508c,public_complete,unknown,yes
mailbox-maven-2024-08,https://lists.apache.org/api/mbox.lua?list=dev&domain=maven.apache.org&d=2024-08,Complete month-level mbox export; original Message-ID multiset checked against the index; not individually coded evidence,archive_index,unknown,unknown,unknown,2026-09-21T14:43:30.028501+00:00,77c3d414a544ee10b78b90e31a9dd40ad961286aaf05b272d4c82c3f9e9284bd,sources/maven-2024-08.mbox.gz,Current official public archive; access only,,00d696ed80bd388955f622e0611853165f19508c,public_complete,unknown,yes
index-maven-2024-09,https://lists.apache.org/api/stats.lua?list=dev&domain=maven.apache.org&d=2024-09,Whole access object; no episode classification,archive_index,unknown,unknown,unknown,2026-09-21T14:39:50.727704+00:00,1a50410620442d697bde45f5e2e30c09a8d6023ccf8ee3a52e2c3d0ea87e92c1,sources/maven-2024-09-index.json.gz,Current official public archive; access only,,00d696ed80bd388955f622e0611853165f19508c,public_complete,unknown,yes
mailbox-maven-2024-09,https://lists.apache.org/api/mbox.lua?list=dev&domain=maven.apache.org&d=2024-09,Complete month-level mbox export; original Message-ID multiset checked against the index; not individually coded evidence,archive_index,unknown,unknown,unknown,2026-09-21T14:43:31.240717+00:00,8785e521505775fe948e215e182305e07f689e62d5c7dd223abc2b44bfd0652d,sources/maven-2024-09.mbox.gz,Current official public archive; access only,,00d696ed80bd388955f622e0611853165f19508c,public_complete,unknown,yes
index-maven-2024-10,https://lists.apache.org/api/stats.lua?list=dev&domain=maven.apache.org&d=2024-10,Whole access object; no episode classification,archive_index,unknown,unknown,unknown,2026-09-21T14:39:50.744333+00:00,d79872ea88d9a8ea8148570e8a5181293a8827d5fe1827eeb2891310f1bf7905,sources/maven-2024-10-index.json.gz,Current official public archive; access only,,00d696ed80bd388955f622e0611853165f19508c,public_complete,unknown,yes
mailbox-maven-2024-10,https://lists.apache.org/api/mbox.lua?list=dev&domain=maven.apache.org&d=2024-10,Complete month-level mbox export; original Message-ID multiset checked against the index; not individually coded evidence,archive_index,unknown,unknown,unknown,2026-09-21T14:43:31.438738+00:00,196fb0a9a49b2fc68c29ac22ba3a3fe2658b307f3b0e7b20143ca29a8d61478b,sources/maven-2024-10.mbox.gz,Current official public archive; access only,,00d696ed80bd388955f622e0611853165f19508c,public_complete,unknown,yes
index-maven-2024-11,https://lists.apache.org/api/stats.lua?list=dev&domain=maven.apache.org&d=2024-11,Whole access object; no episode classification,archive_index,unknown,unknown,unknown,2026-09-21T14:39:51.072268+00:00,3563fedd2759258c7a275e0672ef7ef5ded896aa4691c29e8a02d90ad4e5a7f0,sources/maven-2024-11-index.json.gz,Current official public archive; access only,,00d696ed80bd388955f622e0611853165f19508c,public_complete,unknown,yes
mailbox-maven-2024-11,https://lists.apache.org/api/mbox.lua?list=dev&domain=maven.apache.org&d=2024-11,Complete month-level mbox export; original Message-ID multiset checked against the index; not individually coded evidence,archive_index,unknown,unknown,unknown,2026-09-21T14:43:33.241007+00:00,086816a1cd0149bfd50df5d90738da89d04b8460635f7dc3dd5f364dbcef2620,sources/maven-2024-11.mbox.gz,Current official public archive; access only,,00d696ed80bd388955f622e0611853165f19508c,public_complete,unknown,yes
index-maven-2024-12,https://lists.apache.org/api/stats.lua?list=dev&domain=maven.apache.org&d=2024-12,Whole access object; no episode classification,archive_index,unknown,unknown,unknown,2026-09-21T14:39:51.248745+00:00,8899996732ffefbbe11160a6a33967afc3c77f7f28d27c2795b77e030de3b5e5,sources/maven-2024-12-index.json.gz,Current official public archive; access only,,00d696ed80bd388955f622e0611853165f19508c,public_complete,unknown,yes
mailbox-maven-2024-12,https://lists.apache.org/api/mbox.lua?list=dev&domain=maven.apache.org&d=2024-12,Complete month-level mbox export; original Message-ID multiset checked against the index; not individually coded evidence,archive_index,unknown,unknown,unknown,2026-09-21T14:43:34.281735+00:00,744360abfaac58f1424dec272bb66e23160703a4300b60efab207845f338760e,sources/maven-2024-12.mbox.gz,Current official public archive; access only,,00d696ed80bd388955f622e0611853165f19508c,public_complete,unknown,yes
index-maven-2025-01,https://lists.apache.org/api/stats.lua?list=dev&domain=maven.apache.org&d=2025-01,Whole access object; no episode classification,archive_index,unknown,unknown,unknown,2026-09-21T14:39:51.466558+00:00,4f2221e2af46f8e9063623834beeaf5f7b1097e4ff9c9f36060552c25abcef3a,sources/maven-2025-01-index.json.gz,Current official public archive; access only,,00d696ed80bd388955f622e0611853165f19508c,public_complete,unknown,yes
mailbox-maven-2025-01,https://lists.apache.org/api/mbox.lua?list=dev&domain=maven.apache.org&d=2025-01,Complete month-level mbox export; original Message-ID multiset checked against the index; not individually coded evidence,archive_index,unknown,unknown,unknown,2026-09-21T14:43:34.905720+00:00,fd9a014c3bfb56e63c974ac4708f16d5ac6da6ec0f122011e60b49d3e79d57c4,sources/maven-2025-01.mbox.gz,Current official public archive; access only,,00d696ed80bd388955f622e0611853165f19508c,public_complete,unknown,yes
index-maven-2025-02,https://lists.apache.org/api/stats.lua?list=dev&domain=maven.apache.org&d=2025-02,Whole access object; no episode classification,archive_index,unknown,unknown,unknown,2026-09-21T14:39:51.542184+00:00,8259a2e5a7a6457cb99dc4040189f057139277810398003b37587637bbe99ce8,sources/maven-2025-02-index.json.gz,Current official public archive; access only,,00d696ed80bd388955f622e0611853165f19508c,public_complete,unknown,yes
mailbox-maven-2025-02,https://lists.apache.org/api/mbox.lua?list=dev&domain=maven.apache.org&d=2025-02,Complete month-level mbox export; original Message-ID multiset checked against the index; not individually coded evidence,archive_index,unknown,unknown,unknown,2026-09-21T14:43:35.048204+00:00,fc1a5b6c564e0d5c9c01faf02676f7dfebf75e33f8e2882927de9860ee0db560,sources/maven-2025-02.mbox.gz,Current official public archive; access only,,00d696ed80bd388955f622e0611853165f19508c,public_complete,unknown,yes
index-maven-2025-03,https://lists.apache.org/api/stats.lua?list=dev&domain=maven.apache.org&d=2025-03,Whole access object; no episode classification,archive_index,unknown,unknown,unknown,2026-09-21T14:39:51.670838+00:00,075d01e1a314ebac8844bb13c33df91b6b921cc090a5271e208d00c8d0770b6a,sources/maven-2025-03-index.json.gz,Current official public archive; access only,,00d696ed80bd388955f622e0611853165f19508c,public_complete,unknown,yes
mailbox-maven-2025-03,https://lists.apache.org/api/mbox.lua?list=dev&domain=maven.apache.org&d=2025-03,Complete month-level mbox export; original Message-ID multiset checked against the index; not individually coded evidence,archive_index,unknown,unknown,unknown,2026-09-21T14:43:36.787076+00:00,57a5bbeb9904a4933aa577c169dee074bd0a186efa9a0a01f687b010c01d977d,sources/maven-2025-03.mbox.gz,Current official public archive; access only,,00d696ed80bd388955f622e0611853165f19508c,public_complete,unknown,yes
index-maven-2025-04,https://lists.apache.org/api/stats.lua?list=dev&domain=maven.apache.org&d=2025-04,Whole access object; no episode classification,archive_index,unknown,unknown,unknown,2026-09-21T14:39:51.965537+00:00,891ed9b625c6ec7de1beaad0a3da3cf46d6e020e96e128c94d3b2ce20996d771,sources/maven-2025-04-index.json.gz,Current official public archive; access only,,00d696ed80bd388955f622e0611853165f19508c,public_complete,unknown,yes
mailbox-maven-2025-04,https://lists.apache.org/api/mbox.lua?list=dev&domain=maven.apache.org&d=2025-04,Complete month-level mbox export; original Message-ID multiset checked against the index; not individually coded evidence,archive_index,unknown,unknown,unknown,2026-09-21T14:43:37.636920+00:00,e05b44cf883719137586b6866854cb30f0d4532f92f016bcf0c53472a1bc5199,sources/maven-2025-04.mbox.gz,Current official public archive; access only,,00d696ed80bd388955f622e0611853165f19508c,public_complete,unknown,yes
index-maven-2025-05,https://lists.apache.org/api/stats.lua?list=dev&domain=maven.apache.org&d=2025-05,Whole access object; no episode classification,archive_index,unknown,unknown,unknown,2026-09-21T14:39:51.998046+00:00,c3578775b09c63371ab88479a435e750ea4e192570f96850e1b57bd140afc0f0,sources/maven-2025-05-index.json.gz,Current official public archive; access only,,00d696ed80bd388955f622e0611853165f19508c,public_complete,unknown,yes
mailbox-maven-2025-05,https://lists.apache.org/api/mbox.lua?list=dev&domain=maven.apache.org&d=2025-05,Complete month-level mbox export; original Message-ID multiset checked against the index; not individually coded evidence,archive_index,unknown,unknown,unknown,2026-09-21T14:43:37.658933+00:00,6202492f37a7415dcf0877435efeffeb3a4e4b540dc95f5e0607d7b0eee18909,sources/maven-2025-05.mbox.gz,Current official public archive; access only,,00d696ed80bd388955f622e0611853165f19508c,public_complete,unknown,yes
index-maven-2025-06,https://lists.apache.org/api/stats.lua?list=dev&domain=maven.apache.org&d=2025-06,Whole access object; no episode classification,archive_index,unknown,unknown,unknown,2026-09-21T14:39:52.119615+00:00,46a5a1507849f507b6361d0e88d92eb42e8503d78d43c8261389e5201f03d422,sources/maven-2025-06-index.json.gz,Current official public archive; access only,,00d696ed80bd388955f622e0611853165f19508c,public_complete,unknown,yes
mailbox-maven-2025-06,https://lists.apache.org/api/mbox.lua?list=dev&domain=maven.apache.org&d=2025-06,Complete month-level mbox export; original Message-ID multiset checked against the index; not individually coded evidence,archive_index,unknown,unknown,unknown,2026-09-21T14:43:38.758610+00:00,1b18e3bbdc7fe31ed0a681fe509e0bf86fb37359c7f6898116b93c516833a662,sources/maven-2025-06.mbox.gz,Current official public archive; access only,,00d696ed80bd388955f622e0611853165f19508c,public_complete,unknown,yes
index-maven-2025-07,https://lists.apache.org/api/stats.lua?list=dev&domain=maven.apache.org&d=2025-07,Whole access object; no episode classification,archive_index,unknown,unknown,unknown,2026-09-21T14:39:52.393484+00:00,52df69f7d401e6891b2f062a0d96944dc1b4ce4322e6449a8ae6e9c245046690,sources/maven-2025-07-index.json.gz,Current official public archive; access only,,00d696ed80bd388955f622e0611853165f19508c,public_complete,unknown,yes
mailbox-maven-2025-07,https://lists.apache.org/api/mbox.lua?list=dev&domain=maven.apache.org&d=2025-07,Complete month-level mbox export; original Message-ID multiset checked against the index; not individually coded evidence,archive_index,unknown,unknown,unknown,2026-09-21T14:43:39.575863+00:00,27cf9521302ebb40af7cabcb0893428e1d1dc2499e060afbce8b37c8428b41a5,sources/maven-2025-07.mbox.gz,Current official public archive; access only,,00d696ed80bd388955f622e0611853165f19508c,public_complete,unknown,yes
index-maven-2025-08,https://lists.apache.org/api/stats.lua?list=dev&domain=maven.apache.org&d=2025-08,Whole access object; no episode classification,archive_index,unknown,unknown,unknown,2026-09-21T14:39:52.465769+00:00,10f8e54d32d03b9937b27b2b369e82cf0bb7340ce7ab0b19d9092c19f8e717c9,sources/maven-2025-08-index.json.gz,Current official public archive; access only,,00d696ed80bd388955f622e0611853165f19508c,public_complete,unknown,yes
mailbox-maven-2025-08,https://lists.apache.org/api/mbox.lua?list=dev&domain=maven.apache.org&d=2025-08,Complete month-level mbox export; original Message-ID multiset checked against the index; not individually coded evidence,archive_index,unknown,unknown,unknown,2026-09-21T14:43:40.457600+00:00,dfea6e98370decbbbb75582e4a746ed3ef41a8babd00ab597af8eff971a9940c,sources/maven-2025-08.mbox.gz,Current official public archive; access only,,00d696ed80bd388955f622e0611853165f19508c,public_complete,unknown,yes
index-maven-2025-09,https://lists.apache.org/api/stats.lua?list=dev&domain=maven.apache.org&d=2025-09,Whole access object; no episode classification,archive_index,unknown,unknown,unknown,2026-09-21T14:39:52.569938+00:00,1989475dd0db583c31b97d9aa09081d18762720454de49f0d6d8f735b7218c28,sources/maven-2025-09-index.json.gz,Current official public archive; access only,,00d696ed80bd388955f622e0611853165f19508c,public_complete,unknown,yes
mailbox-maven-2025-09,https://lists.apache.org/api/mbox.lua?list=dev&domain=maven.apache.org&d=2025-09,Complete month-level mbox export; original Message-ID multiset checked against the index; not individually coded evidence,archive_index,unknown,unknown,unknown,2026-09-21T14:43:40.696235+00:00,6c648cdbf92a28009f39344883be200e82529aa4b8ff2333b62a6f6dd7e525f6,sources/maven-2025-09.mbox.gz,Current official public archive; access only,,00d696ed80bd388955f622e0611853165f19508c,public_complete,unknown,yes
index-maven-2025-10,https://lists.apache.org/api/stats.lua?list=dev&domain=maven.apache.org&d=2025-10,Whole access object; no episode classification,archive_index,unknown,unknown,unknown,2026-09-21T14:39:52.808862+00:00,56ec0076a881017a83fd30abc247c7f4ba9e8de84d35542540f0547f6def7f53,sources/maven-2025-10-index.json.gz,Current official public archive; access only,,00d696ed80bd388955f622e0611853165f19508c,public_complete,unknown,yes
mailbox-maven-2025-10,https://lists.apache.org/api/mbox.lua?list=dev&domain=maven.apache.org&d=2025-10,Complete month-level mbox export; original Message-ID multiset checked against the index; not individually coded evidence,archive_index,unknown,unknown,unknown,2026-09-21T14:43:41.158614+00:00,ae578026d42a45e121c4c0c8c09aa4864767e24d8402595d410dd1d40919b6e9,sources/maven-2025-10.mbox.gz,Current official public archive; access only,,00d696ed80bd388955f622e0611853165f19508c,public_complete,unknown,yes
index-maven-2025-11,https://lists.apache.org/api/stats.lua?list=dev&domain=maven.apache.org&d=2025-11,Whole access object; no episode classification,archive_index,unknown,unknown,unknown,2026-09-21T14:39:52.852997+00:00,96b9d0332c2db1abc5eeba73135dbce631bfa9d027d5eeffe4155f7318c6adfd,sources/maven-2025-11-index.json.gz,Current official public archive; access only,,00d696ed80bd388955f622e0611853165f19508c,public_complete,unknown,yes
mailbox-maven-2025-11,https://lists.apache.org/api/mbox.lua?list=dev&domain=maven.apache.org&d=2025-11,Complete month-level mbox export; original Message-ID multiset checked against the index; not individually coded evidence,archive_index,unknown,unknown,unknown,2026-09-21T14:43:42.673051+00:00,9fa5a8d8f95b20af4c021d4fefd5ba78f58003aa59cb109dbfed48435d62a0b3,sources/maven-2025-11.mbox.gz,Current official public archive; access only,,00d696ed80bd388955f622e0611853165f19508c,public_complete,unknown,yes
index-maven-2025-12,https://lists.apache.org/api/stats.lua?list=dev&domain=maven.apache.org&d=2025-12,Whole access object; no episode classification,archive_index,unknown,unknown,unknown,2026-09-21T14:39:53.016316+00:00,be2316ed145935a590baed144bf070b5c40f6eede1b3acc217d0bbe4304f09e9,sources/maven-2025-12-index.json.gz,Current official public archive; access only,,00d696ed80bd388955f622e0611853165f19508c,public_complete,unknown,yes
mailbox-maven-2025-12,https://lists.apache.org/api/mbox.lua?list=dev&domain=maven.apache.org&d=2025-12,Complete month-level mbox export; original Message-ID multiset checked against the index; not individually coded evidence,archive_index,unknown,unknown,unknown,2026-09-21T14:43:43.314498+00:00,d98169e958ecb2436f21717fe9da469f1eb9c9c186cdfdf3bbdabf45a3700ecd,sources/maven-2025-12.mbox.gz,Current official public archive; access only,,00d696ed80bd388955f622e0611853165f19508c,public_complete,unknown,yes
index-ant-2023-01,https://lists.apache.org/api/stats.lua?list=dev&domain=ant.apache.org&d=2023-01,Whole access object; no episode classification,archive_index,unknown,unknown,unknown,2026-09-21T14:38:50.247689+00:00,55994f024e0827ff91e87ed5ee50a7eb31e18606f47f455bf4790ed58223516a,sources/ant-2023-01-index.json.gz,Current official public archive; access only,,00d696ed80bd388955f622e0611853165f19508c,public_complete,unknown,yes
mailbox-ant-2023-01,https://lists.apache.org/api/mbox.lua?list=dev&domain=ant.apache.org&d=2023-01,Complete month-level mbox export; original Message-ID multiset checked against the index; not individually coded evidence,archive_index,unknown,unknown,unknown,2026-09-21T14:40:24.765494+00:00,309b0164453b3cbb07686c8f1f91e4106722f652a88363755f726d4a1027edfb,sources/ant-2023-01.mbox.gz,Current official public archive; access only,,00d696ed80bd388955f622e0611853165f19508c,public_complete,unknown,yes
index-ant-2023-02,https://lists.apache.org/api/stats.lua?list=dev&domain=ant.apache.org&d=2023-02,Whole access object; no episode classification,archive_index,unknown,unknown,unknown,2026-09-21T14:39:53.306045+00:00,10fb1b45673da3a084577d24a7191d2f0eab6035ba50dc604480f935533f8073,sources/ant-2023-02-index.json.gz,Current official public archive; access only,,00d696ed80bd388955f622e0611853165f19508c,public_complete,unknown,yes
mailbox-ant-2023-02,https://lists.apache.org/api/mbox.lua?list=dev&domain=ant.apache.org&d=2023-02,Complete month-level mbox export; original Message-ID multiset checked against the index; not individually coded evidence,archive_index,unknown,unknown,unknown,2026-09-21T14:43:43.520061+00:00,c6ee6281eaa55bf4e08ef46cc33cf7b97ed5972c1cc4445d7b7b8cdad8ecd733,sources/ant-2023-02.mbox.gz,Current official public archive; access only,,00d696ed80bd388955f622e0611853165f19508c,public_complete,unknown,yes
index-ant-2023-03,https://lists.apache.org/api/stats.lua?list=dev&domain=ant.apache.org&d=2023-03,Whole access object; no episode classification,archive_index,unknown,unknown,unknown,2026-09-21T14:39:53.342944+00:00,1d1470e4170aead34544149347e175feeb1932c0b8c9d4ba8e78430b00e5ff74,sources/ant-2023-03-index.json.gz,Current official public archive; access only,,00d696ed80bd388955f622e0611853165f19508c,public_complete,unknown,yes
mailbox-ant-2023-03,https://lists.apache.org/api/mbox.lua?list=dev&domain=ant.apache.org&d=2023-03,Complete month-level mbox export; original Message-ID multiset checked against the index; not individually coded evidence,archive_index,unknown,unknown,unknown,2026-09-21T14:43:44.009755+00:00,7884d8d23cd70580de2ec77ec4555753a800cab837d86be6a00e94d17e531492,sources/ant-2023-03.mbox.gz,Current official public archive; access only,,00d696ed80bd388955f622e0611853165f19508c,public_complete,unknown,yes
index-ant-2023-04,https://lists.apache.org/api/stats.lua?list=dev&domain=ant.apache.org&d=2023-04,Whole access object; no episode classification,archive_index,unknown,unknown,unknown,2026-09-21T14:39:53.421655+00:00,a6e817e1af7a45cbd64912c2bbdfdbffea8a725c4b82d9211467ed86257a040a,sources/ant-2023-04-index.json.gz,Current official public archive; access only,,00d696ed80bd388955f622e0611853165f19508c,public_complete,unknown,yes
mailbox-ant-2023-04,https://lists.apache.org/api/mbox.lua?list=dev&domain=ant.apache.org&d=2023-04,Complete month-level mbox export; original Message-ID multiset checked against the index; not individually coded evidence,archive_index,unknown,unknown,unknown,2026-09-21T14:43:44.420666+00:00,dbd9d9fed3a9709b9e401a08bc67492ed36aa26c07705f6f92323f11b2e75092,sources/ant-2023-04.mbox.gz,Current official public archive; access only,,00d696ed80bd388955f622e0611853165f19508c,public_complete,unknown,yes
index-ant-2023-05,https://lists.apache.org/api/stats.lua?list=dev&domain=ant.apache.org&d=2023-05,Whole access object; no episode classification,archive_index,unknown,unknown,unknown,2026-09-21T14:39:53.611191+00:00,b82fd05c1f83fe55742448d42fe4e60ac06f250f5bb8a9fdc20b6cb744a1a18b,sources/ant-2023-05-index.json.gz,Current official public archive; access only,,00d696ed80bd388955f622e0611853165f19508c,public_complete,unknown,yes
mailbox-ant-2023-05,https://lists.apache.org/api/mbox.lua?list=dev&domain=ant.apache.org&d=2023-05,Complete month-level mbox export; original Message-ID multiset checked against the index; not individually coded evidence,archive_index,unknown,unknown,unknown,2026-09-21T14:43:44.558730+00:00,f96c50211f583c7a28300e649238728751c2f54680aab84e20e8d75b78cf768e,sources/ant-2023-05.mbox.gz,Current official public archive; access only,,00d696ed80bd388955f622e0611853165f19508c,public_complete,unknown,yes
index-ant-2023-06,https://lists.apache.org/api/stats.lua?list=dev&domain=ant.apache.org&d=2023-06,Whole access object; no episode classification,archive_index,unknown,unknown,unknown,2026-09-21T14:39:53.625580+00:00,1cbc624e757ac3488206c5a6cf332ca7b06a6477797eb4b0624d9d57c56225c6,sources/ant-2023-06-index.json.gz,Current official public archive; access only,,00d696ed80bd388955f622e0611853165f19508c,public_complete,unknown,yes
mailbox-ant-2023-06,https://lists.apache.org/api/mbox.lua?list=dev&domain=ant.apache.org&d=2023-06,Complete month-level mbox export; original Message-ID multiset checked against the index; not individually coded evidence,archive_index,unknown,unknown,unknown,2026-09-21T14:43:44.696715+00:00,85b9b8a42db6be5b056bf5d9f3d55a66cbaf3051011644498ff8cb3f319d2945,sources/ant-2023-06.mbox.gz,Current official public archive; access only,,00d696ed80bd388955f622e0611853165f19508c,public_complete,unknown,yes
index-ant-2023-07,https://lists.apache.org/api/stats.lua?list=dev&domain=ant.apache.org&d=2023-07,Whole access object; no episode classification,archive_index,unknown,unknown,unknown,2026-09-21T14:39:53.715388+00:00,829119ddfcfa9a8d0b299fe13ff2d96b7311d0365597eebd49f3c41a231a5086,sources/ant-2023-07-index.json.gz,Current official public archive; access only,,00d696ed80bd388955f622e0611853165f19508c,public_complete,unknown,yes
mailbox-ant-2023-07,https://lists.apache.org/api/mbox.lua?list=dev&domain=ant.apache.org&d=2023-07,Complete month-level mbox export; original Message-ID multiset checked against the index; not individually coded evidence,archive_index,unknown,unknown,unknown,2026-09-21T14:43:44.813881+00:00,b26ae3f7b73cfebc00ac68ee61a9672de5d249f360fb707d2d895cd119a0a510,sources/ant-2023-07.mbox.gz,Current official public archive; access only,,00d696ed80bd388955f622e0611853165f19508c,public_complete,unknown,yes
index-ant-2023-08,https://lists.apache.org/api/stats.lua?list=dev&domain=ant.apache.org&d=2023-08,Whole access object; no episode classification,archive_index,unknown,unknown,unknown,2026-09-21T14:39:53.848371+00:00,be6f767fa1829b39fad31870197eac19a359e77b7d41d685b429448689502192,sources/ant-2023-08-index.json.gz,Current official public archive; access only,,00d696ed80bd388955f622e0611853165f19508c,public_complete,unknown,yes
mailbox-ant-2023-08,https://lists.apache.org/api/mbox.lua?list=dev&domain=ant.apache.org&d=2023-08,Complete month-level mbox export; original Message-ID multiset checked against the index; not individually coded evidence,archive_index,unknown,unknown,unknown,2026-09-21T14:43:44.942574+00:00,e29889ca73830a5a69075a40e88c51085de589aced2ed836d6d22fa7a3724dd7,sources/ant-2023-08.mbox.gz,Current official public archive; access only,,00d696ed80bd388955f622e0611853165f19508c,public_complete,unknown,yes
index-ant-2023-09,https://lists.apache.org/api/stats.lua?list=dev&domain=ant.apache.org&d=2023-09,Whole access object; no episode classification,archive_index,unknown,unknown,unknown,2026-09-21T14:39:53.902652+00:00,7362d3839b97f1e325a21ede53b4de03f4686182a9ac81e8b2d1542f594df0c1,sources/ant-2023-09-index.json.gz,Current official public archive; access only,,00d696ed80bd388955f622e0611853165f19508c,public_complete,unknown,yes
mailbox-ant-2023-09,https://lists.apache.org/api/mbox.lua?list=dev&domain=ant.apache.org&d=2023-09,Complete month-level mbox export; original Message-ID multiset checked against the index; not individually coded evidence,archive_index,unknown,unknown,unknown,2026-09-21T14:43:45.036857+00:00,353941a7e7d59dbb8ce7d864454f45842c73b7a1ce691ed52bb4bdee81ae4db8,sources/ant-2023-09.mbox.gz,Current official public archive; access only,,00d696ed80bd388955f622e0611853165f19508c,public_complete,unknown,yes
index-ant-2023-10,https://lists.apache.org/api/stats.lua?list=dev&domain=ant.apache.org&d=2023-10,Whole access object; no episode classification,archive_index,unknown,unknown,unknown,2026-09-21T14:39:53.952392+00:00,8a0e9a8005d3a62a6020863d6be5bbae23ecd045b00248fd2c3215778396a679,sources/ant-2023-10-index.json.gz,Current official public archive; access only,,00d696ed80bd388955f622e0611853165f19508c,public_complete,unknown,yes
mailbox-ant-2023-10,https://lists.apache.org/api/mbox.lua?list=dev&domain=ant.apache.org&d=2023-10,Complete month-level mbox export; original Message-ID multiset checked against the index; not individually coded evidence,archive_index,unknown,unknown,unknown,2026-09-21T14:43:45.223069+00:00,85ce84a549c4198589c30a96b0d2499f5fde33470ae5709aa9143107d4fdb399,sources/ant-2023-10.mbox.gz,Current official public archive; access only,,00d696ed80bd388955f622e0611853165f19508c,public_complete,unknown,yes
index-ant-2023-11,https://lists.apache.org/api/stats.lua?list=dev&domain=ant.apache.org&d=2023-11,Whole access object; no episode classification,archive_index,unknown,unknown,unknown,2026-09-21T14:39:54.139886+00:00,f15eff40c94a95c2e69d3ef37103144a606d2251233537072183d30d7c07fd41,sources/ant-2023-11-index.json.gz,Current official public archive; access only,,00d696ed80bd388955f622e0611853165f19508c,public_complete,unknown,yes
mailbox-ant-2023-11,https://lists.apache.org/api/mbox.lua?list=dev&domain=ant.apache.org&d=2023-11,Complete month-level mbox export; original Message-ID multiset checked against the index; not individually coded evidence,archive_index,unknown,unknown,unknown,2026-09-21T14:43:45.575796+00:00,3ed77dc7565bb7178d30e7a35d85971736665f3044947ed732fbd8d961547700,sources/ant-2023-11.mbox.gz,Current official public archive; access only,,00d696ed80bd388955f622e0611853165f19508c,public_complete,unknown,yes
index-ant-2023-12,https://lists.apache.org/api/stats.lua?list=dev&domain=ant.apache.org&d=2023-12,Whole access object; no episode classification,archive_index,unknown,unknown,unknown,2026-09-21T14:39:54.161423+00:00,075f0329b81b1b1b99c8b6f376ec940d1b59db7309e5f89a62b885d39d75b014,sources/ant-2023-12-index.json.gz,Current official public archive; access only,,00d696ed80bd388955f622e0611853165f19508c,public_complete,unknown,yes
mailbox-ant-2023-12,https://lists.apache.org/api/mbox.lua?list=dev&domain=ant.apache.org&d=2023-12,Complete month-level mbox export; original Message-ID multiset checked against the index; not individually coded evidence,archive_index,unknown,unknown,unknown,2026-09-21T14:43:45.628866+00:00,2393bc592fbf15946bde39e9e4fd96260711293a50af828992478f1e36b13338,sources/ant-2023-12.mbox.gz,Current official public archive; access only,,00d696ed80bd388955f622e0611853165f19508c,public_complete,unknown,yes
index-ant-2024-01,https://lists.apache.org/api/stats.lua?list=dev&domain=ant.apache.org&d=2024-01,Whole access object; no episode classification,archive_index,unknown,unknown,unknown,2026-09-21T14:39:54.209315+00:00,b5d0c304dac470a2dd9a29d566abcd5a97a139f2e28649866bb847786124f66d,sources/ant-2024-01-index.json.gz,Current official public archive; access only,,00d696ed80bd388955f622e0611853165f19508c,public_complete,unknown,yes
mailbox-ant-2024-01,https://lists.apache.org/api/mbox.lua?list=dev&domain=ant.apache.org&d=2024-01,Complete month-level mbox export; original Message-ID multiset checked against the index; not individually coded evidence,archive_index,unknown,unknown,unknown,2026-09-21T14:43:45.690215+00:00,ba3b2afa5113689dcd6b897a3eb045e78f41c0920ee75440eefe884ff49e13b9,sources/ant-2024-01.mbox.gz,Current official public archive; access only,,00d696ed80bd388955f622e0611853165f19508c,public_complete,unknown,yes
index-ant-2024-02,https://lists.apache.org/api/stats.lua?list=dev&domain=ant.apache.org&d=2024-02,Whole access object; no episode classification,archive_index,unknown,unknown,unknown,2026-09-21T14:39:54.407294+00:00,f99a977401e8ac6f40d12a1e7cdfda41e640a126c1f0e7a4f3078d3028f15f48,sources/ant-2024-02-index.json.gz,Current official public archive; access only,,00d696ed80bd388955f622e0611853165f19508c,public_complete,unknown,yes
mailbox-ant-2024-02,https://lists.apache.org/api/mbox.lua?list=dev&domain=ant.apache.org&d=2024-02,Complete month-level mbox export; original Message-ID multiset checked against the index; not individually coded evidence,archive_index,unknown,unknown,unknown,2026-09-21T14:43:46.016600+00:00,34a60995a5a7a3572c13e81388a40f9add3c1a839a799eea431c1698ee4de107,sources/ant-2024-02.mbox.gz,Current official public archive; access only,,00d696ed80bd388955f622e0611853165f19508c,public_complete,unknown,yes
index-ant-2024-03,https://lists.apache.org/api/stats.lua?list=dev&domain=ant.apache.org&d=2024-03,Whole access object; no episode classification,archive_index,unknown,unknown,unknown,2026-09-21T14:39:54.436699+00:00,54883dc1600f2420ca4c8fe38ac5d3c9e479d352adeb004cca1aa837089fd49c,sources/ant-2024-03-index.json.gz,Current official public archive; access only,,00d696ed80bd388955f622e0611853165f19508c,public_complete,unknown,yes
mailbox-ant-2024-03,https://lists.apache.org/api/mbox.lua?list=dev&domain=ant.apache.org&d=2024-03,Complete month-level mbox export; original Message-ID multiset checked against the index; not individually coded evidence,archive_index,unknown,unknown,unknown,2026-09-21T14:43:46.129272+00:00,b3ac1220bcbad914164a9dd1eb3dc76612aa9c82202cecfdd40665d109151c24,sources/ant-2024-03.mbox.gz,Current official public archive; access only,,00d696ed80bd388955f622e0611853165f19508c,public_complete,unknown,yes
index-ant-2024-04,https://lists.apache.org/api/stats.lua?list=dev&domain=ant.apache.org&d=2024-04,Whole access object; no episode classification,archive_index,unknown,unknown,unknown,2026-09-21T14:39:54.531622+00:00,4ec120c49eb4ed58b973c72b46808200bb193e93d5f24aae64b96fd67070dfc1,sources/ant-2024-04-index.json.gz,Current official public archive; access only,,00d696ed80bd388955f622e0611853165f19508c,public_complete,unknown,yes
mailbox-ant-2024-04,https://lists.apache.org/api/mbox.lua?list=dev&domain=ant.apache.org&d=2024-04,Complete month-level mbox export; original Message-ID multiset checked against the index; not individually coded evidence,archive_index,unknown,unknown,unknown,2026-09-21T14:43:46.215396+00:00,2c8bf79f686f0b213339b3ae5fdcf4741fa48d8233e6cabfca26eb8c763ab9c1,sources/ant-2024-04.mbox.gz,Current official public archive; access only,,00d696ed80bd388955f622e0611853165f19508c,public_complete,unknown,yes
index-ant-2024-05,https://lists.apache.org/api/stats.lua?list=dev&domain=ant.apache.org&d=2024-05,Whole access object; no episode classification,archive_index,unknown,unknown,unknown,2026-09-21T14:39:54.679288+00:00,d35aebf112c73151ec1599ef76e10d05ee76bdf95a7d96bdcf1d909ec496d589,sources/ant-2024-05-index.json.gz,Current official public archive; access only,,00d696ed80bd388955f622e0611853165f19508c,public_complete,unknown,yes
mailbox-ant-2024-05,https://lists.apache.org/api/mbox.lua?list=dev&domain=ant.apache.org&d=2024-05,Complete month-level mbox export; original Message-ID multiset checked against the index; not individually coded evidence,archive_index,unknown,unknown,unknown,2026-09-21T14:43:46.477980+00:00,0c89d17e5d1dbfa0b7f40947cec643c7407da3751cdb791e9499051487f2cdc7,sources/ant-2024-05.mbox.gz,Current official public archive; access only,,00d696ed80bd388955f622e0611853165f19508c,public_complete,unknown,yes
index-ant-2024-06,https://lists.apache.org/api/stats.lua?list=dev&domain=ant.apache.org&d=2024-06,Whole access object; no episode classification,archive_index,unknown,unknown,unknown,2026-09-21T14:39:54.691048+00:00,acd146e1c092ce1bce422efd403157a1803595162626489af7338aec2f0a8043,sources/ant-2024-06-index.json.gz,Current official public archive; access only,,00d696ed80bd388955f622e0611853165f19508c,public_complete,unknown,yes
mailbox-ant-2024-06,https://lists.apache.org/api/mbox.lua?list=dev&domain=ant.apache.org&d=2024-06,Complete month-level mbox export; original Message-ID multiset checked against the index; not individually coded evidence,archive_index,unknown,unknown,unknown,2026-09-21T14:43:46.494887+00:00,81c85573d9ef3136468ef21864d15a068f091033fef53a78d8f4ce361fa4bb7a,sources/ant-2024-06.mbox.gz,Current official public archive; access only,,00d696ed80bd388955f622e0611853165f19508c,public_complete,unknown,yes
index-ant-2024-07,https://lists.apache.org/api/stats.lua?list=dev&domain=ant.apache.org&d=2024-07,Whole access object; no episode classification,archive_index,unknown,unknown,unknown,2026-09-21T14:39:54.806324+00:00,48d099bc036f53056b57dce0f8b2fb0345a517119cf1698d5303a9a82f71635f,sources/ant-2024-07-index.json.gz,Current official public archive; access only,,00d696ed80bd388955f622e0611853165f19508c,public_complete,unknown,yes
mailbox-ant-2024-07,https://lists.apache.org/api/mbox.lua?list=dev&domain=ant.apache.org&d=2024-07,Complete month-level mbox export; original Message-ID multiset checked against the index; not individually coded evidence,archive_index,unknown,unknown,unknown,2026-09-21T14:43:46.599919+00:00,b7e50b4377f2ea71440bfe49b3e6c5b6b78188aca80e72dc444d6f8b55c42992,sources/ant-2024-07.mbox.gz,Current official public archive; access only,,00d696ed80bd388955f622e0611853165f19508c,public_complete,unknown,yes
index-ant-2024-08,https://lists.apache.org/api/stats.lua?list=dev&domain=ant.apache.org&d=2024-08,Whole access object; no episode classification,archive_index,unknown,unknown,unknown,2026-09-21T14:39:54.928374+00:00,ed9a6da4ed82f43e80ce1919ee1f4a3338a2d8166de48af237bfded463f8976a,sources/ant-2024-08-index.json.gz,Current official public archive; access only,,00d696ed80bd388955f622e0611853165f19508c,public_complete,unknown,yes
mailbox-ant-2024-08,https://lists.apache.org/api/mbox.lua?list=dev&domain=ant.apache.org&d=2024-08,Complete month-level mbox export; original Message-ID multiset checked against the index; not individually coded evidence,archive_index,unknown,unknown,unknown,2026-09-21T14:43:46.819403+00:00,7f97a58db51fff5c670cb249ebbd1a262cb5ce4deede9e90327dd75f2c364f65,sources/ant-2024-08.mbox.gz,Current official public archive; access only,,00d696ed80bd388955f622e0611853165f19508c,public_complete,unknown,yes
index-ant-2024-09,https://lists.apache.org/api/stats.lua?list=dev&domain=ant.apache.org&d=2024-09,Whole access object; no episode classification,archive_index,unknown,unknown,unknown,2026-09-21T14:39:54.950240+00:00,7fc45b37616daa1d41553a1e52aef7e66ab549d0784f052053266e39bc22a868,sources/ant-2024-09-index.json.gz,Current official public archive; access only,,00d696ed80bd388955f622e0611853165f19508c,public_complete,unknown,yes
mailbox-ant-2024-09,https://lists.apache.org/api/mbox.lua?list=dev&domain=ant.apache.org&d=2024-09,Complete month-level mbox export; original Message-ID multiset checked against the index; not individually coded evidence,archive_index,unknown,unknown,unknown,2026-09-21T14:43:46.947730+00:00,85128585a343be4d8495a7a55fde9f5fb1e393062d3e3fdbd97f421980566d15,sources/ant-2024-09.mbox.gz,Current official public archive; access only,,00d696ed80bd388955f622e0611853165f19508c,public_complete,unknown,yes
index-ant-2024-10,https://lists.apache.org/api/stats.lua?list=dev&domain=ant.apache.org&d=2024-10,Whole access object; no episode classification,archive_index,unknown,unknown,unknown,2026-09-21T14:39:55.028610+00:00,4ca69b4705692c586e6fb682cbcb5be31b3f0d514968c0bf49855b19083a9fbd,sources/ant-2024-10-index.json.gz,Current official public archive; access only,,00d696ed80bd388955f622e0611853165f19508c,public_complete,unknown,yes
mailbox-ant-2024-10,https://lists.apache.org/api/mbox.lua?list=dev&domain=ant.apache.org&d=2024-10,Complete month-level mbox export; original Message-ID multiset checked against the index; not individually coded evidence,archive_index,unknown,unknown,unknown,2026-09-21T14:43:46.949969+00:00,1869136bc99441f94d3f785a5d52f948a674fad0d4596aefa7911f6611144142,sources/ant-2024-10.mbox.gz,Current official public archive; access only,,00d696ed80bd388955f622e0611853165f19508c,public_complete,unknown,yes
index-ant-2024-11,https://lists.apache.org/api/stats.lua?list=dev&domain=ant.apache.org&d=2024-11,Whole access object; no episode classification,archive_index,unknown,unknown,unknown,2026-09-21T14:39:55.136998+00:00,402bbcb41f38e76dc0f21200936e6d53f234535413238bdbb203d59f86923ece,sources/ant-2024-11-index.json.gz,Current official public archive; access only,,00d696ed80bd388955f622e0611853165f19508c,public_complete,unknown,yes
mailbox-ant-2024-11,https://lists.apache.org/api/mbox.lua?list=dev&domain=ant.apache.org&d=2024-11,Complete month-level mbox export; original Message-ID multiset checked against the index; not individually coded evidence,archive_index,unknown,unknown,unknown,2026-09-21T14:43:47.162538+00:00,f54a13c6f1a15c7f6004f7cade1d3eca676dc6b433de23948daf3e62b590d79d,sources/ant-2024-11.mbox.gz,Current official public archive; access only,,00d696ed80bd388955f622e0611853165f19508c,public_complete,unknown,yes
index-ant-2024-12,https://lists.apache.org/api/stats.lua?list=dev&domain=ant.apache.org&d=2024-12,Whole access object; no episode classification,archive_index,unknown,unknown,unknown,2026-09-21T14:39:55.257982+00:00,ad0d0dfc3f2790c7d609d17c86d2a8018f5557f2e9aaa21f74314db2ef7f94d3,sources/ant-2024-12-index.json.gz,Current official public archive; access only,,00d696ed80bd388955f622e0611853165f19508c,public_complete,unknown,yes
mailbox-ant-2024-12,https://lists.apache.org/api/mbox.lua?list=dev&domain=ant.apache.org&d=2024-12,Complete month-level mbox export; original Message-ID multiset checked against the index; not individually coded evidence,archive_index,unknown,unknown,unknown,2026-09-21T14:43:47.216686+00:00,f875905aca60e563f6e3e5cac7e4570be61d070efc03a9d247562acffc34f29d,sources/ant-2024-12.mbox.gz,Current official public archive; access only,,00d696ed80bd388955f622e0611853165f19508c,public_complete,unknown,yes
index-ant-2025-01,https://lists.apache.org/api/stats.lua?list=dev&domain=ant.apache.org&d=2025-01,Whole access object; no episode classification,archive_index,unknown,unknown,unknown,2026-09-21T14:39:55.263458+00:00,ae04cea11de9cd19ccd68cb248d69776b1fa5307a4eb5bfb324007fab4aef762,sources/ant-2025-01-index.json.gz,Current official public archive; access only,,00d696ed80bd388955f622e0611853165f19508c,public_complete,unknown,yes
mailbox-ant-2025-01,https://lists.apache.org/api/mbox.lua?list=dev&domain=ant.apache.org&d=2025-01,Complete month-level mbox export; original Message-ID multiset checked against the index; not individually coded evidence,archive_index,unknown,unknown,unknown,2026-09-21T14:43:47.311183+00:00,30f6b53ba5f6fb633c67612d12a7326ed40a9de1f6f01b5a469409c3899d7769,sources/ant-2025-01.mbox.gz,Current official public archive; access only,,00d696ed80bd388955f622e0611853165f19508c,public_complete,unknown,yes
index-ant-2025-02,https://lists.apache.org/api/stats.lua?list=dev&domain=ant.apache.org&d=2025-02,Whole access object; no episode classification,archive_index,unknown,unknown,unknown,2026-09-21T14:39:55.380798+00:00,76df8e32085ed5d6743089d1ba0b3b44dbdd235bc5fa6d5d281b0ad0a8ae5910,sources/ant-2025-02-index.json.gz,Current official public archive; access only,,00d696ed80bd388955f622e0611853165f19508c,public_complete,unknown,yes
mailbox-ant-2025-02,https://lists.apache.org/api/mbox.lua?list=dev&domain=ant.apache.org&d=2025-02,Complete month-level mbox export; original Message-ID multiset checked against the index; not individually coded evidence,archive_index,unknown,unknown,unknown,2026-09-21T14:43:47.465246+00:00,efea6275903aaa5308e3e052629e9f4f291d10a7ccded39ab2e321ee8ace6a28,sources/ant-2025-02.mbox.gz,Current official public archive; access only,,00d696ed80bd388955f622e0611853165f19508c,public_complete,unknown,yes
index-ant-2025-03,https://lists.apache.org/api/stats.lua?list=dev&domain=ant.apache.org&d=2025-03,Whole access object; no episode classification,archive_index,unknown,unknown,unknown,2026-09-21T14:39:55.549702+00:00,cc746b352651c6248f4cff61fcaf030f7e3edb502570bd04f6adb4dc1781d54a,sources/ant-2025-03-index.json.gz,Current official public archive; access only,,00d696ed80bd388955f622e0611853165f19508c,public_complete,unknown,yes
mailbox-ant-2025-03,https://lists.apache.org/api/mbox.lua?list=dev&domain=ant.apache.org&d=2025-03,Complete month-level mbox export; original Message-ID multiset checked against the index; not individually coded evidence,archive_index,unknown,unknown,unknown,2026-09-21T14:43:47.519666+00:00,a0b29896b397545fb5fd5b526bd58dc74601b023c3fac4ac961518ad9a945f10,sources/ant-2025-03.mbox.gz,Current official public archive; access only,,00d696ed80bd388955f622e0611853165f19508c,public_complete,unknown,yes
index-ant-2025-04,https://lists.apache.org/api/stats.lua?list=dev&domain=ant.apache.org&d=2025-04,Whole access object; no episode classification,archive_index,unknown,unknown,unknown,2026-09-21T14:39:55.580139+00:00,d06af0932e92a928b9efd601428886567aba20c51ad3c53a6cfc76bddde86528,sources/ant-2025-04-index.json.gz,Current official public archive; access only,,00d696ed80bd388955f622e0611853165f19508c,public_complete,unknown,yes
mailbox-ant-2025-04,https://lists.apache.org/api/mbox.lua?list=dev&domain=ant.apache.org&d=2025-04,Complete month-level mbox export; original Message-ID multiset checked against the index; not individually coded evidence,archive_index,unknown,unknown,unknown,2026-09-21T14:43:47.641276+00:00,c952a484ad99470f8305a8a55af72e310df0490031075c6ca3b5c9a72eeb3151,sources/ant-2025-04.mbox.gz,Current official public archive; access only,,00d696ed80bd388955f622e0611853165f19508c,public_complete,unknown,yes
index-ant-2025-05,https://lists.apache.org/api/stats.lua?list=dev&domain=ant.apache.org&d=2025-05,Whole access object; no episode classification,archive_index,unknown,unknown,unknown,2026-09-21T14:39:55.724696+00:00,1c416b75fcbfaec86b4a5c1e7e10e517ddc18da7a8d00cd31b4fb1ff29956a37,sources/ant-2025-05-index.json.gz,Current official public archive; access only,,00d696ed80bd388955f622e0611853165f19508c,public_complete,unknown,yes
mailbox-ant-2025-05,https://lists.apache.org/api/mbox.lua?list=dev&domain=ant.apache.org&d=2025-05,Complete month-level mbox export; original Message-ID multiset checked against the index; not individually coded evidence,archive_index,unknown,unknown,unknown,2026-09-21T14:43:47.685202+00:00,fc9377dd4bb1f93924f37ee4c573a2498d7c1d645a810c56120e8e023a350177,sources/ant-2025-05.mbox.gz,Current official public archive; access only,,00d696ed80bd388955f622e0611853165f19508c,public_complete,unknown,yes
index-ant-2025-06,https://lists.apache.org/api/stats.lua?list=dev&domain=ant.apache.org&d=2025-06,Whole access object; no episode classification,archive_index,unknown,unknown,unknown,2026-09-21T14:39:55.800830+00:00,32ee65076b1eb0ab0666d94cd6d48ccc017f4bc0a8c99dca1a0cc18ff4775198,sources/ant-2025-06-index.json.gz,Current official public archive; access only,,00d696ed80bd388955f622e0611853165f19508c,public_complete,unknown,yes
mailbox-ant-2025-06,https://lists.apache.org/api/mbox.lua?list=dev&domain=ant.apache.org&d=2025-06,Complete month-level mbox export; original Message-ID multiset checked against the index; not individually coded evidence,archive_index,unknown,unknown,unknown,2026-09-21T14:43:47.857628+00:00,15616efe7068db7dd18001f0c27f7fb3b24ffbe645b2861ca8fa72d0a93520b2,sources/ant-2025-06.mbox.gz,Current official public archive; access only,,00d696ed80bd388955f622e0611853165f19508c,public_complete,unknown,yes
index-ant-2025-07,https://lists.apache.org/api/stats.lua?list=dev&domain=ant.apache.org&d=2025-07,Whole access object; no episode classification,archive_index,unknown,unknown,unknown,2026-09-21T14:39:55.809369+00:00,5a435906222655dc4d441f4b291750dc74c8c93336f8c73899ff7221e8e5f7c2,sources/ant-2025-07-index.json.gz,Current official public archive; access only,,00d696ed80bd388955f622e0611853165f19508c,public_complete,unknown,yes
mailbox-ant-2025-07,https://lists.apache.org/api/mbox.lua?list=dev&domain=ant.apache.org&d=2025-07,Complete month-level mbox export; original Message-ID multiset checked against the index; not individually coded evidence,archive_index,unknown,unknown,unknown,2026-09-21T14:43:47.899831+00:00,7b8213288944c67859a9efbe951969382b9be1b8ee2b1d61bca7ed220e2ab616,sources/ant-2025-07.mbox.gz,Current official public archive; access only,,00d696ed80bd388955f622e0611853165f19508c,public_complete,unknown,yes
index-ant-2025-08,https://lists.apache.org/api/stats.lua?list=dev&domain=ant.apache.org&d=2025-08,Whole access object; no episode classification,archive_index,unknown,unknown,unknown,2026-09-21T14:39:56.008364+00:00,822f0c31917331f7ba4c0507c54ecff7f68cdbebdeb5a6af42c378b9c250157f,sources/ant-2025-08-index.json.gz,Current official public archive; access only,,00d696ed80bd388955f622e0611853165f19508c,public_complete,unknown,yes
mailbox-ant-2025-08,https://lists.apache.org/api/mbox.lua?list=dev&domain=ant.apache.org&d=2025-08,Complete month-level mbox export; original Message-ID multiset checked against the index; not individually coded evidence,archive_index,unknown,unknown,unknown,2026-09-21T14:43:48.065133+00:00,911698a2ad890a05fd9a3792788051f107a5410272887d1bb4c2110aff0f8d25,sources/ant-2025-08.mbox.gz,Current official public archive; access only,,00d696ed80bd388955f622e0611853165f19508c,public_complete,unknown,yes
index-ant-2025-09,https://lists.apache.org/api/stats.lua?list=dev&domain=ant.apache.org&d=2025-09,Whole access object; no episode classification,archive_index,unknown,unknown,unknown,2026-09-21T14:39:56.053704+00:00,7dae9b83e9d79ab560af00e7db3e8cb53c1e3e01c8c59ebe8e025001aaab5a4b,sources/ant-2025-09-index.json.gz,Current official public archive; access only,,00d696ed80bd388955f622e0611853165f19508c,public_complete,unknown,yes
mailbox-ant-2025-09,https://lists.apache.org/api/mbox.lua?list=dev&domain=ant.apache.org&d=2025-09,Complete month-level mbox export; original Message-ID multiset checked against the index; not individually coded evidence,archive_index,unknown,unknown,unknown,2026-09-21T14:43:48.232969+00:00,99d8913a3b7c13c6202787d8b67bacd2e2f7a2d241c1e65f695003cac148c642,sources/ant-2025-09.mbox.gz,Current official public archive; access only,,00d696ed80bd388955f622e0611853165f19508c,public_complete,unknown,yes
index-ant-2025-10,https://lists.apache.org/api/stats.lua?list=dev&domain=ant.apache.org&d=2025-10,Whole access object; no episode classification,archive_index,unknown,unknown,unknown,2026-09-21T14:39:56.113099+00:00,4ca33d1d71eb51c051a23274579de77832c017b3fd95908c67dc26b8b1d3c289,sources/ant-2025-10-index.json.gz,Current official public archive; access only,,00d696ed80bd388955f622e0611853165f19508c,public_complete,unknown,yes
mailbox-ant-2025-10,https://lists.apache.org/api/mbox.lua?list=dev&domain=ant.apache.org&d=2025-10,Complete month-level mbox export; original Message-ID multiset checked against the index; not individually coded evidence,archive_index,unknown,unknown,unknown,2026-09-21T14:43:48.756523+00:00,2bca64b484fd0ed61e72ed1159042d2c4e551b9d4c2e7087a882f48a37128746,sources/ant-2025-10.mbox.gz,Current official public archive; access only,,00d696ed80bd388955f622e0611853165f19508c,public_complete,unknown,yes
index-ant-2025-11,https://lists.apache.org/api/stats.lua?list=dev&domain=ant.apache.org&d=2025-11,Whole access object; no episode classification,archive_index,unknown,unknown,unknown,2026-09-21T14:39:56.342221+00:00,1f18f31b8c22917d44f9d99a691b6ce37c7d37b443c0da3b3dcfbe6902e50132,sources/ant-2025-11-index.json.gz,Current official public archive; access only,,00d696ed80bd388955f622e0611853165f19508c,public_complete,unknown,yes
mailbox-ant-2025-11,https://lists.apache.org/api/mbox.lua?list=dev&domain=ant.apache.org&d=2025-11,Complete month-level mbox export; original Message-ID multiset checked against the index; not individually coded evidence,archive_index,unknown,unknown,unknown,2026-09-21T14:43:48.774731+00:00,c9ede85e36182d60519df26bc17e231fb668bd721b7e61b1b943ff351686f162,sources/ant-2025-11.mbox.gz,Current official public archive; access only,,00d696ed80bd388955f622e0611853165f19508c,public_complete,unknown,yes
index-ant-2025-12,https://lists.apache.org/api/stats.lua?list=dev&domain=ant.apache.org&d=2025-12,Whole access object; no episode classification,archive_index,unknown,unknown,unknown,2026-09-21T14:39:56.346336+00:00,28de487fbdf6591d1a6287fee5fd38ba90bad7cf4a2d2f7a6fbf3596e27bae4d,sources/ant-2025-12-index.json.gz,Current official public archive; access only,,00d696ed80bd388955f622e0611853165f19508c,public_complete,unknown,yes
mailbox-ant-2025-12,https://lists.apache.org/api/mbox.lua?list=dev&domain=ant.apache.org&d=2025-12,Complete month-level mbox export; original Message-ID multiset checked against the index; not individually coded evidence,archive_index,unknown,unknown,unknown,2026-09-21T14:43:48.919811+00:00,aa8968ff3696e5abccf5d004a075660298d387c46e98ac37a9f5f94ac181e405,sources/ant-2025-12.mbox.gz,Current official public archive; access only,,00d696ed80bd388955f622e0611853165f19508c,public_complete,unknown,yes
