project,month,source_id,export_path,block_number,raw_sha256,plain_body_sha256,date_header
httpd,2023-01,<Y7vUvsOzlAubM1t2@homeworld.netbsd.org>,research/data/asf-access-2026-09-21/sources/httpd-2023-01.mbox.gz,8,d4aa542d82df63bafa7b5b69b7e4b6b91db0287ea2b656ed7f4ade0bb4db85d9,9ce17665aa81c0488ca33576145bf8deca60c498f4ab5dfc46b180a36d60757c,"Mon, 09 Jan 2023 08:47:58 +0000"
httpd,2023-01,<CALK=YjPT7GVZ8dpK=C1H3PGN1w4cftbGOBcdbvrAVzE9TT73Lw@mail.gmail.com>,research/data/asf-access-2026-09-21/sources/httpd-2023-01.mbox.gz,9,42d1b9e05d4bcd4bab4d92a67904dbcf094004644db8c1ecdf160f775523d81f,539ac6d3785f7cf6e7d8c9298e255ba4fad2867e82bcda43602f9f9d09844abb,"Mon, 09 Jan 2023 08:05:30 -0500"
httpd,2023-01,<Y7wjK+oN94Uir3ht@homeworld.netbsd.org>,research/data/asf-access-2026-09-21/sources/httpd-2023-01.mbox.gz,10,209c229f383e3b11baf57e81f7a6ed6637d560e530f9642678fa54ced722ec17,e5a03bff4451d67790a91bd5c097548b6f357405098b7822100dbc71da502b7a,"Mon, 09 Jan 2023 14:22:35 +0000"
httpd,2023-01,<CALK=YjMmwxNAyhpOUmOQ7V7GDR1xaxhWaBvg2cWgG9Z6dARKfw@mail.gmail.com>,research/data/asf-access-2026-09-21/sources/httpd-2023-01.mbox.gz,11,be049a2c2432f03885ab66735a1efee82e69f2ba81037b41a24052cc2c5ea59a,dfda75e4dfc6f9bd0e19608c3ba8d692f03967230e949f6d5916913e2b06d2ab,"Mon, 09 Jan 2023 09:37:37 -0500"
httpd,2023-01,<Y7wqrdLjAEJZV656@homeworld.netbsd.org>,research/data/asf-access-2026-09-21/sources/httpd-2023-01.mbox.gz,12,f1aa29f5d8d49dd84ff09ad16ba0cb78661491144fe121524337abd2b11a0465,a5a96433d6d67a2795d224c76f5a37603075a50bbc57547e6d9a9165fff59e8d,"Mon, 09 Jan 2023 14:54:37 +0000"
httpd,2023-01,<611c8673-2206-137e-19b9-a4b579b88d96@apache.org>,research/data/asf-access-2026-09-21/sources/httpd-2023-01.mbox.gz,15,6240f5f25f747c3b08818c6571233a927de5b12e68a8075a62944110df9f8db0,128697b6266fb496d68b593c1173b5a59ba1faa81bf97d4f1b8ce4dc3770001f,"Mon, 09 Jan 2023 16:35:27 +0100"
httpd,2023-01,<CALK=YjM9oKHksxdMHUgvZsJpjLtQCW_-kfTmAnN6PUauhkK3+g@mail.gmail.com>,research/data/asf-access-2026-09-21/sources/httpd-2023-01.mbox.gz,17,9b0adf455c8726fb17e3718ae199d7cf78a36c6647b1f1bf7be1c01492fac44b,8f75eedf4ecf6d4b80255ccf6b3bb829d61b1d1971d450f2e3154335e2c631fa,"Mon, 09 Jan 2023 11:01:38 -0500"
httpd,2023-01,<B0679845-E535-4360-A569-EAAC0321B3D8@vmware.com>,research/data/asf-access-2026-09-21/sources/httpd-2023-01.mbox.gz,54,667836cd2aadbd7aafcda456a8d75a290000272e9b4a2fd4733f14e9a2453573,71f8e20500cc651a8890c0851dd55deee4ad96ae9054e6975a30218e3d482f25,"Tue, 17 Jan 2023 18:12:35 +0000"
httpd,2023-01,<B653E22F-934D-44B5-A5A7-CC1BB1578060@vmware.com>,research/data/asf-access-2026-09-21/sources/httpd-2023-01.mbox.gz,75,ac27ef892212602b3fd8fe05d80f09fc770dd56cdf3e9627cf52deca0b61d25b,ef005946e68d209178c9b0cdb8fde466ee2bc4a91898de3ea3a85434607ddf36,"Tue, 24 Jan 2023 19:56:11 +0000"
httpd,2023-01,<CALK=YjPCRer=Qaz1L82jRnyGOa8Mr-cohZ_vPpHPvjAyp1Qx_g@mail.gmail.com>,research/data/asf-access-2026-09-21/sources/httpd-2023-01.mbox.gz,76,d8e7f686dafd9f41204b85612cd44b26c903a18399ee30549bbdeee3a7cea974,8d993d7863386aa72447bfd3911955e3309a12794672093d99992488b1f0097b,"Tue, 24 Jan 2023 15:36:44 -0500"
httpd,2023-01,<CAFQGv+a5nfgqzVAuUjb3uuKet+pXTu7bCX14trYOR=OW4ZKEXg@mail.gmail.com>,research/data/asf-access-2026-09-21/sources/httpd-2023-01.mbox.gz,77,cfa3516b197d2ed530311e50afe81f19a0ac3e68084e5a66efe063c022553f35,a646a2a7314c435f007fab87a85e12a149034c9d8c5a4a9f2cc8f71bf5b5a3c1,"Tue, 24 Jan 2023 16:04:48 -0500"
httpd,2023-01,<CAFQGv+a+qM6=j65vr4x0WvTcQ60ryc2G6ycBFVb4-4NJO+n42w@mail.gmail.com>,research/data/asf-access-2026-09-21/sources/httpd-2023-01.mbox.gz,78,aa9c62c95d215f5832b99cddac2e6418a544f828e464e57805004855045d7b51,e8df49175304c220253d14a8144c8e5172472172de1e6d247c14256978d61cd2,"Tue, 24 Jan 2023 16:06:13 -0500"
httpd,2023-01,<DS7PR12MB58883D1EBCDB5552792CD5E1FECE9@DS7PR12MB5888.namprd12.prod.outlook.com>,research/data/asf-access-2026-09-21/sources/httpd-2023-01.mbox.gz,79,9b4051d068614ad4daae698648b325d7817a0a6485f9a7651a4e2507f405a84e,2b1cb3594d5166d18cd12ef66f7e712395b521d771f7c9a8f436e42df626d6bc,"Wed, 25 Jan 2023 09:31:54 +0000"
httpd,2023-01,<CAFQGv+ZC-qYOh1Kx=wXtStxK6j0LMJJ1ZV91nsOBuoPavdUijQ@mail.gmail.com>,research/data/asf-access-2026-09-21/sources/httpd-2023-01.mbox.gz,80,75954ee5f3caee816c6238d28dc72e8fc217c3c69f58318c0ff57eb4f181912a,f2638c600a88508c08aa81ea668a71a3a730841359747639a33912185fa8428a,"Wed, 25 Jan 2023 23:16:41 -0500"
httpd,2023-01,<SA1PR05MB796684A242E3D7C09B31456BDFCC9@SA1PR05MB7966.namprd05.prod.outlook.com>,research/data/asf-access-2026-09-21/sources/httpd-2023-01.mbox.gz,83,a39ea6be00ff2656c337eebe807158c723d090860aa34ee0d5f064d356cf1f68,88b9cfdf9f0f919a49f96565993846e69b456dad67367617bffbaf1ca89d3f11,"Fri, 27 Jan 2023 17:28:33 +0000"
httpd,2023-01,<FC74CEC7-65AC-4044-B35C-C3245E658F93@vmware.com>,research/data/asf-access-2026-09-21/sources/httpd-2023-01.mbox.gz,84,67443004c1a874948fa75b370389502198b375a487088a468be2012b8a009ae4,accc4946ddd7b1dd794ab2889b3dd4abe4066b858c3af5463bdd0681923a5061,"Fri, 27 Jan 2023 17:35:56 +0000"
httpd,2023-01,<CAFQGv+aNqfOEbWHHGkdHM_inYH6XJEnt9imXps6cE-BLvpOSpA@mail.gmail.com>,research/data/asf-access-2026-09-21/sources/httpd-2023-01.mbox.gz,85,5fc711061f45bc1d6e0b1940b2276378205304134e2bdae056f1c3ea437e5a79,6a396512a5242a8a2d3b0fd3408a4dc3d505e558328bde207071ec046aa9654a,"Fri, 27 Jan 2023 13:33:41 -0500"
httpd,2023-01,<CAFQGv+Y45Mdv6V+UCyh-wy0JHykttZ_epfaSjN3DCeT2CwhxHw@mail.gmail.com>,research/data/asf-access-2026-09-21/sources/httpd-2023-01.mbox.gz,86,99b916665b29ce0781beb1926ca00bfe7162bbfc74d5fbf9bcf0dafc175cf15e,7ebd80addae75a17aae3d8654792419ba21cc44a7c515766c7cfa6123cc84b84,"Fri, 27 Jan 2023 13:48:28 -0500"
httpd,2023-01,<CAFQGv+aFu7Se08krr5ggL+kZgHLyt=nD6hu=m4bj7pjTtee5fw@mail.gmail.com>,research/data/asf-access-2026-09-21/sources/httpd-2023-01.mbox.gz,87,1c5eac0646ad654ae59e8d97431061633ecdcc1f38ab2d1998f5d4600907e6f2,03307c21922f907394fce55e8058323a8086b54b3c6a21dc38e4689557ef920f,"Fri, 27 Jan 2023 17:31:28 -0500"
httpd,2023-02,<B42E38DF-A378-4285-9F52-7EAC791861FB@vmware.com>,research/data/asf-access-2026-09-21/sources/httpd-2023-02.mbox.gz,1,7b75271524b92407dc04226b787a721dbc7475bd67dae36ceb9409e090db6b89,b88fee2c78f854ab684327e3517be1aba9b7de31fb8feb202235d1cf482abce4,"Wed, 01 Feb 2023 14:15:23 +0000"
httpd,2023-02,<Y+ZRe8cqX6ui2aDI@homeworld.netbsd.org>,research/data/asf-access-2026-09-21/sources/httpd-2023-02.mbox.gz,5,57abc2caadb1cc62cfe53eee5666d04d1ecdb6529ac5ce8f7f8fcc02f5ff6611,bbb61fe089ea2b248b25082807259042125b4ea717021cfa6aa66f1cd79e40d5,"Fri, 10 Feb 2023 14:15:23 +0000"
httpd,2023-02,<CALK=YjMpjZd=sWKfLdH0KGYbVVpivADzO-dNjMGgbMj7-Y5P6w@mail.gmail.com>,research/data/asf-access-2026-09-21/sources/httpd-2023-02.mbox.gz,6,cb2e19807e8e680056875c509765fe53ca7c973e6cde93eaae9392892d51a84e,c1e358d15118e58d4aa9e5ee48f40c3ced9052aecbd9330af920f4b113867960,"Fri, 10 Feb 2023 09:53:47 -0500"
httpd,2023-02,<18f44d8f-7135-eecb-75f7-54d967607238@apache.org>,research/data/asf-access-2026-09-21/sources/httpd-2023-02.mbox.gz,7,acd16b0935593741a0e25960f68fbae8cf5ebff76206bf6e25364fc308b2b6fc,6a1dbec0d95a518c5f8fd1bc2d4c7cc59b48e941566070e630667aac8dddd4c7,"Fri, 10 Feb 2023 15:57:43 +0100"
httpd,2023-02,<Y+Zdcb2MySqWsUUI@homeworld.netbsd.org>,research/data/asf-access-2026-09-21/sources/httpd-2023-02.mbox.gz,8,6859ac3a6faca614f7fd91293db9789ef36667a85efcc8d8a48243ba65cfa457,6ea10777bb9f3817b41ce0ef5cb5fa663d84c8be3bc551cc6e5891a0eebbf5c6,"Fri, 10 Feb 2023 15:06:25 +0000"
httpd,2023-02,<1d17a6c0-89ee-bd5d-e029-c830fc77be0a@apache.org>,research/data/asf-access-2026-09-21/sources/httpd-2023-02.mbox.gz,9,e6c4c2865d211c49e58f302c49d1925e4f87865449fc01dd82d4c159aeb261c8,32f2c2c663ea2c0892c23d6acba62671d8ad2eb471c2c6b1ff89445a81e228a2,"Fri, 10 Feb 2023 16:15:16 +0100"
httpd,2023-02,<Y+ZhPp0s0jk5e33d@homeworld.netbsd.org>,research/data/asf-access-2026-09-21/sources/httpd-2023-02.mbox.gz,10,abb8d6574e239274f6aad4cd8d1c228bbdd13629197d6a4f16cf88297128b7ad,bf831f96aa79c5ed1fbbb1e518aea4cdc6bd25bd80ac4a92815d5c3ffc74e009,"Fri, 10 Feb 2023 15:22:38 +0000"
httpd,2023-02,<fded3211-d1ac-7572-003e-724419a6aae7@apache.org>,research/data/asf-access-2026-09-21/sources/httpd-2023-02.mbox.gz,11,9da5c518c1b237df95fd26bc817d7e870f3f668c37ec357e63130315b1bdde79,ab5e5e55835c33c33ea978f5cdb87d87f1b3d87f18c1a5d88b1ca1ff7abee651,"Fri, 10 Feb 2023 16:54:35 +0100"
httpd,2023-02,<Y+y3UwLnZkrkG1vg@redhat.com>,research/data/asf-access-2026-09-21/sources/httpd-2023-02.mbox.gz,17,dfe0eaf2562a88f85ad04dc31260ca448ef608e85b16d6554b3854174970eb34,4438e225e431cd6f74f0e1123cd557d265c31b79785d64563d334f0540242297,"Wed, 15 Feb 2023 10:43:31 +0000"
httpd,2023-02,<dadb9f73-c8b6-2b38-0f77-3bbc1b829ce8@apache.org>,research/data/asf-access-2026-09-21/sources/httpd-2023-02.mbox.gz,18,559695fd52f55ad8c6b55fd13ea5a44108a90b5b8032645e360cb5a829a15b4c,ba2e1cfbcd0ae2b7e84fff522710dd5ce9157c83b59a10e7059b1c4fcbccc0f0,"Wed, 15 Feb 2023 11:51:22 +0100"
httpd,2023-02,<02EC74E2-DB84-4B2A-A205-30AD7C4106AD@eissing.org>,research/data/asf-access-2026-09-21/sources/httpd-2023-02.mbox.gz,19,887b974c2a71250d4fd5b64c0175508fde8ef8ac3db0ec1ca9748fb2fd4407c4,0cdc7529407dcd23e3582f6953afafc7758c14d501e83ca363a9f34cd8db2247,"Wed, 15 Feb 2023 12:20:59 +0100"
httpd,2023-02,<Y+zixUYCXjga1hqo@redhat.com>,research/data/asf-access-2026-09-21/sources/httpd-2023-02.mbox.gz,20,1bdf3bdb5eed4f08979e41ed7d6b8c5d1feceeb2fa465637765800484513c95f,0c5cc5ee2d441f39ac54996438d73d37ce2c9adcc054ff8f6f417f977df29acc,"Wed, 15 Feb 2023 13:48:53 +0000"
httpd,2023-02,<CALK=YjP7kk11OYt4X=K2ZdA90QkQaQVgSH-b4LkYt+XQP6MJ1g@mail.gmail.com>,research/data/asf-access-2026-09-21/sources/httpd-2023-02.mbox.gz,21,f4114291b91f5a6413d955ad2d763101c415fc654d820952571032e0857dcad9,29b21e5b8f89845c199b652f44104f2fa18984ec66ec735cd0156f798b7e5ef4,"Wed, 15 Feb 2023 08:57:04 -0500"
httpd,2023-02,<a3bea6bf-b620-d59f-85f7-98a9735c85ae@apache.org>,research/data/asf-access-2026-09-21/sources/httpd-2023-02.mbox.gz,22,12ac72465b7aeff418000695419ace3c68c5235017172e1c34d3b7b73eac1cad,f93f2a3441affde7a48d7f7a8ae1fdb5cd840759b075b896333b15ca7a028262,"Wed, 15 Feb 2023 15:05:33 +0100"
httpd,2023-02,<CAKQ1sVMhAFgy7QaU5hZ-=qAQpcDVNxH7RMA0Do059C9EhtTM5w@mail.gmail.com>,research/data/asf-access-2026-09-21/sources/httpd-2023-02.mbox.gz,23,e87a2f828fe88928788c42f62cebdd1606b2a326ad5a1f2c9bb09ae6c0fbfe26,6d9f6a6e69661612812542d7b51e91eab405d2b5307e1780ee101911356f27cc,"Wed, 15 Feb 2023 16:08:18 +0100"
httpd,2023-02,<8f14bcba-d8fb-5eef-572d-e8a274a7f65f@wanadoo.fr>,research/data/asf-access-2026-09-21/sources/httpd-2023-02.mbox.gz,25,f52fdcd07a96a6c92b999d308122dcb134a87caa61551be7ff1a074474eb5224,ea2e75710ea66d73979477aa8e46583d3e7030a70fbb357338fa18454936bf3b,"Thu, 16 Feb 2023 20:12:34 +0100"
httpd,2023-02,<Y/SkIz3dlF72dEN4@redhat.com>,research/data/asf-access-2026-09-21/sources/httpd-2023-02.mbox.gz,27,d1b48631f01cf199c4b1dd94f3bb91fd3ad3fc7b66fd7dd98aa373391649b462,2f5c8f3f3b1f6e31d8dceef4697bebe9dba3cab863f7a9c7bb285d6b98554453,"Tue, 21 Feb 2023 10:59:47 +0000"
httpd,2023-03,<SA1PR05MB796637FCEAE38FDBB3E6D2BCDFB59@SA1PR05MB7966.namprd05.prod.outlook.com>,research/data/asf-access-2026-09-21/sources/httpd-2023-03.mbox.gz,59,87a5ddb373527542bdf8a80b528d40c7a0ded302ac8cca370dc16acacfee6e30,8d493eda1a636c31fcf91de9738c6d817c59becfa0e87a5accdde9e695f20ae2,"Thu, 09 Mar 2023 15:33:06 +0000"
httpd,2023-03,<640b02d4.d18.1ed8.5baf@land10.nl>,research/data/asf-access-2026-09-21/sources/httpd-2023-03.mbox.gz,66,559f906b22170a0787864394faaad130d0f01581969b28caf0edcdf028d82a7e,afe898209c9aac06dc4614c4dff2be8d616e9b18e3b7a03268668f774292e830,"Fri, 10 Mar 2023 11:13:40 +0100"
httpd,2023-03,<SA1PR05MB7966598A5DF110C51F40A783DFBA9@SA1PR05MB7966.namprd05.prod.outlook.com>,research/data/asf-access-2026-09-21/sources/httpd-2023-03.mbox.gz,67,7938a7dc3af40f71e1301e101d63eddb44381c1870763a550732a5d664237f2b,45710449cbd44d12e7d080300b42fbf51be7ca292c905c51521a1a64c9e501b9,"Fri, 10 Mar 2023 10:56:06 +0000"
httpd,2023-03,<20230324215410.14751-1-thomas@m3y3r.de>,research/data/asf-access-2026-09-21/sources/httpd-2023-03.mbox.gz,121,4819ed3fc886010818bd4815df76d1bec731dc9a99e63f08e32d24798b6f5d85,47937e2f0ddcd9de4342dbde517c8f15c8abda7ff1a02a62ac8ab0e1695c1903,"Fri, 24 Mar 2023 22:54:08 +0100"
httpd,2023-03,<6335f4359cbfdb7bdd42ed1c434a9077e59af2ed.camel@apache.org>,research/data/asf-access-2026-09-21/sources/httpd-2023-03.mbox.gz,131,29d2aab37b11d8bf47735c4e21e57f213403dd74c10120af0466822f726d270a,5c45df3b90d7e05fb8848a62cc39bb3628c711eccc391c42dd00b18d63dcd383,"Wed, 29 Mar 2023 08:42:18 -0400"
httpd,2023-03,<E0C0EB34-5F34-4C05-A3A7-F93C735D97F8@m3y3r.de>,research/data/asf-access-2026-09-21/sources/httpd-2023-03.mbox.gz,141,bdd3bac375da7bae829b6e6d251f76999ad12e06902749047af95100e6ff8159,590b5fd105ffa8e616075771257fd5a9599fee7e6dbc4d437d9a2cf09d1c5db0,"Fri, 31 Mar 2023 09:04:35 +0200"
httpd,2023-04,<f3e629cb-35d1-0cd6-3b8c-e357064b4f9a@wanadoo.fr>,research/data/asf-access-2026-09-21/sources/httpd-2023-04.mbox.gz,17,d91b0dda940dda50edd5da7e1e056c893efdf0a146f0a708ca830a8f4d18fbf8,8db41c36b7a096259da93dedc2e769477376f4fdc53bcff5a1a91a21c674be66,"Tue, 04 Apr 2023 20:33:44 +0200"
httpd,2023-04,<CO1PR05MB7960B9BCC1CE5E1C7CA5BD53DF9A9@CO1PR05MB7960.namprd05.prod.outlook.com>,research/data/asf-access-2026-09-21/sources/httpd-2023-04.mbox.gz,25,f2c84f4d0dab36fe8ed812b5bab3a778792a587ac9c11ec154a93d12f34775d6,fcf8dc3e7d2b5c863023f0db226c4ba5b153f66df79435452eb92cdfd6e09435,"Tue, 11 Apr 2023 20:08:32 +0000"
httpd,2023-04,<CAKQ1sVNF3a2yi=5KJUCe5xJG2S8k6H6nv7XRkso5Aa5mPLzD0A@mail.gmail.com>,research/data/asf-access-2026-09-21/sources/httpd-2023-04.mbox.gz,27,53bb98959cc6a41ffba745b883709b76270f40483ed8fa12952fda0228c4105b,87f070411704ccfc5ceb323226277546c6a771298272ac319fe915997ead8a2c,"Wed, 12 Apr 2023 12:26:26 +0200"
httpd,2023-04,<CAKQ1sVN+oL3oYUpEZs4+-yTefLu=7yHWE9KAaD+4ACoUkkoWaA@mail.gmail.com>,research/data/asf-access-2026-09-21/sources/httpd-2023-04.mbox.gz,28,9113f81a6dc666fff0a66a9775d933b096078632ecf2e25391e7a8b24cdf4fb8,559b3a57910bb65cb71c10cab3887d599804fdb60bfa2864fa55732a473827f1,"Wed, 12 Apr 2023 12:35:32 +0200"
httpd,2023-04,<17496c79-fe72-2a02-79b9-cbb2f2f7a4db@apache.org>,research/data/asf-access-2026-09-21/sources/httpd-2023-04.mbox.gz,29,c0fd3d7b11f724380a4c1e24c11b412f15a8e6d935081f584e6eeb6a29078b75,99e6b2175a5c1619c0a491e0b9e6bd1f9922114c0bff60bb1ea5b602c777e43a,"Wed, 12 Apr 2023 13:30:42 +0200"
httpd,2023-04,<CALK=YjPDssHu_25Wu7-fsr5e42QgFg4ODNxFrYiuXd4wtw=sYQ@mail.gmail.com>,research/data/asf-access-2026-09-21/sources/httpd-2023-04.mbox.gz,30,fa2ff6096d18fc010aeb81af42b1c6c494a6f3b8fe4b3e5df44621a0858e95ff,0bae3e3cc407bb6e92d89e7a40ab430e8c063ce6d08d3bafdedc684afdc234f3,"Wed, 12 Apr 2023 07:30:42 -0400"
httpd,2023-04,<CAKQ1sVOb6CvafMBRmGpLr3Oyb8K2NAQnD2wQz7hz96hXUz0GrQ@mail.gmail.com>,research/data/asf-access-2026-09-21/sources/httpd-2023-04.mbox.gz,32,beaefdf496db8b40920b05c74cc2f275aa66a97405405bda2eb7847abde3cc5c,63a395e6e189a9dc373eeaef9a4a61b860c159dff9b9d35737712cbf17b7415e,"Wed, 12 Apr 2023 14:02:04 +0200"
httpd,2023-04,<0467b5f7-f1d2-5eee-04dc-d166f77be7e0@gmail.com>,research/data/asf-access-2026-09-21/sources/httpd-2023-04.mbox.gz,52,03211c9f1e9814090bf81ba76d5cabc12e9434625afbbaafe7bfcdf73054e8b6,f6c7208d0f93fad89890eedc5ddf1e74c92396c112299147e7220b0e97894fa0,"Mon, 24 Apr 2023 13:05:28 +0200"
httpd,2023-04,<06a83b40-b236-69db-33a9-341c6b590165@apache.org>,research/data/asf-access-2026-09-21/sources/httpd-2023-04.mbox.gz,53,9217d007e3d4c65ae7397bfa55db2cae74ac291864684befc946081d028bf41a,069757fba3ff30bad6e7a0946afd6bd8d45a32c1c5c54fa5d70c3225e26c02b4,"Mon, 24 Apr 2023 13:36:13 +0200"
httpd,2023-04,<b63e469f-771d-43a9-5a17-56d1f9a6307c@gmail.com>,research/data/asf-access-2026-09-21/sources/httpd-2023-04.mbox.gz,54,a6bd72c9077746ff5e14474b7b1225dccfe76ab3693270ac878bc78bbd9d5513,7b236826fe040e773a8169e8f054f2c1f0a81ba33ba2a85fddfac794daa3c9a7,"Mon, 24 Apr 2023 18:17:46 +0200"
httpd,2023-04,<3CB34675-D6FF-4109-A139-03120A822543@apachelounge.com>,research/data/asf-access-2026-09-21/sources/httpd-2023-04.mbox.gz,55,d82af2e2726c4a76a4bcd998c4c55bf01579cbab69268d888bf2ebb6baaa50b8,9415f52a4cdd9c19f1b84d1b5104f5c666f77fa19720e8f5909695886eb2c7a9,"Mon, 24 Apr 2023 18:25:09 +0200"
httpd,2023-04,<fc63351b-4a8f-0118-bbdb-b6f7f40b47b1@apache.org>,research/data/asf-access-2026-09-21/sources/httpd-2023-04.mbox.gz,57,1eafdbcbe2f9c6d08134f414b894ba71c659f68da209a5681c8fb4de5d251518,79df29ac30e3732c4e1bb928547f300622d859e2747839e7b8a332bbd293190c,"Tue, 25 Apr 2023 08:45:07 +0200"
httpd,2023-04,<CALK=YjNWfV20xytYi-qfoWweRYNo77MO5ovX6mWPK2RDmmeaBA@mail.gmail.com>,research/data/asf-access-2026-09-21/sources/httpd-2023-04.mbox.gz,59,4009509b134d5bb83a6d04b38f7c135b012d3896d75e1c5208ae3bcede9507ee,7f89356afadc828e7b9363339377d5db5a768b781513f3267dc6381a0555e623,"Tue, 25 Apr 2023 14:06:54 -0400"
httpd,2023-04,<CAFQGv+bO7ZoNMTV6WP8qw5Pw1ABj7pUASV3FCd++sRWF-U1iMQ@mail.gmail.com>,research/data/asf-access-2026-09-21/sources/httpd-2023-04.mbox.gz,60,703b8594aac117bddff98a954651c9472f5ac620f1e726491a6c941cdecbc10d,be9df1360e7556a162a57214774efb0ac1649177d9d2470f8e5cda647bc3e783,"Tue, 25 Apr 2023 14:29:29 -0400"
httpd,2023-04,<70B7263A-605B-4FDA-A565-1A2C287227ED@sharp.fm>,research/data/asf-access-2026-09-21/sources/httpd-2023-04.mbox.gz,61,feeaf757fc0fb6e40ea3e04752fc17a321fa68dd6f4ecae4b683bb5a1debf5f9,dcfb0bcac92347e8f00b7fe7b81d1df1876b83970c99cf2fb958a87fe54c44e5,"Tue, 25 Apr 2023 19:45:32 +0100"
httpd,2023-05,<CO1PR05MB7960EDE234EFA5A285A52237DF6F9@CO1PR05MB7960.namprd05.prod.outlook.com>,research/data/asf-access-2026-09-21/sources/httpd-2023-05.mbox.gz,1,c89632d132ac85d98cdabe1c51ba132c205e91c2ee4d502ecf43261e08a91f7d,5020a56aabb9769cde291c3b48c1dcb273c92cec5cebd7f5279d31599446e819,"Tue, 02 May 2023 09:23:57 +0000"
httpd,2023-05,<0E98032B-05A5-49AB-B6A7-DB75558CC9E7@eissing.org>,research/data/asf-access-2026-09-21/sources/httpd-2023-05.mbox.gz,4,77912d22d13cea3cf1f4ec23c824deb5fc6165f1da45ea98f9f2fe06eecd214f,6610493ad46300d22927c9b169c7119d6d2ba30d6fcd1e6ad79f4c98b072453c,"Wed, 03 May 2023 10:43:00 +0200"
httpd,2023-05,<ebcb394e-87b8-02f2-0378-08f49f1db084@gmail.com>,research/data/asf-access-2026-09-21/sources/httpd-2023-05.mbox.gz,5,df2f61fdbbc1a5bc2a666dbda9f963c5bbfae597876fed690d3d05d1db9736f8,1b9ff5c71f8e428240e3c6b07c43fca4b1c692bd056f201bfc3719bb9c937184,"Wed, 03 May 2023 14:54:17 +0200"
httpd,2023-05,<CALK=YjPrOZ=AmUXY783J7p5S5FVxt+9vSCpRn9wz1SGWTWb+Wg@mail.gmail.com>,research/data/asf-access-2026-09-21/sources/httpd-2023-05.mbox.gz,6,a91bc477d4616544bf2e2e046b94d7f5fe1d6517bcd9dae74b68b3074a85dc05,0c7e81b36f77ad61f9dab7d68e21456108d0c428a2217552ce055cb1853df4c9,"Wed, 03 May 2023 15:12:29 -0400"
httpd,2023-05,<786803a1-f096-9c2d-d577-7fd9771e9214@apache.org>,research/data/asf-access-2026-09-21/sources/httpd-2023-05.mbox.gz,7,b275a31495793bcff4902da28f936dbd354a700651fced8ede3127bcac345ffa,b10080ecdf3546271697d83179abae3c1a43838db7e0b17e53d1a460cccd1cb3,"Wed, 03 May 2023 14:31:35 -0500"
httpd,2023-05,<8e27377e-5f10-cf30-8d82-450c888cce8b@wanadoo.fr>,research/data/asf-access-2026-09-21/sources/httpd-2023-05.mbox.gz,8,b4f7b98d795739145e9019607bb3a7319ae43dd4934dd3e7dcd58c9bb6246452,d25890177aee274e5e5e852ce80157b76595e4636ebae2a3926de8c1376ba4ca,"Wed, 03 May 2023 23:03:11 +0200"
httpd,2023-05,<0D3D0A5A-2D4E-4186-8D68-5BD4B67BE49D@eissing.org>,research/data/asf-access-2026-09-21/sources/httpd-2023-05.mbox.gz,9,0aa8b66b23499b6934201a023d20badb28f5de4a8964b55b194897769a870cd2,1364c00def58d23b3f7b3817f2af893a3dfb5ebef08eb55e1d77f73133455d64,"Thu, 04 May 2023 09:25:53 +0200"
httpd,2023-05,<c12f9376-b4b7-063c-491d-10afb39465b1@gmail.com>,research/data/asf-access-2026-09-21/sources/httpd-2023-05.mbox.gz,10,33962f52e75650095b9ad2854a6ff153bdd10595a4cf582c4318be33539689a9,fa04e8cc597ae0c6b001560e0e7b680bc92867f8b809612740c330822b8af086,"Thu, 04 May 2023 10:29:26 +0300"
httpd,2023-05,<d4b4e2cd-0ca3-ebbe-d7aa-f3f76b0e5b7c@paclan.it>,research/data/asf-access-2026-09-21/sources/httpd-2023-05.mbox.gz,11,193e9bb81f2bf1d9618dbd175b9584e7781db1810d3231a732f765fe2fc2ed7f,d65779a3418a5244088bc05d877719b288c778ff4d407dfeb83729548ac81d46,"Thu, 04 May 2023 10:13:10 +0200"
httpd,2023-05,<ZFNpiEqjXxfnqcRz@redhat.com>,research/data/asf-access-2026-09-21/sources/httpd-2023-05.mbox.gz,12,8e44fafe62018aa3d4f33b8080e02f467ba6c94b8ff59c29a169c83f5b561f29,e0700852a120cae8faba21a52587a8dd90893799ed2e3dc90fe96f5cf0daec0e,"Thu, 04 May 2023 09:15:04 +0100"
httpd,2023-05,<b7c61ce0-eb97-29be-1420-7e7df08e717c@apache.org>,research/data/asf-access-2026-09-21/sources/httpd-2023-05.mbox.gz,13,11c719a341d72cb09e674d38f9e5edbcfed4d2f63b97ba663ff9e0a13d540894,289c031e10bc795ba6ee1d2187ee2912b396ab8186de71139da1eb992931c498,"Thu, 04 May 2023 10:34:32 +0200"
httpd,2023-05,<ZFNxko54h582q+3J@redhat.com>,research/data/asf-access-2026-09-21/sources/httpd-2023-05.mbox.gz,14,9b9fb352deea92d2ac8df594247f19a6263d42b8e23ce7b2fc4aca01ed8574c2,fa7351daa689c5b01914080fb0e1c7761204b2c596755779daa5f40b4f55d638,"Thu, 04 May 2023 09:49:22 +0100"
httpd,2023-05,<CAKQ1sVP8rtfKhoUCwr_YXVtuP+rbxAGCJGV6HUdk59dgvDKq1A@mail.gmail.com>,research/data/asf-access-2026-09-21/sources/httpd-2023-05.mbox.gz,15,705bbada606d1f83927e0114b86a680da91bce93d8c42f1acafbecca60cec6eb,9e3f6d282d744c63c0fda9fcacc1095c5fddf772d7b6e218b30b91e1fa311fb2,"Thu, 04 May 2023 10:54:16 +0200"
httpd,2023-05,<ZFNyvdUT0r5jL6KL@homeworld.netbsd.org>,research/data/asf-access-2026-09-21/sources/httpd-2023-05.mbox.gz,16,7107117715a1782988d9134be29f3c80da51de1e427e392013bb7141b7a12bc1,e21815663ad37e9fb8bbf76a5f1427dae79f3bdc530d54fba8fa6c3694c96a2c,"Thu, 04 May 2023 08:54:21 +0000"
httpd,2023-05,<6E32E8BC-86E9-4D11-ACE7-B80E4CDBBB58@eissing.org>,research/data/asf-access-2026-09-21/sources/httpd-2023-05.mbox.gz,17,1b6daf947503bfdc2c37f33b4bfc51f705a48de40f82565bfe4034b773286500,22228b5fecfd54cb358a0f80d5617e1befad7c5afd42cccd8fcbf0094e07d004,"Thu, 04 May 2023 11:16:33 +0200"
httpd,2023-05,<CAKQ1sVOBwDX-o2n3WbedsMka-K+siFyEE-DkJ9pU=HTw+AAdcw@mail.gmail.com>,research/data/asf-access-2026-09-21/sources/httpd-2023-05.mbox.gz,18,20d9570c76a1dec4fbba4e5aae74c45885c28fa90167a047b18a8ff9f7cb3862,df98191bb309112727f30a1ff9d2a3fbc2d7316862b1c52428ccff59f46aa012,"Thu, 04 May 2023 11:31:17 +0200"
httpd,2023-05,<0a2bc57a-84c5-7c1b-9fe8-9d7c8044bccd@paclan.it>,research/data/asf-access-2026-09-21/sources/httpd-2023-05.mbox.gz,19,1323a4d6406cb83040833e9e69f18209c0cec572b46daf312814fcefac77cd97,a06026936cc99c6003fc1134a2d9bb8ae7c646fbe5738e37e5a9f6e3a737b09e,"Thu, 04 May 2023 12:20:25 +0200"
httpd,2023-05,<CAKQ1sVMu2BHpOR0p0rBdHyHqy3HyC9e+zq78ak+g3Fat0onqfw@mail.gmail.com>,research/data/asf-access-2026-09-21/sources/httpd-2023-05.mbox.gz,20,e867c76f074389b288beec81d6790df4ecaf59980bd2e4d55419e9679a103c16,a2890d8c9115e68ca0c0e65d11d48a5a1e0387f496e853b6a3e426e1ac365c31,"Thu, 04 May 2023 12:48:27 +0200"
httpd,2023-05,<CALK=YjP-gwAJWkZU7sZ6Fy_Am8ftCQWxOoh1Be8W4w8VQ4Ozig@mail.gmail.com>,research/data/asf-access-2026-09-21/sources/httpd-2023-05.mbox.gz,21,45988e1cea2aabd505732ae150d88aadfc4aabe1afc04adb96c2121d09c6d3f5,0e4e55f1fd6b46f70be9d0c3a70bdf97ebba21cd985f93b1a15be8997cd6c1cd,"Thu, 04 May 2023 08:48:13 -0400"
httpd,2023-05,<0912c401-afea-085c-bf72-e14207e4dd06@apache.org>,research/data/asf-access-2026-09-21/sources/httpd-2023-05.mbox.gz,22,fa0138c3b1d429710d362ca9fb091f481a74da8ed938dfc11af6a4cbaf86e1ff,2e1b79973eb502759a26610e2b907a14a5f96d71e87a88e095758f398263d194,"Thu, 04 May 2023 08:09:39 -0500"
httpd,2023-05,<pony-95a8e22f-c969-4ddf-ba2b-1c6f36264565-dev@httpd.apache.org>,research/data/asf-access-2026-09-21/sources/httpd-2023-05.mbox.gz,23,b085c7b8fc8eea49da5338620005191eea44a3d86495ed09dcf5feaa2c5b02b5,3df75ab46079b3fbb9025fdf46ed0d94b13d257d42c884ca4fdf94e7065a1f16,"Thu, 04 May 2023 15:44:35 -0000"
httpd,2023-05,<4103dbde-89ec-143c-7664-3a68fad2af7d@kippdata.de>,research/data/asf-access-2026-09-21/sources/httpd-2023-05.mbox.gz,24,a89d91e262337205a4b105702d00312ba3535c0e25948862c3741ea91643b9ad,faa1011b034501f619e50ec14646c572af7123c7bf069577bba68b987da93807,"Thu, 04 May 2023 18:40:40 +0200"
httpd,2023-05,<be7eaf50-10a1-b77a-8bb6-0683d92bb990@wanadoo.fr>,research/data/asf-access-2026-09-21/sources/httpd-2023-05.mbox.gz,26,f547bc4a6c418f30a6c323ddd47884e92f0c65a207c61350dfb8fd31d82ed315,894367e7ed2b9cde340be45fc477d44116431e07b5cb0d6f44b460f1ae54e55b,"Thu, 04 May 2023 19:24:11 +0200"
httpd,2023-05,<em680f92cb-02f4-4af4-a03f-d6db9181eda1@e66ade92.com>,research/data/asf-access-2026-09-21/sources/httpd-2023-05.mbox.gz,27,38d872271a0bee33dea1ce3468276365ed307aa861d6df530c9d6575cafba503,0d701a1511b1db02fce98e38d2e857c2e36e9b0c7edee24118c6387741df66ef,"Thu, 04 May 2023 19:18:03 +0000"
httpd,2023-05,<CABD8fLUqvUEywHZRbX2+XfKaop=EAfkNy-D8U6wNWA5oZjYpdA@mail.gmail.com>,research/data/asf-access-2026-09-21/sources/httpd-2023-05.mbox.gz,28,c8a41c577e24eb442f5b2fe5d77ef9bad1f199176a13e442fb35f77dbea39e73,2fd750670df2ffca3b1f97611f37ae2bcd5742cf5e6ab9a3109c3d86a2aadac9,"Thu, 04 May 2023 19:37:08 -0500"
httpd,2023-05,<CABD8fLWo157M8zLKa2veCz4_QeEkh3bqvZjWUYVFtOrGmR9M1w@mail.gmail.com>,research/data/asf-access-2026-09-21/sources/httpd-2023-05.mbox.gz,29,e580d9a38c61a6b725123fa208f39e39c10947bf3c445f769b1b723fbbf4b014,dbed933d1411e56046a41a203f88214e707bbdc61136f7d3fa73893b50248f67,"Thu, 04 May 2023 19:38:46 -0500"
httpd,2023-05,<e0043495-c4a0-a938-c1bf-fb99ddceb3d7@apache.org>,research/data/asf-access-2026-09-21/sources/httpd-2023-05.mbox.gz,30,3110c856e00459771a7b4be447e924ccd6c5515caf38466a21f3f5f485f86537,76cd263063e612ad12562a48c7b9cd8f75809f58c88ccd944ef9c423da37b4f9,"Fri, 05 May 2023 08:11:56 +0200"
httpd,2023-05,<be4415db-b94f-99e8-232d-681a2339136b@apache.org>,research/data/asf-access-2026-09-21/sources/httpd-2023-05.mbox.gz,31,61e97963245e538f79a7b600437a6d096e4032a47f7e9303dfc459ddd3f716f3,5b029da8222aff22581cf904a219c449ed3fbb34114c0119ccee0a32a243007b,"Fri, 05 May 2023 08:15:46 +0200"
httpd,2023-05,<592ac354-27b9-75ec-8082-80bb3b2c9539@blastwave.org>,research/data/asf-access-2026-09-21/sources/httpd-2023-05.mbox.gz,32,e677531a427c3d752617b4ca9dcfcca4e67bc5b622cc2f7469b2d0b14dd1222d,5874f72157bbf5690a38decd18749c7b2c816172f2600a1a65d7587960ad4ddf,"Fri, 05 May 2023 03:11:42 -0400"
httpd,2023-05,<CABD8fLUvnDAfVNY+yGe8mESK+GRmsaM1b9_SCEryWxXygT9xFg@mail.gmail.com>,research/data/asf-access-2026-09-21/sources/httpd-2023-05.mbox.gz,33,a8ccaeeb6ec04f3423b7409c02456269711aa8ed88c208e42acf881b1d36a7e0,fd6bd59976bacc9a1354d774fce0ca197dde1fda78ee390577909b21bd6fbde5,"Fri, 05 May 2023 02:31:30 -0500"
httpd,2023-05,<e5e05732-b78b-7b93-ba65-d630149587ed@blastwave.org>,research/data/asf-access-2026-09-21/sources/httpd-2023-05.mbox.gz,34,27a0f61b399d173a92ac806c71d6b63563f6953e9864152d53e24f0190d4a2f4,2ef82fb85c6ace30f0eb80fa5d13866472708043cf86564b04f618624728f492,"Fri, 05 May 2023 04:19:03 -0400"
httpd,2023-05,<CABD8fLXDdrhf74JvpWNWYoTFEfp=VXeUgSQViJ=DL5Y4oWgLvA@mail.gmail.com>,research/data/asf-access-2026-09-21/sources/httpd-2023-05.mbox.gz,36,c98ed89aee26db2d4730fbd838b8bc09f63d4be8debee3fde11e2a265b283197,c1a05038824a013a1fb2950f538b79c4be418ba5e5a68b93a7600a00bb94c35b,"Fri, 05 May 2023 05:58:32 -0500"
httpd,2023-05,<5cf677b5-1657-86bf-1927-4c93a37a9ffd@gmail.com>,research/data/asf-access-2026-09-21/sources/httpd-2023-05.mbox.gz,37,63ab5fa22b602dcd48fa285e4c85b6f0eed2aac472def717f4a38c99cffdfe5e,d69310270606de2b1ed289f576883acd6822e836cb900b615768d97d256db0cb,"Fri, 05 May 2023 15:03:30 +0200"
httpd,2023-05,<DDC332F9-4D9F-4301-A7C0-11D290BE8700@jaguNET.com>,research/data/asf-access-2026-09-21/sources/httpd-2023-05.mbox.gz,38,1f5aa1e58447690c641aeb5f8bac650b70c119a9d6f458f8df7a39015b5c741c,a6a69f9e9036e6cd126dfa170e245e1dd8ab1d9232299901b5f8886bb3a0a899,"Fri, 05 May 2023 11:37:40 -0400"
httpd,2023-05,<9332c4a6-e0ef-2ac3-0f45-53e60d7a2fde@apache.org>,research/data/asf-access-2026-09-21/sources/httpd-2023-05.mbox.gz,41,9b33ef36b9c635be1d0c32d21c93285d2806f0934ecaf736f5a03327e619d7dc,f82e9362ceeddcea524b373d214c91ebff0444a5c11b4b17a07f574007d2153c,"Mon, 08 May 2023 08:42:32 +0200"
httpd,2023-05,<CABD8fLWs9D1dzvpu-qBdWBZe755sEQkNtpH6tnxdKUZRKXxTxw@mail.gmail.com>,research/data/asf-access-2026-09-21/sources/httpd-2023-05.mbox.gz,42,cfbf404d2f6bbdef21b091f778d64535fa156754392b5c82c0ecd3f13bda1237,450759a8285642fc598c1c4ab3f337c1bba1075934df71cfe738aebd7d222d4f,"Mon, 08 May 2023 02:16:18 -0500"
httpd,2023-05,<409EE1CA-07E3-4594-9A88-34BD9D7AE1DE@sharp.fm>,research/data/asf-access-2026-09-21/sources/httpd-2023-05.mbox.gz,43,cb5dbf0250c0c579dbcb235a1289a5a16d3b3959754f71a903ac0d39ede46bb0,bd37bb52f4cf41e6be2e86a86bee17228e7f340280be6d3ece3f13945294c5fa,"Mon, 08 May 2023 10:29:04 +0100"
httpd,2023-05,<CABD8fLXk3mc+nXAhX51BH6m=JpSuLFLfTRgERg_UFu7vke9P-A@mail.gmail.com>,research/data/asf-access-2026-09-21/sources/httpd-2023-05.mbox.gz,44,67e91b027d267795f55477f9d19dbb7e10878967c8822b4dadc3ea3c4ffacd9e,d82f27f8a912690012851ba27ac1fd13c68438c44c3c2989b244649e684183aa,"Mon, 08 May 2023 04:49:45 -0500"
httpd,2023-05,<ZFkCbTlPC9mi1VGp@jamack.stsp.name>,research/data/asf-access-2026-09-21/sources/httpd-2023-05.mbox.gz,45,985159e1daa7a0eed9fa0dffefd44942102316561a11a8b8a72cc70b2d5cbdf7,10ac116812428b0a46ae308f0b116785596a75d356a5b10ad6420617ba9b5de7,"Mon, 08 May 2023 16:08:45 +0200"
httpd,2023-05,<9a8ce08a-37a9-0b03-f88e-a0b3cf87cb31@christopherschultz.net>,research/data/asf-access-2026-09-21/sources/httpd-2023-05.mbox.gz,47,683a9f47056da328b6a626c2e17f367693ab1cc07265449c13437a3d0b5714bb,acffc21d4460de0110ee085ea6b1460c748849e1e2138e5e7468b0ae5f64977c,"Mon, 08 May 2023 17:18:59 -0400"
httpd,2023-05,<CAA=k7mXHy98nKC6n-gy7J=9spDxQ5SZtKpLY7aNau-PxyyghRw@mail.gmail.com>,research/data/asf-access-2026-09-21/sources/httpd-2023-05.mbox.gz,48,e9116900e318ec4d3a9f5e181c30636e79db07ba3b18473178716d22c61327b6,cfb65aa6890d68813f77e49451b0da453ffa2e16a41d89adc2703b739671287a,"Mon, 08 May 2023 23:56:11 +0200"
httpd,2023-05,<5df461dd-eb20-6217-e030-ea57a42685b0@apache.org>,research/data/asf-access-2026-09-21/sources/httpd-2023-05.mbox.gz,49,98532c6e6f253957e14cf11c71aaf49fdefb2b43f013a28db1a8721f4bd6f94f,a604dc9705f779c52bbe885b7328001c43f645cbc29588308669e6569d67e4d2,"Mon, 08 May 2023 17:00:22 -0500"
httpd,2023-05,<c964fda0-6e88-b45b-92ba-35fab90b090e@apache.org>,research/data/asf-access-2026-09-21/sources/httpd-2023-05.mbox.gz,51,e48483446b66da88bd87f1889f93652ce538a621c6feb2866082e3e632e39197,3b967ee386a3e3ccfc89edbf398b2cae52bddc5e95e60500851cb4dc5dff3ca6,"Tue, 09 May 2023 08:04:51 +0200"
httpd,2023-05,<e2090246-ce3e-4e01-6103-abd11b05e9be@gmail.com>,research/data/asf-access-2026-09-21/sources/httpd-2023-05.mbox.gz,52,2df36d285da3c35bfbb49bdc82555c5830b08fa72e4e2ac400bbfd2765fd8241,bb03a7a350d88817e1dfffae9856128522f64e111d03ada01d766e40efe9fb71,"Tue, 09 May 2023 08:43:36 +0200"
httpd,2023-05,<811c5d5d-3858-087f-ab79-92e441e455dd@apache.org>,research/data/asf-access-2026-09-21/sources/httpd-2023-05.mbox.gz,53,154d87e6675b0b7664abeb4bfbdc73c219476dc3f9987c333e3ca72667a42f8a,303c0642ad82c3fd2e2ff552e25fd210d85159baa2722ae527dd6aa4e591194e,"Tue, 09 May 2023 09:06:30 +0200"
httpd,2023-05,<CABD8fLXoZtiV7nvF8+VZKUYu2VkYObdD1_rFHa2En6GNsjqACg@mail.gmail.com>,research/data/asf-access-2026-09-21/sources/httpd-2023-05.mbox.gz,63,13fea71d36bda81065b08cbe7337a677f266c450bf1ffa8bf66abb77ef591a5a,ce3c693e811ca1368b6da3e443c9d863011a744b2c45753243be112830e439f3,"Tue, 09 May 2023 23:11:40 -0500"
httpd,2023-05,<ZFtvcZozOycEutXo@benson.stsp.name>,research/data/asf-access-2026-09-21/sources/httpd-2023-05.mbox.gz,64,f7ebc8ac1215103e55306f0fcd6910ea15a6fdd738a02342ccfd589d7bce79de,85781a1a9a07ef0bad092ddb5249391a80549db224f476200cfaf16b24b57df4,"Wed, 10 May 2023 12:18:25 +0200"
httpd,2023-05,<C2F2EE15-57F4-4044-98F6-798605E6CD41@gbiv.com>,research/data/asf-access-2026-09-21/sources/httpd-2023-05.mbox.gz,65,803d88f46e77ee47eab474a1e9788929f22a28fe54f7caa788810ceb9f42cf4a,86436f2e884d7f2c5ac737ea70904e3601854b45759a56c68293cfbba7cd7106,"Wed, 10 May 2023 10:22:12 -0700"
httpd,2023-05,<CABD8fLWvwZqg8zjEbmho5mqCBHT18rDkpCL54V5x7EeX+bBvqA@mail.gmail.com>,research/data/asf-access-2026-09-21/sources/httpd-2023-05.mbox.gz,66,1bbb751e1091446c273fda5ede03c29abdfbc8fa36a20adbbc09173157b6dfc5,3f8f0e23f398104f841840c60689d09b9b1d091dcbc7345e6997505ad9f723ab,"Wed, 10 May 2023 13:59:24 -0500"
httpd,2023-05,<DS7PR12MB58886C3A0B0EC83FBBC9A19AFE779@DS7PR12MB5888.namprd12.prod.outlook.com>,research/data/asf-access-2026-09-21/sources/httpd-2023-05.mbox.gz,67,4a11843977bddcfd5c6a2aeb2366ea6e368f99bba48227f61c5ffb0bace5bc63,5a29d1f3a84407d94a5e364d6fa61bfa99159ec7145f9c8c7e7ca83faa5a35ba,"Wed, 10 May 2023 19:02:11 +0000"
httpd,2023-05,<4458704f-dba7-439b-1e1b-ff57e0f37c4d@apache.org>,research/data/asf-access-2026-09-21/sources/httpd-2023-05.mbox.gz,68,3faced92391141684c4ba2f0828bc8e831b2a2ab5ab7a19898709c383de879bd,00539d59b225ae1a469f8aeeb0193c1ff6a9b5f4184c830e1b8ae70514c2aac5,"Thu, 11 May 2023 12:27:49 +0200"
httpd,2023-05,<97fec58b-600a-d615-1301-3c93c000f460@apache.org>,research/data/asf-access-2026-09-21/sources/httpd-2023-05.mbox.gz,69,03cfd3a03070c59c417ea06233a85e6c45ff3e2c1b4814336c28bdc08dcf260d,623ba8ad850779423c967f7c99ea44c48e16ed37cfe8094c46339d31b7d67201,"Thu, 11 May 2023 17:33:50 +0200"
httpd,2023-05,<14e7c6b4-c1f3-9e63-764b-7cda50c52266@apache.org>,research/data/asf-access-2026-09-21/sources/httpd-2023-05.mbox.gz,70,bff1db437d7f6bb62da51c10d91bcc4c746aa01b30c544ff7a8d9e2168578774,9cdd607a3c2f766ca0957f5aaa03fbf84c6f2feb82f6f07a4ef0cd801c4dce3e,"Thu, 11 May 2023 10:40:20 -0500"
httpd,2023-05,<b7a19e66-d73a-0a9f-90a0-109b5421af79@apache.org>,research/data/asf-access-2026-09-21/sources/httpd-2023-05.mbox.gz,71,685fbc7854c5c79ef2b53eba1d133e55b8ff97d9891a9a997dbfcc28533d3955,0ddd0bf13400fcac6cf7c1c0a6b06d2b2f8085f071204970802ebe7d391d1af6,"Thu, 11 May 2023 20:45:47 +0200"
httpd,2023-05,<f421160f-bb03-53bc-5420-a91afc58cebd@apache.org>,research/data/asf-access-2026-09-21/sources/httpd-2023-05.mbox.gz,72,3ddc1442f662201551ed6195d95d8ea396cdb1f6ae6ed24c2e674327808905d9,95c495bb1d6a51c32bccbaeaf825aec1aa5057251724f9a0c61cf87c311e6aab,"Thu, 11 May 2023 14:32:29 -0500"
httpd,2023-05,<7B2A2A40-65EF-4E2D-8E55-76A2E0B394A9@eissing.org>,research/data/asf-access-2026-09-21/sources/httpd-2023-05.mbox.gz,74,3f4d14025e2e47cbbde28ee1cf5fdd33a9e78b2dd33730b9572baea2a881ef1a,e8a8e0c554a7cafa3de56d23a7aff77527abdfbe360e37e5da19fbba4278817a,"Fri, 12 May 2023 18:34:53 +0200"
httpd,2023-05,<CAKQ1sVPBTJ3DBacCaADaWwUt=pWjPU96T4ELn3H1VQgPKJLAog@mail.gmail.com>,research/data/asf-access-2026-09-21/sources/httpd-2023-05.mbox.gz,76,1fb65b510ab250683f3e85692261979d3534d99372078aa474f2bcfdf8318335,a4fc0ebcab6d565d4b53b34daaa3ea2d515473820dfdd4bbe7210a9330160890,"Sun, 14 May 2023 21:27:35 +0200"
httpd,2023-05,<0874A7A6-32EC-43E6-9955-835496853283@eissing.org>,research/data/asf-access-2026-09-21/sources/httpd-2023-05.mbox.gz,77,ca1b89665fb497d56c37f0b68dd4fd365d333439cb23efe531841717f3aff84a,29aea371849442986b61946fbc2064c6ff773ba37becbbdea3ecb627c7081712,"Mon, 15 May 2023 09:31:42 +0200"
httpd,2023-05,<9095FF51-8EA9-4475-B0F5-0D53F2AE74CF@eissing.org>,research/data/asf-access-2026-09-21/sources/httpd-2023-05.mbox.gz,78,6ba094406cbdb4efa55bffad0b7c5f036d601e43d997492183c5c23b042b2e0f,e6910ac7feecdf49ba022c767132a7c95e7496d6fd1a0b95a98d4bd0f4db6f96,"Mon, 15 May 2023 09:52:31 +0200"
httpd,2023-05,<CAKQ1sVOvqBQCgv3PyCq-dr2bP+ZEGsS02qWg7NKM+5ViH4049Q@mail.gmail.com>,research/data/asf-access-2026-09-21/sources/httpd-2023-05.mbox.gz,79,8fdb4d7f4e6dcb3dccc78b8760fdebd7da68e140f0539d6441ba02522cc4a4cc,addcbd619e0ef708346b69157662aca19de8fcce5f6f6cd7896dd8aaad362d83,"Mon, 15 May 2023 12:32:28 +0200"
httpd,2023-05,<SA1PR05MB983603768252A0806953C1A0BF419@SA1PR05MB9836.namprd05.prod.outlook.com>,research/data/asf-access-2026-09-21/sources/httpd-2023-05.mbox.gz,93,890f5f63a84c09a092219d98ec3c4a54d0ae3ef160ea672aa53c98bf6e7a80ab,cd3f00edc4c6dcc7071fc616db06ea00f8e5bcc27dd495f1d19818964a9b2b4a,"Wed, 24 May 2023 12:43:00 +0000"
httpd,2023-05,<CAP1hiVhKmxUob+kTYR4AKipTY6LGThLwGc4Qz3fD=sy3v5eVxw@mail.gmail.com>,research/data/asf-access-2026-09-21/sources/httpd-2023-05.mbox.gz,94,3ae9ba65a622240e5cd0cdb9350df0d2b06725f45ac0ba446b2d6885d4df6ca4,cc7779c9416b78892df17dac61e160613f448c61b3462040651fade79b61bf10,"Wed, 24 May 2023 13:31:43 -0400"
httpd,2023-05,<SA1PR05MB9836F6AF4B8D58FAD67FA5C8BF479@SA1PR05MB9836.namprd05.prod.outlook.com>,research/data/asf-access-2026-09-21/sources/httpd-2023-05.mbox.gz,97,7b08e43bf70134269f18d06dd8e97e30ec0c619c0c8df38b98733bb68e94f590,d9f086afba5ab467e9baf4c97e44568b5d4ca4224bb085d3832ed9dbd89c22ee,"Fri, 26 May 2023 13:05:16 +0000"
httpd,2023-05,<pony-cf556805-b33b-4055-8c3d-a43382a38d9c-dev@httpd.apache.org>,research/data/asf-access-2026-09-21/sources/httpd-2023-05.mbox.gz,99,039cc6eaee95d5d41d242bc190a78c8d589c203c511a55a0c0487bf3d0c5cdc1,5b27aa203178ba2d00a73988fd6a884250463e62534f75b15a753bf5d6da3268,"Tue, 30 May 2023 12:32:29 -0000"
httpd,2023-05,<pony-515aee46-1a4d-459b-a533-5156ae5a3aba-dev@httpd.apache.org>,research/data/asf-access-2026-09-21/sources/httpd-2023-05.mbox.gz,100,42d105c7855cdb848e7908468d9b5986ef52e921ab307b5454cbb1bc6e6d3f84,16eba9641366f9ff5a35dd29d11c7082cbede992fe96d10817f81b365214ba19,"Tue, 30 May 2023 12:41:56 -0000"
httpd,2023-06,<CAFQGv+bhmno8w29CTX-TAdO6X=q6FEpX0sB=eq+UNOzS+yK+5Q@mail.gmail.com>,research/data/asf-access-2026-09-21/sources/httpd-2023-06.mbox.gz,4,a465cc90fbcf3075f6bb855e4ffe49094ce19235a0d54d28b5dc0ae6d506cb7f,9eaa7dc650bfca3dfeae2c2650252c839fbcd192fc03f57a57d1e709ca985481,"Thu, 01 Jun 2023 16:15:40 -0400"
httpd,2023-06,<CAABgnxgk5c-C5D6tWQTeTr6aMV2rNTGjPq=F1Ci8yDR1FoT4AA@mail.gmail.com>,research/data/asf-access-2026-09-21/sources/httpd-2023-06.mbox.gz,5,6d65a8ae791c4aea7b35f47e149b6323554df3f1ecbd6eb94f4d56bd2fcfad83,29bd6a8635f4120b88141a8c55a79cc70af0f96070d340a3a7fc899e5d807ba8,"Thu, 01 Jun 2023 15:31:15 -0500"
httpd,2023-06,<CAOY50muY9N8-cj0SvjEfUXBJ5a5jGQjavBZq=Fr4-k-HM77d2g@mail.gmail.com>,research/data/asf-access-2026-09-21/sources/httpd-2023-06.mbox.gz,6,088abe18921250cc607753e0d9a3813d5b60481e98d31859b8bcfcce147bb579,2a9b350b359b545c2c144fb9e8234796332fbc141b507bd012d38095b7acb8c8,"Thu, 01 Jun 2023 16:42:16 -0400"
httpd,2023-06,<BY3PR05MB812943000E9A48719D884651DF4EA@BY3PR05MB8129.namprd05.prod.outlook.com>,research/data/asf-access-2026-09-21/sources/httpd-2023-06.mbox.gz,7,4785146c1d603893c49a71abcd243ff98001ad5bd9c69115bb137a8b261c29f0,d13a7857b1a81806d64a70d375f725bba48391ac886316002632f1ddf27bc829,"Fri, 02 Jun 2023 17:08:16 +0000"
httpd,2023-06,<5970d834-9bbb-eeff-2877-685b43469680@gmail.com>,research/data/asf-access-2026-09-21/sources/httpd-2023-06.mbox.gz,20,e005227e61390a99ea2a386f9b8b8cc7b2394177ae0dd97dca10976680bd2811,5e95c8f035bae869b119fb66dc3885ae84eb9d5a984fd868b1602904ac588f55,"Mon, 12 Jun 2023 15:33:27 +0200"
httpd,2023-06,<AA420CE7-5A6C-4CE1-B3C7-076F6DB7DD20@eissing.org>,research/data/asf-access-2026-09-21/sources/httpd-2023-06.mbox.gz,21,3674b04518144ad01e4ef9ab53450f667565b11d6e50cfdc0e0f15c65cdbf1e8,a033c2162ed64e00624a4857b57f1a460c8814a66ee1634b5e0b993c7914033d,"Mon, 12 Jun 2023 16:40:35 +0200"
httpd,2023-07,<BY3PR05MB8129EEA46EE629AAA03291AEDF29A@BY3PR05MB8129.namprd05.prod.outlook.com>,research/data/asf-access-2026-09-21/sources/httpd-2023-07.mbox.gz,6,ba5e38f38bf4007cef02c659220f0f55842c27a4250981fd7a526f17a13a4964,9f1af8f085a1d6e354d7fbf6e4457a4eff749c91c0594a2018e99f0f9af19345,"Mon, 03 Jul 2023 12:49:33 +0000"
httpd,2023-07,<DS7PR12MB5888B2B2A3873113A70A01C0FE2FA@DS7PR12MB5888.namprd12.prod.outlook.com>,research/data/asf-access-2026-09-21/sources/httpd-2023-07.mbox.gz,9,22a4c1f2d97b4f1fdc4e5bea7797cfe121c02878fbcb93ea7267335399ecf784,d8ab3b4a249c01b277e7eaceaf73b9a7be07b1c4437bcd1528a43b66333da5b8,"Wed, 05 Jul 2023 02:48:31 +0000"
httpd,2023-07,<CAFQGv+aS+DQvHwdg+Hv58SQSD4xaAF3yAor693ow1SWs85m9Kg@mail.gmail.com>,research/data/asf-access-2026-09-21/sources/httpd-2023-07.mbox.gz,10,f7cfb2227d382d8a3be019b21841436d0274f25e8aae3bb0d0afb71c111062e4,152e99128f7caf382eea3975aeaf9654eed01df6170f89b55d783e3570c3ee0d,"Tue, 04 Jul 2023 22:58:28 -0400"
httpd,2023-07,<SA1PR05MB8144DE2CF42A20973BF5706FDF2DA@SA1PR05MB8144.namprd05.prod.outlook.com>,research/data/asf-access-2026-09-21/sources/httpd-2023-07.mbox.gz,17,463a538b9f9a6995e96f115ff71552e577c6b1ab22159f7e9075c5d103da916d,c5bc91e358fc3ce7233188b2b67b0bb6d8a8fecbc9d0b55c4ca25146bbe4a21f,"Fri, 07 Jul 2023 20:06:37 +0000"
httpd,2023-07,<CAFQGv+YH7hWNtwGOpPSDt9QZ6OReuapjwV_xOFCgacc3bTSKsQ@mail.gmail.com>,research/data/asf-access-2026-09-21/sources/httpd-2023-07.mbox.gz,18,f88d36e363634cdcf7cf18d5d70bf373ca13f7505c4ce034e67cb86dc3e1a184,434c59637853081b38686af3f1bd7f086cad8f5044f02e87f0e8d9a21ceb5b54,"Fri, 07 Jul 2023 16:16:52 -0400"
httpd,2023-08,<CAKRyKGW2=EPNO+Kmvw6yQUKKmqRPzqiNZMuFyZPpEMdK40pU_g@mail.gmail.com>,research/data/asf-access-2026-09-21/sources/httpd-2023-08.mbox.gz,8,01426f838c99430826e840bc50970d05e439528425ebe20aade27d59b5014333,13f4473be0d3554946f0d128aa50c106b0f9137a6a9d6617cf150e1610ca8dab,"Thu, 17 Aug 2023 10:27:39 +0200"
httpd,2023-08,<46407949-CC6A-4B08-BBCB-440BB681917F@eissing.org>,research/data/asf-access-2026-09-21/sources/httpd-2023-08.mbox.gz,9,0ff0d8d2cb9f826180bb38094a9e6c47e0042ddd914a0761b3b9170baf81e8a5,84aa086ca17b4f8ddd3b79a788ec41f857efaf26f30632bd54fc8a9640840fec,"Thu, 17 Aug 2023 13:42:01 +0200"
httpd,2023-08,<fd420832-7022-c170-51c8-c1c2c60013bd@apache.org>,research/data/asf-access-2026-09-21/sources/httpd-2023-08.mbox.gz,21,0181dcb18f294cf4fec354a81cdf89170a884eef0a38e6ec01375e6c65294875,aba655a19d3becba48902ebc24f5a67a0a583662c96340ee368443c3a9c6ea73,"Wed, 23 Aug 2023 15:04:49 +0200"
httpd,2023-08,<612d2e78-b884-eb5d-034d-2aecd97d77ba@wanadoo.fr>,research/data/asf-access-2026-09-21/sources/httpd-2023-08.mbox.gz,22,55bdd9a50a547cf0e006bc3db5ef9b92caa9130a5e8347a1feec34f9d6b339f1,187209a962b5ca90dc1ec8d4e8f57d9c24bbb1e28bff10837c83ca71d93d92cd,"Wed, 23 Aug 2023 19:36:18 +0200"
httpd,2023-08,<CAFQGv+ZkBWdtyVw0tFtpB6gNpF-AiguUfqjUctiJTOQeWCtnzQ@mail.gmail.com>,research/data/asf-access-2026-09-21/sources/httpd-2023-08.mbox.gz,26,9a180819443e06ca5806b8b63a264471f66b69dcea9b1d2d17f1ba3c489eeb4e,c6314ef13dac87cd2229f7957dae7d95156cd33955cb5e524cfa2650689c6a1e,"Sun, 27 Aug 2023 17:30:56 -0400"
httpd,2023-08,<CABD8fLVaCwz=hWyv93eQUFKC5UZGFJ5r+jw-+0f1Vd3tYd=bSw@mail.gmail.com>,research/data/asf-access-2026-09-21/sources/httpd-2023-08.mbox.gz,27,c023c216412d6857dd314544f7918b07ee6cad7fe1fa7193134d01bca3486d1e,effd1f7897cfb3a5712b5145ec93bc168a4c1e35ce257cd09f2031118dc7fd78,"Mon, 28 Aug 2023 00:43:00 -0500"
httpd,2023-08,<CAFQGv+bK6OsQgAtnZttkXKWVz=ecooaY2xSav33Em6E7yUM_7g@mail.gmail.com>,research/data/asf-access-2026-09-21/sources/httpd-2023-08.mbox.gz,28,91f4a29ddba3caa116bef5b45b3a5d5d1e0e45a6ac23b5b5b38383ba48d66b89,9b07b0114e3067fa378d46186b6cd0e485f84112afb3b1aa77493bc2b0e3dc67,"Mon, 28 Aug 2023 09:42:56 -0400"
httpd,2023-08,<CABD8fLWcAL20dshD4sGYEHL2iQH24qqyC6USqEBhXTLaiY2mxg@mail.gmail.com>,research/data/asf-access-2026-09-21/sources/httpd-2023-08.mbox.gz,29,c872394e2d1900dd4a134a3bd5ef757afbccd7e00c245d32330b56a9a28d412d,69df0d0ebfd223fa2accb20d3e0bd32b85a8c3284a1188ad71b382c0cd5f7667,"Mon, 28 Aug 2023 15:49:29 -0500"
httpd,2023-08,<CAFQGv+bMFEo4=9L78BwfTzZtf6XO8ybY5sqpX9X-4O9C_P9Kyw@mail.gmail.com>,research/data/asf-access-2026-09-21/sources/httpd-2023-08.mbox.gz,30,b83d1881eb73f7956de6c80497871a2421b7d3e80d3c824225744f1eb0b77111,0c713e8fda73234785b816f2dd1b223fa51c1d6fceac66f6199d3ed0b44e09a4,"Mon, 28 Aug 2023 16:51:41 -0400"
httpd,2023-08,<CABD8fLVCvcifapr0MfY3Ef2POd_m8Pp5tz48G_pwt+ejoiGaJA@mail.gmail.com>,research/data/asf-access-2026-09-21/sources/httpd-2023-08.mbox.gz,31,a27e8a90792404cade05c312eea2ba5a25b806eebb61e6210b52020d59fc8163,6aed2d9560dcf39f824b70befab10d15e69b8228880ff87fb28317e2e3de369d,"Mon, 28 Aug 2023 16:51:04 -0500"
httpd,2023-08,<CAFQGv+Z2cVNV5uZEaKyvuCBi2j5EGpU-t821tUffDTmVC1nUtA@mail.gmail.com>,research/data/asf-access-2026-09-21/sources/httpd-2023-08.mbox.gz,32,585b1ab67c82bc6400f9a3697a39f505c733c64b473eb309b765a2508469cead,388d221e8ad30d95c3cbf1487851f93191e9513ed1dca41948c259b8c6372f66,"Mon, 28 Aug 2023 19:42:57 -0400"
httpd,2023-09,<6856F250-28D5-4A85-A4BA-2FA22A5F7D93@m3y3r.de>,research/data/asf-access-2026-09-21/sources/httpd-2023-09.mbox.gz,16,7ed1afba9dc7650bac64f0637df41cdb5e9df5a980ab5f04624d261a89323bfa,16e765b08e51e778e1c12b77e76d1b713f801c68f06084b17cdeee354ee12fb9,"Fri, 08 Sep 2023 20:35:09 +0200"
httpd,2023-09,<CAGmQQQ6bydFS8czX=d=6enF2ZhFHyBGEjZE03e6n47g8p647Ww@mail.gmail.com>,research/data/asf-access-2026-09-21/sources/httpd-2023-09.mbox.gz,23,e56543128d6994cbb3bdbc92b6aa0007443b3b36a7e93ec43c362f9c9bc89685,25af2fa4549b79fb8d447d25bdeccdf9d350f87cea61fb830e1498c00341c1e4,"Sat, 30 Sep 2023 15:22:07 +0530"
httpd,2023-09,<CABCiJvA0FJja=H=5NqF6OBGRVMZezSCVTrVGUjD=H3OBwvwBXQ@mail.gmail.com>,research/data/asf-access-2026-09-21/sources/httpd-2023-09.mbox.gz,24,382fb915a7424502275ca77e134a43b6bc4984b91d3509570277f00e318f9b6a,0ffb0f8892af03b93bb78da95572f43f3b4c818172c8f8d76912ff5b2ea7e29f,"Sat, 30 Sep 2023 08:04:30 -0400"
httpd,2023-09,<F852FDC5-B157-42DE-B4BD-D4484486677D@eissing.org>,research/data/asf-access-2026-09-21/sources/httpd-2023-09.mbox.gz,25,51631930fe0e3bf96282ffb531bba7ba53251d2a36d92ec355c0bf93822f7561,b472614c5814b128acd732c5a8e3de86605d2c81a863598a4b45fa7a8fd4cd48,"Sat, 30 Sep 2023 14:10:55 +0200"
httpd,2023-09,<CAGmQQQ4rcUkJhRWPA6+S8H9zKXz7si_mb0N+dqkkDQSnzCqSkg@mail.gmail.com>,research/data/asf-access-2026-09-21/sources/httpd-2023-09.mbox.gz,26,1a237a59a20f721fc1db93c677d0495560d6fa1dd3d732c563bafab1e5dd394d,f900a7e9d528cf7a187105eabf76eeb1ccc23eeaa45e5773ab458d309083b193,"Sat, 30 Sep 2023 17:58:41 +0530"
httpd,2023-09,<e41e67da2433556eef5ae790b3d561c2@ausics.net>,research/data/asf-access-2026-09-21/sources/httpd-2023-09.mbox.gz,27,448ea76638198b4038f59feeb0d3d4191fc256546f0e35b1dc02843bf0464cc6,d70b3ad05f567c996e198a02aa48669a15099d7447a6bf59247bc61155ac7eaa,"Sat, 30 Sep 2023 23:35:42 +1000"
httpd,2023-09,<CAGmQQQ4WouMH6Z7Nw0tL+jVDxbZTdED46f0zvCi9CqN1gYVM9A@mail.gmail.com>,research/data/asf-access-2026-09-21/sources/httpd-2023-09.mbox.gz,28,86bd879d174f969c0edc5d303b465cb8620102164b27cf1ae13986b37e376fb0,bd2dd416a52b2dd06aa21c7ecf92807c930648a3a247fcb2a77e19f00331e2d5,"Sat, 30 Sep 2023 19:40:34 +0530"
httpd,2023-09,<ZRgw8rGBTqhS0iNL@homeworld.netbsd.org>,research/data/asf-access-2026-09-21/sources/httpd-2023-09.mbox.gz,29,0ae3610f3424130e91c08baa63ab525b1846bdf1e909a0bdb379bd70bec9aefc,888dc7e0427e9816811b8d2f925e1ccfed7a130afff151cc8a00ba7ea4137483,"Sat, 30 Sep 2023 14:30:10 +0000"
httpd,2023-09,<CAGmQQQ6uVpW1RqQKRep=r7hvvuW6i=LK4rEXpQSSf6u0PAv+6A@mail.gmail.com>,research/data/asf-access-2026-09-21/sources/httpd-2023-09.mbox.gz,30,c3d58181176a743f88f003f11d015d2cb1b40367afdb741f45f90d9a05494b94,0281ad678485ba983501f9812b7a338ce4936f591158ac8d4145d5645c9fc67d,"Sat, 30 Sep 2023 20:12:52 +0530"
httpd,2023-09,<A305E7DD-48AD-42C3-B091-7585BE1E3A96@eissing.org>,research/data/asf-access-2026-09-21/sources/httpd-2023-09.mbox.gz,31,b552c29a4a21eef0980c58acc23a764e160046ba26da3876fb9db9a400ea1d08,2eb34c24665d2467415cf15c0e46f6d1fba7851932137cc803e1d86e09b9305d,"Sat, 30 Sep 2023 16:45:47 +0200"
httpd,2023-09,<1C75FFCA-44CB-4B5C-8916-561F10FF70CB@eissing.org>,research/data/asf-access-2026-09-21/sources/httpd-2023-09.mbox.gz,32,6e5bbdee3091b7f422fe6df01d2756e0770151189fb9ea75b78b8e746451a219,64b8c37317b123d2a856030408102e04169c54623661c14b3a3f452212a61d90,"Sat, 30 Sep 2023 16:47:48 +0200"
httpd,2023-09,<CAFQGv+Z1Kq3ZTJgoq2Gn61z8hUF91dzD1K9hsT-i=0Rv03T-wA@mail.gmail.com>,research/data/asf-access-2026-09-21/sources/httpd-2023-09.mbox.gz,33,141568274ae34356f4cc06854c09d496b761b8b6b0001f0808dcb890f6120d8d,3ddb44c645f911a0690dc6689504b4993884095c481cac832f93c694aeb36af2,"Sat, 30 Sep 2023 12:01:38 -0400"
httpd,2023-10,<c5c73ee1ef23dc52a6562c8267339bdd@ausics.net>,research/data/asf-access-2026-09-21/sources/httpd-2023-10.mbox.gz,1,8861654b3be4eb41c43201893cd1d8a6ab623ecbd3b092cf44ea63f3ee4a5039,788429d78619806212bdcc4fd4e6183558da754b727d8a6cafa70575cd8ccbb6,"Sun, 01 Oct 2023 10:28:59 +1000"
httpd,2023-10,<CAGmQQQ4w33tzpE8A4QmrJDY=Ub=Qx6y_CnkmERE80t2x2xUJCw@mail.gmail.com>,research/data/asf-access-2026-09-21/sources/httpd-2023-10.mbox.gz,2,de45dcbfee7d37b14b25d524659deec3faaa8cafd70b9049788831871a98f91e,74631a6ffed3beb5f0c2ccf3ee67b6a172a156c2c9450ef9ae210f0bc9ceb0a0,"Sun, 01 Oct 2023 11:25:00 +0530"
httpd,2023-10,<CAGmQQQ7ExLtPTPk7p31XW-JHpq=qQdCtBG4BdWkkkXXv52wYvw@mail.gmail.com>,research/data/asf-access-2026-09-21/sources/httpd-2023-10.mbox.gz,3,0bd7ddab6346f911129f20cf1eea5bb97e38eeee9c4b7e6e3bf09c7d3a8484e2,6798d3a3418805b4b69c7842ee39b92d1234bcaecca662214e407a24252d6891,"Sun, 01 Oct 2023 11:36:22 +0530"
httpd,2023-10,<09171c45acfc9b59ccfcc01bb119b35f@ausics.net>,research/data/asf-access-2026-09-21/sources/httpd-2023-10.mbox.gz,5,c28921426b3250fd481c81d6aeff00e6989abc85d790ceedc71bae6e90e4d0d2,8bef736759a20f8b6239356b73209ce2f1ee0fa99906362fcd021dc2612ade0f,"Sat, 07 Oct 2023 18:26:57 +1000"
httpd,2023-10,<3da2be02-b9af-441b-a15f-a4d8d0e20c1a@kippdata.de>,research/data/asf-access-2026-09-21/sources/httpd-2023-10.mbox.gz,82,30bcfba0a8741f443cf4e4a58907a6f56a65daef7a9a2d04ee84b8789c8ea015,66a69d3cb2e46e3df299929a10551243e5ea2f304b5dc5812f671cffa4559f9b,"Thu, 19 Oct 2023 13:55:36 +0200"
httpd,2024-01,<13b5fb8c-b746-0f08-49a9-41c837ea25e5@apache.org>,research/data/asf-access-2026-09-21/sources/httpd-2024-01.mbox.gz,15,e984ac1ae530723b5a2bc9800672b748d84d4b1641698a50afb1802f88d10259,53e99dc13e15cd9788892acea80096b14e95d451d35162781d1cae87f702b0c9,"Fri, 12 Jan 2024 09:22:36 +0100"
httpd,2024-01,<CALK=YjOrfggvSnhKmQyTAq9Nrb-3dVtiMHKo=Hxb=PJcV4fGkA@mail.gmail.com>,research/data/asf-access-2026-09-21/sources/httpd-2024-01.mbox.gz,16,0e0907464162d7876ac141425198a484435d9c841714cd0dcd047ff80810321f,27480e1565928bf3e6bcc5299beb5e6561ad053e376bbd7cdf6f02f93147b289,"Fri, 12 Jan 2024 07:22:41 -0500"
httpd,2024-01,<956ad2a9-23fb-cc04-7675-cf4562407c55@apache.org>,research/data/asf-access-2026-09-21/sources/httpd-2024-01.mbox.gz,18,c0f7c9e0327f6167fae0cda86dc6b53cf75853cd883383f8b2bf583535336e1b,996ecf10d526bae0fb91855a67d76abc6fc3d3077c867cfee6902f8ca3e23d1d,"Tue, 16 Jan 2024 08:23:48 +0100"
httpd,2024-01,<ae6c310bb86c43650279485fdc52018a965fda03.camel@rcbowen.com>,research/data/asf-access-2026-09-21/sources/httpd-2024-01.mbox.gz,21,1fdc3ebd90ec0d821fb61fa8c502c157624ea2d0bf1ca2b45744b84f0d9e1e0b,cc22eed4d996396d3e84de7180e75918f2e99acd3e0e8c523a119949dfb73f29,"Wed, 24 Jan 2024 10:06:43 -0500"
httpd,2024-01,<20240124155431.GH16562@toftum.dk>,research/data/asf-access-2026-09-21/sources/httpd-2024-01.mbox.gz,22,664dc7a87406f0dc70817a47f11fb7bc5641eee84fdd54a43da6d248349206e3,74a291266a922fb414e77cc173039c39334aa9285e6e9ca4f87a54a005c64bdc,"Wed, 24 Jan 2024 16:54:31 +0100"
httpd,2024-01,<CAKQ1sVPOV8vBb2c4MQym3VTvzMnuxp3t7ywoE6srS1ci5pkF8A@mail.gmail.com>,research/data/asf-access-2026-09-21/sources/httpd-2024-01.mbox.gz,23,264dc7d95f0652ccf47f925836fb5d1b2018c39a0ae724bd1b09b47b6dda5bb8,9153b79300463de9607d4be1fa27da8467059fb831d2c36b5f3c6dd52c42bc52,"Wed, 24 Jan 2024 17:01:15 +0100"
httpd,2024-01,<CAFQGv+ZCLeG8L30FDQAGaaKX=UK8OmNgS44xeKsw9pH+ensmiA@mail.gmail.com>,research/data/asf-access-2026-09-21/sources/httpd-2024-01.mbox.gz,24,b0eb756a3772bb26b6fa9813ab7f68bf100b86cbd85a0d19754730a6b02d82e4,8a699aaf07f101f8dd506d3692a9a879b3b9249eb413ab4b81ce360238eaf221,"Wed, 24 Jan 2024 11:02:40 -0500"
httpd,2024-01,<1a2b05dcc793d987ad389c8a236969f6bc4c9337.camel@rcbowen.com>,research/data/asf-access-2026-09-21/sources/httpd-2024-01.mbox.gz,25,cfb1d4fe16c8452594ed05c09618151eba7026dc789835664672d02db2308c88,3f5fa8a9b2803136f7db3e82701f5a89f7ed6fe16aaa72baf6746c34fd52274e,"Wed, 24 Jan 2024 11:07:12 -0500"
httpd,2024-01,<CAKQ1sVOZuXKGqtVrFr9U-qQZc9P3K=_=_Qe8_XBPNX=KetNYWw@mail.gmail.com>,research/data/asf-access-2026-09-21/sources/httpd-2024-01.mbox.gz,26,ef00bb7bfc6a01587b134eae4424e970d5885ba46ccfe46bfc358ed624ad5bf7,0b31ec689aa418d347ee5859320714e2b756fbc25a3caf3875d32692b57709e3,"Wed, 24 Jan 2024 17:20:10 +0100"
httpd,2024-01,<20240124163904.GI16562@toftum.dk>,research/data/asf-access-2026-09-21/sources/httpd-2024-01.mbox.gz,27,3f9ff214011853d2ddd5007852773a4b14663b3adc7f8177a0c0715e6f2cdbc2,d1ffa0511accf36867543c387e58b2df2013460ec8db5f9f26e58f59236ad78c,"Wed, 24 Jan 2024 17:39:04 +0100"
httpd,2024-01,<CAD6Vres7t6tJATwdirVy=BxLzSLaJgEKhcMe10WRaT9DSdu2dA@mail.gmail.com>,research/data/asf-access-2026-09-21/sources/httpd-2024-01.mbox.gz,28,071b812a67b966196a5d09656666bea5be49c32c4520d453bfde15f9129381fc,180181acaf5c6bf3af72ba5f27a0aa5040855f1791f94c3061a9bf286f62d72e,"Wed, 24 Jan 2024 17:31:29 -0500"
httpd,2024-01,<7b106f00-0fb7-de67-c7ea-1aa3b80b9540@apache.org>,research/data/asf-access-2026-09-21/sources/httpd-2024-01.mbox.gz,29,a80589a67ffdaaf859e0eec7dc22e9a80fb980f3d9491e30c37307324921a5ba,5473a9832136558ad69352d544609431ede026b706309e70f46d6da98ce47f7a,"Thu, 25 Jan 2024 08:04:31 +0100"
httpd,2024-01,<593d65ed-13bd-76d0-48e8-5ff26cd81e73@apache.org>,research/data/asf-access-2026-09-21/sources/httpd-2024-01.mbox.gz,30,a33e24c04a113c86d3952d9351d543d16b79444e15fba842adac17cc9e031648,e2ca8718562a275e58dceb661aa572f8a83cdd6411ee953e26385d86e940830e,"Thu, 25 Jan 2024 08:12:24 +0100"
httpd,2024-01,<ZbJy1WOe64kODcSx@redhat.com>,research/data/asf-access-2026-09-21/sources/httpd-2024-01.mbox.gz,32,6ddbc45c0e023e8a96745d9168c680e2ae4d204a0ffa539980b55f0a7a17ece6,a3e7b6d5a008af04a9f283a51cba0ebe4b18b76977b25ab05e85d8838d446eed,"Thu, 25 Jan 2024 14:40:21 +0000"
httpd,2024-01,<CALK=YjOmaQ1DXo6GyNo9kt2BA67kyC8QMkR1RSYppODgRFBs-A@mail.gmail.com>,research/data/asf-access-2026-09-21/sources/httpd-2024-01.mbox.gz,33,cc9340f7fea0a224be38cabc603707314f6a8b7f528a4b893c53b096bfd41569,72b4c23153c7bbd5ceb34ecc3e86e3a719a697c46bd6458d3a620844d02204ff,"Thu, 25 Jan 2024 10:44:53 -0400"
httpd,2024-01,<CAKQ1sVOB+A17yvOGXpaZeFd1JNQ1w5pGt8CMVnA0FZfr_CAQhA@mail.gmail.com>,research/data/asf-access-2026-09-21/sources/httpd-2024-01.mbox.gz,34,4bef7b28249f4840bbf3a5c8be6a8a4055145e558cfba8fdb29626a4414c9fec,8f287ebdf74e68fb1acee69647795f5663ceb5cbac0e87639ceb44f27cadaa03,"Thu, 25 Jan 2024 15:49:32 +0100"
httpd,2024-01,<em6aaafe67-69ac-4911-9221-73ff8a366665@a3b02565.com>,research/data/asf-access-2026-09-21/sources/httpd-2024-01.mbox.gz,35,a3978698c52ad9e8cefe06922566b84125d0d5589ab5f6c317492ef1f85c5ba0,cdea2b3be21ee782183fe1c36e760dc7c5dbb1129813e61903b1f4418168eb48,"Thu, 25 Jan 2024 20:42:55 +0000"
httpd,2024-02,<CAN0Gg1c9FxtWki6gXuERXS=LFufu1yfUh0y1PvGmVmzOvJZ1fg@mail.gmail.com>,research/data/asf-access-2026-09-21/sources/httpd-2024-02.mbox.gz,5,3eb45407618ba7b99ae7255de6b533cf8d29cd3bdf21b329cb76f148d4b9edaf,ca0305c165ab4b68a122f53d490de414df612f359fed702de65a29bff3d61302,"Sat, 03 Feb 2024 09:27:05 +0100"
httpd,2024-02,<c6f8459c-8d1e-4b3a-8ff5-9677fc81ccc5@gmail.com>,research/data/asf-access-2026-09-21/sources/httpd-2024-02.mbox.gz,11,19a27290213d463a817c9c697a251f68bb50460b79a4f4e19d10e53e3b3755c6,68444958a1043ce2f2f5b8a957c4e38aa4941b972c8d2298c142cf967e3e0b58,"Wed, 14 Feb 2024 10:53:52 +0100"
httpd,2024-02,<58DEB2E4-F9DE-46CA-963F-57FEED2AA993@eissing.org>,research/data/asf-access-2026-09-21/sources/httpd-2024-02.mbox.gz,12,32d91cd67babf7bee5f939110880982a2d9c5dc142e2a697f46c20244d857dca,91f8f791d9c6620f50d4482f6d6dc408854bcbbf11ecf21848c4af8a40c849e1,"Wed, 14 Feb 2024 10:59:07 +0100"
httpd,2024-02,<e123c11c-2861-92a2-2e93-9aa62c70f3af@apache.org>,research/data/asf-access-2026-09-21/sources/httpd-2024-02.mbox.gz,13,e8afeed22f65c22e94d4462f0ab0e07ca5e8f8ecb239a438ed96bbe0f7d4db4b,a470b6de9294efd0717b349af082580b9e6545ee3b78963a1809440bfd5746cc,"Wed, 14 Feb 2024 11:06:03 +0100"
httpd,2024-02,<3e0003e1-c37a-404a-86d1-dca8a4715cea@gmail.com>,research/data/asf-access-2026-09-21/sources/httpd-2024-02.mbox.gz,14,08b90df80804ef2ccf874b4838f751b117277012ca81fe3efe5cba5612cbfda5,4f071ebd9f4193c79d8b9b722726898eb40cabbbc12d46a10997c7c2ba5bdedf,"Wed, 14 Feb 2024 11:28:15 +0100"
httpd,2024-02,<ZcyYYSOqG1HUgGa3@redhat.com>,research/data/asf-access-2026-09-21/sources/httpd-2024-02.mbox.gz,15,3dfd93bbbf0d484463a77791452c55063d57e26150d33e1643f7a9957c7dec80,3854a4aeb69407393de4fc7a521ab31331d9e48be90c8d4419331146c53d3887,"Wed, 14 Feb 2024 10:39:29 +0000"
httpd,2024-02,<CAFQGv+aVs=QY72UOn+2NM5+mogULgvinw7HMMUXxbQjC3udTCw@mail.gmail.com>,research/data/asf-access-2026-09-21/sources/httpd-2024-02.mbox.gz,18,3267fb04479c2d2046e0c8ce1468ae41dc9af0d9483a7a5b53fcb80e629001f0,e152bc638c9b60b8e1618a03216581ec43ca25aae6d52283b11255f3eb1109ce,"Wed, 14 Feb 2024 13:45:37 -0500"
httpd,2024-02,<CALK=YjN--AsX2KbFPUC3T0+Ob4rv88CzJppUJGwTeKFututr0A@mail.gmail.com>,research/data/asf-access-2026-09-21/sources/httpd-2024-02.mbox.gz,20,554e0d7ea1f74464f6bddceee42f1a777e7895a3f4614b35bd3907064821c86e,8097effa451c4a6c372455f5516ce7164e1c8bdde1829493a1030c652e4619d6,"Wed, 14 Feb 2024 22:24:24 -0500"
httpd,2024-02,<CAFQGv+ZoKjwRR5zYrP2tXbNTLKnK9tCOAYxF=Oa3fpSF4Jhf8w@mail.gmail.com>,research/data/asf-access-2026-09-21/sources/httpd-2024-02.mbox.gz,21,ddbaffac25e815732f88c21b78a66ffa2b91531b9220136bb17b1654edcf8700,edfaf95a35ab4b46d89abdafd44a483267e00d67d59092fb9192845a09899f90,"Wed, 14 Feb 2024 22:33:44 -0500"
httpd,2024-02,<CAFQGv+YUkZNHFDLmg6tOWtOCnYUJUTAB7=G=VbPNr0ezkixyvg@mail.gmail.com>,research/data/asf-access-2026-09-21/sources/httpd-2024-02.mbox.gz,22,d24aea2a7ef44a7888823754860151416e02dbafad881cb3c5d106c1b0c02dd7,8f665f88cd20b36e909aea897c2bd1489487b612fa006e499fbc60d6e1412969,"Wed, 14 Feb 2024 23:12:18 -0500"
httpd,2024-02,<CAFQGv+Zfsn=xVMzHEOjBF_y5FPvoTwAcJceyLxRCuFWoeb6yVQ@mail.gmail.com>,research/data/asf-access-2026-09-21/sources/httpd-2024-02.mbox.gz,23,4ab96d2b8c7c1f39b6d91e56876fc316b33b8ed78aa083d29af7a1e4c381fc0a,6215b71c43709f5b7daa9442a1768597108e5095a8f5de669bb8b9ed43bce685,"Wed, 14 Feb 2024 23:57:25 -0500"
httpd,2024-02,<CAKQ1sVMwpX5y1+wqew7j5R1B+H-K02G+j2cFO7-pOnaXKktxyA@mail.gmail.com>,research/data/asf-access-2026-09-21/sources/httpd-2024-02.mbox.gz,28,c9cbc7f0fffce7c56415ef17d8252c60a62cc0e71d4cb29a7595299d471d5f57,0ba8fdce9063e7a4fac6547d93aa598c845b7353eb65ab30301b1012ddd5c9cc,"Thu, 15 Feb 2024 20:13:43 +0100"
httpd,2024-02,<CAFQGv+aSQoztStmVuZWjAKNL_vEL1mKwNuwDrHwKgdmGYTOXPQ@mail.gmail.com>,research/data/asf-access-2026-09-21/sources/httpd-2024-02.mbox.gz,29,ae956e7eb8f9bbf27c12e2312a86b664a12828f85f70664b7f2e08a93f065f86,031aaaf987d32f61b8a4052b2c8e865891e3915e6efaeee495b96f564e0f4052,"Thu, 15 Feb 2024 14:41:24 -0500"
httpd,2024-02,<CAFQGv+ZWGd-tm8=mAFizBSEQdOE64bWkmpaf-Yd8aNidwKSyLQ@mail.gmail.com>,research/data/asf-access-2026-09-21/sources/httpd-2024-02.mbox.gz,30,98ec0e2b7c8eed7fb2ebad129462dc049047943ea14be6052816aa71e613cec4,ea6e25431f14797b05979d094842db7f9ad3d39d4123878666ea8db373adb295,"Thu, 15 Feb 2024 16:46:59 -0500"
httpd,2024-02,<CALK=YjMkCqqjZ5WT0zqHv0_Pvix2fTEBS03gwTWpTk9dchM2Ag@mail.gmail.com>,research/data/asf-access-2026-09-21/sources/httpd-2024-02.mbox.gz,31,368947343d4ae0d5aaffa387ca7a1f8e831327abef68408f7cdd8860517c6e9c,6c93146aaceefec11a555b1b294529c3e18b2cc37903a892a31933d8588a7b84,"Thu, 15 Feb 2024 17:15:54 -0500"
httpd,2024-02,<CAFQGv+a+eZGWwODFuhY4FAX6SuOeAPQQ==VtDEU8gw-14z_nzQ@mail.gmail.com>,research/data/asf-access-2026-09-21/sources/httpd-2024-02.mbox.gz,32,563f5487dd37fb44597c8fce2b250a6bc483f72ed9dd0b9d41b96438624fac11,36f4cd99e3d3f44ac486ef351ea501aac09c7190540e9d3d92e6cb334297d008,"Thu, 15 Feb 2024 17:46:51 -0500"
httpd,2024-02,<CAOY50mucdHRao4_x5o1pSzc=CueGAk65uBhO=+V4PipqU4BJ7w@mail.gmail.com>,research/data/asf-access-2026-09-21/sources/httpd-2024-02.mbox.gz,33,bb104ef8632bef087861360e48ac58e35e766c7e9607111085a8de54e590474c,3b2f9417a1bcb3a0554f92594b158aca11f6713d35f9572a781683f7bfbc0214,"Thu, 15 Feb 2024 19:01:14 -0500"
httpd,2024-02,<CAFQGv+bxUzbgHz_fW=pA4gh-C=nodK1H0tE8UGrbOqbJ81XYBw@mail.gmail.com>,research/data/asf-access-2026-09-21/sources/httpd-2024-02.mbox.gz,34,5c1bf5c6bce370914e4abfa4ad3b4f5d3a0c39b8056e32c5383c8ab9a58309ff,324e82febe8975f991c5d3e3d48798bc3d6eae68581280bc790f6f6030d4a00f,"Thu, 15 Feb 2024 19:08:30 -0500"
httpd,2024-02,<CAFQGv+a7UVhnH5DBut9v6pSji0eo_tQJ29BGGRwdhgimSM33Jw@mail.gmail.com>,research/data/asf-access-2026-09-21/sources/httpd-2024-02.mbox.gz,35,617b9efa57014a09ba9554bb603d620b14c060f1c134032cada3e41a0f31cbde,08815e35889ffdd50eb9eb5e71e3e557f7448f4d89d3ac395c453faa3f59430c,"Thu, 15 Feb 2024 19:36:12 -0500"
httpd,2024-02,<CAFQGv+a0k2bAhg=oLswfQ5RJ4-CTYZQpuf_94RkYNQgwVu6N_g@mail.gmail.com>,research/data/asf-access-2026-09-21/sources/httpd-2024-02.mbox.gz,36,644104316d3b84c8003727b2e449ece0ca4444ba80f0f0da6cd4ac3fa2b52cfe,288352e79f32db3e03fba960821ea5ce39ad39b539de60116ffc93ea46db936d,"Thu, 15 Feb 2024 19:57:16 -0500"
httpd,2024-02,<CALK=YjNkGjNfJZQQu3aXfy5OSe6AjPmQhm3nU=5UJuJiT9MGYg@mail.gmail.com>,research/data/asf-access-2026-09-21/sources/httpd-2024-02.mbox.gz,37,7de22265d97fcc5c98dc37783cda8d68b1df88c076489a8b827e7c85cb1774ca,0ca507f1771ea22a240c1bcf023c0ca489a862481ce96be02b5c42884bc00325,"Thu, 15 Feb 2024 20:16:56 -0500"
httpd,2024-02,<CAFQGv+bHLskk5qZKWE6MmBfx25u7BpY6ktDrKREAR-JswPKUKg@mail.gmail.com>,research/data/asf-access-2026-09-21/sources/httpd-2024-02.mbox.gz,38,d30208e9775f9cdeec2270322a402d722e17b1500c2a3e9bef6f270ab540e3c1,7d5246833778afc9c7ffc924323c765f724ff6c2e2c0e72b71a7f7cce9ea86b8,"Thu, 15 Feb 2024 20:20:36 -0500"
httpd,2024-02,<CAFQGv+baBEeRQ+2b=X=Per_4A6y-uXhUD+iJY2zUebRpkfstSw@mail.gmail.com>,research/data/asf-access-2026-09-21/sources/httpd-2024-02.mbox.gz,39,fca154cc697251faf0a419edb068f692a7b274172fa60cc15e170aac4d4dd915,ac8c355f0930b53f1a73fa0fd987aba50ebe971295cc999fd479e871a8745554,"Thu, 15 Feb 2024 20:41:54 -0500"
httpd,2024-02,<CAFQGv+ZOxVNBjQoqXdmDT-ozSr_GOr+ZfJu8VL=fnPxt3j4ZuQ@mail.gmail.com>,research/data/asf-access-2026-09-21/sources/httpd-2024-02.mbox.gz,40,16edb57e7d178c4724fc749f76d32f761ce142f7f82581ad8ce60ec00280e2bf,eb052274b883ea7c6618311262185f73e6710e17624325f0a5a608c8e1813d6e,"Thu, 15 Feb 2024 20:47:13 -0500"
httpd,2024-02,<CAFQGv+ZLt5saBEzfqZigr6fiBc=uQrji+V9iazGSaeHkTjW-7A@mail.gmail.com>,research/data/asf-access-2026-09-21/sources/httpd-2024-02.mbox.gz,41,d251431a25055d075bcfbdd0f635c6ebf98f5df3eb34601c7732f6472d1f6321,d6363fd0227a5d45e448580d408941d4b4816b0e9b8921f8fd36d79e7d6f1346,"Thu, 15 Feb 2024 21:40:29 -0500"
httpd,2024-02,<Zc8ucTjM1GrOByeb@redhat.com>,research/data/asf-access-2026-09-21/sources/httpd-2024-02.mbox.gz,42,6deb564857864f6981ef776705784866ddd9a71aa0425a5067db8b74fc880246,1a7804be785404b24a1d9adb7a91db4aee5088ab432c587971aa4bd79e9d3c0d,"Fri, 16 Feb 2024 09:44:17 +0000"
httpd,2024-02,<bc788943-bad4-4837-8c34-2964e94d06b0@mvine.com>,research/data/asf-access-2026-09-21/sources/httpd-2024-02.mbox.gz,43,88c06ad7234468f6811aaf06fc7fba5f183e9ab3a266ccf19445eb6dca9eb435,e86a7f987673c0ff9593283104192345a918a67e4be0db190ca1aa28dfbd1640,"Fri, 16 Feb 2024 09:58:30 +0000"
httpd,2024-02,<CALK=YjOXBm1EvUvC02Lwj1oqNSY=172PufxtbxBTaH7Xn-KYww@mail.gmail.com>,research/data/asf-access-2026-09-21/sources/httpd-2024-02.mbox.gz,44,42c4f8279d441f0e30d80ab214732c441318cca2cc04dbf9be7dbefdb5f800e5,e7a49acabd745492b76d3fb9350d254c7138cad94cedd7f32b755524fba61a65,"Fri, 16 Feb 2024 08:10:57 -0500"
httpd,2024-02,<f7d3c0c1-eb70-c6e3-c432-96d0b9c15a3b@apache.org>,research/data/asf-access-2026-09-21/sources/httpd-2024-02.mbox.gz,45,25b9d840e6782daaf6112473be1be807ced8dc2b1b977e66659d589c479c5166,05b6a2e5c02a0e9b9455e097cb3521d0daeddb1c86fbc1d6e98aadf062a4cc9f,"Fri, 16 Feb 2024 15:21:03 +0100"
httpd,2024-02,<CALK=YjOT7OioHeCMxGamvH0wvKRAf=unVDXi6ORYDV0tJhME9w@mail.gmail.com>,research/data/asf-access-2026-09-21/sources/httpd-2024-02.mbox.gz,46,cc1150cb56bafe83ce45647e1d238d6ce8d859423fc04ecc35b97dcd42a013fe,75603806fc9ffc31007914659654e64089797c9c0141af3a7752c2349d027939,"Fri, 16 Feb 2024 09:35:32 -0500"
httpd,2024-02,<Zc-PCiD3CtfsB0Y9@redhat.com>,research/data/asf-access-2026-09-21/sources/httpd-2024-02.mbox.gz,47,13f7726e0405f844a4558b9dbd126b96fc4294320cc2b795692b2fcba2edc813,6c5a1c740d8d47c632c44c5daf816c4de97b0a8d3c3d0631cb7d751432e7696f,"Fri, 16 Feb 2024 16:36:26 +0000"
httpd,2024-02,<CAOty6Qqd0+7MNcRwaERh3MB14G81Q4_HyaSHMrthOj=-q7E9Xw@mail.gmail.com>,research/data/asf-access-2026-09-21/sources/httpd-2024-02.mbox.gz,49,096450160fd1fc5b87dd7d6bb70c85659a29cf327aaadc0e9f8eb8db677c2c58,8de04525b40f616b527eb2d17b0e066794e84c40e14ddb23d1e5dc7108676325,"Sun, 18 Feb 2024 00:33:58 +0200"
httpd,2024-02,<CAKQ1sVOx6YMDucH=L9O3=qe4uc95YMWYoTOFTJ-znsR99SdEpg@mail.gmail.com>,research/data/asf-access-2026-09-21/sources/httpd-2024-02.mbox.gz,53,cb564d7bd7d8bd5f4323d00808c1514a32883640df7551a1c37d7547b7283481,0396a01e9d4ea304fcb38c4f9c837288eb635f4276d4e7048fe9c65636f529f3,"Tue, 20 Feb 2024 10:51:38 +0100"
httpd,2024-02,<CADED=K5S+tHaj39Epcw_Z+U5toBjF80A9Prwh8tO2wDTFfBi+Q@mail.gmail.com>,research/data/asf-access-2026-09-21/sources/httpd-2024-02.mbox.gz,56,ba5aafd20c8dffe2ad6eabe9fcb424fd3995d80a101a38563fb6e27b533653c3,71ef219d1e089b66c602a4cb816313a975dfa63ae266969d5b3023991862940c,"Wed, 21 Feb 2024 09:57:41 +0000"
httpd,2024-02,<5EA85413-726A-4E12-90A0-C772CD514B7C@m3y3r.de>,research/data/asf-access-2026-09-21/sources/httpd-2024-02.mbox.gz,58,3eb961faa989ff7c5652419386404161aa35b8c4135bd3062c1eb6b0aa67ca72,9c38e83343b0b04c09fca1a6d8c631725b7bf2152bfdbeb0b64c6b99e29eacb1,"Thu, 22 Feb 2024 19:45:17 +0100"
httpd,2024-03,<CABCiJvAk0U45PE3rtZd+YSLZAjz+-R8+0MrH_m-8RsF=PzFk-g@mail.gmail.com>,research/data/asf-access-2026-09-21/sources/httpd-2024-03.mbox.gz,32,5a1c573f8f86b5a827d24e26b69f27ec72f8e40e886a136f842f24697f3590a1,8a64cf1be8aab552279550325274e465e33e551f787dc0c2956af75d8d943b89,"Sun, 31 Mar 2024 14:42:27 -0400"
httpd,2024-04,<c89db9df-2d92-407f-8228-eb36753360b2@kippdata.de>,research/data/asf-access-2026-09-21/sources/httpd-2024-04.mbox.gz,2,b2b49da4cf8c53df93932d40eeb24c0b337fec802996fffbd8eb154e0366160e,0e0bf688efbed91ba70258a52487d8ea3c1b52709d41aad6b0243d22e2486f98,"Tue, 02 Apr 2024 12:25:40 +0200"
httpd,2024-04,<Zg1oY38-wEMmS5Av@redhat.com>,research/data/asf-access-2026-09-21/sources/httpd-2024-04.mbox.gz,13,9302d17e2e58e6b635e83d594dcb67209b8371dc84de839f64a8e14c4ae205ce,82772cf9b3379aeeac86dec19f65ca20fc8efe4f1fc2463a468cdac26ff544c5,"Wed, 03 Apr 2024 15:32:03 +0100"
httpd,2024-04,<0C4E17DF-B296-4252-A6EB-1E8C26C129F3@sharp.fm>,research/data/asf-access-2026-09-21/sources/httpd-2024-04.mbox.gz,15,75cf21076e75fef0b30a92dafe6fac4f71fad973f8eea5269674b06d890f2ec7,753f9c271853a3d4c080e11cd0ad1d27a4231871b2678a2df8767af508a2c43a,"Wed, 03 Apr 2024 15:58:59 +0100"
httpd,2024-04,<a991ad05-16a6-7c45-2975-347ac739bf85@apache.org>,research/data/asf-access-2026-09-21/sources/httpd-2024-04.mbox.gz,25,3aa519c0c799a1834385ac35b08d0aea33fa18046416f2606f8e9c09dd31950e,b40196b98fd27142331589fc19c59d26171a16289427479ca72f42ef781bf85e,"Thu, 04 Apr 2024 11:43:21 +0200"
httpd,2024-04,<1D78368B-2C40-47F1-920A-67203B0798CF@jaguNET.com>,research/data/asf-access-2026-09-21/sources/httpd-2024-04.mbox.gz,33,295ca6aac999a96eca3c785b5457317fc7c33ce2100be5ca4084674868830d26,347dc57e5b5a53d3b3ced0216e8f9a49d5c84f21cb63fec10b5210ac83db7c77,"Thu, 04 Apr 2024 09:49:36 -0400"
httpd,2024-04,<BFC0BE91-5372-40D7-B294-38815FFF0E58@eissing.org>,research/data/asf-access-2026-09-21/sources/httpd-2024-04.mbox.gz,71,7ed611cedec7889e042d821259e810ede71e4fdfda273578999c6de8e74092e2,925c332646a1074f9fe20f8ceba5286449dacd960303f5dae1c429a91033ac4e,"Tue, 16 Apr 2024 12:56:44 +0200"
httpd,2024-04,<c260b5df-d6ad-4198-9784-82ba0cd5574e@gmail.com>,research/data/asf-access-2026-09-21/sources/httpd-2024-04.mbox.gz,72,2390ecd888e2b7a0327ff23e223d77861e902b787de76bac4a450d30cb432e79,9fff26ae6d9eadbd95ab76c4afbad1dcdb588cb135fe0a6ae9d861b3d046a8dd,"Tue, 16 Apr 2024 13:49:23 +0200"
httpd,2024-07,<154b9eb2-225d-5e5e-c2e0-60362f3b530a@apache.org>,research/data/asf-access-2026-09-21/sources/httpd-2024-07.mbox.gz,47,2ea1954d97cd8688421f157e2d552421c1010232b708ab37c9c6b1e48ac9a60c,2651c96395c557948d2a6e4a3a227194ba2fb0301811ec876d2a9f2b39ba2579,"Fri, 05 Jul 2024 13:51:19 +0200"
httpd,2024-07,<54EA7EF0-6290-4BEF-982B-2064585063B9@eissing.org>,research/data/asf-access-2026-09-21/sources/httpd-2024-07.mbox.gz,48,849faa6806afb1e46a9895a7c7d786f39df6e4d1e582b2f9f32c4b5ee3a5d4c4,40ad92d335ce5cebd4b11041eefcf92d2245932852e6aebfa749c3b53fb87366,"Fri, 05 Jul 2024 14:04:50 +0200"
httpd,2024-07,<54EA7EF0-6290-4BEF-982B-2064585063B9@eissing.org>,research/data/asf-access-2026-09-21/sources/httpd-2024-07.mbox.gz,49,c322ea27a20ea029ab5ca5fc4af03c5bf6201a31e7be528acc26166544b1d5db,40ad92d335ce5cebd4b11041eefcf92d2245932852e6aebfa749c3b53fb87366,"Fri, 05 Jul 2024 14:04:50 +0200"
httpd,2024-07,<beb01e13-76e8-c088-902b-c8f350ff7593@apache.org>,research/data/asf-access-2026-09-21/sources/httpd-2024-07.mbox.gz,50,5f9756b8b3216af16058da8d675a3e0bfdf77780d6f4cbadad3ca1e367351a20,cd1f1f79c8f91e4cbb66892f925a6c1db3d8faabd0762e07b36c95a81275d958,"Fri, 05 Jul 2024 14:11:09 +0200"
httpd,2024-07,<2198d6c4-ac85-1151-db11-e5397fed6320@apache.org>,research/data/asf-access-2026-09-21/sources/httpd-2024-07.mbox.gz,51,747aa52137057a8993e827479c10ed9796ee2e12bd67b704168626be50cb5286,fd100180685c21cbc6a858a135d235449bb048cda476cb9317d427d8cc178307,"Fri, 05 Jul 2024 14:14:27 +0200"
httpd,2024-07,<0f2091e7-784a-5f41-5628-42b2941e8ab0@apache.org>,research/data/asf-access-2026-09-21/sources/httpd-2024-07.mbox.gz,52,b44c7e4b8149cb967a2ad71dc3d2e70fb406d419911b657cfde5b9b0c1eb102d,ef7c58e55ce3c01b7e7383270093cd238fa420b5211ddecc5dd42d729d73ec0a,"Fri, 05 Jul 2024 15:03:00 +0200"
httpd,2024-07,<CAKQ1sVNDGYtrDvLskzyBKmxzrNjrT-wyYw5qvgBhU=O_6XfU1Q@mail.gmail.com>,research/data/asf-access-2026-09-21/sources/httpd-2024-07.mbox.gz,53,f14f08ef8f3f79dc1d659e505ce5b52d2224a03db0428bed9901d6007c08da11,8cb8b793c76bc5ea8596dfda510d357c9ffd2b28d24060acc129ea966af49677,"Fri, 05 Jul 2024 15:16:47 +0200"
httpd,2024-07,<CAKQ1sVO1nNNUjS4TyabBWKWkOQ6K6xGnaPHSTaV=sqMrkq5t=Q@mail.gmail.com>,research/data/asf-access-2026-09-21/sources/httpd-2024-07.mbox.gz,54,ff98f442ea6f4e4fd5336be41a7bda11205cc60690e79ac68128c7bee513fde6,6f46c30fb93875247d3b4e90865abdeff6f9732fbdc8e2cb0f4a94ffb696fd5c,"Fri, 05 Jul 2024 15:26:12 +0200"
httpd,2024-07,<CAKQ1sVPua=ukFLkYsa5_MGxiF=fK-zSkrv9aAOamovVXYN5QLA@mail.gmail.com>,research/data/asf-access-2026-09-21/sources/httpd-2024-07.mbox.gz,55,923289269324a22c6984ea53d0a88603c98566917837e8b9ae03fe4049eab36f,0e0e177330abf3caa762e44b020ab1f17edd8914fdaa4e12c769e16e287be3ec,"Fri, 05 Jul 2024 15:35:21 +0200"
httpd,2024-07,<aa7c17c9-d43f-eb52-979b-6ec63347e514@apache.org>,research/data/asf-access-2026-09-21/sources/httpd-2024-07.mbox.gz,56,4fb1a315d4fb7ef4a48095c94c9299da2ed745b0011b7b7759843359ee68b5cd,c4f0ff30a8d300ba1cbc67b803ab6ee3b3b09d0377af7a70a9e3f9fdb783130c,"Fri, 05 Jul 2024 15:39:14 +0200"
httpd,2024-07,<CAKQ1sVNvuUQ9mvOYV4TyGg89-SMiDuHmH_CkMLRuPCALj1nU8Q@mail.gmail.com>,research/data/asf-access-2026-09-21/sources/httpd-2024-07.mbox.gz,57,a13256329554f1c327b669bfeede260adbc012abb0c762d0479db29baa9afc3f,eca1d62bb42c8641f3b5298bad44c8349a6779a3a439a4e4cd9592651910736b,"Fri, 05 Jul 2024 15:40:16 +0200"
httpd,2024-07,<4b4cc207-20bb-8e60-2bcb-f4655230ff0c@apache.org>,research/data/asf-access-2026-09-21/sources/httpd-2024-07.mbox.gz,58,3db3fc9eebaf416484adb5e805b4a60e373ac5c517030b0bbf6083c9e158750e,4470dbee9f8d9b7de9da848b784b199dbb0bbe38ee0148aa96342d21b0181d2d,"Fri, 05 Jul 2024 15:44:23 +0200"
httpd,2024-07,<737dbf84-9253-ccfe-085c-ffc2cf4599c1@apache.org>,research/data/asf-access-2026-09-21/sources/httpd-2024-07.mbox.gz,59,cb9baaabb1d75fa28ad26800ec3541e425cb857a564799d0e05377e3dd30c703,8757c5f9396396de032393033d378fc076ba647a4957c9013ec5dbfae1512eeb,"Fri, 05 Jul 2024 15:44:53 +0200"
httpd,2024-07,<8AFF891F-B370-4EBB-B6D7-7ECA214EE731@eissing.org>,research/data/asf-access-2026-09-21/sources/httpd-2024-07.mbox.gz,60,70bc4bcbbc952f89471aed0571ba770f416365b22ef9be54958b881f706c4ae8,a8f6178bd1157189e90c66d3bff1e49b6bdc23bc2e7293946960d428851c5853,"Fri, 05 Jul 2024 16:09:25 +0200"
httpd,2024-07,<069fa49e-bf84-4c97-6a15-9c801ac9ef60@apache.org>,research/data/asf-access-2026-09-21/sources/httpd-2024-07.mbox.gz,61,e2ebc0b596ee84ff764405752e76d2ec3bcf578c95732734bd080345cd9d8525,b69009ccec190d920b66a46ae076a16593ddbc7cc56224931223f458d42bec7c,"Fri, 05 Jul 2024 17:06:50 +0200"
httpd,2024-07,<CAKQ1sVPrpPkPn1JBBQw0NgzMwNvPCabi1-b4z8tJW7nHEoLffA@mail.gmail.com>,research/data/asf-access-2026-09-21/sources/httpd-2024-07.mbox.gz,62,9fa262b4e5d70aab4d4e41a4f62c524ab0eea9bcf8deaa76525f3cf3b0241ab1,8a316f8c92b2e7c0aba4ca42e6ce886d5878d7f2b48f8606ce72d49d09e6082a,"Fri, 05 Jul 2024 17:59:37 +0200"
httpd,2024-07,<CAKQ1sVNPhp4eXMUB-66PPzheNQC6=oF4RtRAYz4vzuo38Fqvog@mail.gmail.com>,research/data/asf-access-2026-09-21/sources/httpd-2024-07.mbox.gz,64,ea5bdb5cb63e14b29126d3f3a6237b7f19775e1c552ff499925e26ad0c1d58da,957afe5ddab1a614fe7e1addb5797ea7e393a5b5895b4c937d5a05e9cc407162,"Mon, 08 Jul 2024 17:07:13 +0200"
httpd,2024-07,<E239B9BC-4AD3-4829-82AF-ED7B17864E35@eissing.org>,research/data/asf-access-2026-09-21/sources/httpd-2024-07.mbox.gz,65,7526c4e74ba0c992d3616072d235307be6a3843baf314a2dbbf166554c1e5f93,8ab15c33eb0c2633665e835b44f37b44ccb149ccd4098d20174c7b4ea721d1f7,"Mon, 08 Jul 2024 17:15:01 +0200"
httpd,2024-07,<CALK=YjOYdjXi1PSLHAPkUSa-7ZojcyaRK_KUzh9c03DorJdTqA@mail.gmail.com>,research/data/asf-access-2026-09-21/sources/httpd-2024-07.mbox.gz,95,62b279725a337ced05a4c1d453a6fbc16357676cf4d9a6fef70e7b0fdbfb54f3,002162ff05be27c6723f60c14b98198a2762079b29064916addcc4715a55dbb0,"Tue, 16 Jul 2024 11:02:32 -0400"
httpd,2024-08,<5c3a18a0-ac69-9f38-5d55-a876e4093163@apache.org>,research/data/asf-access-2026-09-21/sources/httpd-2024-08.mbox.gz,26,0699b06c4e09682431fe02cf4810c62c3a507395e2028b758b653bef11edabe6,be0afedab905022dd122e8b82f43c334a997585424ae8560dc4a833408387a8c,"Wed, 07 Aug 2024 10:51:31 +0200"
httpd,2024-08,<CALK=YjNwZTyy-gxcch=AouodattwdobqN-VxtC3d5ckFjGqPhw@mail.gmail.com>,research/data/asf-access-2026-09-21/sources/httpd-2024-08.mbox.gz,51,ffaf349e071f9fcae8ece02ba6356b7fda9adb8637f96a4a681b296d0f529c31,70cd16b367b8aae0f0d612291e8f0dcaa8f5b52d3c4b162f2068a99c65cd1b68,"Mon, 19 Aug 2024 11:22:49 -0400"
httpd,2024-08,<DBD93959-50AE-4D10-A602-B0ECDC593EF1@gbiv.com>,research/data/asf-access-2026-09-21/sources/httpd-2024-08.mbox.gz,53,7c91c53d3c1c4548949ba0d28f804c331aa5b9b57cbabe54c8b5a9d6bddccdac,9f0051e92f1f50b9e9413cdc4620654c77900d250d2c1e986b48c2b326d9b50b,"Mon, 19 Aug 2024 10:44:16 -0700"
httpd,2024-08,<CACQs4iy8FD+uMtxr_RfQF3U43Rkssj8vydAMa+JqKop-L3mR5w@mail.gmail.com>,research/data/asf-access-2026-09-21/sources/httpd-2024-08.mbox.gz,54,40536733b57c69b71efa17c2f2fbe97c5b0ec251c993e5815c280424c8ef3860,ae17827fed09db3b1fe2455d8ddb9756721fc99b7d2dc36702701da1adf8f424,"Tue, 20 Aug 2024 09:01:02 +0200"
httpd,2024-08,<3c5e7bb6-a852-0bcc-632a-40c7e50b3bd4@apache.org>,research/data/asf-access-2026-09-21/sources/httpd-2024-08.mbox.gz,55,d1de59e70a07fc97562ba94ff7e419b158a8cde3c4b73f5eb83017b8e5454e09,88d590a0429bd559ec9fe35ef817547b8c0c0d3ef7e6d538d76378a7acd38fd4,"Tue, 20 Aug 2024 09:52:25 +0200"
httpd,2024-08,<f30d1c67-2a86-fb84-43f1-79ba645648c9@apache.org>,research/data/asf-access-2026-09-21/sources/httpd-2024-08.mbox.gz,56,c4bd01f204f4b5fdc7d6541d5c3f68157b7734eaca87811909690c556df4f57d,5868338c22740b3bbded6b63fcef705730a600e5032af20332c2bbb43f737527,"Tue, 20 Aug 2024 10:04:28 +0200"
httpd,2024-09,<B00860F2-273E-4D8D-B1AD-DE58886B85AA@eissing.org>,research/data/asf-access-2026-09-21/sources/httpd-2024-09.mbox.gz,15,56068dbd2a8d4614a0c8b9d8d067ee53ecb1aecfc1c11d50437ef1ba49ec6138,8c8df2535e9521b9e4fb910bad7d9f33ed2457e61b20d479f7f5a0ac5bd37659,"Fri, 13 Sep 2024 15:26:35 +0200"
httpd,2024-09,<B00860F2-273E-4D8D-B1AD-DE58886B85AA@eissing.org>,research/data/asf-access-2026-09-21/sources/httpd-2024-09.mbox.gz,16,1eebf3c2225f85a03bf887ac664443c3a0834000925be1a4a0b5fabf065351e0,8c8df2535e9521b9e4fb910bad7d9f33ed2457e61b20d479f7f5a0ac5bd37659,"Fri, 13 Sep 2024 15:26:35 +0200"
httpd,2024-09,<CALK=YjPmuo0ESoJb1LOh2AZsW8jNFskn3qPZjU+iQynfYordxw@mail.gmail.com>,research/data/asf-access-2026-09-21/sources/httpd-2024-09.mbox.gz,17,77e6e16d07e9d61dcf4c2f019682120d6a4bd23c88cfce440cffc09d6f23ca94,291fd3c96a91df8efc228c183f84e8a677be7ee79bb90ec00a55735b93ef8768,"Fri, 13 Sep 2024 09:29:36 -0400"
httpd,2024-09,<3438769e-135d-8bf1-e3e3-b10efbf42336@apache.org>,research/data/asf-access-2026-09-21/sources/httpd-2024-09.mbox.gz,18,ee5ad4e3a7d755a20a8cd087ee3cbf27d35649cfd24781df9afefe57e2ed9f32,03530bd3b08220f2b6f0009d9de62e034f638c8116a583aab8661d09c011162c,"Fri, 13 Sep 2024 16:16:06 +0200"
httpd,2024-09,<eb8c2f45-239a-4ded-9478-a15eb7cb5f9f@wanadoo.fr>,research/data/asf-access-2026-09-21/sources/httpd-2024-09.mbox.gz,19,9c33ce7eca9e9374b30de3c04a2641c15b55a2aa9d90fabc583993ba1dc81ec0,5eb22dce65670bab299859efb8438b6639e336ab033c8f3c013a32143755a68c,"Fri, 13 Sep 2024 16:34:07 +0200"
httpd,2024-09,<E9A44F8B-1FBA-4696-9E2D-3DEB61B81F95@eissing.org>,research/data/asf-access-2026-09-21/sources/httpd-2024-09.mbox.gz,20,1696546576ac4310ae42acec52c6ad54c5130c68ea3e5d89a7392735969e1ccc,94f261f42c76e794f70449fe07ed7380033ee607c2916fbd5d7484e7e6e9a1a3,"Tue, 17 Sep 2024 13:20:18 +0200"
httpd,2024-09,<CABCiJvCeczB7q6dk_QgB_btoQySL1xWjRFJibyoEA7Em6TriwQ@mail.gmail.com>,research/data/asf-access-2026-09-21/sources/httpd-2024-09.mbox.gz,21,735a69c74f755e554d258bbd8d274889095b83fb12b0d688e999c9dbd28d551b,44ad4fddc6b56e52958f2f38e203103034b0f5d88c230ee2ddba52bfba1b9c31,"Tue, 17 Sep 2024 09:18:42 -0400"
httpd,2024-09,<662BB4A4-0B05-479C-9D76-3B02AEAB7AC4@eissing.org>,research/data/asf-access-2026-09-21/sources/httpd-2024-09.mbox.gz,22,99fc98a2d71d16177fbb1ba35cf15c9cad62ecd01a931697b557fc1056351e01,a99e1b6549849973c62c166acfb43c4439ee0df202c07e1b8ec650a599a9dc84,"Tue, 17 Sep 2024 15:20:19 +0200"
httpd,2024-09,<662BB4A4-0B05-479C-9D76-3B02AEAB7AC4@eissing.org>,research/data/asf-access-2026-09-21/sources/httpd-2024-09.mbox.gz,23,70a3c26f93b6fbdb1999b03652f2355826fa76a6ae39c6d06b778ae25fbe9a68,a99e1b6549849973c62c166acfb43c4439ee0df202c07e1b8ec650a599a9dc84,"Tue, 17 Sep 2024 15:20:19 +0200"
httpd,2024-10,<CAOGo0VYT8BCwBtPZvSMNiYhp_JhN+XBzqq+yMo9RhBQGAYp7mQ@mail.gmail.com>,research/data/asf-access-2026-09-21/sources/httpd-2024-10.mbox.gz,18,8ca1844f431c77943a994972c104c4e887f058868ad41a85dca2ead9216bff90,63618543d44e36c68f0bdf663d52f1e3b30dc63eca7a93c99523ba10b659a22a,"Sat, 26 Oct 2024 00:48:19 +0100"
httpd,2024-10,<PR_kwDOFoJrE86AA_oy@gitbox.apache.org>,research/data/asf-access-2026-09-21/sources/httpd-2024-10.mbox.gz,19,692ba4cbcd3dce8244325b03a9a4e19b7f3b8866efd9e0646cb20cf18ab8535d,df42a286dfca66890e7d76f2e0e5dbf6d7f64aeee085caefec975ac682537230,"Sun, 27 Oct 2024 14:28:24 -0000"
httpd,2024-10,<0c82e4ff-5496-8b51-bdc1-5e3874a66ad9@apache.org>,research/data/asf-access-2026-09-21/sources/httpd-2024-10.mbox.gz,20,a7770d72c2f481b77aac7cff4490da0e7a188e9fd2be62a7b737f30b2dd20bcf,eda149566fa782f4456d800b800f4689c57cbe1c1910b1afddd19079f8899204,"Mon, 28 Oct 2024 08:11:49 +0100"
httpd,2024-10,<PR_kwDOFoJrE86AA_oy-f4c98716-5514-4fa8-8519-a0c2a8b4a880@gitbox.apache.org>,research/data/asf-access-2026-09-21/sources/httpd-2024-10.mbox.gz,21,e1bba867d8699e2385b8dffac2b360f1e9a4e2efad0f9b6b00748b05401590cb,3900e63acf84a06a51bff72f446d4c18ae1d5cb06f7ae31dd7df9a2b5412cfb8,"Tue, 29 Oct 2024 12:59:38 -0000"
httpd,2024-12,<A4C9DA55-DDF7-4269-B636-129BE2FA40EE@jagunet.com>,research/data/asf-access-2026-09-21/sources/httpd-2024-12.mbox.gz,2,b56626b420f97eb7fd95e3d22b749c8e4e4cd9fe5ceb102ebfe17691d8878da9,91892eb69be58021cbfd1c09aee3e3f1af3773f75b9e5d421e688ebf677ed814,"Fri, 13 Dec 2024 09:16:43 -0500"
httpd,2024-12,<CALK=YjOnvP9Cvo-N-ypVbCJH9n7HkYpcdinH3gdG05OGJFbE=g@mail.gmail.com>,research/data/asf-access-2026-09-21/sources/httpd-2024-12.mbox.gz,3,fd147882a21cab968ed19ef2665f4d53d80b0ed7538eb0594268ba8f455796aa,c5129add16b5ab10858d44ec72a60a5d6f9d4bd0755625a614dd37b0095292f9,"Fri, 13 Dec 2024 16:12:56 -0500"
httpd,2024-12,<CAMD-=V+fu7WzUQmAiEaFRFxQhWqy-CA4POUqxSyWzn1qejM3sQ@mail.gmail.com>,research/data/asf-access-2026-09-21/sources/httpd-2024-12.mbox.gz,4,d3f2e1711e04d00842c72b0a3cec6e41b823b85e2ab630968d7e526a48142c0f,2abae472eb0907ca0312dba79bcd6574f5bf9d86338cf5e3ca87797b4faedcd5,"Sat, 14 Dec 2024 14:22:58 +1000"
httpd,2024-12,<9C8690BC-6489-41E5-B5DC-C817DEF0EB65@m3y3r.de>,research/data/asf-access-2026-09-21/sources/httpd-2024-12.mbox.gz,5,f9cd038fcbeaefdd078c1dd2694a80413eaf56b0d674ce59277e2840119d0707,91b0033ba3d2901588391bdaefb9e7408f055b8c34b606a9f4575be2b9b01b74,"Sat, 14 Dec 2024 10:05:43 +0100"
httpd,2024-12,<b89358c2-a9d6-4a69-08a0-7445d4305a79@apache.org>,research/data/asf-access-2026-09-21/sources/httpd-2024-12.mbox.gz,6,3b425d5642798562b99879fca7df5a7621ffea018d8ea0c292ae551380187c0b,4cf421b4a1d3c8a7d7152bf755a8d9676e7cf0e95c1fb3b3938de536cb0b4213,"Mon, 16 Dec 2024 09:12:12 +0100"
httpd,2024-12,<B9D7D52D-9B22-4E4E-B996-F565FD346529@jagunet.com>,research/data/asf-access-2026-09-21/sources/httpd-2024-12.mbox.gz,7,25eef9fec1331679158eea7e4b6c3d690dadda98e74ce955f537f752c349157e,0055640502cd2e389f9c84b5ecb5e92f2da890c692c754bffe7a20fd11331062,"Mon, 16 Dec 2024 07:22:41 -0500"
httpd,2024-12,<Z2LhK6ParozkMcGS@redhat.com>,research/data/asf-access-2026-09-21/sources/httpd-2024-12.mbox.gz,8,519ec3117b08dad3b93d22c8a673583d99d6df4864bddef09ee9ddf666472c42,863de78cff97d8ce571d2283ecbdfe6add7c601aa45a164857510ab6e88734ce,"Wed, 18 Dec 2024 14:50:19 +0000"
httpd,2024-12,<7C07978A-FCAA-4648-997F-DF56D7D2C0A1@jagunet.com>,research/data/asf-access-2026-09-21/sources/httpd-2024-12.mbox.gz,9,658052eb6ab4e44889b1af371913140b94677869f962521c34963a31d389074f,74f2d8feef9ca101b28fbb7f85776e5074700db4314bbdca84832a6164c920f6,"Wed, 18 Dec 2024 11:44:52 -0500"
httpd,2024-12,<4383CB17-1EFF-4475-BF9B-A727703693F3@jagunet.com>,research/data/asf-access-2026-09-21/sources/httpd-2024-12.mbox.gz,10,81223014018553d9a4b4b1ade217faec4aa38c99c84c292b768be6f50eaf4a9d,d92e88aa5e785d241be586bb7d70ce6cb0a176d9f35bc22559b92e61f0e69c9c,"Wed, 18 Dec 2024 11:53:40 -0500"
httpd,2024-12,<CALK=YjP2AJ4Pm9eQT3-4BTGhizTt3MDdPqyrQ3BUo85fPStG0Q@mail.gmail.com>,research/data/asf-access-2026-09-21/sources/httpd-2024-12.mbox.gz,11,1fd70e6c3f62a12be85ecbab0a50d7298dfa47bd9ba733b9cc40692ef51e895c,da285623f6d1577f86bd02c13d758f8d4888b23b6a9b6eac5c21482f6966a6c0,"Wed, 18 Dec 2024 12:19:55 -0500"
httpd,2024-12,<101DA28E-AD0E-4B8D-B7C3-877C97EB3D3C@jagunet.com>,research/data/asf-access-2026-09-21/sources/httpd-2024-12.mbox.gz,12,f4f90b68ee9f2aadb646ab647c520085af2480703eb981b74dd2cb0f1c6f5260,67c5dd3e8b4ebefd66d66933448e90488e2b1a769509dc5364fc008c1f2b52d5,"Wed, 18 Dec 2024 12:28:36 -0500"
httpd,2024-12,<CALK=YjO+hXJyCe+xYhm5dRx_VVb8etgCWto7HYAuj5i8x7Js+A@mail.gmail.com>,research/data/asf-access-2026-09-21/sources/httpd-2024-12.mbox.gz,13,b78214cbcb792634c549fb3be8fb33c3317d72bba68fd52fec1b15d0fe461946,e3af4999cb87cba3deb2848d01fce52fda8b717a1660b7a014176489ad96be2c,"Wed, 18 Dec 2024 12:56:55 -0500"
httpd,2024-12,<E4EE5FC4-A3BA-4E14-8624-634500BA0565@jagunet.com>,research/data/asf-access-2026-09-21/sources/httpd-2024-12.mbox.gz,14,828785ecd9807bc51ba05d23181c8b98599cf08e53e1f06e90b78ea5d8ba6de5,4d55fc2158e732f776270aeceb5b6a10fdf91f1b5e65e5cfaf3184daa7af8a26,"Wed, 18 Dec 2024 13:20:07 -0500"
httpd,2024-12,<CABD8fLWcdGPHJxpXWydb1s+wqkfyXRp9e=OKm3d8w4x8na482Q@mail.gmail.com>,research/data/asf-access-2026-09-21/sources/httpd-2024-12.mbox.gz,15,d0a2e10ad5bb68e6af1c837874a1162cfeeb831548a49d8736c98a578a6ef07f,ae9745f07e9cc5c0436a04296764db4f55901bb870a42c20f3cf7ae764ac8e7a,"Wed, 18 Dec 2024 13:06:30 -0600"
httpd,2024-12,<2018777.UTjMhBY76f@chryseis>,research/data/asf-access-2026-09-21/sources/httpd-2024-12.mbox.gz,16,360b59816a3d3c47b03dfa29bb9d6660891e7c87086f1b2755d2ad01b286463d,972ae181131906009b9cb114cb613deece15febd6de1cba4c94ae8a095713401,"Wed, 18 Dec 2024 21:06:16 +0100"
httpd,2024-12,<CALK=YjMGsquF_gVcyJV6ZmFLEdEsGwNZ=_Ob99JnYzZ-rEbrEA@mail.gmail.com>,research/data/asf-access-2026-09-21/sources/httpd-2024-12.mbox.gz,17,1c153cf73d338823d590b5c2d85693a4579d56faa0a2fb07e7c1818b2f7241b8,fd57425a575bbf0e408cc3e851cc46e3adeadaa239edf2c494010d59bb96b8c6,"Wed, 18 Dec 2024 15:45:43 -0500"
httpd,2024-12,<c6f1fd032ed56bf3c5c68584b6a0586b9e6fbdac@paclan.it>,research/data/asf-access-2026-09-21/sources/httpd-2024-12.mbox.gz,18,1c28ce776d2a6f2e6e5f7141ca4b1acde5603d64a95aadbfb004145c9228b6ad,6c1ce5e304b6409f578832eeb858d2d5ad2f16d55f3ac7165c7e463076257558,"Wed, 18 Dec 2024 21:41:00 +0000"
httpd,2024-12,<CALK=YjOy5C=-aO-h7C4zWM69S5Agmxhy-QGUesU8vfPdC8U3ww@mail.gmail.com>,research/data/asf-access-2026-09-21/sources/httpd-2024-12.mbox.gz,19,fbcc2046e9ae878cc2a5307432f47803b2822d8be7c1f8b0f4d6be971b98f755,9d913aa533da3fd20c198b0f263593ba07c06957bab985279e63b728cef0f93b,"Wed, 18 Dec 2024 16:44:28 -0500"
httpd,2024-12,<125AC093-57CC-4D8C-9EA2-95DC90F28CA4@jagunet.com>,research/data/asf-access-2026-09-21/sources/httpd-2024-12.mbox.gz,20,7a94f1465d8acb2581c78c1064ece9e87d518c7ad346625669e4578d04939a54,34e6ae85e467a361b17aa36d93493312f916704578f8f1eeb74e3faa38db457d,"Wed, 18 Dec 2024 17:32:18 -0500"
httpd,2024-12,<a305ffc4-b3a6-472b-856c-fe8d1441ac39@wanadoo.fr>,research/data/asf-access-2026-09-21/sources/httpd-2024-12.mbox.gz,21,dec9a5c913704656e93f5e04ecabf701abd036e3fad01711c2e661f1b7af1403,644d3b91855142753b9f38a75257feca0d53b25c32b0d3da4b0cf03abc055eac,"Thu, 19 Dec 2024 19:43:21 +0100"
httpd,2024-12,<61293deb-8936-4ec1-840a-a919158ce293@wanadoo.fr>,research/data/asf-access-2026-09-21/sources/httpd-2024-12.mbox.gz,22,e0214a68e66b69253322b3eb88214652dc58b2bfb956beb09ddd76fe3b6fd701,fcd49e0019ef3d7f59ce9d4c8d9df662ab17d2d246ed4a18c0e024a5440ffa03,"Thu, 19 Dec 2024 20:19:35 +0100"
httpd,2024-12,<31bbe33b-c424-413e-a437-f90fd829d638@apache.org>,research/data/asf-access-2026-09-21/sources/httpd-2024-12.mbox.gz,23,d7070d3683e9e0c1c2894160d177a316c4dafe1de6a43ccfb6757b15fe8721eb,09a0099e03b7d67c1e14d368f38972639437c0aed93f414e8804c383a3cb9385,"Fri, 20 Dec 2024 18:58:22 +0100"
httpd,2025-01,<83C3BC65-E968-4AD5-BC8A-18B836ECB784@jagunet.com>,research/data/asf-access-2026-09-21/sources/httpd-2025-01.mbox.gz,72,2f64eb3fd0930587cd97d057c61e3cf7ddc087f80752d5e3bab50b6f10e0ab27,58519dc332fca8e7d324fe95d25dde9986869606ae35b58bbff0eba50aa04135,"Mon, 27 Jan 2025 07:35:46 -0500"
httpd,2025-01,<bef67853-e553-d35d-910a-3f43fafedf8e@apache.org>,research/data/asf-access-2026-09-21/sources/httpd-2025-01.mbox.gz,75,9ca147594fdf52689aacbd31858875a012d0e340893c3cda4ae07e06f9e7402a,71557c24385fdc10c6261b26b38c77d81363441a62c8cf7947c932991c88106c,"Tue, 28 Jan 2025 20:21:32 +0100"
httpd,2025-01,<61D1712C-97A7-4AC5-A309-20B784C8629E@jagunet.com>,research/data/asf-access-2026-09-21/sources/httpd-2025-01.mbox.gz,76,9b1807b99931f9da2921b37340fde3e2e69efa871411ac9508f0ce4a05144840,d69586f10dc0081e2ac8aa7af7dfb5b970cc1ce3c0cae54b0399257f8654ca70,"Wed, 29 Jan 2025 06:48:12 -0500"
httpd,2025-02,<faf294f3-2fd9-8f1c-7e1f-9a62ce6f907d@apache.org>,research/data/asf-access-2026-09-21/sources/httpd-2025-02.mbox.gz,1,9d5713d91fbca4cd40c082004a0e24c9ac1e80398ee51e530d1685b1431eb42b,c6fc6b5e773e53a9e5b8121f7afea3210460faed7aaf157ce0626853bf2ee63f,"Wed, 05 Feb 2025 09:12:59 +0100"
httpd,2025-02,<CAKQ1sVNLAyjYHGFOBY8DdxReaZC=ZY4mjfaud1_N8PXE7Be=HA@mail.gmail.com>,research/data/asf-access-2026-09-21/sources/httpd-2025-02.mbox.gz,2,45340e29156b0ad1e855a6d0fc314a8453b22d74b2c10fa06d5c5dc4d3b55f37,fd9d99c6398fa6e451ee9ac2cbbb0083f75330c210e4d6b27b982b553dc51913,"Wed, 05 Feb 2025 17:01:53 +0100"
httpd,2025-02,<e80a4c76-5a70-b220-a320-e41d1f349c92@apache.org>,research/data/asf-access-2026-09-21/sources/httpd-2025-02.mbox.gz,3,44fc7058efb184c84c064d7a3b7e39daf18bad8e01b03dfdcc03c13affd3442e,10b384aa3eb07623bc5fb3b03a0f6546d352f26458c8dab1fe9326365b8b1504,"Wed, 05 Feb 2025 17:13:32 +0100"
httpd,2025-02,<CAKQ1sVO=kdXrr+gnO-pqy5Nc_JYiawv42mdi9z1CBF1ga+w4vg@mail.gmail.com>,research/data/asf-access-2026-09-21/sources/httpd-2025-02.mbox.gz,4,09e59071a8e2fb79498730234423ab5d37ff62af3d41833e5f06ad48e1d59e8e,348acf6217baf3d0cea4815fc915f9e90e68cff278b27bb520e7e85371ca05d1,"Wed, 05 Feb 2025 17:22:08 +0100"
httpd,2025-02,<pony-649e1197-9241-4234-9171-339dfacdfa07-dev@httpd.apache.org>,research/data/asf-access-2026-09-21/sources/httpd-2025-02.mbox.gz,6,1d78692ef938da0f2dcb70f35dab6a461ad8bec9ff2488dac7557009637c95cd,ae53d92469a2faf5b0d5ba9323399924044fde9459dcd51a0e72f13c8288b83c,"Sun, 09 Feb 2025 08:13:22 -0000"
httpd,2025-02,<2deae6e1-4269-6a5c-3f81-ec64c38ab056@apache.org>,research/data/asf-access-2026-09-21/sources/httpd-2025-02.mbox.gz,7,a5128a7e77ab2cebc6ebffb5e73010ae381537b50c1702b9c03574d75fa7ed64,4114df4888c6c1cbbf7c48a6db4cc49306b1339cee8b495642a646bac337cda2,"Mon, 10 Feb 2025 16:22:15 +0100"
httpd,2025-02,<DD1B2A1C-7530-47FF-B509-74C3C100E010@jagunet.com>,research/data/asf-access-2026-09-21/sources/httpd-2025-02.mbox.gz,20,77529d22ae4b5557dae36db569f87fc14a8a538e6fff71c7cb0308697a3a9054,a93a64fbe5a675ea64ab507a4413d376083c5289af069fa253f8ed24db749386,"Wed, 26 Feb 2025 11:43:53 -0500"
httpd,2025-02,<86c6adcf-d704-019e-24b6-02e04707c58a@apache.org>,research/data/asf-access-2026-09-21/sources/httpd-2025-02.mbox.gz,21,b8ca395236de0c9a50c8f9469134e4e469fc18dbdde0119bdc905a7427018ae1,4daa43a9698de63471777b8bcc1fe3985ae9eb534f3fd06b11823553c51ef102,"Wed, 26 Feb 2025 20:47:17 +0100"
httpd,2025-03,<CA+v+6sE40uAat2qnJF-ttzxQfxx1HhMZcfAgcaGaLUyomx+K0A@mail.gmail.com>,research/data/asf-access-2026-09-21/sources/httpd-2025-03.mbox.gz,3,dc70dabebf3df9bb7fb54fad9f30c23466b656b9513fc0fcbbf1edae561ed647,a52306710da1d27d5bc42e139dd3355db50002aa920cd0681081efdef63a64f2,"Tue, 04 Mar 2025 14:01:39 +0100"
httpd,2025-03,<I_kwDOFoJrE86uDu_2@gitbox.apache.org>,research/data/asf-access-2026-09-21/sources/httpd-2025-03.mbox.gz,5,2bc475bdeb9085fd1514b561eb024218570f1000c620073345ba085e5fc0a571,7d5fb11505eb9ff8e5b6067b84c9e757696126dffaa794e599e1d72eb0d943c9,"Fri, 14 Mar 2025 13:17:44 -0000"
httpd,2025-03,<I_kwDOFoJrE86uDu_2-bdf494b8-5a48-498f-8569-9b8f982ae331@gitbox.apache.org>,research/data/asf-access-2026-09-21/sources/httpd-2025-03.mbox.gz,6,8f4eb02721cc58faf9dd4436223451c6a9ab57d47a2bab6a40b31d2fd4c00e9f,e3f2e86aeb4f241f4c6d00914d47de98ec919877dae8de23fc0484db72011522,"Fri, 14 Mar 2025 13:31:01 -0000"
httpd,2025-03,<I_kwDOFoJrE86uDu_2-f6734dae-5454-456b-b8a6-e2a9787fe201@gitbox.apache.org>,research/data/asf-access-2026-09-21/sources/httpd-2025-03.mbox.gz,7,f8050f37b276084440a00dc54d96ce466692defe18d0053e8f9ddfcc0d0046db,210b3cf4843b229248c3305babf520cad8e00e6c7e52e737082adf4d3a9ff260,"Fri, 14 Mar 2025 13:34:53 -0000"
httpd,2025-03,<I_kwDOFoJrE86uDu_2-ddb9871a-b53b-478f-bf23-bf58950018ea@gitbox.apache.org>,research/data/asf-access-2026-09-21/sources/httpd-2025-03.mbox.gz,8,86d312bdd9c74ac12d360896c5b1a0ee8e2695308b7dd8050d7d3ed91a2e0343,f456ff7da7bd2d2b749ba301515181f88549cb2bd558ce0e64faf648d9fb042b,"Fri, 14 Mar 2025 13:39:00 -0000"
httpd,2025-04,<bb3e05a5-e25e-6ec2-fc67-23277383275f@apache.org>,research/data/asf-access-2026-09-21/sources/httpd-2025-04.mbox.gz,1,d907d201098791bd3fbbbfa27b90d34115828fd886a2e90c7b66bd22dfbdd328,8a8768fc956dd8b8650c45bc660633bf110f71f208bd95884ac87566d8834b9c,"Fri, 25 Apr 2025 12:07:22 +0200"
httpd,2025-04,<38C752A9-6E7B-4BE4-AD74-9CB29D8B6288@sharp.fm>,research/data/asf-access-2026-09-21/sources/httpd-2025-04.mbox.gz,2,a4aa2a304e09195b87912fc9330bfddd53c46f70be68824e592786f208c1d1f3,fde62e4bbe81913a1d7e37306db0768e35bf85c4d91670a133f2b3ecc47d3a43,"Fri, 25 Apr 2025 12:05:04 +0100"
httpd,2025-05,<aBSIHh_OiYrxYbyn@redhat.com>,research/data/asf-access-2026-09-21/sources/httpd-2025-05.mbox.gz,1,bd00ada326d8a6933b7a6db28ccc7ffe8632051141757f8a9f3adcf410c6643e,27295bc9ac1ebf10be4129612b8ab3558faef067c57b2a35ff4bfe0e725740d7,"Fri, 02 May 2025 09:53:50 +0100"
httpd,2025-05,<b096451c-9219-155f-4944-dbe8a6c48703@apache.org>,research/data/asf-access-2026-09-21/sources/httpd-2025-05.mbox.gz,2,9f4fb442f3a3d580c451462d54dfaf55c83483da7f659b3769a0acac9b5f99f5,0b5396642a26d9d7798c7d7bb523f60ba453aacd371011c0dc0d1e033bee5241,"Fri, 02 May 2025 12:12:50 +0200"
httpd,2025-05,<00981aa0-fec2-4981-9d14-f74cf953b8bf@apache.org>,research/data/asf-access-2026-09-21/sources/httpd-2025-05.mbox.gz,3,4838a16e1222e5ab69cb59a6113f709cdb3275bf19fe94a9d6b1c90c88d41986,31cbf643ef4ccce84f0a4428ad7d99e3705a80d0f16507631c35f8c762f24e49,"Fri, 02 May 2025 09:06:16 -0500"
httpd,2025-05,<CAMHy98NxMHp2DEbgM0m8vWZe20DxKYC+sYvwTKQPE_p=S28nnw@mail.gmail.com>,research/data/asf-access-2026-09-21/sources/httpd-2025-05.mbox.gz,4,c277e84076c4ab512c2cb0a5bf5f7988970735820769e37ccc7e7c99743e676f,45911d2a5ae44a8465c1ac0113be8a2b067eb6fcc8e2dada75bba7ef64ee6437,"Mon, 05 May 2025 08:37:17 +0200"
httpd,2025-05,<246b2b22-0da6-4270-9acb-ea56fbf8869a@apache.org>,research/data/asf-access-2026-09-21/sources/httpd-2025-05.mbox.gz,8,10c106517473f08ba917df7ace6454ad0fdd1c6579edb037c80045e3d9e7a647,d1f474b3633b29c2de1ed63f8261812737f09bffa884e833c8d21e4ccb7038cb,"Fri, 09 May 2025 09:30:00 -0500"
httpd,2025-05,<CAN_UZdD44k3abPc4_tiBQN5PyXZfP8WdqHPQ-di94N_=PwcB4A@mail.gmail.com>,research/data/asf-access-2026-09-21/sources/httpd-2025-05.mbox.gz,24,0a6c0b9e0a15694406096b8e7d28269f271779efdf6335a38cf04aac1aec95ef,69245a9795b2aa7dc436ff6acbd83ad1f93307b14ae886d15fc4204c11f49335,"Sat, 31 May 2025 01:13:25 +0700"
httpd,2025-07,<842dd940-e777-f740-9129-9a1bb2a58216@apache.org>,research/data/asf-access-2026-09-21/sources/httpd-2025-07.mbox.gz,16,23b552c698815ab9188058d84ec5ed0f0d018ec77391a59db04ad3f9d09b54c6,7738b704e9a896d1455a8e28ec9a70974db7e1e3a422a6a2d88bf7bce51eb05b,"Mon, 07 Jul 2025 18:15:51 +0200"
httpd,2025-07,<CALK=YjM8Rdo-iOy5rUtDxf2V7OXBZYXbkBF16nJTzh91PpxrOw@mail.gmail.com>,research/data/asf-access-2026-09-21/sources/httpd-2025-07.mbox.gz,30,0a9385567e8fd82c2ed762ad65d4d0a1e9f02856f77ec8c45246a8e291640a71,7b32f61b532a405602040d589c54c8bb8d7b925c5f4431de5a1b39350c2d543f,"Thu, 10 Jul 2025 08:04:27 -0400"
httpd,2025-07,<CALK=YjPyjx8jPig=pG+PyHcAj1LjHxVNyg5XOALzfcdTs2xbHg@mail.gmail.com>,research/data/asf-access-2026-09-21/sources/httpd-2025-07.mbox.gz,31,c7396dcbfa46b41773e9f43218b2bba8e7154c361f2535be618a4f2f2e7aaf77,b3fa0f738edded5497d89f33b16cbd80a0c16bb2b0067309fcabe64d1f6dbbe1,"Thu, 10 Jul 2025 09:52:45 -0400"
httpd,2025-07,<aHYCbYmejergNBQo@redhat.com>,research/data/asf-access-2026-09-21/sources/httpd-2025-07.mbox.gz,33,d9daed72bb68247b912ae1277057058ab1ffbb5adce7cb1e3a2786a855a2342a,53e34917c56cb1d52f8cbee14217fb0e00cfd79f5964f8a12765bb593d247504,"Tue, 15 Jul 2025 08:25:33 +0100"
httpd,2025-08,<dbe8a9cc-634c-8201-5b86-d7eb3d175d7f@apache.org>,research/data/asf-access-2026-09-21/sources/httpd-2025-08.mbox.gz,2,57758ab24c19fe6c58cd02234deed71afed160efd51dfc893c635ecf28e90f3c,42c8058281154c0b1cd70625ad7a5610f70a62ce8da6d4c58a1ec87cfc4f1f13,"Mon, 11 Aug 2025 13:33:28 +0200"
httpd,2025-09,<0A5C81EC-066F-4BB5-8A38-F5962BC3C7DA@eissing.org>,research/data/asf-access-2026-09-21/sources/httpd-2025-09.mbox.gz,1,a3f7daffd3df91f4ddcedd5aca61fb9e5618829aef253e7eb7e17221bb535593,fe83f86dd19ac7eca11cc65cc1ddef562985fa19d102a86e7e7bfae44a688c39,"Wed, 03 Sep 2025 17:49:38 +0200"
httpd,2025-09,<6e414ac4-cd5b-6367-bd54-5728622b227d@apache.org>,research/data/asf-access-2026-09-21/sources/httpd-2025-09.mbox.gz,2,c582f5ae708e7b46ac830a93538759edc39f9b91e07a63623bc48ef30ef2d900,9676c771babe3837f644fd5023be2114709179a3726e7cc7b893318a96bdfb34,"Wed, 03 Sep 2025 20:55:54 +0200"
httpd,2025-09,<6DCA5DF0-1A39-488B-A3BF-F7E81B14DB9B@eissing.org>,research/data/asf-access-2026-09-21/sources/httpd-2025-09.mbox.gz,3,9ca35273d5fc2f6dbc389c89931b51f9d25233667a97ea0c63bfc4f185075a4b,5593f7cbe4c9bd3f46ee9c1f02ea58469b9f9b4e9ec5008e9afaee087b1a9cae,"Wed, 03 Sep 2025 21:16:44 +0200"
httpd,2025-09,<ce9015a1-47cc-e1df-97b7-793e9eb341bd@apache.org>,research/data/asf-access-2026-09-21/sources/httpd-2025-09.mbox.gz,4,4cb68e4cef9aa34fe5b8857f3cbc365f0c0dde163b947d81da2b56da5f06f4d8,86e53d89d2eb60fa12673c550411183df03bede9f30f699654778dab7cc51b87,"Thu, 04 Sep 2025 08:06:37 +0200"
httpd,2025-09,<aLk7NkMM6jVlrbED@redhat.com>,research/data/asf-access-2026-09-21/sources/httpd-2025-09.mbox.gz,5,6e49ec85987f20efecbd9c53079d4ff0e6eaee16cdf94b21fcb6f939518b0021,7a20104448f746e47175df7f4a252ea7f78dbe023ead2923c94a9c628c57f8bd,"Thu, 04 Sep 2025 08:09:42 +0100"
httpd,2025-09,<ca4aac72-5dd5-dd9c-b40f-c840b0d98938@apache.org>,research/data/asf-access-2026-09-21/sources/httpd-2025-09.mbox.gz,6,e84a3e1267670c0a5de7ee3806b1492ffad6822af5bf6dfdf74207863eb9f810,757e6d7efcc67b779d9ea62c1d6958036bcf93cfe2fc74902dd97ab097879801,"Thu, 04 Sep 2025 09:12:45 +0200"
httpd,2025-09,<013df4d5-2ec8-29f3-b322-111fdb94b11e@apache.org>,research/data/asf-access-2026-09-21/sources/httpd-2025-09.mbox.gz,8,9f615cc9e673106004cc129253e76dce7cbc60d493259a5c61dd1ea22be1f009,cd4451b07ad23e0976c25008532849407d87bb70460c165a958a01259c3d4a64,"Thu, 04 Sep 2025 10:10:20 +0200"
httpd,2025-10,<c76de17f-4032-4b4f-b5dd-d5b025df97a5@apache.org>,research/data/asf-access-2026-09-21/sources/httpd-2025-10.mbox.gz,10,88bf97a1e5b9b153e469c17a59906ebbf1d9feeb6871ff3eb83bb52669e2994f,10081fc941e80c00d21ff1459248bea274298560bc6de2dfdb523b4834df8d44,"Fri, 17 Oct 2025 22:53:45 +0200"
httpd,2025-11,<CAOgWCMFjp3EgzFAdLP4=xkuBLO_-Gi5rCFqwzzi4DUWTGX+F+g@mail.gmail.com>,research/data/asf-access-2026-09-21/sources/httpd-2025-11.mbox.gz,1,233969e2a02db866c7d311dfb035e540bde93c994dab3f755bebf8b6b5b4f784,a4cbf3c37511f714e902dd5040942e6682cc73923056082bf163b2967c978f4e,"Sat, 01 Nov 2025 16:18:23 +0100"
httpd,2025-11,<aQa9k_KgFqNf47HB@homeworld.netbsd.org>,research/data/asf-access-2026-09-21/sources/httpd-2025-11.mbox.gz,2,1aee0bc55f0156aaad94f79834d4b890f46844487958fcad04b3c124d9fdbed1,3ff803d83c857013683fd922f5ab69589036e40a34f8a294ce21013e7282b73f,"Sun, 02 Nov 2025 02:10:27 +0000"
httpd,2025-11,<aQcohbO0CYoRSDHA@leander>,research/data/asf-access-2026-09-21/sources/httpd-2025-11.mbox.gz,3,0402d68f0049f3c69cb80b2e88eef61c7bb7d789dd98e16d5670db043d67e25b,c95d99fc5450a9660bb3de804af4645d7dd14caaa6a42fddb5d1947fde21badc,"Sun, 02 Nov 2025 10:46:45 +0100"
httpd,2025-11,<CAOgWCMHUNiEygt6BFZU8S7iOoNzp=Fm2URTXa2YBXyzMtAwY3g@mail.gmail.com>,research/data/asf-access-2026-09-21/sources/httpd-2025-11.mbox.gz,4,e3b187262509374ad7784f29559115a93eb4a1629e2317aa401a47e19958aff0,d95eb7962a9688d58de3e8c5805a93b24f6128a8cc6a6e354670d9018c759921,"Sun, 02 Nov 2025 12:53:52 +0100"
httpd,2025-11,<aQeFn9ON70rp5kYN@leander>,research/data/asf-access-2026-09-21/sources/httpd-2025-11.mbox.gz,5,9d31be339d77757a9711daa8f3521c72d3c02d54615d6df06178e7aff6cae483,7d36bf216e34a99153309431c182ca16f05acf7d589a1ef0bea3ffd0a48cc7f1,"Sun, 02 Nov 2025 17:23:59 +0100"
httpd,2025-11,<CAOgWCMEqDFSneaxbhPZAP98T69Q0xQY8LkDzFrK8yQ3CmaOrRQ@mail.gmail.com>,research/data/asf-access-2026-09-21/sources/httpd-2025-11.mbox.gz,6,74b19d9aac780baafada183a607636667af3863d02a07cb67b8a806f9cbd2ffe,0ad66a756003a96b8eca9884b044b8b9b2c6777908da2409f9cc9efa6c48b79d,"Sun, 02 Nov 2025 17:42:16 +0100"
httpd,2025-11,<AB30D366-CDE6-4097-8CAE-6F9FF4DDFC48@webweaving.org>,research/data/asf-access-2026-09-21/sources/httpd-2025-11.mbox.gz,7,e16fb8693d98a8c3bf14b98543270070f1b163ef27a3ca379c0b403bc257b815,1c7fd6d78d61518fe5e69d59d9f66d417e7f44a02aab688ada869848cf4ee156,"Sun, 02 Nov 2025 19:26:13 +0100"
httpd,2025-11,<aQfD4zPfGNybKIk8@leander>,research/data/asf-access-2026-09-21/sources/httpd-2025-11.mbox.gz,8,30d244ee6eb43d23dad0958965c9c34bbca98f4201067deafef4f7a755ce7b63,39aa7c626be554eda1c18aefc967fdf2ca4ce54172798610042027ecd75ebcac,"Sun, 02 Nov 2025 21:49:39 +0100"
httpd,2025-11,<CAOgWCMFifMsGv0Zs8w3m+myyJLFH2xtxVWhwwmgnvG0FK0mhPA@mail.gmail.com>,research/data/asf-access-2026-09-21/sources/httpd-2025-11.mbox.gz,9,4fc487893f53f27e89c8c1acea82a14a02e7d575058454e3e38d8a7f64a38b37,856a9e006bbe017c57ef5810c8b58eae3269c6e5838349d25251631c6a61a761,"Mon, 03 Nov 2025 17:04:25 +0100"
httpd,2025-11,<aQjTOU4PBTBGFT_g@homeworld.netbsd.org>,research/data/asf-access-2026-09-21/sources/httpd-2025-11.mbox.gz,10,6a61f03b531058845bf3a9c45ded7d8db3021944f4b283c2513eb9cfe5b37dc8,1c9dc8d49fd218bfc2d2fb45b18ecb1f37afa12979771f158d46e6796f4a867f,"Mon, 03 Nov 2025 16:07:21 +0000"
httpd,2025-11,<aQjahT073HUYTARi@leander>,research/data/asf-access-2026-09-21/sources/httpd-2025-11.mbox.gz,11,090257b6eb9b1a7d0dcd37a66ba9338577c0f3d14cd2d01104e74e4e4b3645c9,cdb0f5b0c50f293c50032c3b06e3f80ba7f6d4d33deb08263459826bf07e6778,"Mon, 03 Nov 2025 17:38:29 +0100"
httpd,2025-11,<aQjdJOcuTx7qW_Vr@homeworld.netbsd.org>,research/data/asf-access-2026-09-21/sources/httpd-2025-11.mbox.gz,12,b70bb1ba663684c26da475e7760e00ee9c534f28dbeeee51b66c9847f71e5f1f,905ff603c11a77254f00c2d84ff43509d9b813e1c24b8a402f9a43b9f4c3a95d,"Mon, 03 Nov 2025 16:49:40 +0000"
httpd,2025-11,<CALK=YjMLhsF5BuhRvpEznkZ-UhnSrWZD_midn5Y4BNTDm0ahVQ@mail.gmail.com>,research/data/asf-access-2026-09-21/sources/httpd-2025-11.mbox.gz,13,f3af4d0c29523d359555c7841b498c8e4a15b387e639bfcd2e21a9face97aa7d,51e95ad3bdebe66f4e93d49060e1db91ff7a8202a7b35afc36525b1537d0b8aa,"Mon, 03 Nov 2025 11:54:09 -0500"
httpd,2025-11,<50587312-bdf8-a7c3-e039-f8b038209ee9@apache.org>,research/data/asf-access-2026-09-21/sources/httpd-2025-11.mbox.gz,14,2a2189d649a320aabd0ece170e58f4c1d991dcf103eb26e42add4351a4b6f516,dc32a00e6b074289b6c368c0a759b9f297683692e6a92a72652e1355d0b3d397,"Tue, 04 Nov 2025 14:39:51 +0100"
httpd,2025-11,<aQofO1cbz66Mu_82@homeworld.netbsd.org>,research/data/asf-access-2026-09-21/sources/httpd-2025-11.mbox.gz,15,a23ff527778ed08662b9dce4f3ceb8d8b4bdfbfcb2e9140678e09ffc16662f52,897482f4215dd474e8ae308050115fdb7b11e8246ca6d4aa7a55cf5777a3dfbf,"Tue, 04 Nov 2025 15:43:55 +0000"
httpd,2025-11,<f585ad26-4229-4523-80e1-cfc30dd80998@paclan.it>,research/data/asf-access-2026-09-21/sources/httpd-2025-11.mbox.gz,16,f24e4aa60403002a9d7d94e1f0b6b989284db2894082f455f27a9d96208dc743,a80fd56dbc70646a91a3dc589526119fdb57b94cef811e62399c791ce026808b,"Wed, 05 Nov 2025 15:02:25 +0100"
httpd,2025-11,<aRTKTyw5CrM5NFHF@redhat.com>,research/data/asf-access-2026-09-21/sources/httpd-2025-11.mbox.gz,18,1be5db6f3e0a604b029fac4efbc6323d4cb727306b8a514bc16c6118ef41ca05,43ca675ed9e274c0c19d2628f7fe719511f5e0db4ae014db3dd168f3d3c181cf,"Wed, 12 Nov 2025 17:56:31 +0000"
httpd,2025-11,<920EC703-90CA-47FD-BFDC-E0C8D3EE5DC2@eissing.org>,research/data/asf-access-2026-09-21/sources/httpd-2025-11.mbox.gz,19,5f3806450e998111b0ea70826d0ee385ac37cdf4cb9d907adc35f7cae620b8f6,dcf3a422d50a3be5d2eae90334254940eb0f406495e212e399ac2e9f59ad73bf,"Thu, 13 Nov 2025 10:51:12 +0100"
httpd,2025-11,<CAOgWCMF-VPpHwjyDwyoCryJKwgVbBg=eh7bKnOkkK-hf5NWc-w@mail.gmail.com>,research/data/asf-access-2026-09-21/sources/httpd-2025-11.mbox.gz,23,0bdc0a33ea5dc17d8d83a0e796f5de37097d8e86cdf4340b34043d792b2f7916,ef24e076949443d5726a7613ea7bb0a74591417c44d5a54b009f5989076e72f4,"Sun, 30 Nov 2025 11:23:05 +0100"
httpd,2025-11,<CAOgWCMHG=E90BWN8JzX7pnGa_fAT6hciaQEg=LmUK_P6PyVKEw@mail.gmail.com>,research/data/asf-access-2026-09-21/sources/httpd-2025-11.mbox.gz,24,1113c8e56c7e02bb87ca9bfdbb2be5bb34ae9105a9027beec8eb9ecfb1619b4e,989794740c0608a189548e57d6b93f0a712055c797c67f8a8da2340169b62e2c,"Sun, 30 Nov 2025 11:38:40 +0100"
httpd,2025-12,<CAN_UZdDwRc_yEOo+ONbXLX9OWvTOCNhnhkQwGXx5k_9saLPdiw@mail.gmail.com>,research/data/asf-access-2026-09-21/sources/httpd-2025-12.mbox.gz,11,a65e331e79753f28956bb34dcf12e82b19a501146a8c9c5e4c3bcdfc392a3038,8ab1900794bbf9a626898ae2aa8c25e188e7b920d196dc8e30be2e2c86dcbca2,"Wed, 03 Dec 2025 16:47:35 +0700"
httpd,2025-12,<CO1PR15MB501780ABECD37B9D8681936AF7A0A@CO1PR15MB5017.namprd15.prod.outlook.com>,research/data/asf-access-2026-09-21/sources/httpd-2025-12.mbox.gz,21,18b19b4aeeee5f89a4ea147778c15754a6d385f6de6a933362658cd3c82ef0b3,3e809b09bca15db5804ce26e012923d22ae16be06d9cb1238b4c0ad90326943d,"Wed, 10 Dec 2025 14:08:10 +0000"
httpd,2025-12,<CALK=YjOKXiqPqCTa5oqa0rKqNWS69SkQKM_J5CPT4PWT6WMM=w@mail.gmail.com>,research/data/asf-access-2026-09-21/sources/httpd-2025-12.mbox.gz,22,d290c5f854e0ca63f124bd4a8ce0faf30c8c2cfd46baff3aaba19173c19c99be,580311673f240696cafca46d3017e9a3bc611980c71831d57a5e6863f5328422,"Wed, 10 Dec 2025 09:18:53 -0500"
httpd,2025-12,<CO1PR15MB50179934BDD618B2E53B8695F7B5A@CO1PR15MB5017.namprd15.prod.outlook.com>,research/data/asf-access-2026-09-21/sources/httpd-2025-12.mbox.gz,33,b4857f1ddeeb01a30f947f9466cb552838e0e7ea9827460fcb3143238da196e6,79ff4411ab7959bd53a9db00fe62e41ae230f2fa983bf9fe3e1e1a70019409af,"Tue, 23 Dec 2025 05:56:39 +0000"
httpd,2025-12,<CAOgWCMHEpd9QouSJrX8=2urUcg3kUz60=B9AMLxHbvmDvd5+MQ@mail.gmail.com>,research/data/asf-access-2026-09-21/sources/httpd-2025-12.mbox.gz,34,7d5c5e98994620a468dc3ac150b630b3d4c749b3312442caf96c887ecbd60d2b,226203673fa22151be6ccb5cd93f73280290a0c9a3449e27adc2cc338ef68e41,"Tue, 23 Dec 2025 10:03:06 +0100"
