source_path,title,start_line,end_line,sha256,review_scope,reason
research/data/asf-access-2026-09-21/sources/board_minutes_2023_01_18.txt,1. Call to order,8,20,13f0c3fc583c017ec88ea70c3940520f9fcabf620a73aea70e3ec3766cfd266d,"All retained main, officer, cohort, Attic and Community Development sections read in full; other PMC attachment titles remain outside the fixed cohort.","Privacy policy ratified; officer says new try at ratification, action dates to June 2022. Check earliest onset before eligibility. | Infra reports planned Travis shift, LDAP/JDK/Gradle/platform work. No project effect assigned from this alone. | Maven and Attic reports explicitly absent. | Other routine resource/role changes are context; no zero cross-effect inferred."
research/data/asf-access-2026-09-21/sources/board_minutes_2023_01_18.txt,2. Roll Call,21,73,3ec540e846beac5a23a04754f22b288ab84505c13f4a1389210be76a529c4dbb,"All retained main, officer, cohort, Attic and Community Development sections read in full; other PMC attachment titles remain outside the fixed cohort.","Privacy policy ratified; officer says new try at ratification, action dates to June 2022. Check earliest onset before eligibility. | Infra reports planned Travis shift, LDAP/JDK/Gradle/platform work. No project effect assigned from this alone. | Maven and Attic reports explicitly absent. | Other routine resource/role changes are context; no zero cross-effect inferred."
research/data/asf-access-2026-09-21/sources/board_minutes_2023_01_18.txt,3. Minutes from previous meetings,74,85,9b0e5f0f2deb006aadabd7eadf894bb04aff9b9a32e4fa78c8af8cdc29c42abf,"All retained main, officer, cohort, Attic and Community Development sections read in full; other PMC attachment titles remain outside the fixed cohort.","Privacy policy ratified; officer says new try at ratification, action dates to June 2022. Check earliest onset before eligibility. | Infra reports planned Travis shift, LDAP/JDK/Gradle/platform work. No project effect assigned from this alone. | Maven and Attic reports explicitly absent. | Other routine resource/role changes are context; no zero cross-effect inferred."
research/data/asf-access-2026-09-21/sources/board_minutes_2023_01_18.txt,4. Executive Officer Reports,86,156,215beaca37c06ddfa0de75aaeeaaa7569923d9a0c35eeb44f21df9b3bad21aa9,"All retained main, officer, cohort, Attic and Community Development sections read in full; other PMC attachment titles remain outside the fixed cohort.","Privacy policy ratified; officer says new try at ratification, action dates to June 2022. Check earliest onset before eligibility. | Infra reports planned Travis shift, LDAP/JDK/Gradle/platform work. No project effect assigned from this alone. | Maven and Attic reports explicitly absent. | Other routine resource/role changes are context; no zero cross-effect inferred."
research/data/asf-access-2026-09-21/sources/board_minutes_2023_01_18.txt,5. Additional Officer Reports,157,176,85fad5b5aec69ece57faea74e582ef7c1b2ca8fdb29221319ac813d4e26fa8ae,"All retained main, officer, cohort, Attic and Community Development sections read in full; other PMC attachment titles remain outside the fixed cohort.","Privacy policy ratified; officer says new try at ratification, action dates to June 2022. Check earliest onset before eligibility. | Infra reports planned Travis shift, LDAP/JDK/Gradle/platform work. No project effect assigned from this alone. | Maven and Attic reports explicitly absent. | Other routine resource/role changes are context; no zero cross-effect inferred."
research/data/asf-access-2026-09-21/sources/board_minutes_2023_01_18.txt,Committee agenda: J. Apache Attic Project [Herve Boutemy / Willem],224,227,af9bbb85d636f094cd517846c2e309a532722ff59673da8f97bd3950ccdcc1f2,"All retained main, officer, cohort, Attic and Community Development sections read in full; other PMC attachment titles remain outside the fixed cohort.","Privacy policy ratified; officer says new try at ratification, action dates to June 2022. Check earliest onset before eligibility. | Infra reports planned Travis shift, LDAP/JDK/Gradle/platform work. No project effect assigned from this alone. | Maven and Attic reports explicitly absent. | Other routine resource/role changes are context; no zero cross-effect inferred."
research/data/asf-access-2026-09-21/sources/board_minutes_2023_01_18.txt,Committee agenda: AY. Apache Maven Project [Karl Heinz Marbaise / Sander],392,395,adb4152c7595b01cd5bfa8a287d4af5ef32353f082d8740f457b135fc3c3faf7,"All retained main, officer, cohort, Attic and Community Development sections read in full; other PMC attachment titles remain outside the fixed cohort.","Privacy policy ratified; officer says new try at ratification, action dates to June 2022. Check earliest onset before eligibility. | Infra reports planned Travis shift, LDAP/JDK/Gradle/platform work. No project effect assigned from this alone. | Maven and Attic reports explicitly absent. | Other routine resource/role changes are context; no zero cross-effect inferred."
research/data/asf-access-2026-09-21/sources/board_minutes_2023_01_18.txt,7. Special Orders,578,965,562c4ba799bb55bf06a51aeab94d44e658f47544d25ca12ef1641cb6fec400a3,"All retained main, officer, cohort, Attic and Community Development sections read in full; other PMC attachment titles remain outside the fixed cohort.","Privacy policy ratified; officer says new try at ratification, action dates to June 2022. Check earliest onset before eligibility. | Infra reports planned Travis shift, LDAP/JDK/Gradle/platform work. No project effect assigned from this alone. | Maven and Attic reports explicitly absent. | Other routine resource/role changes are context; no zero cross-effect inferred."
research/data/asf-access-2026-09-21/sources/board_minutes_2023_01_18.txt,8. Discussion Items,966,976,2945b71d2c248d63f97f86e4d61d92c454c18fdeaa6fcf12b154812f38315aae,"All retained main, officer, cohort, Attic and Community Development sections read in full; other PMC attachment titles remain outside the fixed cohort.","Privacy policy ratified; officer says new try at ratification, action dates to June 2022. Check earliest onset before eligibility. | Infra reports planned Travis shift, LDAP/JDK/Gradle/platform work. No project effect assigned from this alone. | Maven and Attic reports explicitly absent. | Other routine resource/role changes are context; no zero cross-effect inferred."
research/data/asf-access-2026-09-21/sources/board_minutes_2023_01_18.txt,9. Review Outstanding Action Items,977,992,9f872fce98ab8fe26fd31b60b7d2938fb23757387b70287195feec98abe6b5d9,"All retained main, officer, cohort, Attic and Community Development sections read in full; other PMC attachment titles remain outside the fixed cohort.","Privacy policy ratified; officer says new try at ratification, action dates to June 2022. Check earliest onset before eligibility. | Infra reports planned Travis shift, LDAP/JDK/Gradle/platform work. No project effect assigned from this alone. | Maven and Attic reports explicitly absent. | Other routine resource/role changes are context; no zero cross-effect inferred."
research/data/asf-access-2026-09-21/sources/board_minutes_2023_01_18.txt,10. Unfinished Business,993,994,6509f65610f5edd3568891f04bf8cba8c83257596c4076b5c95a8c4d116946b6,"All retained main, officer, cohort, Attic and Community Development sections read in full; other PMC attachment titles remain outside the fixed cohort.","Privacy policy ratified; officer says new try at ratification, action dates to June 2022. Check earliest onset before eligibility. | Infra reports planned Travis shift, LDAP/JDK/Gradle/platform work. No project effect assigned from this alone. | Maven and Attic reports explicitly absent. | Other routine resource/role changes are context; no zero cross-effect inferred."
research/data/asf-access-2026-09-21/sources/board_minutes_2023_01_18.txt,11. New Business,995,996,63134e9b06b3ee81744d4ad0bc4dc3c53c8ae5ae906d07035b3e730552809da2,"All retained main, officer, cohort, Attic and Community Development sections read in full; other PMC attachment titles remain outside the fixed cohort.","Privacy policy ratified; officer says new try at ratification, action dates to June 2022. Check earliest onset before eligibility. | Infra reports planned Travis shift, LDAP/JDK/Gradle/platform work. No project effect assigned from this alone. | Maven and Attic reports explicitly absent. | Other routine resource/role changes are context; no zero cross-effect inferred."
research/data/asf-access-2026-09-21/sources/board_minutes_2023_01_18.txt,12. Announcements,997,998,3077f3127f59436a67aa1b591f7bd3be28c18bdc2fccc5f03847eef2cbd766cf,"All retained main, officer, cohort, Attic and Community Development sections read in full; other PMC attachment titles remain outside the fixed cohort.","Privacy policy ratified; officer says new try at ratification, action dates to June 2022. Check earliest onset before eligibility. | Infra reports planned Travis shift, LDAP/JDK/Gradle/platform work. No project effect assigned from this alone. | Maven and Attic reports explicitly absent. | Other routine resource/role changes are context; no zero cross-effect inferred."
research/data/asf-access-2026-09-21/sources/board_minutes_2023_01_18.txt,13. Adjournment,999,1007,cbf564e7e38d8705f7baf6dad42f7f0a4676a1d1131e47b4d322d36072c78129,"All retained main, officer, cohort, Attic and Community Development sections read in full; other PMC attachment titles remain outside the fixed cohort.","Privacy policy ratified; officer says new try at ratification, action dates to June 2022. Check earliest onset before eligibility. | Infra reports planned Travis shift, LDAP/JDK/Gradle/platform work. No project effect assigned from this alone. | Maven and Attic reports explicitly absent. | Other routine resource/role changes are context; no zero cross-effect inferred."
research/data/asf-access-2026-09-21/sources/board_minutes_2023_01_18.txt,Attachment 1: Report from the VP of Brand Management  [Mark Thomas],1008,1049,270d627c0c0b7662a2324926dea67f7c7cbb8faa671da2cbbab49f26ee505311,"All retained main, officer, cohort, Attic and Community Development sections read in full; other PMC attachment titles remain outside the fixed cohort.","Privacy policy ratified; officer says new try at ratification, action dates to June 2022. Check earliest onset before eligibility. | Infra reports planned Travis shift, LDAP/JDK/Gradle/platform work. No project effect assigned from this alone. | Maven and Attic reports explicitly absent. | Other routine resource/role changes are context; no zero cross-effect inferred."
research/data/asf-access-2026-09-21/sources/board_minutes_2023_01_18.txt,Attachment 2: Report from the VP of Fundraising  [Bob Paulin],1050,1091,0889ec3140e6838e1b77f426984bc378ed9e848331b17d91e692c879b6ca2bbc,"All retained main, officer, cohort, Attic and Community Development sections read in full; other PMC attachment titles remain outside the fixed cohort.","Privacy policy ratified; officer says new try at ratification, action dates to June 2022. Check earliest onset before eligibility. | Infra reports planned Travis shift, LDAP/JDK/Gradle/platform work. No project effect assigned from this alone. | Maven and Attic reports explicitly absent. | Other routine resource/role changes are context; no zero cross-effect inferred."
research/data/asf-access-2026-09-21/sources/board_minutes_2023_01_18.txt,Attachment 3: Report from the VP of Marketing and Publicity  [Joe Brockmeier],1092,1136,572cd87ed718da43ca54553b1a00854e2c684aafb7fc6daf687439609a5d18b8,"All retained main, officer, cohort, Attic and Community Development sections read in full; other PMC attachment titles remain outside the fixed cohort.","Privacy policy ratified; officer says new try at ratification, action dates to June 2022. Check earliest onset before eligibility. | Infra reports planned Travis shift, LDAP/JDK/Gradle/platform work. No project effect assigned from this alone. | Maven and Attic reports explicitly absent. | Other routine resource/role changes are context; no zero cross-effect inferred."
research/data/asf-access-2026-09-21/sources/board_minutes_2023_01_18.txt,Attachment 4: Report from the VP of Infrastructure  [David Nalley],1137,1173,620d60c90ad2b7e2b7a2334bb8da5eee67842969e311d94aa2450f17edc78bf0,"All retained main, officer, cohort, Attic and Community Development sections read in full; other PMC attachment titles remain outside the fixed cohort.","Privacy policy ratified; officer says new try at ratification, action dates to June 2022. Check earliest onset before eligibility. | Infra reports planned Travis shift, LDAP/JDK/Gradle/platform work. No project effect assigned from this alone. | Maven and Attic reports explicitly absent. | Other routine resource/role changes are context; no zero cross-effect inferred."
research/data/asf-access-2026-09-21/sources/board_minutes_2023_01_18.txt,Attachment 5: Report from the VP of Conferences  [Rich Bowen],1174,1179,372add2a81d2e3ca8a7196fc13cc060e205d1731b21507eea5a68102d286b372,"All retained main, officer, cohort, Attic and Community Development sections read in full; other PMC attachment titles remain outside the fixed cohort.","Privacy policy ratified; officer says new try at ratification, action dates to June 2022. Check earliest onset before eligibility. | Infra reports planned Travis shift, LDAP/JDK/Gradle/platform work. No project effect assigned from this alone. | Maven and Attic reports explicitly absent. | Other routine resource/role changes are context; no zero cross-effect inferred."
research/data/asf-access-2026-09-21/sources/board_minutes_2023_01_18.txt,Attachment 6: Report from the Apache Travel Assistance Committee  [Gavin McDonald],1180,1237,d7c637809af1977b8ffda4a7eb935bf64e54f66a181b609fdec5609a5b31efdf,"All retained main, officer, cohort, Attic and Community Development sections read in full; other PMC attachment titles remain outside the fixed cohort.","Privacy policy ratified; officer says new try at ratification, action dates to June 2022. Check earliest onset before eligibility. | Infra reports planned Travis shift, LDAP/JDK/Gradle/platform work. No project effect assigned from this alone. | Maven and Attic reports explicitly absent. | Other routine resource/role changes are context; no zero cross-effect inferred."
research/data/asf-access-2026-09-21/sources/board_minutes_2023_01_18.txt,Attachment 7: Report from the VP of Diversity and Inclusion  [Katia Rojas],1238,1275,ff89f33c5b8120c60f2c625865b02cb04c67c7a94625784552af949f27b031f6,"All retained main, officer, cohort, Attic and Community Development sections read in full; other PMC attachment titles remain outside the fixed cohort.","Privacy policy ratified; officer says new try at ratification, action dates to June 2022. Check earliest onset before eligibility. | Infra reports planned Travis shift, LDAP/JDK/Gradle/platform work. No project effect assigned from this alone. | Maven and Attic reports explicitly absent. | Other routine resource/role changes are context; no zero cross-effect inferred."
research/data/asf-access-2026-09-21/sources/board_minutes_2023_01_18.txt,Attachment 8: Report from the VP of Data Privacy  [Christian Grobmeier],1276,1315,67703e9c96f2a3152a482c367ed4cb28eae5ecd105b7c39167f430f367783c8c,"All retained main, officer, cohort, Attic and Community Development sections read in full; other PMC attachment titles remain outside the fixed cohort.","Privacy policy ratified; officer says new try at ratification, action dates to June 2022. Check earliest onset before eligibility. | Infra reports planned Travis shift, LDAP/JDK/Gradle/platform work. No project effect assigned from this alone. | Maven and Attic reports explicitly absent. | Other routine resource/role changes are context; no zero cross-effect inferred."
research/data/asf-access-2026-09-21/sources/board_minutes_2023_01_18.txt,Attachment 9: Report from the VP of W3C Relations  [Andy Seaborne],1316,1322,3f08ada2583a617522f4388730242c957ad7be8199bffebbd3de313884027193,"All retained main, officer, cohort, Attic and Community Development sections read in full; other PMC attachment titles remain outside the fixed cohort.","Privacy policy ratified; officer says new try at ratification, action dates to June 2022. Check earliest onset before eligibility. | Infra reports planned Travis shift, LDAP/JDK/Gradle/platform work. No project effect assigned from this alone. | Maven and Attic reports explicitly absent. | Other routine resource/role changes are context; no zero cross-effect inferred."
research/data/asf-access-2026-09-21/sources/board_minutes_2023_01_18.txt,Attachment 10: Report from the Apache Legal Affairs Committee  [Roman Shaposhnik],1323,1333,9232116abbf83b70144e9395a54717ab6099a1ef29df79bdce01f464f982a9c3,"All retained main, officer, cohort, Attic and Community Development sections read in full; other PMC attachment titles remain outside the fixed cohort.","Privacy policy ratified; officer says new try at ratification, action dates to June 2022. Check earliest onset before eligibility. | Infra reports planned Travis shift, LDAP/JDK/Gradle/platform work. No project effect assigned from this alone. | Maven and Attic reports explicitly absent. | Other routine resource/role changes are context; no zero cross-effect inferred."
research/data/asf-access-2026-09-21/sources/board_minutes_2023_01_18.txt,Attachment 11: Report from the Apache Security Team Project  [Mark J. Cox],1334,1373,310268bb07eb3fe9974b493ffea2ae08c93fcfc1eb245e21d0e4309e7d99aadf,"All retained main, officer, cohort, Attic and Community Development sections read in full; other PMC attachment titles remain outside the fixed cohort.","Privacy policy ratified; officer says new try at ratification, action dates to June 2022. Check earliest onset before eligibility. | Infra reports planned Travis shift, LDAP/JDK/Gradle/platform work. No project effect assigned from this alone. | Maven and Attic reports explicitly absent. | Other routine resource/role changes are context; no zero cross-effect inferred."
research/data/asf-access-2026-09-21/sources/board_minutes_2023_01_18.txt,Attachment 12: Report from the VP of Jakarta EE Relations [Rob Tompkins],1374,1377,fd0528b980b2d228fa27e83e5215b165b3f33fd15f470736c054dae88d16e9b1,"All retained main, officer, cohort, Attic and Community Development sections read in full; other PMC attachment titles remain outside the fixed cohort.","Privacy policy ratified; officer says new try at ratification, action dates to June 2022. Check earliest onset before eligibility. | Infra reports planned Travis shift, LDAP/JDK/Gradle/platform work. No project effect assigned from this alone. | Maven and Attic reports explicitly absent. | Other routine resource/role changes are context; no zero cross-effect inferred."
research/data/asf-access-2026-09-21/sources/board_minutes_2023_01_18.txt,Attachment J: Report from the Apache Attic Project  [Herve Boutemy],1779,1782,c7605e1b442979279c350bbb06cdb1a488e0bfe4372e37f5367eedc0291be41a,"All retained main, officer, cohort, Attic and Community Development sections read in full; other PMC attachment titles remain outside the fixed cohort.","Privacy policy ratified; officer says new try at ratification, action dates to June 2022. Check earliest onset before eligibility. | Infra reports planned Travis shift, LDAP/JDK/Gradle/platform work. No project effect assigned from this alone. | Maven and Attic reports explicitly absent. | Other routine resource/role changes are context; no zero cross-effect inferred."
research/data/asf-access-2026-09-21/sources/board_minutes_2023_01_18.txt,Attachment AY: Report from the Apache Maven Project  [Karl Heinz Marbaise],4631,4634,6edcd3c480844126f7f746282b63dcf96e7700f4d22fd6afdfa07387fbbc1f19,"All retained main, officer, cohort, Attic and Community Development sections read in full; other PMC attachment titles remain outside the fixed cohort.","Privacy policy ratified; officer says new try at ratification, action dates to June 2022. Check earliest onset before eligibility. | Infra reports planned Travis shift, LDAP/JDK/Gradle/platform work. No project effect assigned from this alone. | Maven and Attic reports explicitly absent. | Other routine resource/role changes are context; no zero cross-effect inferred."
research/data/asf-access-2026-09-21/sources/board_minutes_2023_02_15.txt,1. Call to order,8,20,48dc95b4a86e07305e8d414ea18f003863d02602cc2e403195d03e8698e05224,"All retained main, officer, cohort, Attic and Community Development sections read in full; other PMC attachment titles remain outside the fixed cohort.","Infra says Travis open-source program ended earlier, ASF contract bridging, projects moving to GHA; HTTPD says foundation support drops in February. Treat earlier provider act as continuing precursor and foundation withdrawal as separately dated service act. | Legal invites participation in contributor AI guidance at LEGAL-631. | Security says Maven published a security-model page in January. Follow only if linked eligible request. | President CRA concern and Fundraising sponsor cancellation/layoff context; selected PMC exposure still unknown. | Ant release-vote capacity limitations are PMC self-report, not independent external staffing evidence."
research/data/asf-access-2026-09-21/sources/board_minutes_2023_02_15.txt,2. Roll Call,21,68,7fb8a572242379caba908306c7f2f3c91b3f749aa76ec36d68deff6926e24c5b,"All retained main, officer, cohort, Attic and Community Development sections read in full; other PMC attachment titles remain outside the fixed cohort.","Infra says Travis open-source program ended earlier, ASF contract bridging, projects moving to GHA; HTTPD says foundation support drops in February. Treat earlier provider act as continuing precursor and foundation withdrawal as separately dated service act. | Legal invites participation in contributor AI guidance at LEGAL-631. | Security says Maven published a security-model page in January. Follow only if linked eligible request. | President CRA concern and Fundraising sponsor cancellation/layoff context; selected PMC exposure still unknown. | Ant release-vote capacity limitations are PMC self-report, not independent external staffing evidence."
research/data/asf-access-2026-09-21/sources/board_minutes_2023_02_15.txt,3. Minutes from previous meetings,69,80,2f2c7d1d8c385a26c0fa84f3037340f29506eed0ed0de255d403d5018ad43343,"All retained main, officer, cohort, Attic and Community Development sections read in full; other PMC attachment titles remain outside the fixed cohort.","Infra says Travis open-source program ended earlier, ASF contract bridging, projects moving to GHA; HTTPD says foundation support drops in February. Treat earlier provider act as continuing precursor and foundation withdrawal as separately dated service act. | Legal invites participation in contributor AI guidance at LEGAL-631. | Security says Maven published a security-model page in January. Follow only if linked eligible request. | President CRA concern and Fundraising sponsor cancellation/layoff context; selected PMC exposure still unknown. | Ant release-vote capacity limitations are PMC self-report, not independent external staffing evidence."
research/data/asf-access-2026-09-21/sources/board_minutes_2023_02_15.txt,4. Executive Officer Reports,81,160,305899eec5d3e313e15c800e05b2ebd7ed653d7053075068b4241c292f166ca3,"All retained main, officer, cohort, Attic and Community Development sections read in full; other PMC attachment titles remain outside the fixed cohort.","Infra says Travis open-source program ended earlier, ASF contract bridging, projects moving to GHA; HTTPD says foundation support drops in February. Treat earlier provider act as continuing precursor and foundation withdrawal as separately dated service act. | Legal invites participation in contributor AI guidance at LEGAL-631. | Security says Maven published a security-model page in January. Follow only if linked eligible request. | President CRA concern and Fundraising sponsor cancellation/layoff context; selected PMC exposure still unknown. | Ant release-vote capacity limitations are PMC self-report, not independent external staffing evidence."
research/data/asf-access-2026-09-21/sources/board_minutes_2023_02_15.txt,5. Additional Officer Reports,161,180,eac75954a6f6d383fb77a6ef2eff466031eda8148f0a5dfe16eb84e71c8bdb5f,"All retained main, officer, cohort, Attic and Community Development sections read in full; other PMC attachment titles remain outside the fixed cohort.","Infra says Travis open-source program ended earlier, ASF contract bridging, projects moving to GHA; HTTPD says foundation support drops in February. Treat earlier provider act as continuing precursor and foundation withdrawal as separately dated service act. | Legal invites participation in contributor AI guidance at LEGAL-631. | Security says Maven published a security-model page in January. Follow only if linked eligible request. | President CRA concern and Fundraising sponsor cancellation/layoff context; selected PMC exposure still unknown. | Ant release-vote capacity limitations are PMC self-report, not independent external staffing evidence."
research/data/asf-access-2026-09-21/sources/board_minutes_2023_02_15.txt,Committee agenda: D. Apache Ant Project [Jan Materne / Bertrand],208,211,aba175cfa8068867180c589bf070d3b6f25e8f4473361000ba04dd8ca2f1a9a8,"All retained main, officer, cohort, Attic and Community Development sections read in full; other PMC attachment titles remain outside the fixed cohort.","Infra says Travis open-source program ended earlier, ASF contract bridging, projects moving to GHA; HTTPD says foundation support drops in February. Treat earlier provider act as continuing precursor and foundation withdrawal as separately dated service act. | Legal invites participation in contributor AI guidance at LEGAL-631. | Security says Maven published a security-model page in January. Follow only if linked eligible request. | President CRA concern and Fundraising sponsor cancellation/layoff context; selected PMC exposure still unknown. | Ant release-vote capacity limitations are PMC self-report, not independent external staffing evidence."
research/data/asf-access-2026-09-21/sources/board_minutes_2023_02_15.txt,Committee agenda: F. Apache Attic Project [Herve Boutemy / Sharan],218,221,3dafbf0453e6277da387d487317c25b8c12eb692bf72d32445d951fa39190d6a,"All retained main, officer, cohort, Attic and Community Development sections read in full; other PMC attachment titles remain outside the fixed cohort.","Infra says Travis open-source program ended earlier, ASF contract bridging, projects moving to GHA; HTTPD says foundation support drops in February. Treat earlier provider act as continuing precursor and foundation withdrawal as separately dated service act. | Legal invites participation in contributor AI guidance at LEGAL-631. | Security says Maven published a security-model page in January. Follow only if linked eligible request. | President CRA concern and Fundraising sponsor cancellation/layoff context; selected PMC exposure still unknown. | Ant release-vote capacity limitations are PMC self-report, not independent external staffing evidence."
research/data/asf-access-2026-09-21/sources/board_minutes_2023_02_15.txt,Committee agenda: N. Apache Community Development Project [Swapnil Mane / Sander],252,255,392e16518492c9dbf5e131fa124929cfe1a58f2fdc5c2c7736556c81478cb19d,"All retained main, officer, cohort, Attic and Community Development sections read in full; other PMC attachment titles remain outside the fixed cohort.","Infra says Travis open-source program ended earlier, ASF contract bridging, projects moving to GHA; HTTPD says foundation support drops in February. Treat earlier provider act as continuing precursor and foundation withdrawal as separately dated service act. | Legal invites participation in contributor AI guidance at LEGAL-631. | Security says Maven published a security-model page in January. Follow only if linked eligible request. | President CRA concern and Fundraising sponsor cancellation/layoff context; selected PMC exposure still unknown. | Ant release-vote capacity limitations are PMC self-report, not independent external staffing evidence."
research/data/asf-access-2026-09-21/sources/board_minutes_2023_02_15.txt,Committee agenda: AG. Apache HTTP Server Project [Joe Orton / Sander],330,333,ecbe0b704a9a29ba625cc5e657eddc6f0f455f94a25fdb269455dda6b05514dd,"All retained main, officer, cohort, Attic and Community Development sections read in full; other PMC attachment titles remain outside the fixed cohort.","Infra says Travis open-source program ended earlier, ASF contract bridging, projects moving to GHA; HTTPD says foundation support drops in February. Treat earlier provider act as continuing precursor and foundation withdrawal as separately dated service act. | Legal invites participation in contributor AI guidance at LEGAL-631. | Security says Maven published a security-model page in January. Follow only if linked eligible request. | President CRA concern and Fundraising sponsor cancellation/layoff context; selected PMC exposure still unknown. | Ant release-vote capacity limitations are PMC self-report, not independent external staffing evidence."
research/data/asf-access-2026-09-21/sources/board_minutes_2023_02_15.txt,Committee agenda: BB. Apache Maven Project [Karl Heinz Marbaise / Christofer],416,419,c47bc239275f7db911dad6dc687ce6110757a895bc51230654d810d681574a62,"All retained main, officer, cohort, Attic and Community Development sections read in full; other PMC attachment titles remain outside the fixed cohort.","Infra says Travis open-source program ended earlier, ASF contract bridging, projects moving to GHA; HTTPD says foundation support drops in February. Treat earlier provider act as continuing precursor and foundation withdrawal as separately dated service act. | Legal invites participation in contributor AI guidance at LEGAL-631. | Security says Maven published a security-model page in January. Follow only if linked eligible request. | President CRA concern and Fundraising sponsor cancellation/layoff context; selected PMC exposure still unknown. | Ant release-vote capacity limitations are PMC self-report, not independent external staffing evidence."
research/data/asf-access-2026-09-21/sources/board_minutes_2023_02_15.txt,7. Special Orders,618,774,3483a81b37e8f1057b6dc78a91a6f816b0a88aa62231c054b63c6d206ecfb61b,"All retained main, officer, cohort, Attic and Community Development sections read in full; other PMC attachment titles remain outside the fixed cohort.","Infra says Travis open-source program ended earlier, ASF contract bridging, projects moving to GHA; HTTPD says foundation support drops in February. Treat earlier provider act as continuing precursor and foundation withdrawal as separately dated service act. | Legal invites participation in contributor AI guidance at LEGAL-631. | Security says Maven published a security-model page in January. Follow only if linked eligible request. | President CRA concern and Fundraising sponsor cancellation/layoff context; selected PMC exposure still unknown. | Ant release-vote capacity limitations are PMC self-report, not independent external staffing evidence."
research/data/asf-access-2026-09-21/sources/board_minutes_2023_02_15.txt,8. Discussion Items,775,798,0e51bfd96c6767697de804fc98d12572ba6dbd37a0d808070cc43fd0f830825e,"All retained main, officer, cohort, Attic and Community Development sections read in full; other PMC attachment titles remain outside the fixed cohort.","Infra says Travis open-source program ended earlier, ASF contract bridging, projects moving to GHA; HTTPD says foundation support drops in February. Treat earlier provider act as continuing precursor and foundation withdrawal as separately dated service act. | Legal invites participation in contributor AI guidance at LEGAL-631. | Security says Maven published a security-model page in January. Follow only if linked eligible request. | President CRA concern and Fundraising sponsor cancellation/layoff context; selected PMC exposure still unknown. | Ant release-vote capacity limitations are PMC self-report, not independent external staffing evidence."
research/data/asf-access-2026-09-21/sources/board_minutes_2023_02_15.txt,9. Review Outstanding Action Items,799,813,83f56f86c48fa936f8816c6da89617ffde2bf834609f225a89c19564a66d0b91,"All retained main, officer, cohort, Attic and Community Development sections read in full; other PMC attachment titles remain outside the fixed cohort.","Infra says Travis open-source program ended earlier, ASF contract bridging, projects moving to GHA; HTTPD says foundation support drops in February. Treat earlier provider act as continuing precursor and foundation withdrawal as separately dated service act. | Legal invites participation in contributor AI guidance at LEGAL-631. | Security says Maven published a security-model page in January. Follow only if linked eligible request. | President CRA concern and Fundraising sponsor cancellation/layoff context; selected PMC exposure still unknown. | Ant release-vote capacity limitations are PMC self-report, not independent external staffing evidence."
research/data/asf-access-2026-09-21/sources/board_minutes_2023_02_15.txt,10. Unfinished Business,814,815,6509f65610f5edd3568891f04bf8cba8c83257596c4076b5c95a8c4d116946b6,"All retained main, officer, cohort, Attic and Community Development sections read in full; other PMC attachment titles remain outside the fixed cohort.","Infra says Travis open-source program ended earlier, ASF contract bridging, projects moving to GHA; HTTPD says foundation support drops in February. Treat earlier provider act as continuing precursor and foundation withdrawal as separately dated service act. | Legal invites participation in contributor AI guidance at LEGAL-631. | Security says Maven published a security-model page in January. Follow only if linked eligible request. | President CRA concern and Fundraising sponsor cancellation/layoff context; selected PMC exposure still unknown. | Ant release-vote capacity limitations are PMC self-report, not independent external staffing evidence."
research/data/asf-access-2026-09-21/sources/board_minutes_2023_02_15.txt,11. New Business,816,817,63134e9b06b3ee81744d4ad0bc4dc3c53c8ae5ae906d07035b3e730552809da2,"All retained main, officer, cohort, Attic and Community Development sections read in full; other PMC attachment titles remain outside the fixed cohort.","Infra says Travis open-source program ended earlier, ASF contract bridging, projects moving to GHA; HTTPD says foundation support drops in February. Treat earlier provider act as continuing precursor and foundation withdrawal as separately dated service act. | Legal invites participation in contributor AI guidance at LEGAL-631. | Security says Maven published a security-model page in January. Follow only if linked eligible request. | President CRA concern and Fundraising sponsor cancellation/layoff context; selected PMC exposure still unknown. | Ant release-vote capacity limitations are PMC self-report, not independent external staffing evidence."
research/data/asf-access-2026-09-21/sources/board_minutes_2023_02_15.txt,12. Announcements,818,819,3077f3127f59436a67aa1b591f7bd3be28c18bdc2fccc5f03847eef2cbd766cf,"All retained main, officer, cohort, Attic and Community Development sections read in full; other PMC attachment titles remain outside the fixed cohort.","Infra says Travis open-source program ended earlier, ASF contract bridging, projects moving to GHA; HTTPD says foundation support drops in February. Treat earlier provider act as continuing precursor and foundation withdrawal as separately dated service act. | Legal invites participation in contributor AI guidance at LEGAL-631. | Security says Maven published a security-model page in January. Follow only if linked eligible request. | President CRA concern and Fundraising sponsor cancellation/layoff context; selected PMC exposure still unknown. | Ant release-vote capacity limitations are PMC self-report, not independent external staffing evidence."
research/data/asf-access-2026-09-21/sources/board_minutes_2023_02_15.txt,13. Adjournment,820,828,49298bd530b4735d8c117a5dccaf7c01274d4ef0ff70ec5c5675eda0a48e98e4,"All retained main, officer, cohort, Attic and Community Development sections read in full; other PMC attachment titles remain outside the fixed cohort.","Infra says Travis open-source program ended earlier, ASF contract bridging, projects moving to GHA; HTTPD says foundation support drops in February. Treat earlier provider act as continuing precursor and foundation withdrawal as separately dated service act. | Legal invites participation in contributor AI guidance at LEGAL-631. | Security says Maven published a security-model page in January. Follow only if linked eligible request. | President CRA concern and Fundraising sponsor cancellation/layoff context; selected PMC exposure still unknown. | Ant release-vote capacity limitations are PMC self-report, not independent external staffing evidence."
research/data/asf-access-2026-09-21/sources/board_minutes_2023_02_15.txt,Attachment 1: Report from the VP of Brand Management  [Mark Thomas],829,866,70949216f95486a0331f1b839e221e7ba2e0d381c9eafc125f93cde07383a467,"All retained main, officer, cohort, Attic and Community Development sections read in full; other PMC attachment titles remain outside the fixed cohort.","Infra says Travis open-source program ended earlier, ASF contract bridging, projects moving to GHA; HTTPD says foundation support drops in February. Treat earlier provider act as continuing precursor and foundation withdrawal as separately dated service act. | Legal invites participation in contributor AI guidance at LEGAL-631. | Security says Maven published a security-model page in January. Follow only if linked eligible request. | President CRA concern and Fundraising sponsor cancellation/layoff context; selected PMC exposure still unknown. | Ant release-vote capacity limitations are PMC self-report, not independent external staffing evidence."
research/data/asf-access-2026-09-21/sources/board_minutes_2023_02_15.txt,Attachment 2: Report from the VP of Fundraising  [Bob Paulin],867,912,bc70820fca93559e5d5c6a34902cfbda6e8018bfdf1e8f74314ee2e9db8b6b4d,"All retained main, officer, cohort, Attic and Community Development sections read in full; other PMC attachment titles remain outside the fixed cohort.","Infra says Travis open-source program ended earlier, ASF contract bridging, projects moving to GHA; HTTPD says foundation support drops in February. Treat earlier provider act as continuing precursor and foundation withdrawal as separately dated service act. | Legal invites participation in contributor AI guidance at LEGAL-631. | Security says Maven published a security-model page in January. Follow only if linked eligible request. | President CRA concern and Fundraising sponsor cancellation/layoff context; selected PMC exposure still unknown. | Ant release-vote capacity limitations are PMC self-report, not independent external staffing evidence."
research/data/asf-access-2026-09-21/sources/board_minutes_2023_02_15.txt,Attachment 3: Report from the VP of Marketing and Publicity  [Brian Proffitt],913,969,8d6ef0aecac28d4b475dd7cde8efee9af49df69a0989b5f186bdd77a73afa2e4,"All retained main, officer, cohort, Attic and Community Development sections read in full; other PMC attachment titles remain outside the fixed cohort.","Infra says Travis open-source program ended earlier, ASF contract bridging, projects moving to GHA; HTTPD says foundation support drops in February. Treat earlier provider act as continuing precursor and foundation withdrawal as separately dated service act. | Legal invites participation in contributor AI guidance at LEGAL-631. | Security says Maven published a security-model page in January. Follow only if linked eligible request. | President CRA concern and Fundraising sponsor cancellation/layoff context; selected PMC exposure still unknown. | Ant release-vote capacity limitations are PMC self-report, not independent external staffing evidence."
research/data/asf-access-2026-09-21/sources/board_minutes_2023_02_15.txt,Attachment 4: Report from the VP of Infrastructure  [David Nalley],970,1024,8b73988e72824ec24c988f05fa6f8f52c4d45b7b0b3bd05d4d7e07be923c0278,"All retained main, officer, cohort, Attic and Community Development sections read in full; other PMC attachment titles remain outside the fixed cohort.","Infra says Travis open-source program ended earlier, ASF contract bridging, projects moving to GHA; HTTPD says foundation support drops in February. Treat earlier provider act as continuing precursor and foundation withdrawal as separately dated service act. | Legal invites participation in contributor AI guidance at LEGAL-631. | Security says Maven published a security-model page in January. Follow only if linked eligible request. | President CRA concern and Fundraising sponsor cancellation/layoff context; selected PMC exposure still unknown. | Ant release-vote capacity limitations are PMC self-report, not independent external staffing evidence."
research/data/asf-access-2026-09-21/sources/board_minutes_2023_02_15.txt,Attachment 5: Report from the VP of Conferences  [Rich Bowen],1025,1034,5b5deafd3a785c3118a086545392b3f5e802ef6a1749660eb2d6ffa17e5f0ece,"All retained main, officer, cohort, Attic and Community Development sections read in full; other PMC attachment titles remain outside the fixed cohort.","Infra says Travis open-source program ended earlier, ASF contract bridging, projects moving to GHA; HTTPD says foundation support drops in February. Treat earlier provider act as continuing precursor and foundation withdrawal as separately dated service act. | Legal invites participation in contributor AI guidance at LEGAL-631. | Security says Maven published a security-model page in January. Follow only if linked eligible request. | President CRA concern and Fundraising sponsor cancellation/layoff context; selected PMC exposure still unknown. | Ant release-vote capacity limitations are PMC self-report, not independent external staffing evidence."
research/data/asf-access-2026-09-21/sources/board_minutes_2023_02_15.txt,Attachment 6: Report from the Apache Travel Assistance Committee  [Gavin McDonald],1035,1093,09a06552492a42d2d0ee8ecb1fcee59f2ad256f0b358f23e3bcdeb9b789b38f7,"All retained main, officer, cohort, Attic and Community Development sections read in full; other PMC attachment titles remain outside the fixed cohort.","Infra says Travis open-source program ended earlier, ASF contract bridging, projects moving to GHA; HTTPD says foundation support drops in February. Treat earlier provider act as continuing precursor and foundation withdrawal as separately dated service act. | Legal invites participation in contributor AI guidance at LEGAL-631. | Security says Maven published a security-model page in January. Follow only if linked eligible request. | President CRA concern and Fundraising sponsor cancellation/layoff context; selected PMC exposure still unknown. | Ant release-vote capacity limitations are PMC self-report, not independent external staffing evidence."
research/data/asf-access-2026-09-21/sources/board_minutes_2023_02_15.txt,Attachment 7: Report from the VP of Diversity and Inclusion  [Katia Rojas],1094,1120,26bc2d76d23b77163ee8e28d284d733afd018baabf8340cf5398bc4f7ef54bfc,"All retained main, officer, cohort, Attic and Community Development sections read in full; other PMC attachment titles remain outside the fixed cohort.","Infra says Travis open-source program ended earlier, ASF contract bridging, projects moving to GHA; HTTPD says foundation support drops in February. Treat earlier provider act as continuing precursor and foundation withdrawal as separately dated service act. | Legal invites participation in contributor AI guidance at LEGAL-631. | Security says Maven published a security-model page in January. Follow only if linked eligible request. | President CRA concern and Fundraising sponsor cancellation/layoff context; selected PMC exposure still unknown. | Ant release-vote capacity limitations are PMC self-report, not independent external staffing evidence."
research/data/asf-access-2026-09-21/sources/board_minutes_2023_02_15.txt,Attachment 8: Report from the VP of Data Privacy  [Christian Grobmeier],1121,1128,18dad357970671347f19f67d44f7ca748f0eebb75f0061dadb2fde2f0f82ee42,"All retained main, officer, cohort, Attic and Community Development sections read in full; other PMC attachment titles remain outside the fixed cohort.","Infra says Travis open-source program ended earlier, ASF contract bridging, projects moving to GHA; HTTPD says foundation support drops in February. Treat earlier provider act as continuing precursor and foundation withdrawal as separately dated service act. | Legal invites participation in contributor AI guidance at LEGAL-631. | Security says Maven published a security-model page in January. Follow only if linked eligible request. | President CRA concern and Fundraising sponsor cancellation/layoff context; selected PMC exposure still unknown. | Ant release-vote capacity limitations are PMC self-report, not independent external staffing evidence."
research/data/asf-access-2026-09-21/sources/board_minutes_2023_02_15.txt,Attachment 9: Report from the VP of W3C Relations  [Andy Seaborne],1129,1134,45ce2d2e37e1788e8298b4a60d95363c9762f0fb93f90c247f11d7c41d7b83b6,"All retained main, officer, cohort, Attic and Community Development sections read in full; other PMC attachment titles remain outside the fixed cohort.","Infra says Travis open-source program ended earlier, ASF contract bridging, projects moving to GHA; HTTPD says foundation support drops in February. Treat earlier provider act as continuing precursor and foundation withdrawal as separately dated service act. | Legal invites participation in contributor AI guidance at LEGAL-631. | Security says Maven published a security-model page in January. Follow only if linked eligible request. | President CRA concern and Fundraising sponsor cancellation/layoff context; selected PMC exposure still unknown. | Ant release-vote capacity limitations are PMC self-report, not independent external staffing evidence."
research/data/asf-access-2026-09-21/sources/board_minutes_2023_02_15.txt,Attachment 10: Report from the Apache Legal Affairs Committee  [Roman Shaposhnik],1135,1146,077bbcb5046b938ab05d00d66b75413f2844657b18851e52905cc771d502244b,"All retained main, officer, cohort, Attic and Community Development sections read in full; other PMC attachment titles remain outside the fixed cohort.","Infra says Travis open-source program ended earlier, ASF contract bridging, projects moving to GHA; HTTPD says foundation support drops in February. Treat earlier provider act as continuing precursor and foundation withdrawal as separately dated service act. | Legal invites participation in contributor AI guidance at LEGAL-631. | Security says Maven published a security-model page in January. Follow only if linked eligible request. | President CRA concern and Fundraising sponsor cancellation/layoff context; selected PMC exposure still unknown. | Ant release-vote capacity limitations are PMC self-report, not independent external staffing evidence."
research/data/asf-access-2026-09-21/sources/board_minutes_2023_02_15.txt,Attachment 11: Report from the Apache Security Team Project  [Mark J. Cox],1147,1196,6a01e64756a138ac35c4ea6aaac518ddfbf7209d5d947863306b13b30ecb1ea8,"All retained main, officer, cohort, Attic and Community Development sections read in full; other PMC attachment titles remain outside the fixed cohort.","Infra says Travis open-source program ended earlier, ASF contract bridging, projects moving to GHA; HTTPD says foundation support drops in February. Treat earlier provider act as continuing precursor and foundation withdrawal as separately dated service act. | Legal invites participation in contributor AI guidance at LEGAL-631. | Security says Maven published a security-model page in January. Follow only if linked eligible request. | President CRA concern and Fundraising sponsor cancellation/layoff context; selected PMC exposure still unknown. | Ant release-vote capacity limitations are PMC self-report, not independent external staffing evidence."
research/data/asf-access-2026-09-21/sources/board_minutes_2023_02_15.txt,Attachment 12: Report from the VP of Jakarta EE Relations [Rob Tompkins],1197,1200,fd0528b980b2d228fa27e83e5215b165b3f33fd15f470736c054dae88d16e9b1,"All retained main, officer, cohort, Attic and Community Development sections read in full; other PMC attachment titles remain outside the fixed cohort.","Infra says Travis open-source program ended earlier, ASF contract bridging, projects moving to GHA; HTTPD says foundation support drops in February. Treat earlier provider act as continuing precursor and foundation withdrawal as separately dated service act. | Legal invites participation in contributor AI guidance at LEGAL-631. | Security says Maven published a security-model page in January. Follow only if linked eligible request. | President CRA concern and Fundraising sponsor cancellation/layoff context; selected PMC exposure still unknown. | Ant release-vote capacity limitations are PMC self-report, not independent external staffing evidence."
research/data/asf-access-2026-09-21/sources/board_minutes_2023_02_15.txt,Attachment D: Report from the Apache Ant Project  [Jan Materne],1289,1331,e9098728dcb212a4e1c623495a8e9cd7bd879a62feb45b8d6f1622f61e9950cb,"All retained main, officer, cohort, Attic and Community Development sections read in full; other PMC attachment titles remain outside the fixed cohort.","Infra says Travis open-source program ended earlier, ASF contract bridging, projects moving to GHA; HTTPD says foundation support drops in February. Treat earlier provider act as continuing precursor and foundation withdrawal as separately dated service act. | Legal invites participation in contributor AI guidance at LEGAL-631. | Security says Maven published a security-model page in January. Follow only if linked eligible request. | President CRA concern and Fundraising sponsor cancellation/layoff context; selected PMC exposure still unknown. | Ant release-vote capacity limitations are PMC self-report, not independent external staffing evidence."
research/data/asf-access-2026-09-21/sources/board_minutes_2023_02_15.txt,Attachment F: Report from the Apache Attic Project  [Herve Boutemy],1336,1361,50c93b39c492ae54c48ff0915accf8966920e0d08d7144ef48dad70862645d7c,"All retained main, officer, cohort, Attic and Community Development sections read in full; other PMC attachment titles remain outside the fixed cohort.","Infra says Travis open-source program ended earlier, ASF contract bridging, projects moving to GHA; HTTPD says foundation support drops in February. Treat earlier provider act as continuing precursor and foundation withdrawal as separately dated service act. | Legal invites participation in contributor AI guidance at LEGAL-631. | Security says Maven published a security-model page in January. Follow only if linked eligible request. | President CRA concern and Fundraising sponsor cancellation/layoff context; selected PMC exposure still unknown. | Ant release-vote capacity limitations are PMC self-report, not independent external staffing evidence."
research/data/asf-access-2026-09-21/sources/board_minutes_2023_02_15.txt,Attachment N: Report from the Apache Community Development Project  [Swapnil Mane],1635,1709,6e899cde64e89c558647d1be7618e59d0d6b2679a0b54eb6eec61c1c8772ac6c,"All retained main, officer, cohort, Attic and Community Development sections read in full; other PMC attachment titles remain outside the fixed cohort.","Infra says Travis open-source program ended earlier, ASF contract bridging, projects moving to GHA; HTTPD says foundation support drops in February. Treat earlier provider act as continuing precursor and foundation withdrawal as separately dated service act. | Legal invites participation in contributor AI guidance at LEGAL-631. | Security says Maven published a security-model page in January. Follow only if linked eligible request. | President CRA concern and Fundraising sponsor cancellation/layoff context; selected PMC exposure still unknown. | Ant release-vote capacity limitations are PMC self-report, not independent external staffing evidence."
research/data/asf-access-2026-09-21/sources/board_minutes_2023_02_15.txt,Attachment AG: Report from the Apache HTTP Server Project  [Joe Orton],2430,2477,437a7b67694fd3d368064b18b40896be88403a5a5367c5be10b6a18251b90b8b,"All retained main, officer, cohort, Attic and Community Development sections read in full; other PMC attachment titles remain outside the fixed cohort.","Infra says Travis open-source program ended earlier, ASF contract bridging, projects moving to GHA; HTTPD says foundation support drops in February. Treat earlier provider act as continuing precursor and foundation withdrawal as separately dated service act. | Legal invites participation in contributor AI guidance at LEGAL-631. | Security says Maven published a security-model page in January. Follow only if linked eligible request. | President CRA concern and Fundraising sponsor cancellation/layoff context; selected PMC exposure still unknown. | Ant release-vote capacity limitations are PMC self-report, not independent external staffing evidence."
research/data/asf-access-2026-09-21/sources/board_minutes_2023_02_15.txt,Attachment BB: Report from the Apache Maven Project  [Karl Heinz Marbaise],3839,3945,6de4f2b7b59b5c023f27a1d02445e12a13a0031ceb56074c50c502fdc050ae45,"All retained main, officer, cohort, Attic and Community Development sections read in full; other PMC attachment titles remain outside the fixed cohort.","Infra says Travis open-source program ended earlier, ASF contract bridging, projects moving to GHA; HTTPD says foundation support drops in February. Treat earlier provider act as continuing precursor and foundation withdrawal as separately dated service act. | Legal invites participation in contributor AI guidance at LEGAL-631. | Security says Maven published a security-model page in January. Follow only if linked eligible request. | President CRA concern and Fundraising sponsor cancellation/layoff context; selected PMC exposure still unknown. | Ant release-vote capacity limitations are PMC self-report, not independent external staffing evidence."
research/data/asf-access-2026-09-21/sources/board_minutes_2023_03_22.txt,1. Call to order,8,20,2adc7a39b81c6739b733125b74eda88d85bb3c56550a0972f627842af978135d,"All retained main, officer and Tomcat sections read in full; other PMC attachment titles remain outside the fixed cohort.","Infra directly reports implemented GHA outside-contributor approval policy, default every PR with project first-approval opt-outs. Historical Myrle Krantz VP Infrastructure role is explicit. Shared directive family, not four independent requests. | Infra reports Travis turned off and contract nonrenewal; LDAP/Atlassian migration still context. | Board discusses vendor neutrality and plans PMC-chair guidance; follow March 29 message, unnamed chair cannot be assigned to a cohort PMC. | March 7? Logo process continues January/February binding request; March resolution and marketing proposal include project-image audits but selected project application unknown. | Treasurer reports no direct ASF bank exposure to SVB failure; indirect vendor impacts and unknown community exposure. Independently verify primary shock if relevant. | Tomcat report explicitly absent; silence is not zero."
research/data/asf-access-2026-09-21/sources/board_minutes_2023_03_22.txt,2. Roll Call,21,64,b98bcddd4894743ff36ca75de6b36b59930110fea2f574428cfe2f31fd35f1cf,"All retained main, officer and Tomcat sections read in full; other PMC attachment titles remain outside the fixed cohort.","Infra directly reports implemented GHA outside-contributor approval policy, default every PR with project first-approval opt-outs. Historical Myrle Krantz VP Infrastructure role is explicit. Shared directive family, not four independent requests. | Infra reports Travis turned off and contract nonrenewal; LDAP/Atlassian migration still context. | Board discusses vendor neutrality and plans PMC-chair guidance; follow March 29 message, unnamed chair cannot be assigned to a cohort PMC. | March 7? Logo process continues January/February binding request; March resolution and marketing proposal include project-image audits but selected project application unknown. | Treasurer reports no direct ASF bank exposure to SVB failure; indirect vendor impacts and unknown community exposure. Independently verify primary shock if relevant. | Tomcat report explicitly absent; silence is not zero."
research/data/asf-access-2026-09-21/sources/board_minutes_2023_03_22.txt,3. Minutes from previous meetings,65,76,15e9bba5ae5465bea4708a17f7c888b786235f1b13f65ab44ac7b9150af9f0f9,"All retained main, officer and Tomcat sections read in full; other PMC attachment titles remain outside the fixed cohort.","Infra directly reports implemented GHA outside-contributor approval policy, default every PR with project first-approval opt-outs. Historical Myrle Krantz VP Infrastructure role is explicit. Shared directive family, not four independent requests. | Infra reports Travis turned off and contract nonrenewal; LDAP/Atlassian migration still context. | Board discusses vendor neutrality and plans PMC-chair guidance; follow March 29 message, unnamed chair cannot be assigned to a cohort PMC. | March 7? Logo process continues January/February binding request; March resolution and marketing proposal include project-image audits but selected project application unknown. | Treasurer reports no direct ASF bank exposure to SVB failure; indirect vendor impacts and unknown community exposure. Independently verify primary shock if relevant. | Tomcat report explicitly absent; silence is not zero."
research/data/asf-access-2026-09-21/sources/board_minutes_2023_03_22.txt,4. Executive Officer Reports,77,159,ac300ebf06edb7e06d91b6601aa9d1451a19f81db4e826ecbe41f5fcf30c29ae,"All retained main, officer and Tomcat sections read in full; other PMC attachment titles remain outside the fixed cohort.","Infra directly reports implemented GHA outside-contributor approval policy, default every PR with project first-approval opt-outs. Historical Myrle Krantz VP Infrastructure role is explicit. Shared directive family, not four independent requests. | Infra reports Travis turned off and contract nonrenewal; LDAP/Atlassian migration still context. | Board discusses vendor neutrality and plans PMC-chair guidance; follow March 29 message, unnamed chair cannot be assigned to a cohort PMC. | March 7? Logo process continues January/February binding request; March resolution and marketing proposal include project-image audits but selected project application unknown. | Treasurer reports no direct ASF bank exposure to SVB failure; indirect vendor impacts and unknown community exposure. Independently verify primary shock if relevant. | Tomcat report explicitly absent; silence is not zero."
research/data/asf-access-2026-09-21/sources/board_minutes_2023_03_22.txt,5. Additional Officer Reports,160,179,2d959cfe86985c076f5e01d7b1eb700c69c1489d6a3295adcccf75895983a826,"All retained main, officer and Tomcat sections read in full; other PMC attachment titles remain outside the fixed cohort.","Infra directly reports implemented GHA outside-contributor approval policy, default every PR with project first-approval opt-outs. Historical Myrle Krantz VP Infrastructure role is explicit. Shared directive family, not four independent requests. | Infra reports Travis turned off and contract nonrenewal; LDAP/Atlassian migration still context. | Board discusses vendor neutrality and plans PMC-chair guidance; follow March 29 message, unnamed chair cannot be assigned to a cohort PMC. | March 7? Logo process continues January/February binding request; March resolution and marketing proposal include project-image audits but selected project application unknown. | Treasurer reports no direct ASF bank exposure to SVB failure; indirect vendor impacts and unknown community exposure. Independently verify primary shock if relevant. | Tomcat report explicitly absent; silence is not zero."
research/data/asf-access-2026-09-21/sources/board_minutes_2023_03_22.txt,Committee agenda: BR. Apache Tomcat Project [Mladen Turk / Christofer],484,487,0301d428a72a06eda7cbd1a2563eac643a23bd6c28ad1cb936c20e064cdd7a39,"All retained main, officer and Tomcat sections read in full; other PMC attachment titles remain outside the fixed cohort.","Infra directly reports implemented GHA outside-contributor approval policy, default every PR with project first-approval opt-outs. Historical Myrle Krantz VP Infrastructure role is explicit. Shared directive family, not four independent requests. | Infra reports Travis turned off and contract nonrenewal; LDAP/Atlassian migration still context. | Board discusses vendor neutrality and plans PMC-chair guidance; follow March 29 message, unnamed chair cannot be assigned to a cohort PMC. | March 7? Logo process continues January/February binding request; March resolution and marketing proposal include project-image audits but selected project application unknown. | Treasurer reports no direct ASF bank exposure to SVB failure; indirect vendor impacts and unknown community exposure. Independently verify primary shock if relevant. | Tomcat report explicitly absent; silence is not zero."
research/data/asf-access-2026-09-21/sources/board_minutes_2023_03_22.txt,7. Special Orders,530,877,ad70e2744bcfabb00cf8b95e70a8c81ee5d3375b85f16261d374c755c9a82926,"All retained main, officer and Tomcat sections read in full; other PMC attachment titles remain outside the fixed cohort.","Infra directly reports implemented GHA outside-contributor approval policy, default every PR with project first-approval opt-outs. Historical Myrle Krantz VP Infrastructure role is explicit. Shared directive family, not four independent requests. | Infra reports Travis turned off and contract nonrenewal; LDAP/Atlassian migration still context. | Board discusses vendor neutrality and plans PMC-chair guidance; follow March 29 message, unnamed chair cannot be assigned to a cohort PMC. | March 7? Logo process continues January/February binding request; March resolution and marketing proposal include project-image audits but selected project application unknown. | Treasurer reports no direct ASF bank exposure to SVB failure; indirect vendor impacts and unknown community exposure. Independently verify primary shock if relevant. | Tomcat report explicitly absent; silence is not zero."
research/data/asf-access-2026-09-21/sources/board_minutes_2023_03_22.txt,8. Discussion Items,878,916,112503d18d0f7ad8fba7252a9329f21337c9e7de72b3f53765dc10fa3b5f0297,"All retained main, officer and Tomcat sections read in full; other PMC attachment titles remain outside the fixed cohort.","Infra directly reports implemented GHA outside-contributor approval policy, default every PR with project first-approval opt-outs. Historical Myrle Krantz VP Infrastructure role is explicit. Shared directive family, not four independent requests. | Infra reports Travis turned off and contract nonrenewal; LDAP/Atlassian migration still context. | Board discusses vendor neutrality and plans PMC-chair guidance; follow March 29 message, unnamed chair cannot be assigned to a cohort PMC. | March 7? Logo process continues January/February binding request; March resolution and marketing proposal include project-image audits but selected project application unknown. | Treasurer reports no direct ASF bank exposure to SVB failure; indirect vendor impacts and unknown community exposure. Independently verify primary shock if relevant. | Tomcat report explicitly absent; silence is not zero."
research/data/asf-access-2026-09-21/sources/board_minutes_2023_03_22.txt,9. Review Outstanding Action Items,917,959,a6799965f2eb32d67c8f7e99cbe863e4e26ba82390269c8f275b92cc6e06652a,"All retained main, officer and Tomcat sections read in full; other PMC attachment titles remain outside the fixed cohort.","Infra directly reports implemented GHA outside-contributor approval policy, default every PR with project first-approval opt-outs. Historical Myrle Krantz VP Infrastructure role is explicit. Shared directive family, not four independent requests. | Infra reports Travis turned off and contract nonrenewal; LDAP/Atlassian migration still context. | Board discusses vendor neutrality and plans PMC-chair guidance; follow March 29 message, unnamed chair cannot be assigned to a cohort PMC. | March 7? Logo process continues January/February binding request; March resolution and marketing proposal include project-image audits but selected project application unknown. | Treasurer reports no direct ASF bank exposure to SVB failure; indirect vendor impacts and unknown community exposure. Independently verify primary shock if relevant. | Tomcat report explicitly absent; silence is not zero."
research/data/asf-access-2026-09-21/sources/board_minutes_2023_03_22.txt,10. Unfinished Business,960,961,6509f65610f5edd3568891f04bf8cba8c83257596c4076b5c95a8c4d116946b6,"All retained main, officer and Tomcat sections read in full; other PMC attachment titles remain outside the fixed cohort.","Infra directly reports implemented GHA outside-contributor approval policy, default every PR with project first-approval opt-outs. Historical Myrle Krantz VP Infrastructure role is explicit. Shared directive family, not four independent requests. | Infra reports Travis turned off and contract nonrenewal; LDAP/Atlassian migration still context. | Board discusses vendor neutrality and plans PMC-chair guidance; follow March 29 message, unnamed chair cannot be assigned to a cohort PMC. | March 7? Logo process continues January/February binding request; March resolution and marketing proposal include project-image audits but selected project application unknown. | Treasurer reports no direct ASF bank exposure to SVB failure; indirect vendor impacts and unknown community exposure. Independently verify primary shock if relevant. | Tomcat report explicitly absent; silence is not zero."
research/data/asf-access-2026-09-21/sources/board_minutes_2023_03_22.txt,11. New Business,962,972,1bdf66ea1b7984d3ab894816ed9dd76080293b94794e4aea7b2eb2028e63ed0b,"All retained main, officer and Tomcat sections read in full; other PMC attachment titles remain outside the fixed cohort.","Infra directly reports implemented GHA outside-contributor approval policy, default every PR with project first-approval opt-outs. Historical Myrle Krantz VP Infrastructure role is explicit. Shared directive family, not four independent requests. | Infra reports Travis turned off and contract nonrenewal; LDAP/Atlassian migration still context. | Board discusses vendor neutrality and plans PMC-chair guidance; follow March 29 message, unnamed chair cannot be assigned to a cohort PMC. | March 7? Logo process continues January/February binding request; March resolution and marketing proposal include project-image audits but selected project application unknown. | Treasurer reports no direct ASF bank exposure to SVB failure; indirect vendor impacts and unknown community exposure. Independently verify primary shock if relevant. | Tomcat report explicitly absent; silence is not zero."
research/data/asf-access-2026-09-21/sources/board_minutes_2023_03_22.txt,12. Announcements,973,974,3077f3127f59436a67aa1b591f7bd3be28c18bdc2fccc5f03847eef2cbd766cf,"All retained main, officer and Tomcat sections read in full; other PMC attachment titles remain outside the fixed cohort.","Infra directly reports implemented GHA outside-contributor approval policy, default every PR with project first-approval opt-outs. Historical Myrle Krantz VP Infrastructure role is explicit. Shared directive family, not four independent requests. | Infra reports Travis turned off and contract nonrenewal; LDAP/Atlassian migration still context. | Board discusses vendor neutrality and plans PMC-chair guidance; follow March 29 message, unnamed chair cannot be assigned to a cohort PMC. | March 7? Logo process continues January/February binding request; March resolution and marketing proposal include project-image audits but selected project application unknown. | Treasurer reports no direct ASF bank exposure to SVB failure; indirect vendor impacts and unknown community exposure. Independently verify primary shock if relevant. | Tomcat report explicitly absent; silence is not zero."
research/data/asf-access-2026-09-21/sources/board_minutes_2023_03_22.txt,13. Adjournment,975,983,1bd32c28ea09a46829d857c2ddb2bc690e769f80e1aa878212c8159d1054ef76,"All retained main, officer and Tomcat sections read in full; other PMC attachment titles remain outside the fixed cohort.","Infra directly reports implemented GHA outside-contributor approval policy, default every PR with project first-approval opt-outs. Historical Myrle Krantz VP Infrastructure role is explicit. Shared directive family, not four independent requests. | Infra reports Travis turned off and contract nonrenewal; LDAP/Atlassian migration still context. | Board discusses vendor neutrality and plans PMC-chair guidance; follow March 29 message, unnamed chair cannot be assigned to a cohort PMC. | March 7? Logo process continues January/February binding request; March resolution and marketing proposal include project-image audits but selected project application unknown. | Treasurer reports no direct ASF bank exposure to SVB failure; indirect vendor impacts and unknown community exposure. Independently verify primary shock if relevant. | Tomcat report explicitly absent; silence is not zero."
research/data/asf-access-2026-09-21/sources/board_minutes_2023_03_22.txt,Attachment 1: Report from the VP of Brand Management  [Mark Thomas],984,1023,7f227ee5d4923211d895eca37af289a70b6106e93f85c76908686e97f3082631,"All retained main, officer and Tomcat sections read in full; other PMC attachment titles remain outside the fixed cohort.","Infra directly reports implemented GHA outside-contributor approval policy, default every PR with project first-approval opt-outs. Historical Myrle Krantz VP Infrastructure role is explicit. Shared directive family, not four independent requests. | Infra reports Travis turned off and contract nonrenewal; LDAP/Atlassian migration still context. | Board discusses vendor neutrality and plans PMC-chair guidance; follow March 29 message, unnamed chair cannot be assigned to a cohort PMC. | March 7? Logo process continues January/February binding request; March resolution and marketing proposal include project-image audits but selected project application unknown. | Treasurer reports no direct ASF bank exposure to SVB failure; indirect vendor impacts and unknown community exposure. Independently verify primary shock if relevant. | Tomcat report explicitly absent; silence is not zero."
research/data/asf-access-2026-09-21/sources/board_minutes_2023_03_22.txt,Attachment 2: Report from the VP of Fundraising  [Bob Paulin],1024,1066,dbdfeac5986b68f8d3d88166fd56bf6c552b0e596a77530ce4604c601c86c8e4,"All retained main, officer and Tomcat sections read in full; other PMC attachment titles remain outside the fixed cohort.","Infra directly reports implemented GHA outside-contributor approval policy, default every PR with project first-approval opt-outs. Historical Myrle Krantz VP Infrastructure role is explicit. Shared directive family, not four independent requests. | Infra reports Travis turned off and contract nonrenewal; LDAP/Atlassian migration still context. | Board discusses vendor neutrality and plans PMC-chair guidance; follow March 29 message, unnamed chair cannot be assigned to a cohort PMC. | March 7? Logo process continues January/February binding request; March resolution and marketing proposal include project-image audits but selected project application unknown. | Treasurer reports no direct ASF bank exposure to SVB failure; indirect vendor impacts and unknown community exposure. Independently verify primary shock if relevant. | Tomcat report explicitly absent; silence is not zero."
research/data/asf-access-2026-09-21/sources/board_minutes_2023_03_22.txt,Attachment 3: Report from the VP of Marketing and Publicity  [Brian Proffitt],1067,1276,18d6c99e5ce682a32472e8c25f29130cda214af85177f4b5f800786008d613fb,"All retained main, officer and Tomcat sections read in full; other PMC attachment titles remain outside the fixed cohort.","Infra directly reports implemented GHA outside-contributor approval policy, default every PR with project first-approval opt-outs. Historical Myrle Krantz VP Infrastructure role is explicit. Shared directive family, not four independent requests. | Infra reports Travis turned off and contract nonrenewal; LDAP/Atlassian migration still context. | Board discusses vendor neutrality and plans PMC-chair guidance; follow March 29 message, unnamed chair cannot be assigned to a cohort PMC. | March 7? Logo process continues January/February binding request; March resolution and marketing proposal include project-image audits but selected project application unknown. | Treasurer reports no direct ASF bank exposure to SVB failure; indirect vendor impacts and unknown community exposure. Independently verify primary shock if relevant. | Tomcat report explicitly absent; silence is not zero."
research/data/asf-access-2026-09-21/sources/board_minutes_2023_03_22.txt,Attachment 4: Report from the VP of Infrastructure  [Myrle Krantz],1277,1337,7a13688ffd6142acb4449544d94bb583abb724841f67a4de74f39bf7a448bc24,"All retained main, officer and Tomcat sections read in full; other PMC attachment titles remain outside the fixed cohort.","Infra directly reports implemented GHA outside-contributor approval policy, default every PR with project first-approval opt-outs. Historical Myrle Krantz VP Infrastructure role is explicit. Shared directive family, not four independent requests. | Infra reports Travis turned off and contract nonrenewal; LDAP/Atlassian migration still context. | Board discusses vendor neutrality and plans PMC-chair guidance; follow March 29 message, unnamed chair cannot be assigned to a cohort PMC. | March 7? Logo process continues January/February binding request; March resolution and marketing proposal include project-image audits but selected project application unknown. | Treasurer reports no direct ASF bank exposure to SVB failure; indirect vendor impacts and unknown community exposure. Independently verify primary shock if relevant. | Tomcat report explicitly absent; silence is not zero."
research/data/asf-access-2026-09-21/sources/board_minutes_2023_03_22.txt,Attachment 5: Report from the VP of Conferences  [Rich Bowen],1338,1352,837d7fe539423d0aef04be0d8d236c4559d99b4cea45f97f6028db3da25e1c57,"All retained main, officer and Tomcat sections read in full; other PMC attachment titles remain outside the fixed cohort.","Infra directly reports implemented GHA outside-contributor approval policy, default every PR with project first-approval opt-outs. Historical Myrle Krantz VP Infrastructure role is explicit. Shared directive family, not four independent requests. | Infra reports Travis turned off and contract nonrenewal; LDAP/Atlassian migration still context. | Board discusses vendor neutrality and plans PMC-chair guidance; follow March 29 message, unnamed chair cannot be assigned to a cohort PMC. | March 7? Logo process continues January/February binding request; March resolution and marketing proposal include project-image audits but selected project application unknown. | Treasurer reports no direct ASF bank exposure to SVB failure; indirect vendor impacts and unknown community exposure. Independently verify primary shock if relevant. | Tomcat report explicitly absent; silence is not zero."
research/data/asf-access-2026-09-21/sources/board_minutes_2023_03_22.txt,Attachment 6: Report from the Apache Travel Assistance Committee  [Gavin McDonald],1353,1399,50f18a5dba55469bdb429e14f0191f94480ce4f87e7ae1b113e93d91c0143f30,"All retained main, officer and Tomcat sections read in full; other PMC attachment titles remain outside the fixed cohort.","Infra directly reports implemented GHA outside-contributor approval policy, default every PR with project first-approval opt-outs. Historical Myrle Krantz VP Infrastructure role is explicit. Shared directive family, not four independent requests. | Infra reports Travis turned off and contract nonrenewal; LDAP/Atlassian migration still context. | Board discusses vendor neutrality and plans PMC-chair guidance; follow March 29 message, unnamed chair cannot be assigned to a cohort PMC. | March 7? Logo process continues January/February binding request; March resolution and marketing proposal include project-image audits but selected project application unknown. | Treasurer reports no direct ASF bank exposure to SVB failure; indirect vendor impacts and unknown community exposure. Independently verify primary shock if relevant. | Tomcat report explicitly absent; silence is not zero."
research/data/asf-access-2026-09-21/sources/board_minutes_2023_03_22.txt,Attachment 7: Report from the VP of Diversity and Inclusion  [Katia Rojas],1400,1403,3500d95c2b916d4a3b3217172e51e05456657b896758c52f2c9948f2e545074e,"All retained main, officer and Tomcat sections read in full; other PMC attachment titles remain outside the fixed cohort.","Infra directly reports implemented GHA outside-contributor approval policy, default every PR with project first-approval opt-outs. Historical Myrle Krantz VP Infrastructure role is explicit. Shared directive family, not four independent requests. | Infra reports Travis turned off and contract nonrenewal; LDAP/Atlassian migration still context. | Board discusses vendor neutrality and plans PMC-chair guidance; follow March 29 message, unnamed chair cannot be assigned to a cohort PMC. | March 7? Logo process continues January/February binding request; March resolution and marketing proposal include project-image audits but selected project application unknown. | Treasurer reports no direct ASF bank exposure to SVB failure; indirect vendor impacts and unknown community exposure. Independently verify primary shock if relevant. | Tomcat report explicitly absent; silence is not zero."
research/data/asf-access-2026-09-21/sources/board_minutes_2023_03_22.txt,Attachment 8: Report from the VP of Data Privacy  [Christian Grobmeier],1404,1407,e691fc2b46504bc5b6ddee98abe30ed21d2f4528541e3515ab87baf45a82e8c3,"All retained main, officer and Tomcat sections read in full; other PMC attachment titles remain outside the fixed cohort.","Infra directly reports implemented GHA outside-contributor approval policy, default every PR with project first-approval opt-outs. Historical Myrle Krantz VP Infrastructure role is explicit. Shared directive family, not four independent requests. | Infra reports Travis turned off and contract nonrenewal; LDAP/Atlassian migration still context. | Board discusses vendor neutrality and plans PMC-chair guidance; follow March 29 message, unnamed chair cannot be assigned to a cohort PMC. | March 7? Logo process continues January/February binding request; March resolution and marketing proposal include project-image audits but selected project application unknown. | Treasurer reports no direct ASF bank exposure to SVB failure; indirect vendor impacts and unknown community exposure. Independently verify primary shock if relevant. | Tomcat report explicitly absent; silence is not zero."
research/data/asf-access-2026-09-21/sources/board_minutes_2023_03_22.txt,Attachment 9: Report from the VP of W3C Relations  [Andy Seaborne],1408,1411,a84b8ec393880d9ae5ee9a843122a2afec984396c675e65ace1b94c244dcf73c,"All retained main, officer and Tomcat sections read in full; other PMC attachment titles remain outside the fixed cohort.","Infra directly reports implemented GHA outside-contributor approval policy, default every PR with project first-approval opt-outs. Historical Myrle Krantz VP Infrastructure role is explicit. Shared directive family, not four independent requests. | Infra reports Travis turned off and contract nonrenewal; LDAP/Atlassian migration still context. | Board discusses vendor neutrality and plans PMC-chair guidance; follow March 29 message, unnamed chair cannot be assigned to a cohort PMC. | March 7? Logo process continues January/February binding request; March resolution and marketing proposal include project-image audits but selected project application unknown. | Treasurer reports no direct ASF bank exposure to SVB failure; indirect vendor impacts and unknown community exposure. Independently verify primary shock if relevant. | Tomcat report explicitly absent; silence is not zero."
research/data/asf-access-2026-09-21/sources/board_minutes_2023_03_22.txt,Attachment 10: Report from the Apache Legal Affairs Committee  [Roman Shaposhnik],1412,1419,2e4c59e7118a7174bde0a7d93b3416a7ca5efbc33b4203c2a00b0e93f477c177,"All retained main, officer and Tomcat sections read in full; other PMC attachment titles remain outside the fixed cohort.","Infra directly reports implemented GHA outside-contributor approval policy, default every PR with project first-approval opt-outs. Historical Myrle Krantz VP Infrastructure role is explicit. Shared directive family, not four independent requests. | Infra reports Travis turned off and contract nonrenewal; LDAP/Atlassian migration still context. | Board discusses vendor neutrality and plans PMC-chair guidance; follow March 29 message, unnamed chair cannot be assigned to a cohort PMC. | March 7? Logo process continues January/February binding request; March resolution and marketing proposal include project-image audits but selected project application unknown. | Treasurer reports no direct ASF bank exposure to SVB failure; indirect vendor impacts and unknown community exposure. Independently verify primary shock if relevant. | Tomcat report explicitly absent; silence is not zero."
research/data/asf-access-2026-09-21/sources/board_minutes_2023_03_22.txt,Attachment 11: Report from the Apache Security Team Project  [Mark J. Cox],1420,1471,1d9e879fd796018fe2c6aa762a51b3938172f923f424c69a69c63d61cb7f32ef,"All retained main, officer and Tomcat sections read in full; other PMC attachment titles remain outside the fixed cohort.","Infra directly reports implemented GHA outside-contributor approval policy, default every PR with project first-approval opt-outs. Historical Myrle Krantz VP Infrastructure role is explicit. Shared directive family, not four independent requests. | Infra reports Travis turned off and contract nonrenewal; LDAP/Atlassian migration still context. | Board discusses vendor neutrality and plans PMC-chair guidance; follow March 29 message, unnamed chair cannot be assigned to a cohort PMC. | March 7? Logo process continues January/February binding request; March resolution and marketing proposal include project-image audits but selected project application unknown. | Treasurer reports no direct ASF bank exposure to SVB failure; indirect vendor impacts and unknown community exposure. Independently verify primary shock if relevant. | Tomcat report explicitly absent; silence is not zero."
research/data/asf-access-2026-09-21/sources/board_minutes_2023_03_22.txt,Attachment 12: Report from the VP of Jakarta EE Relations [Rob Tompkins],1472,1475,fd0528b980b2d228fa27e83e5215b165b3f33fd15f470736c054dae88d16e9b1,"All retained main, officer and Tomcat sections read in full; other PMC attachment titles remain outside the fixed cohort.","Infra directly reports implemented GHA outside-contributor approval policy, default every PR with project first-approval opt-outs. Historical Myrle Krantz VP Infrastructure role is explicit. Shared directive family, not four independent requests. | Infra reports Travis turned off and contract nonrenewal; LDAP/Atlassian migration still context. | Board discusses vendor neutrality and plans PMC-chair guidance; follow March 29 message, unnamed chair cannot be assigned to a cohort PMC. | March 7? Logo process continues January/February binding request; March resolution and marketing proposal include project-image audits but selected project application unknown. | Treasurer reports no direct ASF bank exposure to SVB failure; indirect vendor impacts and unknown community exposure. Independently verify primary shock if relevant. | Tomcat report explicitly absent; silence is not zero."
research/data/asf-access-2026-09-21/sources/board_minutes_2023_03_22.txt,Attachment BR: Report from the Apache Tomcat Project  [Mladen Turk],4550,4553,11a412103e31096db202ee70871dbb883323cd123b5f1ebebae4e80cba4d5457,"All retained main, officer and Tomcat sections read in full; other PMC attachment titles remain outside the fixed cohort.","Infra directly reports implemented GHA outside-contributor approval policy, default every PR with project first-approval opt-outs. Historical Myrle Krantz VP Infrastructure role is explicit. Shared directive family, not four independent requests. | Infra reports Travis turned off and contract nonrenewal; LDAP/Atlassian migration still context. | Board discusses vendor neutrality and plans PMC-chair guidance; follow March 29 message, unnamed chair cannot be assigned to a cohort PMC. | March 7? Logo process continues January/February binding request; March resolution and marketing proposal include project-image audits but selected project application unknown. | Treasurer reports no direct ASF bank exposure to SVB failure; indirect vendor impacts and unknown community exposure. Independently verify primary shock if relevant. | Tomcat report explicitly absent; silence is not zero."
research/data/asf-access-2026-09-21/sources/board_minutes_2023_04_19.txt,1. Call to order,8,20,229ac380598de7c41bc61f9c206dfd230ed1646b03220d8d6941c83132edfd2f,"All retained main, officer, cohort and Attic sections read in full; other PMC attachment titles remain outside the fixed cohort.","Infra states INFRA Jira workspace made committer-only for safety/security, and anonymous LDAP access disabled. This dates a foundation access restriction and explains anonymous referenced-ticket missingness without interpreting login as request rejection. | Board discusses off-list synchronous decisions and GitHub notification flooding; Rich tasked with communication-tool advice. This is evidence about public-record limits, not evidence of a particular hidden decision. | Funding reports China sponsor attrition and layoffs, without selected PMC exposure; CRA attention continues. | Maven reports additions and routine releases; Tomcat reports EOL date as March 31 2024 despite past-tense wording in April 2023 record. Keep intended future date distinct from report date; consult original EOL decision. | Privacy plans vendor-addition/brand consultation process; no named selected-project request here."
research/data/asf-access-2026-09-21/sources/board_minutes_2023_04_19.txt,2. Roll Call,21,59,e69cea8d25cf6c532677b749709b83fed4a072d72254681acadb55cf04b2d733,"All retained main, officer, cohort and Attic sections read in full; other PMC attachment titles remain outside the fixed cohort.","Infra states INFRA Jira workspace made committer-only for safety/security, and anonymous LDAP access disabled. This dates a foundation access restriction and explains anonymous referenced-ticket missingness without interpreting login as request rejection. | Board discusses off-list synchronous decisions and GitHub notification flooding; Rich tasked with communication-tool advice. This is evidence about public-record limits, not evidence of a particular hidden decision. | Funding reports China sponsor attrition and layoffs, without selected PMC exposure; CRA attention continues. | Maven reports additions and routine releases; Tomcat reports EOL date as March 31 2024 despite past-tense wording in April 2023 record. Keep intended future date distinct from report date; consult original EOL decision. | Privacy plans vendor-addition/brand consultation process; no named selected-project request here."
research/data/asf-access-2026-09-21/sources/board_minutes_2023_04_19.txt,3. Minutes from previous meetings,60,77,e1c1083ad52653adf1a8133519efae230bcb598f446480189f1f8d6b229c0843,"All retained main, officer, cohort and Attic sections read in full; other PMC attachment titles remain outside the fixed cohort.","Infra states INFRA Jira workspace made committer-only for safety/security, and anonymous LDAP access disabled. This dates a foundation access restriction and explains anonymous referenced-ticket missingness without interpreting login as request rejection. | Board discusses off-list synchronous decisions and GitHub notification flooding; Rich tasked with communication-tool advice. This is evidence about public-record limits, not evidence of a particular hidden decision. | Funding reports China sponsor attrition and layoffs, without selected PMC exposure; CRA attention continues. | Maven reports additions and routine releases; Tomcat reports EOL date as March 31 2024 despite past-tense wording in April 2023 record. Keep intended future date distinct from report date; consult original EOL decision. | Privacy plans vendor-addition/brand consultation process; no named selected-project request here."
research/data/asf-access-2026-09-21/sources/board_minutes_2023_04_19.txt,4. Executive Officer Reports,78,161,8680d41fd0bf4b89a6c68508d18e5907ff601205bb93272854ea4498dc3104d5,"All retained main, officer, cohort and Attic sections read in full; other PMC attachment titles remain outside the fixed cohort.","Infra states INFRA Jira workspace made committer-only for safety/security, and anonymous LDAP access disabled. This dates a foundation access restriction and explains anonymous referenced-ticket missingness without interpreting login as request rejection. | Board discusses off-list synchronous decisions and GitHub notification flooding; Rich tasked with communication-tool advice. This is evidence about public-record limits, not evidence of a particular hidden decision. | Funding reports China sponsor attrition and layoffs, without selected PMC exposure; CRA attention continues. | Maven reports additions and routine releases; Tomcat reports EOL date as March 31 2024 despite past-tense wording in April 2023 record. Keep intended future date distinct from report date; consult original EOL decision. | Privacy plans vendor-addition/brand consultation process; no named selected-project request here."
research/data/asf-access-2026-09-21/sources/board_minutes_2023_04_19.txt,5. Additional Officer Reports,162,181,6d3ccb8776de806af987d57a667c6f44372dd13202c2047a18d7b06e239cac10,"All retained main, officer, cohort and Attic sections read in full; other PMC attachment titles remain outside the fixed cohort.","Infra states INFRA Jira workspace made committer-only for safety/security, and anonymous LDAP access disabled. This dates a foundation access restriction and explains anonymous referenced-ticket missingness without interpreting login as request rejection. | Board discusses off-list synchronous decisions and GitHub notification flooding; Rich tasked with communication-tool advice. This is evidence about public-record limits, not evidence of a particular hidden decision. | Funding reports China sponsor attrition and layoffs, without selected PMC exposure; CRA attention continues. | Maven reports additions and routine releases; Tomcat reports EOL date as March 31 2024 despite past-tense wording in April 2023 record. Keep intended future date distinct from report date; consult original EOL decision. | Privacy plans vendor-addition/brand consultation process; no named selected-project request here."
research/data/asf-access-2026-09-21/sources/board_minutes_2023_04_19.txt,Committee agenda: K. Apache Attic Project [Herve Boutemy / Craig],235,238,c6d63278089c0169eeb4e7c4dd94721ad6c8e906a4028b1354caf10a43837398,"All retained main, officer, cohort and Attic sections read in full; other PMC attachment titles remain outside the fixed cohort.","Infra states INFRA Jira workspace made committer-only for safety/security, and anonymous LDAP access disabled. This dates a foundation access restriction and explains anonymous referenced-ticket missingness without interpreting login as request rejection. | Board discusses off-list synchronous decisions and GitHub notification flooding; Rich tasked with communication-tool advice. This is evidence about public-record limits, not evidence of a particular hidden decision. | Funding reports China sponsor attrition and layoffs, without selected PMC exposure; CRA attention continues. | Maven reports additions and routine releases; Tomcat reports EOL date as March 31 2024 despite past-tense wording in April 2023 record. Keep intended future date distinct from report date; consult original EOL decision. | Privacy plans vendor-addition/brand consultation process; no named selected-project request here."
research/data/asf-access-2026-09-21/sources/board_minutes_2023_04_19.txt,Committee agenda: AV. Apache Maven Project [Karl Heinz Marbaise / Sharan],387,390,ad8e51ce20e913e4a9acf495fd586488ab37291e57cfb97d6f3bf107750319f9,"All retained main, officer, cohort and Attic sections read in full; other PMC attachment titles remain outside the fixed cohort.","Infra states INFRA Jira workspace made committer-only for safety/security, and anonymous LDAP access disabled. This dates a foundation access restriction and explains anonymous referenced-ticket missingness without interpreting login as request rejection. | Board discusses off-list synchronous decisions and GitHub notification flooding; Rich tasked with communication-tool advice. This is evidence about public-record limits, not evidence of a particular hidden decision. | Funding reports China sponsor attrition and layoffs, without selected PMC exposure; CRA attention continues. | Maven reports additions and routine releases; Tomcat reports EOL date as March 31 2024 despite past-tense wording in April 2023 record. Keep intended future date distinct from report date; consult original EOL decision. | Privacy plans vendor-addition/brand consultation process; no named selected-project request here."
research/data/asf-access-2026-09-21/sources/board_minutes_2023_04_19.txt,Committee agenda: CG. Apache Tomcat Project [Mladen Turk / Craig],537,540,f7f972f83360ed02d6685eba050cb0417bdc5774263ed32c7e49b9de1b47d08f,"All retained main, officer, cohort and Attic sections read in full; other PMC attachment titles remain outside the fixed cohort.","Infra states INFRA Jira workspace made committer-only for safety/security, and anonymous LDAP access disabled. This dates a foundation access restriction and explains anonymous referenced-ticket missingness without interpreting login as request rejection. | Board discusses off-list synchronous decisions and GitHub notification flooding; Rich tasked with communication-tool advice. This is evidence about public-record limits, not evidence of a particular hidden decision. | Funding reports China sponsor attrition and layoffs, without selected PMC exposure; CRA attention continues. | Maven reports additions and routine releases; Tomcat reports EOL date as March 31 2024 despite past-tense wording in April 2023 record. Keep intended future date distinct from report date; consult original EOL decision. | Privacy plans vendor-addition/brand consultation process; no named selected-project request here."
research/data/asf-access-2026-09-21/sources/board_minutes_2023_04_19.txt,7. Special Orders,555,605,afd54692ca9f7aceecb46325764998b08c6df1eed7ff390f439bbe19cec0ba9c,"All retained main, officer, cohort and Attic sections read in full; other PMC attachment titles remain outside the fixed cohort.","Infra states INFRA Jira workspace made committer-only for safety/security, and anonymous LDAP access disabled. This dates a foundation access restriction and explains anonymous referenced-ticket missingness without interpreting login as request rejection. | Board discusses off-list synchronous decisions and GitHub notification flooding; Rich tasked with communication-tool advice. This is evidence about public-record limits, not evidence of a particular hidden decision. | Funding reports China sponsor attrition and layoffs, without selected PMC exposure; CRA attention continues. | Maven reports additions and routine releases; Tomcat reports EOL date as March 31 2024 despite past-tense wording in April 2023 record. Keep intended future date distinct from report date; consult original EOL decision. | Privacy plans vendor-addition/brand consultation process; no named selected-project request here."
research/data/asf-access-2026-09-21/sources/board_minutes_2023_04_19.txt,8. Discussion Items,606,634,a9e943ee592432b18a28bfc035a5a7c13b70695e1c217c6c18d92b2a61fe6481,"All retained main, officer, cohort and Attic sections read in full; other PMC attachment titles remain outside the fixed cohort.","Infra states INFRA Jira workspace made committer-only for safety/security, and anonymous LDAP access disabled. This dates a foundation access restriction and explains anonymous referenced-ticket missingness without interpreting login as request rejection. | Board discusses off-list synchronous decisions and GitHub notification flooding; Rich tasked with communication-tool advice. This is evidence about public-record limits, not evidence of a particular hidden decision. | Funding reports China sponsor attrition and layoffs, without selected PMC exposure; CRA attention continues. | Maven reports additions and routine releases; Tomcat reports EOL date as March 31 2024 despite past-tense wording in April 2023 record. Keep intended future date distinct from report date; consult original EOL decision. | Privacy plans vendor-addition/brand consultation process; no named selected-project request here."
research/data/asf-access-2026-09-21/sources/board_minutes_2023_04_19.txt,9. Review Outstanding Action Items,635,693,cdaba8e97c46b3ccd248da70f6080134008f453761672cad7dd2b48eb3fda3d2,"All retained main, officer, cohort and Attic sections read in full; other PMC attachment titles remain outside the fixed cohort.","Infra states INFRA Jira workspace made committer-only for safety/security, and anonymous LDAP access disabled. This dates a foundation access restriction and explains anonymous referenced-ticket missingness without interpreting login as request rejection. | Board discusses off-list synchronous decisions and GitHub notification flooding; Rich tasked with communication-tool advice. This is evidence about public-record limits, not evidence of a particular hidden decision. | Funding reports China sponsor attrition and layoffs, without selected PMC exposure; CRA attention continues. | Maven reports additions and routine releases; Tomcat reports EOL date as March 31 2024 despite past-tense wording in April 2023 record. Keep intended future date distinct from report date; consult original EOL decision. | Privacy plans vendor-addition/brand consultation process; no named selected-project request here."
research/data/asf-access-2026-09-21/sources/board_minutes_2023_04_19.txt,10. Unfinished Business,694,695,6509f65610f5edd3568891f04bf8cba8c83257596c4076b5c95a8c4d116946b6,"All retained main, officer, cohort and Attic sections read in full; other PMC attachment titles remain outside the fixed cohort.","Infra states INFRA Jira workspace made committer-only for safety/security, and anonymous LDAP access disabled. This dates a foundation access restriction and explains anonymous referenced-ticket missingness without interpreting login as request rejection. | Board discusses off-list synchronous decisions and GitHub notification flooding; Rich tasked with communication-tool advice. This is evidence about public-record limits, not evidence of a particular hidden decision. | Funding reports China sponsor attrition and layoffs, without selected PMC exposure; CRA attention continues. | Maven reports additions and routine releases; Tomcat reports EOL date as March 31 2024 despite past-tense wording in April 2023 record. Keep intended future date distinct from report date; consult original EOL decision. | Privacy plans vendor-addition/brand consultation process; no named selected-project request here."
research/data/asf-access-2026-09-21/sources/board_minutes_2023_04_19.txt,11. New Business,696,699,352c19595572b0db1685a7cf4691d197bbd94d4d1a3398fa0bbbf7b1337b7595,"All retained main, officer, cohort and Attic sections read in full; other PMC attachment titles remain outside the fixed cohort.","Infra states INFRA Jira workspace made committer-only for safety/security, and anonymous LDAP access disabled. This dates a foundation access restriction and explains anonymous referenced-ticket missingness without interpreting login as request rejection. | Board discusses off-list synchronous decisions and GitHub notification flooding; Rich tasked with communication-tool advice. This is evidence about public-record limits, not evidence of a particular hidden decision. | Funding reports China sponsor attrition and layoffs, without selected PMC exposure; CRA attention continues. | Maven reports additions and routine releases; Tomcat reports EOL date as March 31 2024 despite past-tense wording in April 2023 record. Keep intended future date distinct from report date; consult original EOL decision. | Privacy plans vendor-addition/brand consultation process; no named selected-project request here."
research/data/asf-access-2026-09-21/sources/board_minutes_2023_04_19.txt,12. Announcements,700,701,3077f3127f59436a67aa1b591f7bd3be28c18bdc2fccc5f03847eef2cbd766cf,"All retained main, officer, cohort and Attic sections read in full; other PMC attachment titles remain outside the fixed cohort.","Infra states INFRA Jira workspace made committer-only for safety/security, and anonymous LDAP access disabled. This dates a foundation access restriction and explains anonymous referenced-ticket missingness without interpreting login as request rejection. | Board discusses off-list synchronous decisions and GitHub notification flooding; Rich tasked with communication-tool advice. This is evidence about public-record limits, not evidence of a particular hidden decision. | Funding reports China sponsor attrition and layoffs, without selected PMC exposure; CRA attention continues. | Maven reports additions and routine releases; Tomcat reports EOL date as March 31 2024 despite past-tense wording in April 2023 record. Keep intended future date distinct from report date; consult original EOL decision. | Privacy plans vendor-addition/brand consultation process; no named selected-project request here."
research/data/asf-access-2026-09-21/sources/board_minutes_2023_04_19.txt,13. Adjournment,702,710,5a2b2828a7eabed959a3b10f64930bc23a494314495130a29b0f283a8e0fe2fb,"All retained main, officer, cohort and Attic sections read in full; other PMC attachment titles remain outside the fixed cohort.","Infra states INFRA Jira workspace made committer-only for safety/security, and anonymous LDAP access disabled. This dates a foundation access restriction and explains anonymous referenced-ticket missingness without interpreting login as request rejection. | Board discusses off-list synchronous decisions and GitHub notification flooding; Rich tasked with communication-tool advice. This is evidence about public-record limits, not evidence of a particular hidden decision. | Funding reports China sponsor attrition and layoffs, without selected PMC exposure; CRA attention continues. | Maven reports additions and routine releases; Tomcat reports EOL date as March 31 2024 despite past-tense wording in April 2023 record. Keep intended future date distinct from report date; consult original EOL decision. | Privacy plans vendor-addition/brand consultation process; no named selected-project request here."
research/data/asf-access-2026-09-21/sources/board_minutes_2023_04_19.txt,Attachment 1: Report from the VP of Brand Management  [Mark Thomas],711,743,6275c5fac097590ea617c72701881e0706e7321df81a7170240b6e69c5d7a63f,"All retained main, officer, cohort and Attic sections read in full; other PMC attachment titles remain outside the fixed cohort.","Infra states INFRA Jira workspace made committer-only for safety/security, and anonymous LDAP access disabled. This dates a foundation access restriction and explains anonymous referenced-ticket missingness without interpreting login as request rejection. | Board discusses off-list synchronous decisions and GitHub notification flooding; Rich tasked with communication-tool advice. This is evidence about public-record limits, not evidence of a particular hidden decision. | Funding reports China sponsor attrition and layoffs, without selected PMC exposure; CRA attention continues. | Maven reports additions and routine releases; Tomcat reports EOL date as March 31 2024 despite past-tense wording in April 2023 record. Keep intended future date distinct from report date; consult original EOL decision. | Privacy plans vendor-addition/brand consultation process; no named selected-project request here."
research/data/asf-access-2026-09-21/sources/board_minutes_2023_04_19.txt,Attachment 2: Report from the VP of Fundraising  [Bob Paulin],744,784,09eeb0f7158485b181ed7f20aefa20776c4afcfa56d0949de9723cfcff75f447,"All retained main, officer, cohort and Attic sections read in full; other PMC attachment titles remain outside the fixed cohort.","Infra states INFRA Jira workspace made committer-only for safety/security, and anonymous LDAP access disabled. This dates a foundation access restriction and explains anonymous referenced-ticket missingness without interpreting login as request rejection. | Board discusses off-list synchronous decisions and GitHub notification flooding; Rich tasked with communication-tool advice. This is evidence about public-record limits, not evidence of a particular hidden decision. | Funding reports China sponsor attrition and layoffs, without selected PMC exposure; CRA attention continues. | Maven reports additions and routine releases; Tomcat reports EOL date as March 31 2024 despite past-tense wording in April 2023 record. Keep intended future date distinct from report date; consult original EOL decision. | Privacy plans vendor-addition/brand consultation process; no named selected-project request here."
research/data/asf-access-2026-09-21/sources/board_minutes_2023_04_19.txt,Attachment 3: Report from the VP of Marketing and Publicity  [Brian Proffitt],785,846,1e9b3d79f977b029c4d059a8961e737f97113fba60a3c4044225a562a02da1ec,"All retained main, officer, cohort and Attic sections read in full; other PMC attachment titles remain outside the fixed cohort.","Infra states INFRA Jira workspace made committer-only for safety/security, and anonymous LDAP access disabled. This dates a foundation access restriction and explains anonymous referenced-ticket missingness without interpreting login as request rejection. | Board discusses off-list synchronous decisions and GitHub notification flooding; Rich tasked with communication-tool advice. This is evidence about public-record limits, not evidence of a particular hidden decision. | Funding reports China sponsor attrition and layoffs, without selected PMC exposure; CRA attention continues. | Maven reports additions and routine releases; Tomcat reports EOL date as March 31 2024 despite past-tense wording in April 2023 record. Keep intended future date distinct from report date; consult original EOL decision. | Privacy plans vendor-addition/brand consultation process; no named selected-project request here."
research/data/asf-access-2026-09-21/sources/board_minutes_2023_04_19.txt,Attachment 4: Report from the VP of Infrastructure  [Myrle Krantz],847,898,d2474441c744edd9fffd6137c8251725e73e3e2b7feda68c16ddc6f676975aec,"All retained main, officer, cohort and Attic sections read in full; other PMC attachment titles remain outside the fixed cohort.","Infra states INFRA Jira workspace made committer-only for safety/security, and anonymous LDAP access disabled. This dates a foundation access restriction and explains anonymous referenced-ticket missingness without interpreting login as request rejection. | Board discusses off-list synchronous decisions and GitHub notification flooding; Rich tasked with communication-tool advice. This is evidence about public-record limits, not evidence of a particular hidden decision. | Funding reports China sponsor attrition and layoffs, without selected PMC exposure; CRA attention continues. | Maven reports additions and routine releases; Tomcat reports EOL date as March 31 2024 despite past-tense wording in April 2023 record. Keep intended future date distinct from report date; consult original EOL decision. | Privacy plans vendor-addition/brand consultation process; no named selected-project request here."
research/data/asf-access-2026-09-21/sources/board_minutes_2023_04_19.txt,Attachment 5: Report from the VP of Conferences  [Rich Bowen],899,910,2fcc75e1ed9a3347349572dcb8182d5e147b1108bccc93a5d5082a904db6d7a7,"All retained main, officer, cohort and Attic sections read in full; other PMC attachment titles remain outside the fixed cohort.","Infra states INFRA Jira workspace made committer-only for safety/security, and anonymous LDAP access disabled. This dates a foundation access restriction and explains anonymous referenced-ticket missingness without interpreting login as request rejection. | Board discusses off-list synchronous decisions and GitHub notification flooding; Rich tasked with communication-tool advice. This is evidence about public-record limits, not evidence of a particular hidden decision. | Funding reports China sponsor attrition and layoffs, without selected PMC exposure; CRA attention continues. | Maven reports additions and routine releases; Tomcat reports EOL date as March 31 2024 despite past-tense wording in April 2023 record. Keep intended future date distinct from report date; consult original EOL decision. | Privacy plans vendor-addition/brand consultation process; no named selected-project request here."
research/data/asf-access-2026-09-21/sources/board_minutes_2023_04_19.txt,Attachment 6: Report from the Apache Travel Assistance Committee  [Gavin McDonald],911,920,0e14d2992f3a7cc412888e075716544416a389ce7f7d4d0e560aa57ad7a68c34,"All retained main, officer, cohort and Attic sections read in full; other PMC attachment titles remain outside the fixed cohort.","Infra states INFRA Jira workspace made committer-only for safety/security, and anonymous LDAP access disabled. This dates a foundation access restriction and explains anonymous referenced-ticket missingness without interpreting login as request rejection. | Board discusses off-list synchronous decisions and GitHub notification flooding; Rich tasked with communication-tool advice. This is evidence about public-record limits, not evidence of a particular hidden decision. | Funding reports China sponsor attrition and layoffs, without selected PMC exposure; CRA attention continues. | Maven reports additions and routine releases; Tomcat reports EOL date as March 31 2024 despite past-tense wording in April 2023 record. Keep intended future date distinct from report date; consult original EOL decision. | Privacy plans vendor-addition/brand consultation process; no named selected-project request here."
research/data/asf-access-2026-09-21/sources/board_minutes_2023_04_19.txt,Attachment 7: Report from the VP of Diversity and Inclusion  [Katia Rojas],921,954,a73b50af806a42986e7b65ad8c26910ed4252881b29dd08ab9470f1676902742,"All retained main, officer, cohort and Attic sections read in full; other PMC attachment titles remain outside the fixed cohort.","Infra states INFRA Jira workspace made committer-only for safety/security, and anonymous LDAP access disabled. This dates a foundation access restriction and explains anonymous referenced-ticket missingness without interpreting login as request rejection. | Board discusses off-list synchronous decisions and GitHub notification flooding; Rich tasked with communication-tool advice. This is evidence about public-record limits, not evidence of a particular hidden decision. | Funding reports China sponsor attrition and layoffs, without selected PMC exposure; CRA attention continues. | Maven reports additions and routine releases; Tomcat reports EOL date as March 31 2024 despite past-tense wording in April 2023 record. Keep intended future date distinct from report date; consult original EOL decision. | Privacy plans vendor-addition/brand consultation process; no named selected-project request here."
research/data/asf-access-2026-09-21/sources/board_minutes_2023_04_19.txt,Attachment 8: Report from the VP of Data Privacy  [Christian Grobmeier],955,972,6872224b3d7fed55a8dd59d18b5fefe0364dfdb004f7b4a71b78350bf68c1c29,"All retained main, officer, cohort and Attic sections read in full; other PMC attachment titles remain outside the fixed cohort.","Infra states INFRA Jira workspace made committer-only for safety/security, and anonymous LDAP access disabled. This dates a foundation access restriction and explains anonymous referenced-ticket missingness without interpreting login as request rejection. | Board discusses off-list synchronous decisions and GitHub notification flooding; Rich tasked with communication-tool advice. This is evidence about public-record limits, not evidence of a particular hidden decision. | Funding reports China sponsor attrition and layoffs, without selected PMC exposure; CRA attention continues. | Maven reports additions and routine releases; Tomcat reports EOL date as March 31 2024 despite past-tense wording in April 2023 record. Keep intended future date distinct from report date; consult original EOL decision. | Privacy plans vendor-addition/brand consultation process; no named selected-project request here."
research/data/asf-access-2026-09-21/sources/board_minutes_2023_04_19.txt,Attachment 9: Report from the VP of W3C Relations  [Andy Seaborne],973,982,221018f271423a42bad195ab6150a76206a97026d4e2e8f9137c5fdb44e3c24c,"All retained main, officer, cohort and Attic sections read in full; other PMC attachment titles remain outside the fixed cohort.","Infra states INFRA Jira workspace made committer-only for safety/security, and anonymous LDAP access disabled. This dates a foundation access restriction and explains anonymous referenced-ticket missingness without interpreting login as request rejection. | Board discusses off-list synchronous decisions and GitHub notification flooding; Rich tasked with communication-tool advice. This is evidence about public-record limits, not evidence of a particular hidden decision. | Funding reports China sponsor attrition and layoffs, without selected PMC exposure; CRA attention continues. | Maven reports additions and routine releases; Tomcat reports EOL date as March 31 2024 despite past-tense wording in April 2023 record. Keep intended future date distinct from report date; consult original EOL decision. | Privacy plans vendor-addition/brand consultation process; no named selected-project request here."
research/data/asf-access-2026-09-21/sources/board_minutes_2023_04_19.txt,Attachment 10: Report from the Apache Legal Affairs Committee  [Roman Shaposhnik],983,993,67404b366184115bb895c01ecb7123e74087a3fb5ca8cc99f2eb3bac44ee836a,"All retained main, officer, cohort and Attic sections read in full; other PMC attachment titles remain outside the fixed cohort.","Infra states INFRA Jira workspace made committer-only for safety/security, and anonymous LDAP access disabled. This dates a foundation access restriction and explains anonymous referenced-ticket missingness without interpreting login as request rejection. | Board discusses off-list synchronous decisions and GitHub notification flooding; Rich tasked with communication-tool advice. This is evidence about public-record limits, not evidence of a particular hidden decision. | Funding reports China sponsor attrition and layoffs, without selected PMC exposure; CRA attention continues. | Maven reports additions and routine releases; Tomcat reports EOL date as March 31 2024 despite past-tense wording in April 2023 record. Keep intended future date distinct from report date; consult original EOL decision. | Privacy plans vendor-addition/brand consultation process; no named selected-project request here."
research/data/asf-access-2026-09-21/sources/board_minutes_2023_04_19.txt,Attachment 11: Report from the Apache Security Team Project  [Mark J. Cox],994,1038,354f569694ed59e58116cfb9c26f2b2f2588a513666221caf7b9fe720220bf4f,"All retained main, officer, cohort and Attic sections read in full; other PMC attachment titles remain outside the fixed cohort.","Infra states INFRA Jira workspace made committer-only for safety/security, and anonymous LDAP access disabled. This dates a foundation access restriction and explains anonymous referenced-ticket missingness without interpreting login as request rejection. | Board discusses off-list synchronous decisions and GitHub notification flooding; Rich tasked with communication-tool advice. This is evidence about public-record limits, not evidence of a particular hidden decision. | Funding reports China sponsor attrition and layoffs, without selected PMC exposure; CRA attention continues. | Maven reports additions and routine releases; Tomcat reports EOL date as March 31 2024 despite past-tense wording in April 2023 record. Keep intended future date distinct from report date; consult original EOL decision. | Privacy plans vendor-addition/brand consultation process; no named selected-project request here."
research/data/asf-access-2026-09-21/sources/board_minutes_2023_04_19.txt,Attachment 12: Report from the VP of Jakarta EE Relations [Rob Tompkins],1039,1042,fd0528b980b2d228fa27e83e5215b165b3f33fd15f470736c054dae88d16e9b1,"All retained main, officer, cohort and Attic sections read in full; other PMC attachment titles remain outside the fixed cohort.","Infra states INFRA Jira workspace made committer-only for safety/security, and anonymous LDAP access disabled. This dates a foundation access restriction and explains anonymous referenced-ticket missingness without interpreting login as request rejection. | Board discusses off-list synchronous decisions and GitHub notification flooding; Rich tasked with communication-tool advice. This is evidence about public-record limits, not evidence of a particular hidden decision. | Funding reports China sponsor attrition and layoffs, without selected PMC exposure; CRA attention continues. | Maven reports additions and routine releases; Tomcat reports EOL date as March 31 2024 despite past-tense wording in April 2023 record. Keep intended future date distinct from report date; consult original EOL decision. | Privacy plans vendor-addition/brand consultation process; no named selected-project request here."
research/data/asf-access-2026-09-21/sources/board_minutes_2023_04_19.txt,Attachment K: Report from the Apache Attic Project  [Herve Boutemy],1730,1755,4f7f63e269963b4af42e04a5c746457185da449bab80e346b96643c337b4a38c,"All retained main, officer, cohort and Attic sections read in full; other PMC attachment titles remain outside the fixed cohort.","Infra states INFRA Jira workspace made committer-only for safety/security, and anonymous LDAP access disabled. This dates a foundation access restriction and explains anonymous referenced-ticket missingness without interpreting login as request rejection. | Board discusses off-list synchronous decisions and GitHub notification flooding; Rich tasked with communication-tool advice. This is evidence about public-record limits, not evidence of a particular hidden decision. | Funding reports China sponsor attrition and layoffs, without selected PMC exposure; CRA attention continues. | Maven reports additions and routine releases; Tomcat reports EOL date as March 31 2024 despite past-tense wording in April 2023 record. Keep intended future date distinct from report date; consult original EOL decision. | Privacy plans vendor-addition/brand consultation process; no named selected-project request here."
research/data/asf-access-2026-09-21/sources/board_minutes_2023_04_19.txt,Attachment AV: Report from the Apache Maven Project  [Karl Heinz Marbaise],4389,4497,b2e3699dcff8e69c1f5469c83ed93de999839121dc1efd7baaf9eb3fa511cc2f,"All retained main, officer, cohort and Attic sections read in full; other PMC attachment titles remain outside the fixed cohort.","Infra states INFRA Jira workspace made committer-only for safety/security, and anonymous LDAP access disabled. This dates a foundation access restriction and explains anonymous referenced-ticket missingness without interpreting login as request rejection. | Board discusses off-list synchronous decisions and GitHub notification flooding; Rich tasked with communication-tool advice. This is evidence about public-record limits, not evidence of a particular hidden decision. | Funding reports China sponsor attrition and layoffs, without selected PMC exposure; CRA attention continues. | Maven reports additions and routine releases; Tomcat reports EOL date as March 31 2024 despite past-tense wording in April 2023 record. Keep intended future date distinct from report date; consult original EOL decision. | Privacy plans vendor-addition/brand consultation process; no named selected-project request here."
research/data/asf-access-2026-09-21/sources/board_minutes_2023_04_19.txt,Attachment CG: Report from the Apache Tomcat Project  [Mladen Turk],5884,5927,8f135c4fc1ac9343b2b004188486d828c28c5b268ed052d9ba4e6039b1389e0e,"All retained main, officer, cohort and Attic sections read in full; other PMC attachment titles remain outside the fixed cohort.","Infra states INFRA Jira workspace made committer-only for safety/security, and anonymous LDAP access disabled. This dates a foundation access restriction and explains anonymous referenced-ticket missingness without interpreting login as request rejection. | Board discusses off-list synchronous decisions and GitHub notification flooding; Rich tasked with communication-tool advice. This is evidence about public-record limits, not evidence of a particular hidden decision. | Funding reports China sponsor attrition and layoffs, without selected PMC exposure; CRA attention continues. | Maven reports additions and routine releases; Tomcat reports EOL date as March 31 2024 despite past-tense wording in April 2023 record. Keep intended future date distinct from report date; consult original EOL decision. | Privacy plans vendor-addition/brand consultation process; no named selected-project request here."
research/data/asf-access-2026-09-21/sources/board_minutes_2023_05_17.txt,1. Call to order,8,20,2f4abdbbf9a1a2cdf29d45f435b96520a2defb6e7f4c9dd2216766e2b2d24e0c,"All retained main, officer, cohort and Community Development sections read in full; other PMC attachment titles remain outside the fixed cohort.","Board requires project-state reporting, with New/Ongoing/Dormant/At Risk/Considering Attic categories; shared foundation directive. Check earliest formal request and later selected-PMC responses separately. | Infra reports gitweb disabled and GitHub redirects; distinguish this service withdrawal from repository migration. Atlassian Cloud user-count limits and runner/LDAP work remain contextual until selected exposure is documented. | Marketing audits project names/logos; selected-project application unknown. Legal continues contributor AI guidance and coordination. | HTTPD report says Git vote likely passes despite earlier actual tally; report-writing time is distinct from Board meeting and receiver act. Completed Travis-to-GHA shift is requester self-report. | Ant report explicitly absent. GSoC budget explanation is speculative and cannot establish an independent provider-budget shock."
research/data/asf-access-2026-09-21/sources/board_minutes_2023_05_17.txt,2. Roll Call,21,61,93b162d3ce4775d4799429c6b1b6b5798eaae78c22abe91ecf84acf1ba95651e,"All retained main, officer, cohort and Community Development sections read in full; other PMC attachment titles remain outside the fixed cohort.","Board requires project-state reporting, with New/Ongoing/Dormant/At Risk/Considering Attic categories; shared foundation directive. Check earliest formal request and later selected-PMC responses separately. | Infra reports gitweb disabled and GitHub redirects; distinguish this service withdrawal from repository migration. Atlassian Cloud user-count limits and runner/LDAP work remain contextual until selected exposure is documented. | Marketing audits project names/logos; selected-project application unknown. Legal continues contributor AI guidance and coordination. | HTTPD report says Git vote likely passes despite earlier actual tally; report-writing time is distinct from Board meeting and receiver act. Completed Travis-to-GHA shift is requester self-report. | Ant report explicitly absent. GSoC budget explanation is speculative and cannot establish an independent provider-budget shock."
research/data/asf-access-2026-09-21/sources/board_minutes_2023_05_17.txt,3. Minutes from previous meetings,62,79,6d0ab4cc214e634d62ffe57cbb147b744d1dfe553c3855f6dc945fb21da4c537,"All retained main, officer, cohort and Community Development sections read in full; other PMC attachment titles remain outside the fixed cohort.","Board requires project-state reporting, with New/Ongoing/Dormant/At Risk/Considering Attic categories; shared foundation directive. Check earliest formal request and later selected-PMC responses separately. | Infra reports gitweb disabled and GitHub redirects; distinguish this service withdrawal from repository migration. Atlassian Cloud user-count limits and runner/LDAP work remain contextual until selected exposure is documented. | Marketing audits project names/logos; selected-project application unknown. Legal continues contributor AI guidance and coordination. | HTTPD report says Git vote likely passes despite earlier actual tally; report-writing time is distinct from Board meeting and receiver act. Completed Travis-to-GHA shift is requester self-report. | Ant report explicitly absent. GSoC budget explanation is speculative and cannot establish an independent provider-budget shock."
research/data/asf-access-2026-09-21/sources/board_minutes_2023_05_17.txt,4. Executive Officer Reports,80,199,221ca2284f58b1b0e0de736d73224478c80f8a6dbb319bc22fbbe2a2c9d42824,"All retained main, officer, cohort and Community Development sections read in full; other PMC attachment titles remain outside the fixed cohort.","Board requires project-state reporting, with New/Ongoing/Dormant/At Risk/Considering Attic categories; shared foundation directive. Check earliest formal request and later selected-PMC responses separately. | Infra reports gitweb disabled and GitHub redirects; distinguish this service withdrawal from repository migration. Atlassian Cloud user-count limits and runner/LDAP work remain contextual until selected exposure is documented. | Marketing audits project names/logos; selected-project application unknown. Legal continues contributor AI guidance and coordination. | HTTPD report says Git vote likely passes despite earlier actual tally; report-writing time is distinct from Board meeting and receiver act. Completed Travis-to-GHA shift is requester self-report. | Ant report explicitly absent. GSoC budget explanation is speculative and cannot establish an independent provider-budget shock."
research/data/asf-access-2026-09-21/sources/board_minutes_2023_05_17.txt,5. Additional Officer Reports,200,219,fe0b2bfe24711743f18bd0260cd3bcd159dcb20ee6f9fb6bec13831acb52a8a3,"All retained main, officer, cohort and Community Development sections read in full; other PMC attachment titles remain outside the fixed cohort.","Board requires project-state reporting, with New/Ongoing/Dormant/At Risk/Considering Attic categories; shared foundation directive. Check earliest formal request and later selected-PMC responses separately. | Infra reports gitweb disabled and GitHub redirects; distinguish this service withdrawal from repository migration. Atlassian Cloud user-count limits and runner/LDAP work remain contextual until selected exposure is documented. | Marketing audits project names/logos; selected-project application unknown. Legal continues contributor AI guidance and coordination. | HTTPD report says Git vote likely passes despite earlier actual tally; report-writing time is distinct from Board meeting and receiver act. Completed Travis-to-GHA shift is requester self-report. | Ant report explicitly absent. GSoC budget explanation is speculative and cannot establish an independent provider-budget shock."
research/data/asf-access-2026-09-21/sources/board_minutes_2023_05_17.txt,Committee agenda: C. Apache Ant Project [Jan Materne / Sharan],244,247,6a9fb1c1d9ee4c2fd83f98e73f4e0c8c50f60366cb868a17c119d7561b1617e2,"All retained main, officer, cohort and Community Development sections read in full; other PMC attachment titles remain outside the fixed cohort.","Board requires project-state reporting, with New/Ongoing/Dormant/At Risk/Considering Attic categories; shared foundation directive. Check earliest formal request and later selected-PMC responses separately. | Infra reports gitweb disabled and GitHub redirects; distinguish this service withdrawal from repository migration. Atlassian Cloud user-count limits and runner/LDAP work remain contextual until selected exposure is documented. | Marketing audits project names/logos; selected-project application unknown. Legal continues contributor AI guidance and coordination. | HTTPD report says Git vote likely passes despite earlier actual tally; report-writing time is distinct from Board meeting and receiver act. Completed Travis-to-GHA shift is requester self-report. | Ant report explicitly absent. GSoC budget explanation is speculative and cannot establish an independent provider-budget shock."
research/data/asf-access-2026-09-21/sources/board_minutes_2023_05_17.txt,Committee agenda: J. Apache Community Development Project [Swapnil Mane / Justin],276,279,17a28b58250ea3839686db9a4b070c0d0265cccf80cfa841d8e860857f060e59,"All retained main, officer, cohort and Community Development sections read in full; other PMC attachment titles remain outside the fixed cohort.","Board requires project-state reporting, with New/Ongoing/Dormant/At Risk/Considering Attic categories; shared foundation directive. Check earliest formal request and later selected-PMC responses separately. | Infra reports gitweb disabled and GitHub redirects; distinguish this service withdrawal from repository migration. Atlassian Cloud user-count limits and runner/LDAP work remain contextual until selected exposure is documented. | Marketing audits project names/logos; selected-project application unknown. Legal continues contributor AI guidance and coordination. | HTTPD report says Git vote likely passes despite earlier actual tally; report-writing time is distinct from Board meeting and receiver act. Completed Travis-to-GHA shift is requester self-report. | Ant report explicitly absent. GSoC budget explanation is speculative and cannot establish an independent provider-budget shock."
research/data/asf-access-2026-09-21/sources/board_minutes_2023_05_17.txt,Committee agenda: AD. Apache HTTP Server Project [Joe Orton / Willem],358,361,c688ecd0451cd116a6637e69a7e9e4fd7df3e755edd4314b9d9b11f58fb87cf5,"All retained main, officer, cohort and Community Development sections read in full; other PMC attachment titles remain outside the fixed cohort.","Board requires project-state reporting, with New/Ongoing/Dormant/At Risk/Considering Attic categories; shared foundation directive. Check earliest formal request and later selected-PMC responses separately. | Infra reports gitweb disabled and GitHub redirects; distinguish this service withdrawal from repository migration. Atlassian Cloud user-count limits and runner/LDAP work remain contextual until selected exposure is documented. | Marketing audits project names/logos; selected-project application unknown. Legal continues contributor AI guidance and coordination. | HTTPD report says Git vote likely passes despite earlier actual tally; report-writing time is distinct from Board meeting and receiver act. Completed Travis-to-GHA shift is requester self-report. | Ant report explicitly absent. GSoC budget explanation is speculative and cannot establish an independent provider-budget shock."
research/data/asf-access-2026-09-21/sources/board_minutes_2023_05_17.txt,7. Special Orders,578,646,4f7296f4dfcad77334c69adfd73a2931745ee1705b5f3a1c7c346eeb565025b9,"All retained main, officer, cohort and Community Development sections read in full; other PMC attachment titles remain outside the fixed cohort.","Board requires project-state reporting, with New/Ongoing/Dormant/At Risk/Considering Attic categories; shared foundation directive. Check earliest formal request and later selected-PMC responses separately. | Infra reports gitweb disabled and GitHub redirects; distinguish this service withdrawal from repository migration. Atlassian Cloud user-count limits and runner/LDAP work remain contextual until selected exposure is documented. | Marketing audits project names/logos; selected-project application unknown. Legal continues contributor AI guidance and coordination. | HTTPD report says Git vote likely passes despite earlier actual tally; report-writing time is distinct from Board meeting and receiver act. Completed Travis-to-GHA shift is requester self-report. | Ant report explicitly absent. GSoC budget explanation is speculative and cannot establish an independent provider-budget shock."
research/data/asf-access-2026-09-21/sources/board_minutes_2023_05_17.txt,8. Discussion Items,647,666,e01266ed06d0ab5d393993b098f311b9e264807c3a96b2957b8fe116c7cb9969,"All retained main, officer, cohort and Community Development sections read in full; other PMC attachment titles remain outside the fixed cohort.","Board requires project-state reporting, with New/Ongoing/Dormant/At Risk/Considering Attic categories; shared foundation directive. Check earliest formal request and later selected-PMC responses separately. | Infra reports gitweb disabled and GitHub redirects; distinguish this service withdrawal from repository migration. Atlassian Cloud user-count limits and runner/LDAP work remain contextual until selected exposure is documented. | Marketing audits project names/logos; selected-project application unknown. Legal continues contributor AI guidance and coordination. | HTTPD report says Git vote likely passes despite earlier actual tally; report-writing time is distinct from Board meeting and receiver act. Completed Travis-to-GHA shift is requester self-report. | Ant report explicitly absent. GSoC budget explanation is speculative and cannot establish an independent provider-budget shock."
research/data/asf-access-2026-09-21/sources/board_minutes_2023_05_17.txt,9. Review Outstanding Action Items,667,726,5b395b395dccaf5829d8543fc54fa3ae978073ae0197d37f5c252256fb84b542,"All retained main, officer, cohort and Community Development sections read in full; other PMC attachment titles remain outside the fixed cohort.","Board requires project-state reporting, with New/Ongoing/Dormant/At Risk/Considering Attic categories; shared foundation directive. Check earliest formal request and later selected-PMC responses separately. | Infra reports gitweb disabled and GitHub redirects; distinguish this service withdrawal from repository migration. Atlassian Cloud user-count limits and runner/LDAP work remain contextual until selected exposure is documented. | Marketing audits project names/logos; selected-project application unknown. Legal continues contributor AI guidance and coordination. | HTTPD report says Git vote likely passes despite earlier actual tally; report-writing time is distinct from Board meeting and receiver act. Completed Travis-to-GHA shift is requester self-report. | Ant report explicitly absent. GSoC budget explanation is speculative and cannot establish an independent provider-budget shock."
research/data/asf-access-2026-09-21/sources/board_minutes_2023_05_17.txt,10. Unfinished Business,727,728,6509f65610f5edd3568891f04bf8cba8c83257596c4076b5c95a8c4d116946b6,"All retained main, officer, cohort and Community Development sections read in full; other PMC attachment titles remain outside the fixed cohort.","Board requires project-state reporting, with New/Ongoing/Dormant/At Risk/Considering Attic categories; shared foundation directive. Check earliest formal request and later selected-PMC responses separately. | Infra reports gitweb disabled and GitHub redirects; distinguish this service withdrawal from repository migration. Atlassian Cloud user-count limits and runner/LDAP work remain contextual until selected exposure is documented. | Marketing audits project names/logos; selected-project application unknown. Legal continues contributor AI guidance and coordination. | HTTPD report says Git vote likely passes despite earlier actual tally; report-writing time is distinct from Board meeting and receiver act. Completed Travis-to-GHA shift is requester self-report. | Ant report explicitly absent. GSoC budget explanation is speculative and cannot establish an independent provider-budget shock."
research/data/asf-access-2026-09-21/sources/board_minutes_2023_05_17.txt,11. New Business,729,730,63134e9b06b3ee81744d4ad0bc4dc3c53c8ae5ae906d07035b3e730552809da2,"All retained main, officer, cohort and Community Development sections read in full; other PMC attachment titles remain outside the fixed cohort.","Board requires project-state reporting, with New/Ongoing/Dormant/At Risk/Considering Attic categories; shared foundation directive. Check earliest formal request and later selected-PMC responses separately. | Infra reports gitweb disabled and GitHub redirects; distinguish this service withdrawal from repository migration. Atlassian Cloud user-count limits and runner/LDAP work remain contextual until selected exposure is documented. | Marketing audits project names/logos; selected-project application unknown. Legal continues contributor AI guidance and coordination. | HTTPD report says Git vote likely passes despite earlier actual tally; report-writing time is distinct from Board meeting and receiver act. Completed Travis-to-GHA shift is requester self-report. | Ant report explicitly absent. GSoC budget explanation is speculative and cannot establish an independent provider-budget shock."
research/data/asf-access-2026-09-21/sources/board_minutes_2023_05_17.txt,12. Announcements,731,744,6fc1ff235dcc786f0fe83fdcfda4e9d7ed4d74557a94587e2c5d7949b4f14711,"All retained main, officer, cohort and Community Development sections read in full; other PMC attachment titles remain outside the fixed cohort.","Board requires project-state reporting, with New/Ongoing/Dormant/At Risk/Considering Attic categories; shared foundation directive. Check earliest formal request and later selected-PMC responses separately. | Infra reports gitweb disabled and GitHub redirects; distinguish this service withdrawal from repository migration. Atlassian Cloud user-count limits and runner/LDAP work remain contextual until selected exposure is documented. | Marketing audits project names/logos; selected-project application unknown. Legal continues contributor AI guidance and coordination. | HTTPD report says Git vote likely passes despite earlier actual tally; report-writing time is distinct from Board meeting and receiver act. Completed Travis-to-GHA shift is requester self-report. | Ant report explicitly absent. GSoC budget explanation is speculative and cannot establish an independent provider-budget shock."
research/data/asf-access-2026-09-21/sources/board_minutes_2023_05_17.txt,13. Adjournment,745,753,a688712dba23cee255d5f4a81e9cf8ea7226611d346df5b7a49753d9a7318421,"All retained main, officer, cohort and Community Development sections read in full; other PMC attachment titles remain outside the fixed cohort.","Board requires project-state reporting, with New/Ongoing/Dormant/At Risk/Considering Attic categories; shared foundation directive. Check earliest formal request and later selected-PMC responses separately. | Infra reports gitweb disabled and GitHub redirects; distinguish this service withdrawal from repository migration. Atlassian Cloud user-count limits and runner/LDAP work remain contextual until selected exposure is documented. | Marketing audits project names/logos; selected-project application unknown. Legal continues contributor AI guidance and coordination. | HTTPD report says Git vote likely passes despite earlier actual tally; report-writing time is distinct from Board meeting and receiver act. Completed Travis-to-GHA shift is requester self-report. | Ant report explicitly absent. GSoC budget explanation is speculative and cannot establish an independent provider-budget shock."
research/data/asf-access-2026-09-21/sources/board_minutes_2023_05_17.txt,Attachment 1: Report from the VP of Brand Management  [Mark Thomas],754,789,40ecface5b26a0a001eae5f0e357d231b58637662f004156c0e14bd40377910d,"All retained main, officer, cohort and Community Development sections read in full; other PMC attachment titles remain outside the fixed cohort.","Board requires project-state reporting, with New/Ongoing/Dormant/At Risk/Considering Attic categories; shared foundation directive. Check earliest formal request and later selected-PMC responses separately. | Infra reports gitweb disabled and GitHub redirects; distinguish this service withdrawal from repository migration. Atlassian Cloud user-count limits and runner/LDAP work remain contextual until selected exposure is documented. | Marketing audits project names/logos; selected-project application unknown. Legal continues contributor AI guidance and coordination. | HTTPD report says Git vote likely passes despite earlier actual tally; report-writing time is distinct from Board meeting and receiver act. Completed Travis-to-GHA shift is requester self-report. | Ant report explicitly absent. GSoC budget explanation is speculative and cannot establish an independent provider-budget shock."
research/data/asf-access-2026-09-21/sources/board_minutes_2023_05_17.txt,Attachment 2: Report from the VP of Fundraising  [Bob Paulin],790,824,d05176b7c375d4ec7d1986d67b45811ebd4f83b4e348f41484626281bb671b64,"All retained main, officer, cohort and Community Development sections read in full; other PMC attachment titles remain outside the fixed cohort.","Board requires project-state reporting, with New/Ongoing/Dormant/At Risk/Considering Attic categories; shared foundation directive. Check earliest formal request and later selected-PMC responses separately. | Infra reports gitweb disabled and GitHub redirects; distinguish this service withdrawal from repository migration. Atlassian Cloud user-count limits and runner/LDAP work remain contextual until selected exposure is documented. | Marketing audits project names/logos; selected-project application unknown. Legal continues contributor AI guidance and coordination. | HTTPD report says Git vote likely passes despite earlier actual tally; report-writing time is distinct from Board meeting and receiver act. Completed Travis-to-GHA shift is requester self-report. | Ant report explicitly absent. GSoC budget explanation is speculative and cannot establish an independent provider-budget shock."
research/data/asf-access-2026-09-21/sources/board_minutes_2023_05_17.txt,Attachment 3: Report from the VP of Marketing and Publicity  [Brian Proffitt],825,890,8b41387e70b534c025d69487fd18c715cbbb3629a18e5a930d97615da68a7c61,"All retained main, officer, cohort and Community Development sections read in full; other PMC attachment titles remain outside the fixed cohort.","Board requires project-state reporting, with New/Ongoing/Dormant/At Risk/Considering Attic categories; shared foundation directive. Check earliest formal request and later selected-PMC responses separately. | Infra reports gitweb disabled and GitHub redirects; distinguish this service withdrawal from repository migration. Atlassian Cloud user-count limits and runner/LDAP work remain contextual until selected exposure is documented. | Marketing audits project names/logos; selected-project application unknown. Legal continues contributor AI guidance and coordination. | HTTPD report says Git vote likely passes despite earlier actual tally; report-writing time is distinct from Board meeting and receiver act. Completed Travis-to-GHA shift is requester self-report. | Ant report explicitly absent. GSoC budget explanation is speculative and cannot establish an independent provider-budget shock."
research/data/asf-access-2026-09-21/sources/board_minutes_2023_05_17.txt,Attachment 4: Report from the VP of Infrastructure  [Myrle Krantz],891,958,efcd04e6471ba9a5e7b837c766531b1ce9374d8e01b7dbaf427af72c2e279863,"All retained main, officer, cohort and Community Development sections read in full; other PMC attachment titles remain outside the fixed cohort.","Board requires project-state reporting, with New/Ongoing/Dormant/At Risk/Considering Attic categories; shared foundation directive. Check earliest formal request and later selected-PMC responses separately. | Infra reports gitweb disabled and GitHub redirects; distinguish this service withdrawal from repository migration. Atlassian Cloud user-count limits and runner/LDAP work remain contextual until selected exposure is documented. | Marketing audits project names/logos; selected-project application unknown. Legal continues contributor AI guidance and coordination. | HTTPD report says Git vote likely passes despite earlier actual tally; report-writing time is distinct from Board meeting and receiver act. Completed Travis-to-GHA shift is requester self-report. | Ant report explicitly absent. GSoC budget explanation is speculative and cannot establish an independent provider-budget shock."
research/data/asf-access-2026-09-21/sources/board_minutes_2023_05_17.txt,Attachment 5: Report from the VP of Conferences  [Rich Bowen],959,967,fd9e1196925f5f5436ce344ce11cbfc3ff3ccb8a8a7dac77de583c3b6fc236e7,"All retained main, officer, cohort and Community Development sections read in full; other PMC attachment titles remain outside the fixed cohort.","Board requires project-state reporting, with New/Ongoing/Dormant/At Risk/Considering Attic categories; shared foundation directive. Check earliest formal request and later selected-PMC responses separately. | Infra reports gitweb disabled and GitHub redirects; distinguish this service withdrawal from repository migration. Atlassian Cloud user-count limits and runner/LDAP work remain contextual until selected exposure is documented. | Marketing audits project names/logos; selected-project application unknown. Legal continues contributor AI guidance and coordination. | HTTPD report says Git vote likely passes despite earlier actual tally; report-writing time is distinct from Board meeting and receiver act. Completed Travis-to-GHA shift is requester self-report. | Ant report explicitly absent. GSoC budget explanation is speculative and cannot establish an independent provider-budget shock."
research/data/asf-access-2026-09-21/sources/board_minutes_2023_05_17.txt,Attachment 6: Report from the Apache Travel Assistance Committee  [Gavin McDonald],968,984,b2e31402a30362f120cf2838e86dc585394ac24c04a42c40cc906302615e0215,"All retained main, officer, cohort and Community Development sections read in full; other PMC attachment titles remain outside the fixed cohort.","Board requires project-state reporting, with New/Ongoing/Dormant/At Risk/Considering Attic categories; shared foundation directive. Check earliest formal request and later selected-PMC responses separately. | Infra reports gitweb disabled and GitHub redirects; distinguish this service withdrawal from repository migration. Atlassian Cloud user-count limits and runner/LDAP work remain contextual until selected exposure is documented. | Marketing audits project names/logos; selected-project application unknown. Legal continues contributor AI guidance and coordination. | HTTPD report says Git vote likely passes despite earlier actual tally; report-writing time is distinct from Board meeting and receiver act. Completed Travis-to-GHA shift is requester self-report. | Ant report explicitly absent. GSoC budget explanation is speculative and cannot establish an independent provider-budget shock."
research/data/asf-access-2026-09-21/sources/board_minutes_2023_05_17.txt,Attachment 7: Report from the VP of Diversity and Inclusion  [Katia Rojas],985,988,3500d95c2b916d4a3b3217172e51e05456657b896758c52f2c9948f2e545074e,"All retained main, officer, cohort and Community Development sections read in full; other PMC attachment titles remain outside the fixed cohort.","Board requires project-state reporting, with New/Ongoing/Dormant/At Risk/Considering Attic categories; shared foundation directive. Check earliest formal request and later selected-PMC responses separately. | Infra reports gitweb disabled and GitHub redirects; distinguish this service withdrawal from repository migration. Atlassian Cloud user-count limits and runner/LDAP work remain contextual until selected exposure is documented. | Marketing audits project names/logos; selected-project application unknown. Legal continues contributor AI guidance and coordination. | HTTPD report says Git vote likely passes despite earlier actual tally; report-writing time is distinct from Board meeting and receiver act. Completed Travis-to-GHA shift is requester self-report. | Ant report explicitly absent. GSoC budget explanation is speculative and cannot establish an independent provider-budget shock."
research/data/asf-access-2026-09-21/sources/board_minutes_2023_05_17.txt,Attachment 8: Report from the VP of Data Privacy  [Christian Grobmeier],989,996,d89906c6c892b10715cbd66138b8945107795175eb5ebda8f5c54bb68383aa7d,"All retained main, officer, cohort and Community Development sections read in full; other PMC attachment titles remain outside the fixed cohort.","Board requires project-state reporting, with New/Ongoing/Dormant/At Risk/Considering Attic categories; shared foundation directive. Check earliest formal request and later selected-PMC responses separately. | Infra reports gitweb disabled and GitHub redirects; distinguish this service withdrawal from repository migration. Atlassian Cloud user-count limits and runner/LDAP work remain contextual until selected exposure is documented. | Marketing audits project names/logos; selected-project application unknown. Legal continues contributor AI guidance and coordination. | HTTPD report says Git vote likely passes despite earlier actual tally; report-writing time is distinct from Board meeting and receiver act. Completed Travis-to-GHA shift is requester self-report. | Ant report explicitly absent. GSoC budget explanation is speculative and cannot establish an independent provider-budget shock."
research/data/asf-access-2026-09-21/sources/board_minutes_2023_05_17.txt,Attachment 9: Report from the VP of W3C Relations  [Andy Seaborne],997,1002,45ce2d2e37e1788e8298b4a60d95363c9762f0fb93f90c247f11d7c41d7b83b6,"All retained main, officer, cohort and Community Development sections read in full; other PMC attachment titles remain outside the fixed cohort.","Board requires project-state reporting, with New/Ongoing/Dormant/At Risk/Considering Attic categories; shared foundation directive. Check earliest formal request and later selected-PMC responses separately. | Infra reports gitweb disabled and GitHub redirects; distinguish this service withdrawal from repository migration. Atlassian Cloud user-count limits and runner/LDAP work remain contextual until selected exposure is documented. | Marketing audits project names/logos; selected-project application unknown. Legal continues contributor AI guidance and coordination. | HTTPD report says Git vote likely passes despite earlier actual tally; report-writing time is distinct from Board meeting and receiver act. Completed Travis-to-GHA shift is requester self-report. | Ant report explicitly absent. GSoC budget explanation is speculative and cannot establish an independent provider-budget shock."
research/data/asf-access-2026-09-21/sources/board_minutes_2023_05_17.txt,Attachment 10: Report from the Apache Legal Affairs Committee  [Roman Shaposhnik],1003,1030,dd57d73a7f54d13c3e9761ba6baaf95eb356f978d2b8f1e2894c06da88b4fae9,"All retained main, officer, cohort and Community Development sections read in full; other PMC attachment titles remain outside the fixed cohort.","Board requires project-state reporting, with New/Ongoing/Dormant/At Risk/Considering Attic categories; shared foundation directive. Check earliest formal request and later selected-PMC responses separately. | Infra reports gitweb disabled and GitHub redirects; distinguish this service withdrawal from repository migration. Atlassian Cloud user-count limits and runner/LDAP work remain contextual until selected exposure is documented. | Marketing audits project names/logos; selected-project application unknown. Legal continues contributor AI guidance and coordination. | HTTPD report says Git vote likely passes despite earlier actual tally; report-writing time is distinct from Board meeting and receiver act. Completed Travis-to-GHA shift is requester self-report. | Ant report explicitly absent. GSoC budget explanation is speculative and cannot establish an independent provider-budget shock."
research/data/asf-access-2026-09-21/sources/board_minutes_2023_05_17.txt,Attachment 11: Report from the Apache Security Team Project  [Mark J. Cox],1031,1076,2d233cf652f2a916573826c547f3df84322811a89730ccfb16f87a6c5d84d461,"All retained main, officer, cohort and Community Development sections read in full; other PMC attachment titles remain outside the fixed cohort.","Board requires project-state reporting, with New/Ongoing/Dormant/At Risk/Considering Attic categories; shared foundation directive. Check earliest formal request and later selected-PMC responses separately. | Infra reports gitweb disabled and GitHub redirects; distinguish this service withdrawal from repository migration. Atlassian Cloud user-count limits and runner/LDAP work remain contextual until selected exposure is documented. | Marketing audits project names/logos; selected-project application unknown. Legal continues contributor AI guidance and coordination. | HTTPD report says Git vote likely passes despite earlier actual tally; report-writing time is distinct from Board meeting and receiver act. Completed Travis-to-GHA shift is requester self-report. | Ant report explicitly absent. GSoC budget explanation is speculative and cannot establish an independent provider-budget shock."
research/data/asf-access-2026-09-21/sources/board_minutes_2023_05_17.txt,Attachment 12: Report from the VP of Jakarta EE Relations [Rob Tompkins],1077,1080,fd0528b980b2d228fa27e83e5215b165b3f33fd15f470736c054dae88d16e9b1,"All retained main, officer, cohort and Community Development sections read in full; other PMC attachment titles remain outside the fixed cohort.","Board requires project-state reporting, with New/Ongoing/Dormant/At Risk/Considering Attic categories; shared foundation directive. Check earliest formal request and later selected-PMC responses separately. | Infra reports gitweb disabled and GitHub redirects; distinguish this service withdrawal from repository migration. Atlassian Cloud user-count limits and runner/LDAP work remain contextual until selected exposure is documented. | Marketing audits project names/logos; selected-project application unknown. Legal continues contributor AI guidance and coordination. | HTTPD report says Git vote likely passes despite earlier actual tally; report-writing time is distinct from Board meeting and receiver act. Completed Travis-to-GHA shift is requester self-report. | Ant report explicitly absent. GSoC budget explanation is speculative and cannot establish an independent provider-budget shock."
research/data/asf-access-2026-09-21/sources/board_minutes_2023_05_17.txt,Attachment C: Report from the Apache Ant Project  [Jan Materne],1150,1153,bb845ebae03b01916580c31e574438917002ea15501374592049ab182d7752f4,"All retained main, officer, cohort and Community Development sections read in full; other PMC attachment titles remain outside the fixed cohort.","Board requires project-state reporting, with New/Ongoing/Dormant/At Risk/Considering Attic categories; shared foundation directive. Check earliest formal request and later selected-PMC responses separately. | Infra reports gitweb disabled and GitHub redirects; distinguish this service withdrawal from repository migration. Atlassian Cloud user-count limits and runner/LDAP work remain contextual until selected exposure is documented. | Marketing audits project names/logos; selected-project application unknown. Legal continues contributor AI guidance and coordination. | HTTPD report says Git vote likely passes despite earlier actual tally; report-writing time is distinct from Board meeting and receiver act. Completed Travis-to-GHA shift is requester self-report. | Ant report explicitly absent. GSoC budget explanation is speculative and cannot establish an independent provider-budget shock."
research/data/asf-access-2026-09-21/sources/board_minutes_2023_05_17.txt,Attachment J: Report from the Apache Community Development Project  [Swapnil Mane],1402,1510,93910ecaa7a633e71bdc1edd744b9ba35333fd6186133ae006996af95f60aa28,"All retained main, officer, cohort and Community Development sections read in full; other PMC attachment titles remain outside the fixed cohort.","Board requires project-state reporting, with New/Ongoing/Dormant/At Risk/Considering Attic categories; shared foundation directive. Check earliest formal request and later selected-PMC responses separately. | Infra reports gitweb disabled and GitHub redirects; distinguish this service withdrawal from repository migration. Atlassian Cloud user-count limits and runner/LDAP work remain contextual until selected exposure is documented. | Marketing audits project names/logos; selected-project application unknown. Legal continues contributor AI guidance and coordination. | HTTPD report says Git vote likely passes despite earlier actual tally; report-writing time is distinct from Board meeting and receiver act. Completed Travis-to-GHA shift is requester self-report. | Ant report explicitly absent. GSoC budget explanation is speculative and cannot establish an independent provider-budget shock."
research/data/asf-access-2026-09-21/sources/board_minutes_2023_05_17.txt,Attachment AD: Report from the Apache HTTP Server Project  [Joe Orton],2216,2261,b988fa1e6c6acf542be4082e4d2ed14d5cba3469f8c18217a4ad58eadfaf839e,"All retained main, officer, cohort and Community Development sections read in full; other PMC attachment titles remain outside the fixed cohort.","Board requires project-state reporting, with New/Ongoing/Dormant/At Risk/Considering Attic categories; shared foundation directive. Check earliest formal request and later selected-PMC responses separately. | Infra reports gitweb disabled and GitHub redirects; distinguish this service withdrawal from repository migration. Atlassian Cloud user-count limits and runner/LDAP work remain contextual until selected exposure is documented. | Marketing audits project names/logos; selected-project application unknown. Legal continues contributor AI guidance and coordination. | HTTPD report says Git vote likely passes despite earlier actual tally; report-writing time is distinct from Board meeting and receiver act. Completed Travis-to-GHA shift is requester self-report. | Ant report explicitly absent. GSoC budget explanation is speculative and cannot establish an independent provider-budget shock."
research/data/asf-access-2026-09-21/sources/board_minutes_2023_06_21.txt,1. Call to order,8,20,83bf8a82e737da51344e3596b034e67d7f783f0dc91a4964e2c04b70dd4631c2,"All retained main, officer and cohort sections read in full; other PMC attachment titles remain outside the fixed cohort.","Board creates VP Public Policy and appoints Dirk-Willem van Gulik under President, with Board-sanctioned positions and engagement; historical authority source, no selected-project intervention inferred. | May reporting-state wizard action completed; Ant now explicitly reports Dormant. Reporting acknowledgment is distinct from sender-first operational adaptation. | Infra reports blogs.apache.org read-only/self-service migration, revised Jira account workflow with reactivation and Azure ephemeral GHA runners. Shared service changes require dated onset and selected-project response sources. | Security reports CISA KEV listing of older Tomcat CVE-2016-8735; independently retrieve primary shock if relevant. Security-model publication collaboration continues; Legal AI guidance remains draft. | Ant release-vote capacity limitation is repeated requester self-report. Tomcat identifies Mladen Turk chair and EOL as future March 31 2024, resolving April past-tense ambiguity. | Privacy mailing subscription notice request INFRA-23011 explicitly dates March 18 2022; retain pre-window continuing precursor. ICLA access restriction remains work in progress."
research/data/asf-access-2026-09-21/sources/board_minutes_2023_06_21.txt,2. Roll Call,21,57,4c1007d7282b87740b3e611b819f70d00a9b9c51817c5ed4585d95ebf1177460,"All retained main, officer and cohort sections read in full; other PMC attachment titles remain outside the fixed cohort.","Board creates VP Public Policy and appoints Dirk-Willem van Gulik under President, with Board-sanctioned positions and engagement; historical authority source, no selected-project intervention inferred. | May reporting-state wizard action completed; Ant now explicitly reports Dormant. Reporting acknowledgment is distinct from sender-first operational adaptation. | Infra reports blogs.apache.org read-only/self-service migration, revised Jira account workflow with reactivation and Azure ephemeral GHA runners. Shared service changes require dated onset and selected-project response sources. | Security reports CISA KEV listing of older Tomcat CVE-2016-8735; independently retrieve primary shock if relevant. Security-model publication collaboration continues; Legal AI guidance remains draft. | Ant release-vote capacity limitation is repeated requester self-report. Tomcat identifies Mladen Turk chair and EOL as future March 31 2024, resolving April past-tense ambiguity. | Privacy mailing subscription notice request INFRA-23011 explicitly dates March 18 2022; retain pre-window continuing precursor. ICLA access restriction remains work in progress."
research/data/asf-access-2026-09-21/sources/board_minutes_2023_06_21.txt,3. Minutes from previous meetings,58,69,5d9403c6787fd5844b0956e86c025716e452e3b48fd7f6052428b3feca63a2ff,"All retained main, officer and cohort sections read in full; other PMC attachment titles remain outside the fixed cohort.","Board creates VP Public Policy and appoints Dirk-Willem van Gulik under President, with Board-sanctioned positions and engagement; historical authority source, no selected-project intervention inferred. | May reporting-state wizard action completed; Ant now explicitly reports Dormant. Reporting acknowledgment is distinct from sender-first operational adaptation. | Infra reports blogs.apache.org read-only/self-service migration, revised Jira account workflow with reactivation and Azure ephemeral GHA runners. Shared service changes require dated onset and selected-project response sources. | Security reports CISA KEV listing of older Tomcat CVE-2016-8735; independently retrieve primary shock if relevant. Security-model publication collaboration continues; Legal AI guidance remains draft. | Ant release-vote capacity limitation is repeated requester self-report. Tomcat identifies Mladen Turk chair and EOL as future March 31 2024, resolving April past-tense ambiguity. | Privacy mailing subscription notice request INFRA-23011 explicitly dates March 18 2022; retain pre-window continuing precursor. ICLA access restriction remains work in progress."
research/data/asf-access-2026-09-21/sources/board_minutes_2023_06_21.txt,4. Executive Officer Reports,70,147,83e75aba1e8f24d83cdafcc55a69815c82aca8ee842a1b58bca3159457a93d9d,"All retained main, officer and cohort sections read in full; other PMC attachment titles remain outside the fixed cohort.","Board creates VP Public Policy and appoints Dirk-Willem van Gulik under President, with Board-sanctioned positions and engagement; historical authority source, no selected-project intervention inferred. | May reporting-state wizard action completed; Ant now explicitly reports Dormant. Reporting acknowledgment is distinct from sender-first operational adaptation. | Infra reports blogs.apache.org read-only/self-service migration, revised Jira account workflow with reactivation and Azure ephemeral GHA runners. Shared service changes require dated onset and selected-project response sources. | Security reports CISA KEV listing of older Tomcat CVE-2016-8735; independently retrieve primary shock if relevant. Security-model publication collaboration continues; Legal AI guidance remains draft. | Ant release-vote capacity limitation is repeated requester self-report. Tomcat identifies Mladen Turk chair and EOL as future March 31 2024, resolving April past-tense ambiguity. | Privacy mailing subscription notice request INFRA-23011 explicitly dates March 18 2022; retain pre-window continuing precursor. ICLA access restriction remains work in progress."
research/data/asf-access-2026-09-21/sources/board_minutes_2023_06_21.txt,5. Additional Officer Reports,148,169,aadf0c57b372bfe42272c43eebb57e5d920b7b69439eb9d53139d5df038619f1,"All retained main, officer and cohort sections read in full; other PMC attachment titles remain outside the fixed cohort.","Board creates VP Public Policy and appoints Dirk-Willem van Gulik under President, with Board-sanctioned positions and engagement; historical authority source, no selected-project intervention inferred. | May reporting-state wizard action completed; Ant now explicitly reports Dormant. Reporting acknowledgment is distinct from sender-first operational adaptation. | Infra reports blogs.apache.org read-only/self-service migration, revised Jira account workflow with reactivation and Azure ephemeral GHA runners. Shared service changes require dated onset and selected-project response sources. | Security reports CISA KEV listing of older Tomcat CVE-2016-8735; independently retrieve primary shock if relevant. Security-model publication collaboration continues; Legal AI guidance remains draft. | Ant release-vote capacity limitation is repeated requester self-report. Tomcat identifies Mladen Turk chair and EOL as future March 31 2024, resolving April past-tense ambiguity. | Privacy mailing subscription notice request INFRA-23011 explicitly dates March 18 2022; retain pre-window continuing precursor. ICLA access restriction remains work in progress."
research/data/asf-access-2026-09-21/sources/board_minutes_2023_06_21.txt,Committee agenda: D. Apache Ant Project [Jan Materne / Sander],199,202,f7032c09fe4f5b915b8f86e8201ba579c97c2c46ac659ba791bd16e4808ea47d,"All retained main, officer and cohort sections read in full; other PMC attachment titles remain outside the fixed cohort.","Board creates VP Public Policy and appoints Dirk-Willem van Gulik under President, with Board-sanctioned positions and engagement; historical authority source, no selected-project intervention inferred. | May reporting-state wizard action completed; Ant now explicitly reports Dormant. Reporting acknowledgment is distinct from sender-first operational adaptation. | Infra reports blogs.apache.org read-only/self-service migration, revised Jira account workflow with reactivation and Azure ephemeral GHA runners. Shared service changes require dated onset and selected-project response sources. | Security reports CISA KEV listing of older Tomcat CVE-2016-8735; independently retrieve primary shock if relevant. Security-model publication collaboration continues; Legal AI guidance remains draft. | Ant release-vote capacity limitation is repeated requester self-report. Tomcat identifies Mladen Turk chair and EOL as future March 31 2024, resolving April past-tense ambiguity. | Privacy mailing subscription notice request INFRA-23011 explicitly dates March 18 2022; retain pre-window continuing precursor. ICLA access restriction remains work in progress."
research/data/asf-access-2026-09-21/sources/board_minutes_2023_06_21.txt,Committee agenda: BV. Apache Tomcat Project [Mladen Turk / Sharan],487,490,e6ba41c11e77285a7ab1bd892c83224bb96c01c9ca41332e916b766c9822a279,"All retained main, officer and cohort sections read in full; other PMC attachment titles remain outside the fixed cohort.","Board creates VP Public Policy and appoints Dirk-Willem van Gulik under President, with Board-sanctioned positions and engagement; historical authority source, no selected-project intervention inferred. | May reporting-state wizard action completed; Ant now explicitly reports Dormant. Reporting acknowledgment is distinct from sender-first operational adaptation. | Infra reports blogs.apache.org read-only/self-service migration, revised Jira account workflow with reactivation and Azure ephemeral GHA runners. Shared service changes require dated onset and selected-project response sources. | Security reports CISA KEV listing of older Tomcat CVE-2016-8735; independently retrieve primary shock if relevant. Security-model publication collaboration continues; Legal AI guidance remains draft. | Ant release-vote capacity limitation is repeated requester self-report. Tomcat identifies Mladen Turk chair and EOL as future March 31 2024, resolving April past-tense ambiguity. | Privacy mailing subscription notice request INFRA-23011 explicitly dates March 18 2022; retain pre-window continuing precursor. ICLA access restriction remains work in progress."
research/data/asf-access-2026-09-21/sources/board_minutes_2023_06_21.txt,7. Special Orders,529,712,dbda3055d000f000c46e6c29dae357668b26d8306f6d7046e58c76253d30b2f4,"All retained main, officer and cohort sections read in full; other PMC attachment titles remain outside the fixed cohort.","Board creates VP Public Policy and appoints Dirk-Willem van Gulik under President, with Board-sanctioned positions and engagement; historical authority source, no selected-project intervention inferred. | May reporting-state wizard action completed; Ant now explicitly reports Dormant. Reporting acknowledgment is distinct from sender-first operational adaptation. | Infra reports blogs.apache.org read-only/self-service migration, revised Jira account workflow with reactivation and Azure ephemeral GHA runners. Shared service changes require dated onset and selected-project response sources. | Security reports CISA KEV listing of older Tomcat CVE-2016-8735; independently retrieve primary shock if relevant. Security-model publication collaboration continues; Legal AI guidance remains draft. | Ant release-vote capacity limitation is repeated requester self-report. Tomcat identifies Mladen Turk chair and EOL as future March 31 2024, resolving April past-tense ambiguity. | Privacy mailing subscription notice request INFRA-23011 explicitly dates March 18 2022; retain pre-window continuing precursor. ICLA access restriction remains work in progress."
research/data/asf-access-2026-09-21/sources/board_minutes_2023_06_21.txt,8. Discussion Items,713,809,da653800745e33179bd2bd413984667ec816d0ea9c4dce31ad3a0f84db3a87af,"All retained main, officer and cohort sections read in full; other PMC attachment titles remain outside the fixed cohort.","Board creates VP Public Policy and appoints Dirk-Willem van Gulik under President, with Board-sanctioned positions and engagement; historical authority source, no selected-project intervention inferred. | May reporting-state wizard action completed; Ant now explicitly reports Dormant. Reporting acknowledgment is distinct from sender-first operational adaptation. | Infra reports blogs.apache.org read-only/self-service migration, revised Jira account workflow with reactivation and Azure ephemeral GHA runners. Shared service changes require dated onset and selected-project response sources. | Security reports CISA KEV listing of older Tomcat CVE-2016-8735; independently retrieve primary shock if relevant. Security-model publication collaboration continues; Legal AI guidance remains draft. | Ant release-vote capacity limitation is repeated requester self-report. Tomcat identifies Mladen Turk chair and EOL as future March 31 2024, resolving April past-tense ambiguity. | Privacy mailing subscription notice request INFRA-23011 explicitly dates March 18 2022; retain pre-window continuing precursor. ICLA access restriction remains work in progress."
research/data/asf-access-2026-09-21/sources/board_minutes_2023_06_21.txt,9. Review Outstanding Action Items,810,851,7de2ccc1c02ab2b6f588e172cc35bc477115ab806db8a44444c14f2bddc3798f,"All retained main, officer and cohort sections read in full; other PMC attachment titles remain outside the fixed cohort.","Board creates VP Public Policy and appoints Dirk-Willem van Gulik under President, with Board-sanctioned positions and engagement; historical authority source, no selected-project intervention inferred. | May reporting-state wizard action completed; Ant now explicitly reports Dormant. Reporting acknowledgment is distinct from sender-first operational adaptation. | Infra reports blogs.apache.org read-only/self-service migration, revised Jira account workflow with reactivation and Azure ephemeral GHA runners. Shared service changes require dated onset and selected-project response sources. | Security reports CISA KEV listing of older Tomcat CVE-2016-8735; independently retrieve primary shock if relevant. Security-model publication collaboration continues; Legal AI guidance remains draft. | Ant release-vote capacity limitation is repeated requester self-report. Tomcat identifies Mladen Turk chair and EOL as future March 31 2024, resolving April past-tense ambiguity. | Privacy mailing subscription notice request INFRA-23011 explicitly dates March 18 2022; retain pre-window continuing precursor. ICLA access restriction remains work in progress."
research/data/asf-access-2026-09-21/sources/board_minutes_2023_06_21.txt,10. Unfinished Business,852,853,6509f65610f5edd3568891f04bf8cba8c83257596c4076b5c95a8c4d116946b6,"All retained main, officer and cohort sections read in full; other PMC attachment titles remain outside the fixed cohort.","Board creates VP Public Policy and appoints Dirk-Willem van Gulik under President, with Board-sanctioned positions and engagement; historical authority source, no selected-project intervention inferred. | May reporting-state wizard action completed; Ant now explicitly reports Dormant. Reporting acknowledgment is distinct from sender-first operational adaptation. | Infra reports blogs.apache.org read-only/self-service migration, revised Jira account workflow with reactivation and Azure ephemeral GHA runners. Shared service changes require dated onset and selected-project response sources. | Security reports CISA KEV listing of older Tomcat CVE-2016-8735; independently retrieve primary shock if relevant. Security-model publication collaboration continues; Legal AI guidance remains draft. | Ant release-vote capacity limitation is repeated requester self-report. Tomcat identifies Mladen Turk chair and EOL as future March 31 2024, resolving April past-tense ambiguity. | Privacy mailing subscription notice request INFRA-23011 explicitly dates March 18 2022; retain pre-window continuing precursor. ICLA access restriction remains work in progress."
research/data/asf-access-2026-09-21/sources/board_minutes_2023_06_21.txt,11. New Business,854,858,28133358cf1ccdef154a24bb639227762d2b9836f9a6048034ead50a6698094c,"All retained main, officer and cohort sections read in full; other PMC attachment titles remain outside the fixed cohort.","Board creates VP Public Policy and appoints Dirk-Willem van Gulik under President, with Board-sanctioned positions and engagement; historical authority source, no selected-project intervention inferred. | May reporting-state wizard action completed; Ant now explicitly reports Dormant. Reporting acknowledgment is distinct from sender-first operational adaptation. | Infra reports blogs.apache.org read-only/self-service migration, revised Jira account workflow with reactivation and Azure ephemeral GHA runners. Shared service changes require dated onset and selected-project response sources. | Security reports CISA KEV listing of older Tomcat CVE-2016-8735; independently retrieve primary shock if relevant. Security-model publication collaboration continues; Legal AI guidance remains draft. | Ant release-vote capacity limitation is repeated requester self-report. Tomcat identifies Mladen Turk chair and EOL as future March 31 2024, resolving April past-tense ambiguity. | Privacy mailing subscription notice request INFRA-23011 explicitly dates March 18 2022; retain pre-window continuing precursor. ICLA access restriction remains work in progress."
research/data/asf-access-2026-09-21/sources/board_minutes_2023_06_21.txt,12. Announcements,859,860,3077f3127f59436a67aa1b591f7bd3be28c18bdc2fccc5f03847eef2cbd766cf,"All retained main, officer and cohort sections read in full; other PMC attachment titles remain outside the fixed cohort.","Board creates VP Public Policy and appoints Dirk-Willem van Gulik under President, with Board-sanctioned positions and engagement; historical authority source, no selected-project intervention inferred. | May reporting-state wizard action completed; Ant now explicitly reports Dormant. Reporting acknowledgment is distinct from sender-first operational adaptation. | Infra reports blogs.apache.org read-only/self-service migration, revised Jira account workflow with reactivation and Azure ephemeral GHA runners. Shared service changes require dated onset and selected-project response sources. | Security reports CISA KEV listing of older Tomcat CVE-2016-8735; independently retrieve primary shock if relevant. Security-model publication collaboration continues; Legal AI guidance remains draft. | Ant release-vote capacity limitation is repeated requester self-report. Tomcat identifies Mladen Turk chair and EOL as future March 31 2024, resolving April past-tense ambiguity. | Privacy mailing subscription notice request INFRA-23011 explicitly dates March 18 2022; retain pre-window continuing precursor. ICLA access restriction remains work in progress."
research/data/asf-access-2026-09-21/sources/board_minutes_2023_06_21.txt,13. Adjournment,861,869,96be04b1af79926f0eb35b6e7bee7a9109297e1a260d91ed60513d3d30e88775,"All retained main, officer and cohort sections read in full; other PMC attachment titles remain outside the fixed cohort.","Board creates VP Public Policy and appoints Dirk-Willem van Gulik under President, with Board-sanctioned positions and engagement; historical authority source, no selected-project intervention inferred. | May reporting-state wizard action completed; Ant now explicitly reports Dormant. Reporting acknowledgment is distinct from sender-first operational adaptation. | Infra reports blogs.apache.org read-only/self-service migration, revised Jira account workflow with reactivation and Azure ephemeral GHA runners. Shared service changes require dated onset and selected-project response sources. | Security reports CISA KEV listing of older Tomcat CVE-2016-8735; independently retrieve primary shock if relevant. Security-model publication collaboration continues; Legal AI guidance remains draft. | Ant release-vote capacity limitation is repeated requester self-report. Tomcat identifies Mladen Turk chair and EOL as future March 31 2024, resolving April past-tense ambiguity. | Privacy mailing subscription notice request INFRA-23011 explicitly dates March 18 2022; retain pre-window continuing precursor. ICLA access restriction remains work in progress."
research/data/asf-access-2026-09-21/sources/board_minutes_2023_06_21.txt,Attachment 1: Report from the VP of Brand Management  [Mark Thomas],870,917,1b281761b3f5a6672a57c22f4b36ad8914255910142015c32b2e356f75911195,"All retained main, officer and cohort sections read in full; other PMC attachment titles remain outside the fixed cohort.","Board creates VP Public Policy and appoints Dirk-Willem van Gulik under President, with Board-sanctioned positions and engagement; historical authority source, no selected-project intervention inferred. | May reporting-state wizard action completed; Ant now explicitly reports Dormant. Reporting acknowledgment is distinct from sender-first operational adaptation. | Infra reports blogs.apache.org read-only/self-service migration, revised Jira account workflow with reactivation and Azure ephemeral GHA runners. Shared service changes require dated onset and selected-project response sources. | Security reports CISA KEV listing of older Tomcat CVE-2016-8735; independently retrieve primary shock if relevant. Security-model publication collaboration continues; Legal AI guidance remains draft. | Ant release-vote capacity limitation is repeated requester self-report. Tomcat identifies Mladen Turk chair and EOL as future March 31 2024, resolving April past-tense ambiguity. | Privacy mailing subscription notice request INFRA-23011 explicitly dates March 18 2022; retain pre-window continuing precursor. ICLA access restriction remains work in progress."
research/data/asf-access-2026-09-21/sources/board_minutes_2023_06_21.txt,Attachment 2: Report from the VP of Fundraising  [Bob Paulin],918,956,2e47899137f13fa452e2b1a601d37bfd2810af6e056db0b4fe4fc51f136a3f14,"All retained main, officer and cohort sections read in full; other PMC attachment titles remain outside the fixed cohort.","Board creates VP Public Policy and appoints Dirk-Willem van Gulik under President, with Board-sanctioned positions and engagement; historical authority source, no selected-project intervention inferred. | May reporting-state wizard action completed; Ant now explicitly reports Dormant. Reporting acknowledgment is distinct from sender-first operational adaptation. | Infra reports blogs.apache.org read-only/self-service migration, revised Jira account workflow with reactivation and Azure ephemeral GHA runners. Shared service changes require dated onset and selected-project response sources. | Security reports CISA KEV listing of older Tomcat CVE-2016-8735; independently retrieve primary shock if relevant. Security-model publication collaboration continues; Legal AI guidance remains draft. | Ant release-vote capacity limitation is repeated requester self-report. Tomcat identifies Mladen Turk chair and EOL as future March 31 2024, resolving April past-tense ambiguity. | Privacy mailing subscription notice request INFRA-23011 explicitly dates March 18 2022; retain pre-window continuing precursor. ICLA access restriction remains work in progress."
research/data/asf-access-2026-09-21/sources/board_minutes_2023_06_21.txt,Attachment 3: Report from the VP of Marketing and Publicity  [Brian Proffitt],957,1026,71f5bdec640e8c5165df20e6ee09a11a6475489d8be292f657f76a6a2d92b679,"All retained main, officer and cohort sections read in full; other PMC attachment titles remain outside the fixed cohort.","Board creates VP Public Policy and appoints Dirk-Willem van Gulik under President, with Board-sanctioned positions and engagement; historical authority source, no selected-project intervention inferred. | May reporting-state wizard action completed; Ant now explicitly reports Dormant. Reporting acknowledgment is distinct from sender-first operational adaptation. | Infra reports blogs.apache.org read-only/self-service migration, revised Jira account workflow with reactivation and Azure ephemeral GHA runners. Shared service changes require dated onset and selected-project response sources. | Security reports CISA KEV listing of older Tomcat CVE-2016-8735; independently retrieve primary shock if relevant. Security-model publication collaboration continues; Legal AI guidance remains draft. | Ant release-vote capacity limitation is repeated requester self-report. Tomcat identifies Mladen Turk chair and EOL as future March 31 2024, resolving April past-tense ambiguity. | Privacy mailing subscription notice request INFRA-23011 explicitly dates March 18 2022; retain pre-window continuing precursor. ICLA access restriction remains work in progress."
research/data/asf-access-2026-09-21/sources/board_minutes_2023_06_21.txt,Attachment 4: Report from the VP of Infrastructure  [Myrle Krantz],1027,1064,4026897f6f55f96ba89a4f7ee8f131287ed8b62c4d4ffda712d1b90ec8f1aff6,"All retained main, officer and cohort sections read in full; other PMC attachment titles remain outside the fixed cohort.","Board creates VP Public Policy and appoints Dirk-Willem van Gulik under President, with Board-sanctioned positions and engagement; historical authority source, no selected-project intervention inferred. | May reporting-state wizard action completed; Ant now explicitly reports Dormant. Reporting acknowledgment is distinct from sender-first operational adaptation. | Infra reports blogs.apache.org read-only/self-service migration, revised Jira account workflow with reactivation and Azure ephemeral GHA runners. Shared service changes require dated onset and selected-project response sources. | Security reports CISA KEV listing of older Tomcat CVE-2016-8735; independently retrieve primary shock if relevant. Security-model publication collaboration continues; Legal AI guidance remains draft. | Ant release-vote capacity limitation is repeated requester self-report. Tomcat identifies Mladen Turk chair and EOL as future March 31 2024, resolving April past-tense ambiguity. | Privacy mailing subscription notice request INFRA-23011 explicitly dates March 18 2022; retain pre-window continuing precursor. ICLA access restriction remains work in progress."
research/data/asf-access-2026-09-21/sources/board_minutes_2023_06_21.txt,Attachment 5: Report from the VP of Conferences  [Rich Bowen],1065,1088,27d2e81e78f66b4406eaa89a761a0b0014908bf7d821b8e86627b86125a9984c,"All retained main, officer and cohort sections read in full; other PMC attachment titles remain outside the fixed cohort.","Board creates VP Public Policy and appoints Dirk-Willem van Gulik under President, with Board-sanctioned positions and engagement; historical authority source, no selected-project intervention inferred. | May reporting-state wizard action completed; Ant now explicitly reports Dormant. Reporting acknowledgment is distinct from sender-first operational adaptation. | Infra reports blogs.apache.org read-only/self-service migration, revised Jira account workflow with reactivation and Azure ephemeral GHA runners. Shared service changes require dated onset and selected-project response sources. | Security reports CISA KEV listing of older Tomcat CVE-2016-8735; independently retrieve primary shock if relevant. Security-model publication collaboration continues; Legal AI guidance remains draft. | Ant release-vote capacity limitation is repeated requester self-report. Tomcat identifies Mladen Turk chair and EOL as future March 31 2024, resolving April past-tense ambiguity. | Privacy mailing subscription notice request INFRA-23011 explicitly dates March 18 2022; retain pre-window continuing precursor. ICLA access restriction remains work in progress."
research/data/asf-access-2026-09-21/sources/board_minutes_2023_06_21.txt,Attachment 6: Report from the Apache Travel Assistance Committee  [Gavin McDonald],1089,1131,f988a43826e92b9255d6f8069a44085ada95976c6965ae60a7969529d50d6cd8,"All retained main, officer and cohort sections read in full; other PMC attachment titles remain outside the fixed cohort.","Board creates VP Public Policy and appoints Dirk-Willem van Gulik under President, with Board-sanctioned positions and engagement; historical authority source, no selected-project intervention inferred. | May reporting-state wizard action completed; Ant now explicitly reports Dormant. Reporting acknowledgment is distinct from sender-first operational adaptation. | Infra reports blogs.apache.org read-only/self-service migration, revised Jira account workflow with reactivation and Azure ephemeral GHA runners. Shared service changes require dated onset and selected-project response sources. | Security reports CISA KEV listing of older Tomcat CVE-2016-8735; independently retrieve primary shock if relevant. Security-model publication collaboration continues; Legal AI guidance remains draft. | Ant release-vote capacity limitation is repeated requester self-report. Tomcat identifies Mladen Turk chair and EOL as future March 31 2024, resolving April past-tense ambiguity. | Privacy mailing subscription notice request INFRA-23011 explicitly dates March 18 2022; retain pre-window continuing precursor. ICLA access restriction remains work in progress."
research/data/asf-access-2026-09-21/sources/board_minutes_2023_06_21.txt,Attachment 7: Report from the VP of Diversity and Inclusion  [Katia Rojas],1132,1135,3500d95c2b916d4a3b3217172e51e05456657b896758c52f2c9948f2e545074e,"All retained main, officer and cohort sections read in full; other PMC attachment titles remain outside the fixed cohort.","Board creates VP Public Policy and appoints Dirk-Willem van Gulik under President, with Board-sanctioned positions and engagement; historical authority source, no selected-project intervention inferred. | May reporting-state wizard action completed; Ant now explicitly reports Dormant. Reporting acknowledgment is distinct from sender-first operational adaptation. | Infra reports blogs.apache.org read-only/self-service migration, revised Jira account workflow with reactivation and Azure ephemeral GHA runners. Shared service changes require dated onset and selected-project response sources. | Security reports CISA KEV listing of older Tomcat CVE-2016-8735; independently retrieve primary shock if relevant. Security-model publication collaboration continues; Legal AI guidance remains draft. | Ant release-vote capacity limitation is repeated requester self-report. Tomcat identifies Mladen Turk chair and EOL as future March 31 2024, resolving April past-tense ambiguity. | Privacy mailing subscription notice request INFRA-23011 explicitly dates March 18 2022; retain pre-window continuing precursor. ICLA access restriction remains work in progress."
research/data/asf-access-2026-09-21/sources/board_minutes_2023_06_21.txt,Attachment 8: Report from the VP of Data Privacy  [Christian Grobmeier],1136,1162,623c2e5938bbb3d7cede4f19d8438aa648f46419e166ed60dcb1a7f6ddde48ce,"All retained main, officer and cohort sections read in full; other PMC attachment titles remain outside the fixed cohort.","Board creates VP Public Policy and appoints Dirk-Willem van Gulik under President, with Board-sanctioned positions and engagement; historical authority source, no selected-project intervention inferred. | May reporting-state wizard action completed; Ant now explicitly reports Dormant. Reporting acknowledgment is distinct from sender-first operational adaptation. | Infra reports blogs.apache.org read-only/self-service migration, revised Jira account workflow with reactivation and Azure ephemeral GHA runners. Shared service changes require dated onset and selected-project response sources. | Security reports CISA KEV listing of older Tomcat CVE-2016-8735; independently retrieve primary shock if relevant. Security-model publication collaboration continues; Legal AI guidance remains draft. | Ant release-vote capacity limitation is repeated requester self-report. Tomcat identifies Mladen Turk chair and EOL as future March 31 2024, resolving April past-tense ambiguity. | Privacy mailing subscription notice request INFRA-23011 explicitly dates March 18 2022; retain pre-window continuing precursor. ICLA access restriction remains work in progress."
research/data/asf-access-2026-09-21/sources/board_minutes_2023_06_21.txt,Attachment 9: Report from the VP of W3C Relations  [Andy Seaborne],1163,1166,a84b8ec393880d9ae5ee9a843122a2afec984396c675e65ace1b94c244dcf73c,"All retained main, officer and cohort sections read in full; other PMC attachment titles remain outside the fixed cohort.","Board creates VP Public Policy and appoints Dirk-Willem van Gulik under President, with Board-sanctioned positions and engagement; historical authority source, no selected-project intervention inferred. | May reporting-state wizard action completed; Ant now explicitly reports Dormant. Reporting acknowledgment is distinct from sender-first operational adaptation. | Infra reports blogs.apache.org read-only/self-service migration, revised Jira account workflow with reactivation and Azure ephemeral GHA runners. Shared service changes require dated onset and selected-project response sources. | Security reports CISA KEV listing of older Tomcat CVE-2016-8735; independently retrieve primary shock if relevant. Security-model publication collaboration continues; Legal AI guidance remains draft. | Ant release-vote capacity limitation is repeated requester self-report. Tomcat identifies Mladen Turk chair and EOL as future March 31 2024, resolving April past-tense ambiguity. | Privacy mailing subscription notice request INFRA-23011 explicitly dates March 18 2022; retain pre-window continuing precursor. ICLA access restriction remains work in progress."
research/data/asf-access-2026-09-21/sources/board_minutes_2023_06_21.txt,Attachment 10: Report from the Apache Legal Affairs Committee  [Roman Shaposhnik],1167,1184,6ef6e540529e58c74ff7ed63bb22871039d952f197282360d9f82c8ba21cd7c5,"All retained main, officer and cohort sections read in full; other PMC attachment titles remain outside the fixed cohort.","Board creates VP Public Policy and appoints Dirk-Willem van Gulik under President, with Board-sanctioned positions and engagement; historical authority source, no selected-project intervention inferred. | May reporting-state wizard action completed; Ant now explicitly reports Dormant. Reporting acknowledgment is distinct from sender-first operational adaptation. | Infra reports blogs.apache.org read-only/self-service migration, revised Jira account workflow with reactivation and Azure ephemeral GHA runners. Shared service changes require dated onset and selected-project response sources. | Security reports CISA KEV listing of older Tomcat CVE-2016-8735; independently retrieve primary shock if relevant. Security-model publication collaboration continues; Legal AI guidance remains draft. | Ant release-vote capacity limitation is repeated requester self-report. Tomcat identifies Mladen Turk chair and EOL as future March 31 2024, resolving April past-tense ambiguity. | Privacy mailing subscription notice request INFRA-23011 explicitly dates March 18 2022; retain pre-window continuing precursor. ICLA access restriction remains work in progress."
research/data/asf-access-2026-09-21/sources/board_minutes_2023_06_21.txt,Attachment 11: Report from the Apache Security Team Project  [Mark J. Cox],1185,1235,c4c100059bf3fe0f87f66ba7ca4ee7f8986f3f1a77addca4625026dfd663947f,"All retained main, officer and cohort sections read in full; other PMC attachment titles remain outside the fixed cohort.","Board creates VP Public Policy and appoints Dirk-Willem van Gulik under President, with Board-sanctioned positions and engagement; historical authority source, no selected-project intervention inferred. | May reporting-state wizard action completed; Ant now explicitly reports Dormant. Reporting acknowledgment is distinct from sender-first operational adaptation. | Infra reports blogs.apache.org read-only/self-service migration, revised Jira account workflow with reactivation and Azure ephemeral GHA runners. Shared service changes require dated onset and selected-project response sources. | Security reports CISA KEV listing of older Tomcat CVE-2016-8735; independently retrieve primary shock if relevant. Security-model publication collaboration continues; Legal AI guidance remains draft. | Ant release-vote capacity limitation is repeated requester self-report. Tomcat identifies Mladen Turk chair and EOL as future March 31 2024, resolving April past-tense ambiguity. | Privacy mailing subscription notice request INFRA-23011 explicitly dates March 18 2022; retain pre-window continuing precursor. ICLA access restriction remains work in progress."
research/data/asf-access-2026-09-21/sources/board_minutes_2023_06_21.txt,Attachment 12: Report from the VP of Jakarta EE Relations [Rob Tompkins],1236,1239,fd0528b980b2d228fa27e83e5215b165b3f33fd15f470736c054dae88d16e9b1,"All retained main, officer and cohort sections read in full; other PMC attachment titles remain outside the fixed cohort.","Board creates VP Public Policy and appoints Dirk-Willem van Gulik under President, with Board-sanctioned positions and engagement; historical authority source, no selected-project intervention inferred. | May reporting-state wizard action completed; Ant now explicitly reports Dormant. Reporting acknowledgment is distinct from sender-first operational adaptation. | Infra reports blogs.apache.org read-only/self-service migration, revised Jira account workflow with reactivation and Azure ephemeral GHA runners. Shared service changes require dated onset and selected-project response sources. | Security reports CISA KEV listing of older Tomcat CVE-2016-8735; independently retrieve primary shock if relevant. Security-model publication collaboration continues; Legal AI guidance remains draft. | Ant release-vote capacity limitation is repeated requester self-report. Tomcat identifies Mladen Turk chair and EOL as future March 31 2024, resolving April past-tense ambiguity. | Privacy mailing subscription notice request INFRA-23011 explicitly dates March 18 2022; retain pre-window continuing precursor. ICLA access restriction remains work in progress."
research/data/asf-access-2026-09-21/sources/board_minutes_2023_06_21.txt,Attachment D: Report from the Apache Ant Project  [Jan Materne],1440,1482,dda9859bdbcb7c68078db0d89f7a3a14b0fd912d08a522d5a13ba9030d05c125,"All retained main, officer and cohort sections read in full; other PMC attachment titles remain outside the fixed cohort.","Board creates VP Public Policy and appoints Dirk-Willem van Gulik under President, with Board-sanctioned positions and engagement; historical authority source, no selected-project intervention inferred. | May reporting-state wizard action completed; Ant now explicitly reports Dormant. Reporting acknowledgment is distinct from sender-first operational adaptation. | Infra reports blogs.apache.org read-only/self-service migration, revised Jira account workflow with reactivation and Azure ephemeral GHA runners. Shared service changes require dated onset and selected-project response sources. | Security reports CISA KEV listing of older Tomcat CVE-2016-8735; independently retrieve primary shock if relevant. Security-model publication collaboration continues; Legal AI guidance remains draft. | Ant release-vote capacity limitation is repeated requester self-report. Tomcat identifies Mladen Turk chair and EOL as future March 31 2024, resolving April past-tense ambiguity. | Privacy mailing subscription notice request INFRA-23011 explicitly dates March 18 2022; retain pre-window continuing precursor. ICLA access restriction remains work in progress."
research/data/asf-access-2026-09-21/sources/board_minutes_2023_06_21.txt,Attachment BV: Report from the Apache Tomcat Project  [Mladen Turk],5143,5188,4bdf5be4721efae7aa76765b7b9ca2a5c6b5b869278e965c9fbdc0998eb45241,"All retained main, officer and cohort sections read in full; other PMC attachment titles remain outside the fixed cohort.","Board creates VP Public Policy and appoints Dirk-Willem van Gulik under President, with Board-sanctioned positions and engagement; historical authority source, no selected-project intervention inferred. | May reporting-state wizard action completed; Ant now explicitly reports Dormant. Reporting acknowledgment is distinct from sender-first operational adaptation. | Infra reports blogs.apache.org read-only/self-service migration, revised Jira account workflow with reactivation and Azure ephemeral GHA runners. Shared service changes require dated onset and selected-project response sources. | Security reports CISA KEV listing of older Tomcat CVE-2016-8735; independently retrieve primary shock if relevant. Security-model publication collaboration continues; Legal AI guidance remains draft. | Ant release-vote capacity limitation is repeated requester self-report. Tomcat identifies Mladen Turk chair and EOL as future March 31 2024, resolving April past-tense ambiguity. | Privacy mailing subscription notice request INFRA-23011 explicitly dates March 18 2022; retain pre-window continuing precursor. ICLA access restriction remains work in progress."
