topic_id,project,first_date,subject,message_count,review_state,classification,reason
topic-122569a1583cf6ea,ant,2023-01-04,[VOTE] Release Apache Ant 1.10.13 based on RC1,5,pending,,
topic-124ecf7f2dab2bf2,ant,2023-01-10,[ANNOUNCE] Apache Ant 1.10.13 released,1,pending,,
topic-ab0b51a2cd119c69,ant,2023-01-10,Need help with Ant versions in bugzilla,3,body_reviewed_followup_pending,ordinary_maintenance,Bugzilla version request was answered that the changes were already done at vote closure. No foundation role or sender-first change established by this exchange.
topic-37f34d541eb3a85a,ant,2023-01-25,JDK 20 Rampdown Phase 2 & JMX Heads-up,1,pending,,
topic-b2adbc7ab352b28c,ant,2023-01-30,Pass secret to Exec task,2,pending,,
topic-8c0b6241f90c081c,ant,2023-02-15,JDK 20 Release Candidate and Deprecation,2,pending,,
topic-5c69b632afa1e2ac,ant,2023-02-23,Improvement ideas for Ant 1.10.13,7,pending,,
topic-52cba5db7095113b,ant,2023-03-28,"JDK 20 is now GA, JDK 21 Early-Access builds, and 2 important heads-up!",1,pending,,
topic-825b6ba7e70eff07,ant,2023-03-29,A Message from the Board to PMC members,1,body_reviewed_followup_pending,governance_candidate,Board reminder restates collective PMC duties; preserve as one shared directive across projects. Role and effective-rule corroboration and receiver responses remain pending.
topic-2b441ba8ce689bbd,ant,2023-04-14,Need Help Understanding Ivy's dependency/artifacts,3,pending,,
topic-bd1f521abffce541,ant,2023-05-09,"Call for Presentations, Community Over Code 2023",1,pending,,
topic-8adc6f62b7339bd3,ant,2023-05-14,Issues running tests on Gump after switching to Java 21,2,body_reviewed_followup_pending,service_candidate,Gump Java 21 build breakage and suggested SecurityManager workaround; foundation actor and directed request are unestablished. Retain for dependency/shock check.
topic-bdbc786bacc0a228,ant,2023-05-15,JDK 21 EA builds 22 & Sequenced Collections Heads-up,2,pending,,
topic-eae65ede393fb282,ant,2023-05-15,Release Ant 1.10.13?,2,pending,,
topic-3aa83ec555fabfcc,ant,2023-06-05,"Call for Presentations, Community Over Code Asia 2023",1,pending,,
topic-fef233ee9c578ec5,ant,2023-06-14,JDK 21 is in Rampdown / The importance of testing with Early-Access Builds,1,pending,,
topic-6b43596db080be13,ant,2023-06-16,TAC Applications for Community Over Code North America and Asia now open,1,pending,,
topic-d551ed3483bd4333,ant,2023-06-28,Final Reminder: Community Over Code call for presentations closing soon,1,pending,,
topic-f2bc1fcc1bd269b1,ant,2023-07-28,JDK 22 is in Rampdown Phase 2 | Annotation Processing Change Heads-up,2,pending,,
topic-e2eca134c81c53ca,ant,2023-08-07,How to use custom .ivy2 directory,2,pending,,
topic-57c18ec9e9d4a50e,ant,2023-08-12,Release Ant 1.10.14?,2,pending,,
topic-c8669d116ffa1b22,ant,2023-08-13,Release Ivy 2.5.2,2,pending,,
topic-26fe7d8896cec63a,ant,2023-08-16,[VOTE] Release Apache Ant 1.10.14 based on RC1,8,pending,,
topic-0101531a6020caf0,ant,2023-08-17,[CANCELLED][VOTE] Release Ivy 2.5.2 Based on RC1,1,pending,,
topic-77e133d97c97552a,ant,2023-08-17,[VOTE] Release Ivy 2.5.2 Based on RC1,4,pending,,
topic-957d2d7a45ac7b89,ant,2023-08-17,Mailing list threading improvements,1,body_reviewed_followup_pending,service_candidate,Comdev message announces October 2023 default notification threading with project opt-out via .asf.yml configuration. Shared initiating directive candidate; operative authority and exposure still need checking.
topic-9a0060f4c5765d09,ant,2023-08-17,[VOTE] Release Ivy 2.5.2 Based on RC2,4,pending,,
topic-12614694745a3403,ant,2023-08-20,CVE-2022-46751: Apache Ivy: XML External Entity vulnerability in Apache Ivy,1,pending,,
topic-48f7e15e42ca30a7,ant,2023-08-20,[ANN] Apache Ivy 2.5.2 Released,1,pending,,
topic-85d8d7fb6812346c,ant,2023-08-20,[RESULT] Release Ivy 2.5.2 Based on RC2,1,pending,,
topic-b99c0fa686c472fc,ant,2023-08-20,[RESULT] Release Apache Ant 1.10.14 based on RC1,1,pending,,
topic-b651c1351459c196,ant,2023-08-21,[ANNOUNCE] Apache Ant 1.10.14 released,3,pending,,
topic-7372b3d7c63f4cdf,ant,2023-08-22,Future of Ivy and IvyDE,18,body_reviewed_followup_pending,multiple_deliverables_candidate,"Ivy and IvyDE maintenance/retirement discussion extends from August 2023 into November 2024. Ivy retirement was explicitly abandoned after a PMC maintainer volunteered; split deliverables, preserve shared sources and earliest onset."
topic-f635825f7119a7a7,ant,2023-08-22,[**EXTERNAL**] RE: Future of Ivy and IvyDE,4,body_reviewed_followup_pending,multiple_deliverables_candidate,External-prefixed replies belong to the same Ivy/IvyDE discussion; usage reports do not supply foundation authority or employment-based exposure estimates.
topic-fcf7e484ce676931,ant,2023-08-22,JDK 21 Release Candidates & JVM Language Summit,1,pending,,
topic-d4c548456c799a16,ant,2023-09-08,Need help with release versions in bugzilla,4,body_reviewed_followup_pending,ordinary_maintenance,Bugzilla release-version update was already present before the request; requester acknowledged overlooking it. Administrator role is not established as foundation.
topic-43d75af61c362ab0,ant,2023-10-01,Need help with Ant tests,3,pending,,
topic-0a4dc4739e34aca6,ant,2023-10-20,"JDK 21 Is Now GA, a New VS Code Extension, and an Annotation Processing Heads-up",2,pending,,
topic-1db109b9b277782e,ant,2023-10-30,Call for Presentations now open: Community over Code EU 2024,1,pending,,
topic-a0afbcbbd01d34e3,ant,2023-11-06,[PR] Bump xalan:xalan from 2.7.2 to 2.7.3 in /src/etc/poms/ant-junit [ant],3,pending,,
topic-b940dbbd31ad1d1e,ant,2023-11-16,[PR] Throw BuildExceptions in ReplaceRegExp for IOExceptions and missing files [ant],5,pending,,
topic-936778472cfc2862,ant,2023-11-17,Issues with how Ivy processes maven dependency management dependencies compared to adding a classifier key,8,pending,,
topic-71d6e7dc02ea1979,ant,2023-11-19,Trying my hands at an ivy-updatesite (was Re: Future of Ivy and IvyDE),3,body_reviewed_followup_pending,release_followup,Ivy update-site build/test discussion is linked to retirement deliberations but does not open a formal release vote. Preserve as context with a separately identifiable technical deliverable.
topic-e69359849fbcf554,ant,2023-11-19,[VOTE] Send IvyDE to the Apache Attic,8,body_reviewed_followup_pending,governance_candidate,"Original IvyDE Attic proposal; keep with corrected retirement vote and result, not an independent family or observed Board decision."
topic-48361e2cb6c8f1df,ant,2023-11-21,Packaging ivy with Eclipse,2,pending,,
topic-c19afd175af8cf8e,ant,2023-11-22,[RESULT] Send IvyDE to the Apache Attic,2,body_reviewed_followup_pending,governance_candidate,"Initial vote passed, then proposer explicitly corrected the inapplicable Attic route and required a new local vote. Self-correction does not identify a foundation intervention."
topic-754b30198bbbb341,ant,2023-11-23,[VOTE] Retire the IvyDE Subproject,6,body_reviewed_followup_pending,governance_candidate,Replacement IvyDE retirement vote invokes existing Ant PMC process. Same deliverable as original Attic proposal; not a second independent family.
topic-9cb0a09162a705bf,ant,2023-11-26,[RESULT] Retire the IvyDE Subproject,2,body_reviewed_followup_pending,governance_candidate,Local retirement result passed; follow-up cites INFRA-25209 and INFRA-25210. Both currently require login; do not infer receiver action from their existence.
topic-ca48674c30367e05,ant,2023-11-26,[ANN] Apache IvyDE Retired,1,pending,,
topic-15b65a2cacd0971b,ant,2023-12-13,IVY-1576 still exist in 2.5.2,5,pending,,
topic-b3eb7fa6ad9a2539,ant,2023-12-13,JDK 22 Feature Freeze!,1,pending,,
topic-5310069b7f749e2d,ant,2023-12-22,Meet our keynote speakers and register to Community Over Code EU!,1,pending,,
topic-15954650856bdb3c,ant,2024-01-15,[PR] Buffer for more Speed [ant],7,pending,,
topic-4c30a66bd31a9ab5,ant,2024-01-26,JDK 22 RDP2 & Deprecate sun.misc.Unsafe Memory-Access Methods…,1,pending,,
topic-f799f9a59e105b3a,ant,2024-02-03,Community over Code EU 2024 Travel Assistance Applications now open!,1,pending,,
topic-63cf011a5686c678,ant,2024-02-20,Community Over Code Asia 2024 Travel Assistance Applications now open!,1,pending,,
topic-006fb091271e5e1b,ant,2024-02-21,Release Ant 1.10.15?,4,pending,,
topic-b995f3ea48f8531e,ant,2024-02-21,[PR] fix <compilerarg> example documentation in manual [ant],2,pending,,
topic-e8897b1896c94218,ant,2024-03-27,Community Over Code NA 2024 Travel Assistance Applications now open!,1,pending,,
topic-d0c4d0befbf04806,ant,2024-04-02,Java 22 is GA + Heads-up!,2,pending,,
topic-1cc8b3432caebddd,ant,2024-04-03,Participate in the ASF 25th Anniversary Campaign,1,pending,,
topic-79a78c08c6b86490,ant,2024-04-03,Community over Code EU 2024: Start planning your trip!,1,pending,,
topic-eb0e16c3d478a20d,ant,2024-04-19,[PR] pull [ant],1,pending,,
topic-18caec36753619ed,ant,2024-05-14,Community over Code EU 2024: The countdown has started!,1,pending,,
topic-3ebaf3aaf9876159,ant,2024-05-27,[PR] IVY-1651 Augment 'Child elements’ section of 'File System Resolver' documentation [ant-ivy],4,pending,,
topic-4770d437de604ae7,ant,2024-06-10,JDK 23 Feature Freeze / New Loom EA builds,2,pending,,
topic-a329870759fa3aba,ant,2024-06-12,Ant jenkins jobs,2,body_reviewed_followup_pending,service_candidate,"Requester reports an earlier unanswered Infra request, then restored Jenkins build permission. Original request and receiver conduct require separate public corroboration."
topic-19dd4af610d95313,ant,2024-06-14,[External] : Re: JDK 23 Feature Freeze / New Loom EA builds,1,pending,,
topic-2096767aaa6c4862,ant,2024-06-16,[VOTE] EOL Apache Ant 1.9.x release series,8,body_reviewed_followup_pending,local_governance_candidate,Formal proposal to end the Ant 1.9.x release series; not a routine release-opening baseline entry. Retrospective 2020 vote remains context only.
topic-bb1e4429527f0127,ant,2024-06-19,[RESULT] EOL Apache Ant 1.9.x release series,2,body_reviewed_followup_pending,local_governance_candidate,Ant 1.9.x EOL approved; website update planned. Same EOL family; no observed foundation intervention in this result thread.
topic-2014a5e3c476044b,ant,2024-07-22,JDK 23 RDP2 | Removal of the legacy COMPAT locale provider and more heads-up!,2,pending,,
topic-b64bfaa347577e55,ant,2024-08-03,[PR] Destroy forcibly forked test using SIGKILL [ant],3,pending,,
topic-e2d514033678f75f,ant,2024-08-18,[VOTE] Release Apache Ant 1.10.15 based on RC1,4,pending,,
topic-33b05c75bcbfca54,ant,2024-08-21,[CANCELLED] Release Apache Ant 1.10.15 based on RC1,1,pending,,
topic-b287137d0f60809a,ant,2024-08-23,JDK 23 Release Candidates | Restrictive JAXP Configuration Heads-up,2,pending,,
topic-0de0d9c9d8fa5930,ant,2024-08-25,[VOTE] Release Apache Ant 1.10.15 based on RC2,5,pending,,
topic-395779ca6838dba3,ant,2024-08-25,Issues noticed in RC1 of 1.10.15 have been addressed (was: [VOTE] ...),1,pending,,
topic-05551c28c7f503b7,ant,2024-08-29,[ANNOUNCE] Apache Ant 1.10.15 released,1,pending,,
topic-b683718cf5bba55f,ant,2024-08-29,[RESULT] Release Apache Ant 1.10.15 based on RC2,1,pending,,
topic-cc8073842a5ec52b,ant,2024-08-29,[PR] Add checksum check to `TarEntry` [ant],12,pending,,
topic-a14b72110f031a7c,ant,2024-10-10,"[PR] BUG-ID : 59160 , fix extracting host for ipv6 address [ant]",3,pending,,
topic-242f63b5a2286b90,ant,2024-10-25,"OpenJDK Quality Outreach: JDK 23 is GA, JDK 24 EA builds",2,pending,,
topic-08fb6b821a097b98,ant,2024-11-08,[PR] Fix copy&paste error in signjar documentation [ant],2,pending,,
topic-d917f7ba5a2e5720,ant,2024-11-09,Ivy 2.5.2 incompatibility with JDK 21 due to Pack200 removal,3,pending,,
topic-01bcb5defa1482d7,ant,2024-11-12,[PR] Partial fix for IVY-1649 [ant-ivy],2,pending,,
topic-52285c315ef875dd,ant,2024-11-12,[PR] Fix for IVY-1649 and IVY-1650 [ant-ivy],1,pending,,
topic-a3744476787649e8,ant,2024-11-17,[PR] IVY-1651: improved documentation regarding patterns and retrieve task [ant-ivy],1,pending,,
topic-810a17a194ee2a5a,ant,2024-12-13,JDK 24 Feature Freeze | Permanently Disabling the Security Manager,1,pending,,
topic-9b3d71c01dbcf70c,ant,2024-12-15,[PR] Consider VM-configuration when determining if SecurityManager may be set [ant],7,pending,,
topic-0960738e39738416,ant,2024-12-20,[PR] Prepare 2.5.3 release [ant-ivy],1,pending,,
topic-7b94aebefff61a3f,ant,2024-12-21,[PR] Shuffle the test methods in the same class(for junit4) [ant],1,pending,,
topic-a1bdfa98df29126e,ant,2024-12-23,[VOTE] Ivy 2.5.3 Release,6,pending,,
topic-e2da244fc99c3d97,ant,2024-12-25,DOAP file (was Re: [VOTE] Ivy 2.5.3 Release),2,body_reviewed_followup_pending,release_followup,Ivy 2.5.3 DOAP syntax correction and reported fix; shared catalogue use does not establish a directed foundation commitment. Attach to release family review.
topic-8992a490886fc1d1,ant,2024-12-29,[RESULT] Ivy 2.5.3 Release,1,pending,,
topic-e74470ec31bf288f,ant,2025-01-02,[Announce] Release of Apache Ivy 2.5.3,1,pending,,
topic-5f9b82ec107f9539,ant,2025-01-14,[PR] Add classifier to extra info [ant-ivy],8,pending,,
topic-66ee0b84fd96fb61,ant,2025-02-11,JDK 24 Release Candidate | JavaOne and More Heads-Up,1,pending,,
topic-2a57fc189985693a,ant,2025-03-26,Ivy git push not seen on CI,5,body_reviewed_followup_pending,service_candidate,Ivy Gitbox lag prompted a local GitHub-remote workaround; April reply says Gitbox caught up. No identified foundation act or causal remedy in this thread.
topic-18636b4eb23c2465,ant,2025-04-07,OpenJDK Quality Outreach: Java 24 Is Now Available!,1,pending,,
topic-87870da9ff4237e8,ant,2025-05-29,Support for -cp launcher option,2,pending,,
topic-01c200a9a1acb10a,ant,2025-05-31,[PR] Bump commons-net from 3.8.0 to 3.9.0 in /src/etc/poms/ant-commons-net [ant],2,pending,,
topic-1275f5bd65fb232d,ant,2025-05-31,[PR] Improve JUnit report title handling [ant],5,pending,,
topic-34d342957dfdfec5,ant,2025-05-31,[PR] Upgrade Hamcrest to 3.0 [ant],6,pending,,
topic-586b870ae5e97158,ant,2025-05-31,[PR] improve filtering performance [ant],4,pending,,
topic-745a6ff3c94efa9e,ant,2025-05-31,[PR] Bump xercesImpl from 2.12.0 to 2.12.2 in /src/etc/poms/ant-junit [ant],2,pending,,
topic-b86e1c5bac0717c3,ant,2025-05-31,[PR] Fix PermissionUtils.FileType.of for sym links [ant],6,pending,,
topic-c4f7228d8c3ff85d,ant,2025-05-31,[PR] Bump xercesImpl from 2.12.0 to 2.12.2 in /src/etc/poms/ant [ant],2,pending,,
topic-d541747f7be4cb58,ant,2025-05-31,looks as if sync github -> gitbox wasn't working for Ant,1,body_reviewed_followup_pending,service_candidate,Ant repository sync failure is reported with a reference to earlier Ivy trouble. Different repository/deliverable; do not merge solely because symptom is shared.
topic-9cfff2d96ef901d4,ant,2025-06-03,[PR] Update the SPDX ID of license [ant],3,pending,,
topic-f415a9287f09c967,ant,2025-06-04,[PR] refactor array filtering [ant],3,pending,,
topic-2cf64d6717bd42ba,ant,2025-06-05,[PR] improve security of TLS handling in MimeMailers [ant],11,pending,,
topic-e3da8add945d321f,ant,2025-06-06,JDK 25 feature set is now frozen!,8,pending,,
topic-2a4add36a294cc93,ant,2025-06-08,[PR] differenciate between errors and failures for junitlauncher [ant],4,pending,,
topic-b5c4c1e4a426bd30,ant,2025-06-17,[PR] adding support for dependency management,3,pending,,
topic-474ca7689f10fa3d,ant,2025-06-19,Bugzilla now reqires an account,1,body_reviewed_followup_pending,service_candidate,"Project message reports Bugzilla login requirement due to abuse. Official effective rule, actor, and dated receiver behavior require corroboration; no credential access."
topic-fba105efb032b4ef,ant,2025-06-26,In less than four weeks Ant's first release will be 25 years old,2,pending,,
topic-5e1b873127ce9f84,ant,2025-06-28,[PR] Remove spurious indent for 'Inline mode' [ant-ivy],4,pending,,
topic-28550683d90e8521,ant,2025-07-03,[PR] Exit ant.bat with ERROR_ENVVAR_NOT_FOUND if ANT_HOME isn't/can't be set [ant],5,pending,,
topic-2992f9ffca67c154,ant,2025-07-03,[PR] Exit ant.bat with ERROR_FILE_NOT_FOUND if ANT_HOME isn't/can't be set [ant],1,pending,,
topic-d1e04d41257069ad,ant,2025-08-01,"[PR] IVY-1485, IVY-1661: collect dependency properties by conf [ant-ivy]",14,pending,,
topic-5b96e9194739e1bf,ant,2025-08-02,[PR] Use StreamSupport and spliterator to create a stream for ResourceCollection [ant],9,pending,,
topic-7712ee23a3f57dea,ant,2025-08-02,[PR] Update build.xml to allow current JVM [ant-antlibs-props],1,pending,,
topic-a113fdffd3913a7d,ant,2025-08-04,[PR] IVY-813: add typedef for nearest conflict manager [ant-ivy],2,pending,,
topic-36681d8b5364e259,ant,2025-08-05,[PR] Ivy main/standalone: Patch to include 'makepom' function  [ant-ivy],2,pending,,
topic-2bf06ca0f613742f,ant,2025-08-08,[PR] IVY-1659: fix for `NullPointerException` [ant-ivy],7,pending,,
topic-3918eac754c0ea36,ant,2025-08-12,JDK 25 Initial Release Candidate,2,pending,,
topic-29137bf709f5a618,ant,2025-08-14,[PR] IVY-1653: `makepom`: write overrides to Maven `dependencyManagement` section [ant-ivy],22,pending,,
topic-e5db8a858c388b8e,ant,2025-08-18,[PR] IVY-1662: collect updates by conf and check transitive on old dependency [ant-ivy],8,pending,,
topic-451b29895e8ed16a,ant,2025-08-31,[PR] IVY-1410: apply resolved revision to inherited dependency [ant-ivy],4,pending,,
topic-e46f9324ff9dfe03,ant,2025-09-06,testutils + GitHub action -> fail,3,body_reviewed_followup_pending,ordinary_support,RAT testutils failure differs between GitHub Linux and other environments. Technical troubleshooting thread does not document a foundation-project decision request; actual service cause remains unknown.
topic-606b6be3d30359f5,ant,2025-09-11,[PR] Java 8: use `assertThrows` instead of `ExpectedException` rule [ant-ivy],5,pending,,
topic-5d3a7aadefb9fa4d,ant,2025-09-23,Java 25 Released and New Leyden EA Builds,2,pending,,
topic-f4fe820b4eb9d780,ant,2025-10-09,[PR] Added a new DownloadProgress class to Get.java to display a progress bar. [ant],7,pending,,
topic-d669cdc2c08ef352,ant,2025-10-15,Get task progress bar,4,pending,,
topic-be9afc394c43b23d,ant,2025-11-11,SBOM for Ant,11,body_reviewed_followup_pending,policy_candidate,"Local SBOM proposal discusses tooling, maintenance cost, and CISA/CRA uncertainty. Foundation policy link and external-shock sources remain to be checked; no mandate or completed implementation inferred."
topic-f891b5d030af717f,ant,2025-12-01,(ant) branch master updated: bz-69485 Revert the foreach loop change that was done to FTP.java in 1c80d507f496dde98869890e671edf635bef8dec,4,pending,,
topic-ff4a3a6a82cdd636,ant,2025-12-08,"JDK 26 Feature Freeze, HTTP/3, and more Heads-Ups",2,pending,,
topic-a3b07a7ada745983,httpd,2023-01-01,Bug report for Apache httpd-2 [2023/01/01],1,pending,,
topic-d92ae2fede7bb7ec,httpd,2023-01-02,CVE-2022-22728: libapreq2: libapreq2 multipart form parse memory corruption,3,pending,,
topic-0b9544b80911a3af,httpd,2023-01-03,Intent to T&R early next week,1,pending,,
topic-43f0c14b3f93da7a,httpd,2023-01-04,A little help with a patch for mod_proxy and friends,1,pending,,
topic-426932aa82006093,httpd,2023-01-08,Bug report for Apache httpd-2 [2023/01/08],1,pending,,
topic-85a47e99e9a68fc1,httpd,2023-01-09,svn commit: r1906487 - /httpd/httpd/trunk/modules/dav/main/util.c,5,pending,,
topic-9415a114237fe5a0,httpd,2023-01-09,stable branch,7,pending,,
topic-e10c589870db4e6d,httpd,2023-01-09,svn commit: r1903677 - in /httpd/httpd/trunk: changes-entries/ docs/manual/mod/ modules/md/ test/modules/md/,2,pending,,
topic-e2f39d47fbba75c8,httpd,2023-01-09,svn commit: r1906494 - in /httpd/httpd/branches/2.4.x: ./ CHANGES STATUS docs/manual/expr.xml docs/manual/mod/mod_authn_core.xml modules/aaa/mod_authn_core.c,2,pending,,
topic-6fa09548e8ef531d,httpd,2023-01-10,[VOTE] Release httpd-2.4.55-rc1 as httpd-2.4.55,18,pending,,
topic-3e0de885d22ef74a,httpd,2023-01-12,svn commit: r1906618 - /httpd/httpd/branches/2.2.x/docs/manual/rewrite/intro.xml,6,pending,,
topic-4ec3ebf9078731dd,httpd,2023-01-15,Bug report for Apache httpd-2 [2023/01/15],1,pending,,
topic-abe9625c30ae0045,httpd,2023-01-17,[httpd-site] branch main updated: publishing release httpd-2.4.55,6,pending,,
topic-ca53aefe5b3a9020,httpd,2023-01-17,mod_wasm: Contributing Upstream to Apache,28,pending,,
topic-459b5fb2b64e2610,httpd,2023-01-18,sporadic 500 errors with 2.4.55,18,pending,,
topic-49187621fb3fe77a,httpd,2023-01-22,Bug report for Apache httpd-2 [2023/01/22],1,pending,,
topic-80515c261c377c21,httpd,2023-01-27,svn commit: r1907031 - /httpd/httpd/trunk/docs/manual/mod/mod_proxy.xml,2,pending,,
topic-f0643589d20ca5b4,httpd,2023-02-02,CPU affinity request,2,pending,,
topic-34886831ebcb259b,httpd,2023-02-05,Bug report for Apache httpd-2 [2023/02/05],1,pending,,
topic-17ca7e98b2766cea,httpd,2023-02-10,MS-WDV and other MS extensions,7,pending,,
topic-0ecb294d3ba4d586,httpd,2023-02-12,Bug report for Apache httpd-2 [2023/02/12],1,pending,,
topic-189f37eb238f2a5d,httpd,2023-02-14,svn commit: r1907608 - in /httpd/httpd/trunk: CMakeLists.txt modules/dav/main/NWGNUmakefile modules/dav/main/config5.m4 modules/dav/main/mod_dav.c modules/dav/main/mod_dav.dsp modules/dav/main/mod_dav.h modules/dav/main/ms_wdv.c modules/dav/main/util.c,4,pending,,
topic-223e675d6ae35fd5,httpd,2023-02-15,[VOTE] broader RTC exception for 2.4.x CI changes,5,pending,,
topic-a0b1542c47ae0d4a,httpd,2023-02-15,svn commit: r1907680 - /httpd/httpd/trunk/modules/dav/main/ms_wdv.c,1,pending,,
topic-ae010811981466e8,httpd,2023-02-15,"CI status update: Travis out, GitHub Actions in",3,pending,,
topic-cd925b7f207cab06,httpd,2023-02-16,*** SPAM *** [VOTE] broader RTC exception for 2.4.x CI changes,1,pending,,
topic-e65fd14cb395343d,httpd,2023-02-19,Bug report for Apache httpd-2 [2023/02/19],1,pending,,
topic-97a63726835169b3,httpd,2023-02-26,Bug report for Apache httpd-2 [2023/02/26],1,pending,,
topic-2b13237debe0a419,httpd,2023-03-01,[apache/httpd] Event wip (PR #294),2,pending,,
topic-c7fb6332a1b34d50,httpd,2023-03-01,Why is my merge_dir_config not called,3,pending,,
topic-547f3c8feeaf63c6,httpd,2023-03-02,svn commit: r1907984 - /httpd/httpd/trunk/modules/dav/fs/quota.c,2,pending,,
topic-62aef1dfd7f6f1c0,httpd,2023-03-02,svn commit: r1907974 - in /httpd/httpd/trunk: CMakeLists.txt modules/dav/fs/config6.m4 modules/dav/fs/mod_dav_fs.c modules/dav/fs/mod_dav_fs.dsp modules/dav/fs/repos.c modules/dav/fs/repos.h modules/dav/main/mod_dav.h,1,pending,,
topic-7cf99c49e49cb015,httpd,2023-03-02,svn commit: r1907980 - in /httpd/httpd/trunk: changes-entries/proxy_uwsgi_response_validation.txt modules/proxy/mod_proxy_uwsgi.c,3,pending,,
topic-9cb5e2bec6299f9a,httpd,2023-03-02,svn commit: r1907989 - /httpd/httpd/trunk/modules/dav/fs/quota.c,1,pending,,
topic-ffec26671fa16812,httpd,2023-03-02,intent to T&R this weekend,1,pending,,
topic-977cae5cee9be41b,httpd,2023-03-05,svn commit: r1907972 - in /httpd/httpd/trunk/modules: http2/mod_proxy_http2.c proxy/mod_proxy.c proxy/mod_proxy_ajp.c proxy/mod_proxy_balancer.c proxy/mod_proxy_fcgi.c proxy/mod_proxy_http.c proxy/mod_proxy_wstunnel.c,4,pending,,
topic-c18d38296fb2cd4c,httpd,2023-03-05,[VOTE] [VOTE] Release httpd-2.4.56-rc1 as httpd-2.4.56,31,pending,,
topic-cc513488c346975b,httpd,2023-03-05,Bug report for Apache httpd-2 [2023/03/05],1,pending,,
topic-6d45ce319ae2ea61,httpd,2023-03-06,svn commit: r1908060 - in /httpd/httpd/trunk/test/modules: http1/htdocs/cgi/ http2/ http2/htdocs/cgi/ md/ tls/ tls/htdocs/a.mod-tls.test/ tls/htdocs/b.mod-tls.test/,5,pending,,
topic-99b3283bd94947cf,httpd,2023-03-06,expose SSL_SHARED_CIPHERs from SSL/TLS,3,pending,,
topic-fe0d90b9351f666f,httpd,2023-03-06,svn commit: r1908116 - in /httpd/httpd/trunk: docs/log-message-tags/next-number modules/http2/mod_proxy_http2.c,3,pending,,
topic-a4ec3147053e5569,httpd,2023-03-07,fixed autolinks from cve process,1,pending,,
topic-b95adda988ce049a,httpd,2023-03-07,svn commit: r1908132 - in /httpd/httpd/trunk: CHANGES docs/manual/mod/mod_ssl.xml modules/ssl/ssl_engine_kernel.c modules/ssl/ssl_engine_vars.c,1,pending,,
topic-e9b23dfd785c009d,httpd,2023-03-07,svn commit: r1908179 - /httpd/dev-tools/release/README,1,pending,,
topic-052c96640041d6dc,httpd,2023-03-08,Current pytest failures,9,pending,,
topic-39874e7b96c60747,httpd,2023-03-09,mod_log_json,1,pending,,
topic-983c5a90337fd050,httpd,2023-03-12,Bug report for Apache httpd-2 [2023/03/12],1,pending,,
topic-25ea338dbded5779,httpd,2023-03-13,svn commit: r1908300 - in /httpd/test/framework/trunk/t: conf/extra.conf.in modules/rewrite.t,2,pending,,
topic-a4395fc591655261,httpd,2023-03-13,svn commit: r1908349 - in /httpd/test/framework/trunk/t: conf/extra.conf.in modules/rewrite.t,12,pending,,
topic-c62fa51d246bec27,httpd,2023-03-13,svn commit: r1908301 - in /httpd/httpd/trunk: changes-entries/rewrite-bctls docs/manual/rewrite/flags.xml modules/mappers/mod_rewrite.c,5,pending,,
topic-44d177e7099687fd,httpd,2023-03-14,svn commit: r1908358 - in /httpd/test/framework/trunk/t: conf/extra.conf.in modules/rewrite.t,5,pending,,
topic-5c2f0671674012ce,httpd,2023-03-14,svn commit: r1908380 - in /httpd/httpd/trunk: changes-entries/errorlogformat.txt include/util_time.h server/log.c server/util_time.c,6,pending,,
topic-c4ec571b732d93bf,httpd,2023-03-14,svn commit: r1908388 - in /httpd/httpd/trunk/server: core.c log.c,2,pending,,
topic-a94068ab9dcee89b,httpd,2023-03-15,svn commit: r1908359 - /httpd/httpd/trunk/modules/mappers/mod_rewrite.c,2,pending,,
topic-f31e11fbb0684336,httpd,2023-03-15,"Question about 2.4.56 ""client resets of HTTP/2 streams led to unwanted 500 errors"" fix",6,pending,,
topic-b59afb7a8993c427,httpd,2023-03-19,mod_watchdog.c looping for mutex?,3,pending,,
topic-ea1d659cd40efc8a,httpd,2023-03-19,Bug report for Apache httpd-2 [2023/03/19],1,pending,,
topic-2ee427becc5e1047,httpd,2023-03-20,svn commit: r1908537 - /httpd/httpd/trunk/modules/ssl/,20,pending,,
topic-ff4e96d71b06cfa6,httpd,2023-03-22,Logging Behaviour under server,2,pending,,
topic-5d3bcdd82f52d384,httpd,2023-03-24,[PATCH 1/3] mod_log_config: add creating tag to log_format_item,1,pending,,
topic-722e140cf7a3e31e,httpd,2023-03-24,[PATCH 2/3] mod_log_config: Forward log_format_items to the log_writer,1,pending,,
topic-76870fb2fc41b4c6,httpd,2023-03-24,[PATCH 3/3] mod_log_config: Add JSON logger,1,pending,,
topic-a97976de56043b27,httpd,2023-03-24,[RFC] JSON logging support for httpd 2.4.x,5,pending,,
topic-ce52adb2f51c0e03,httpd,2023-03-26,Bug report for Apache httpd-2 [2023/03/26],2,pending,,
topic-10439fc2df537517,httpd,2023-03-28,svn commit: r1908684 - in /httpd/httpd/trunk: docs/log-message-tags/next-number modules/cache/mod_cache_disk.c,2,pending,,
topic-f2454387006fc3de,httpd,2023-03-29,A Message from the Board to PMC members,1,pending,,
topic-9598963eb5b0df6b,httpd,2023-03-30,I plan to RM some time this weekend,3,pending,,
topic-e29aebd037214f7b,httpd,2023-03-30,svn commit: r1908805 - /httpd/httpd/trunk/modules/ssl/ssl_engine_kernel.c,4,pending,,
topic-225bb0659b2e16cc,httpd,2023-03-31,svn commit: r1908827 - in /httpd/httpd/trunk/modules: http2/mod_proxy_http2.c proxy/mod_proxy_ajp.c proxy/mod_proxy_balancer.c proxy/mod_proxy_fcgi.c proxy/mod_proxy_http.c proxy/mod_proxy_uwsgi.c proxy/mod_proxy_wstunnel.c,6,pending,,
topic-3679b61c921c73d4,httpd,2023-03-31,svn commit: r1908835 - /httpd/httpd/trunk/.github/workflows/linux.yml,4,pending,,
topic-985cc2688d87c4a7,httpd,2023-04-02,Bug report for Apache httpd-2 [2023/04/02],1,pending,,
topic-eea346253c139df2,httpd,2023-04-02,[VOTE] Release httpd-2.4.57-rc1 as httpd-2.4.57,17,pending,,
topic-3ff608b5e33eb8d9,httpd,2023-04-05,svn commit: r1908971 - in /httpd/httpd/trunk: docs/log-message-tags/next-number modules/ssl/ssl_engine_kernel.c,1,pending,,
topic-c5213922fc8c9d68,httpd,2023-04-05,svn commit: r1908972 - /httpd/httpd/trunk/modules/generators/mod_cgid.c,2,pending,,
topic-7ba72520c3599516,httpd,2023-04-09,Bug report for Apache httpd-2 [2023/04/09],1,pending,,
topic-0fb9f1a6c4674f14,httpd,2023-04-12,ci vs PR approvals? (was: [apache/httpd] Fix a possible NULL pointer dereference in hook_uri2file (PR #355)),18,pending,,
topic-55fe620c63cdb2a2,httpd,2023-04-12,svn commit: r1909073 - in /httpd/httpd/trunk/docs/manual: mod/mod_rewrite.xml rewrite/flags.xml,2,pending,,
topic-7e25317543ae4c9e,httpd,2023-04-13,mod_dav and PATH_INFO - MKCOL silently creates the parent directory,3,pending,,
topic-312f8e60e884c752,httpd,2023-04-14,graceful stop of child process in a module,4,pending,,
topic-9e364a19815b0c0b,httpd,2023-04-14,svn commit: r1909137 - in /httpd/httpd/trunk: CHANGES modules/mappers/mod_alias.c,6,pending,,
topic-aabc10874bf398e3,httpd,2023-04-16,Bug report for Apache httpd-2 [2023/04/16],1,pending,,
topic-c7a34f95c1a91285,httpd,2023-04-18,POC: updated ldapi:// support for mod_ldap,3,pending,,
topic-ed6c81805280c266,httpd,2023-04-19,svn commit: r1909135 - in /httpd/httpd/trunk: CHANGES include/ap_mmn.h server/core.c,3,pending,,
topic-23746c27d9a779bd,httpd,2023-04-23,Bug report for Apache httpd-2 [2023/04/23],1,pending,,
topic-15027f5280556e6a,httpd,2023-04-24,build trunk in windows,9,pending,,
topic-1470cf4669a074ba,httpd,2023-04-25,[Patch] mod_auth_bearer / mod_autht_jwt: An alternative to AJP,1,pending,,
topic-de27ffd43b4da733,httpd,2023-04-27,pytest in trunk,2,pending,,
topic-a5878fa4db1bd929,httpd,2023-04-30,Bug report for Apache httpd-2 [2023/04/30],1,pending,,
topic-f6959076cb8a8475,httpd,2023-05-02,httpd on Windows crashes when ErrorLog path in httpd.conf is invalid,2,pending,,
topic-0c477cbc04a6a1ab,httpd,2023-05-03,ci jobs,2,pending,,
topic-414641185443fd0b,httpd,2023-05-04,svn commit: r1909606 - /httpd/httpd/trunk/modules/generators/mod_status.c,1,pending,,
topic-50789fd1e5b49f1e,httpd,2023-05-04,[VOTE] Switch read/write repository from Subversion to Git,35,pending,,
topic-dc39fef533380efd,httpd,2023-05-05,svn commit: r1909411 - in /httpd/httpd/trunk: ./ docs/manual/mod/ modules/aaa/,2,pending,,
topic-ea508877a8c2d59b,httpd,2023-05-05,svn commit: r1909409 - in /httpd/httpd/trunk: CHANGES docs/manual/developer/new_api_2_6.xml include/ap_mmn.h include/http_request.h include/mod_auth.h server/request.c,2,pending,,
topic-f3f46480d28a1155,httpd,2023-05-07,Bug report for Apache httpd-2 [2023/05/07],1,pending,,
topic-7dce52ed90e3da1e,httpd,2023-05-08,ProxyPass / balancer://qacluster/ vs ProxyPass / balancer://qacluster,1,pending,,
topic-97ecdd627bdd141c,httpd,2023-05-08,what does svn/github integration mean? (was:: [VOTE] Switch read/write repository...),1,pending,,
topic-132db61960ec948e,httpd,2023-05-09,[apache/httpd] don't forward invalid query strings (d78a166),13,pending,,
topic-82ecaee1cf13132c,httpd,2023-05-09,"Call for Presentations, Community Over Code 2023",1,pending,,
topic-8c4c8e71cf28b80c,httpd,2023-05-09,CommunityOverCode Asia 2023 is calling for Presentations!,1,pending,,
topic-d8c8909047be722e,httpd,2023-05-11,[VOTE CLOSED] Switch read/write repository from Subversion to Git,12,pending,,
topic-dcca7ea6fee397e8,httpd,2023-05-12,http2 proxy_fcgi interop issue,1,pending,,
topic-fa4f9465ba957e1b,httpd,2023-05-12,PR 66499,5,pending,,
topic-38897e434a491182,httpd,2023-05-14,Bug report for Apache httpd-2 [2023/05/14],1,pending,,
topic-1a676ff39df0ae7b,httpd,2023-05-18,Apache2 chroot problem: towards a solution,5,pending,,
topic-ec4f8a9e62ebd58b,httpd,2023-05-21,svn commit: r1892450 - /httpd/httpd/trunk/server/core_filters.c,4,pending,,
topic-f93cc11b2d6ee97f,httpd,2023-05-21,Bug report for Apache httpd-2 [2023/05/21],1,pending,,
topic-e3ef7188f4163cf1,httpd,2023-05-24,mod_wasm: A way for creating Apache HTTPD modules securely and in many languages,3,pending,,
topic-18891e34f91a687c,httpd,2023-05-28,Bug report for Apache httpd-2 [2023/05/28],1,pending,,
topic-1f0ebbf9a52b3687,httpd,2023-05-30,mod_wasm: v0.12.0 release,1,pending,,
topic-4cb4da6f76e40850,httpd,2023-06-01,svn commit: r1910161 - in /httpd/httpd/trunk: changes-entries/ include/ modules/http/ test/modules/http2/,3,pending,,
topic-2fda4b7c6cd787be,httpd,2023-06-04,Bug report for Apache httpd-2 [2023/06/04],1,pending,,
topic-883b15b054205017,httpd,2023-06-05,"Call for Presentations, Community Over Code Asia 2023",1,pending,,
topic-5dd147eecf4e702c,httpd,2023-06-07,svn commit: r1910267 - in /httpd/httpd/trunk: docs/log-message-tags/next-number modules/filters/mod_ext_filter.c,5,pending,,
topic-c1f6b1c91f610194,httpd,2023-06-09,svn commit: r1910327 - /httpd/httpd/branches/2.4.x/STATUS,2,pending,,
topic-fe8817b44056b62b,httpd,2023-06-11,Bug report for Apache httpd-2 [2023/06/11],1,pending,,
topic-fcd8abac977f780e,httpd,2023-06-15,"HTTP/2 WebSockets, PR",2,pending,,
topic-1c5e6ff293688be8,httpd,2023-06-16,svn commit: r1910449 - /httpd/httpd/branches/2.4.x/STATUS,2,pending,,
topic-b70dcc59d79e6d24,httpd,2023-06-16,TAC Applications for Community Over Code North America and Asia now open,1,pending,,
topic-0e2c309955db2c50,httpd,2023-06-18,Bug report for Apache httpd-2 [2023/06/18],1,pending,,
topic-49971808415a5b19,httpd,2023-06-25,Bug report for Apache httpd-2 [2023/06/25],1,pending,,
topic-109b8f075b797b02,httpd,2023-06-28,Final Reminder: Community Over Code call for presentations closing soon,1,pending,,
topic-22a70c8bae07d792,httpd,2023-06-28,svn commit: r1910650 - /httpd/httpd/trunk/modules/mappers/mod_rewrite.c,2,pending,,
topic-b8e2a6a0274cfbfe,httpd,2023-06-28,svn commit: r1910649 - in /httpd/httpd/trunk/test: clients/h2ws.c modules/http2/test_800_websockets.py modules/http2/ws_server.py,2,pending,,
topic-bb155d5c24f53990,httpd,2023-06-28,svn commit: r1910662 - /httpd/httpd/trunk/modules/mappers/mod_rewrite.c,3,pending,,
topic-5eea3632b4b7acb8,httpd,2023-06-29,http2 backports need one vote,2,pending,,
topic-fa47466a5efdff48,httpd,2023-06-29,svn commit: r1909401 - /httpd/httpd/trunk/modules/proxy/proxy_util.c,5,pending,,
topic-b843231b606f15ec,httpd,2023-06-30,svn commit: r1910704 - /httpd/httpd/trunk/modules/proxy/proxy_util.c,9,pending,,
topic-cf53cd3b80ce3a33,httpd,2023-07-02,Bug report for Apache httpd-2 [2023/07/02],1,pending,,
topic-412b65cfeef9995b,httpd,2023-07-04,libapreq 2.17 POST upload with empty filename parameter,3,pending,,
topic-18a773ae5b2e9bbd,httpd,2023-07-06,svn commit: r1910820 - in /httpd/httpd/branches/2.4.x: ./ changes-entries/pr60182.txt modules/ssl/ssl_util_stapling.c,2,pending,,
topic-76a87dcae6cc0566,httpd,2023-07-06,tomcat and httpd track before July 13th! Final Reminder: Community Over Code call for presentations closing soon,1,pending,,
topic-3abc30249888279f,httpd,2023-07-07,svn commit: r1910828 - /httpd/httpd/branches/2.4.x/docs/manual/mod/mod_http2.xml,1,pending,,
topic-cd0eefcc1719df26,httpd,2023-07-09,Bug report for Apache httpd-2 [2023/07/09],1,pending,,
topic-37ed262262a30944,httpd,2023-07-10,svn commit: r1910861 - /httpd/httpd/trunk/support/ab.c,4,pending,,
topic-a817eb754be70b55,httpd,2023-07-10,svn commit: r1910846 - /httpd/httpd/trunk/server/util_filter.c,1,pending,,
topic-117961ce3d3d9e5d,httpd,2023-07-16,Bug report for Apache httpd-2 [2023/07/16],1,pending,,
topic-cd51ba546904b729,httpd,2023-07-23,Bug report for Apache httpd-2 [2023/07/23],1,pending,,
topic-9971a3d428d06ea4,httpd,2023-07-30,Bug report for Apache httpd-2 [2023/07/30],1,pending,,
topic-5d936edf2227d845,httpd,2023-08-02,new HTTPProtocolOption for C-L+chunked?,6,pending,,
topic-5c8459101e99486f,httpd,2023-08-06,Bug report for Apache httpd-2 [2023/08/06],1,pending,,
topic-27a38c355ed7b75a,httpd,2023-08-13,Bug report for Apache httpd-2 [2023/08/13],1,pending,,
topic-3439e3cc568a35c1,httpd,2023-08-14,drumming the backport drums,1,pending,,
topic-8c4c95d3c9b3d13b,httpd,2023-08-17,release?,3,pending,,
topic-aa818c36fae5bf0b,httpd,2023-08-17,Mailing list threading improvements,1,pending,,
topic-ce51830eba42de60,httpd,2023-08-20,Bug report for Apache httpd-2 [2023/08/20],1,pending,,
topic-37dd9a07e55a9f57,httpd,2023-08-22,svn commit: r1911068 - /httpd/httpd/patches/2.4.x/alias-preserve-path.diff,1,pending,,
topic-d4a599731d338bd7,httpd,2023-08-22,2.4.x fails to compile,4,pending,,
topic-cf717032a3cbb4f5,httpd,2023-08-23,Can't find definition of ap_run_child_stopping,3,pending,,
topic-45c7a3e740f5f724,httpd,2023-08-25,svn commit: r1911908 - /httpd/httpd/branches/2.4.x/STATUS,2,pending,,
topic-c89a9690807f6e27,httpd,2023-08-27,Time for a new libapreq2 release?,7,pending,,
topic-d0d1c0188b9b034d,httpd,2023-08-27,Bug report for Apache httpd-2 [2023/08/27],1,pending,,
topic-40e4148ddc2c23d9,httpd,2023-08-30,"mod_ssl SSL_OP_IGNORE_UNEXPECTED_EOF: ""unexpected eof while reading""",9,pending,,
topic-444b8de95831d045,httpd,2023-08-30,"balancers bybusyness, bytraffic and byrequest thread/process safe issues",12,pending,,
topic-45d5f2718caf1274,httpd,2023-09-03,Bug report for Apache httpd-2 [2023/09/03],1,pending,,
topic-71300b206589996b,httpd,2023-09-08,svn commit: r1912181 - /httpd/httpd/branches/2.4.x/STATUS,2,pending,,
topic-ee8ba8627e74175b,httpd,2023-09-10,Bug report for Apache httpd-2 [2023/09/10],1,pending,,
topic-7ddb1e3d15c21697,httpd,2023-09-13,pytest: 3 minutes gap or long single test runtime,3,pending,,
topic-3cf9fc8e1e5ab07e,httpd,2023-09-17,Bug report for Apache httpd-2 [2023/09/17],1,pending,,
topic-c07257e3391af5ac,httpd,2023-09-24,Bug report for Apache httpd-2 [2023/09/24],1,pending,,
topic-2af108bcbe25ac32,httpd,2023-09-30,Please support/enable https by default in the Apache web sever.,15,pending,,
topic-af445058af72602f,httpd,2023-09-30,svn commit: r1912459 - in /httpd/httpd/trunk: include/ modules/proxy/,4,pending,,
topic-2cd9e31b1f48bfae,httpd,2023-10-01,Bug report for Apache httpd-2 [2023/10/01],1,pending,,
topic-0f0170b057b369fc,httpd,2023-10-08,Bug report for Apache httpd-2 [2023/10/08],1,pending,,
topic-6056ad2387ba43fd,httpd,2023-10-09,[PATCH] mod_deflate: remove filter after seeing EOS,14,pending,,
topic-b09d77bb3ded68c8,httpd,2023-10-12,[PR] Document non-impact of CVE-2023-44487 [httpd-site],16,pending,,
topic-a0145d1551aaa2fd,httpd,2023-10-14,upcoming 2.4.58,1,pending,,
topic-c1b718eb78791637,httpd,2023-10-15,Bug report for Apache httpd-2 [2023/10/15],1,pending,,
topic-288c54e4c99d199e,httpd,2023-10-16,windows block,2,pending,,
topic-3e3c9c337da31631,httpd,2023-10-16,svn commit: r1913019 - in /httpd/httpd/trunk/modules/http2: h2_session.c h2_ws.c,6,pending,,
topic-48ab356a5baa347c,httpd,2023-10-16,[VOTE] Release httpd-2.4.58-rc1 as httpd-2.4.58,4,pending,,
topic-72d60f29251b0e84,httpd,2023-10-16,svn commit: r1913006 - in /httpd/httpd/branches/2.4.x: ./modules/http2/h2.h,4,pending,,
topic-7efe2adea318d7e7,httpd,2023-10-16,svn commit: r1913006 - in /httpd/httpd/branches/2.4.x:./modules/http2/h2.h,2,pending,,
topic-8914293d94867626,httpd,2023-10-16,[PATCH] fix mod_h2 with older nghttp2,6,pending,,
topic-8d1508658aa3b0fe,httpd,2023-10-16,svn commit: r1913010 - in /httpd/httpd/branches/2.4.x: ./ CHANGES STATUS,1,pending,,
topic-9182d49815897e56,httpd,2023-10-16,Httpd PR to edit balancer member HC timeout,1,pending,,
topic-a222facb8dc49ca9,httpd,2023-10-16,[VOTE] Release httpd-2.4.58-rc2 as httpd-2.4.58,3,pending,,
topic-b0f29356f092fd5d,httpd,2023-10-16,[VOTE] Release httpd-2.4.58-rc3 as httpd-2.4.58,24,pending,,
topic-dcb7a137659701f9,httpd,2023-10-16,svn commit: r1913006 - in /httpd/httpd/branches/2.4.x: ./ modules/http2/h2.h,3,pending,,
topic-fe955f211e82361d,httpd,2023-10-16,svn commit: r1913028 - /httpd/httpd/tags/2.4.58-rc2-candidate/,4,pending,,
topic-763b94fd33f1d3eb,httpd,2023-10-19,my blog about h2 rapid reset and httpd,1,pending,,
topic-9219046b3a3d0c69,httpd,2023-10-19,OpenSSL 3.0 deprecations,1,pending,,
topic-1cac9c1d7197cbf3,httpd,2023-10-22,Bug report for Apache httpd-2 [2023/10/22],1,pending,,
topic-0e2b606e11804fc3,httpd,2023-10-29,Bug report for Apache httpd-2 [2023/10/29],1,pending,,
topic-4c06e9c6c68b6abc,httpd,2023-10-30,[PR] Show version range start [httpd-site],4,pending,,
topic-d44df649c7e8a1a5,httpd,2023-10-30,Call for Presentations now open: Community over Code EU 2024,1,pending,,
topic-d7bad10c17d8ec24,httpd,2023-11-05,Bug report for Apache httpd-2 [2023/11/05],1,pending,,
topic-4f199c2923321696,httpd,2023-11-12,"using string from apr_pstrdup results in httpd segfault, error 4 in libc.so.6 - I was doing something wrong... (solved, sharing for others)",1,pending,,
topic-95ba83f024b44fc5,httpd,2023-11-12,Bug report for Apache httpd-2 [2023/11/12],1,pending,,
topic-60d80f6d89cad865,httpd,2023-11-16,svn commit: r1874101 - in /httpd/httpd/trunk/modules/ssl: ssl_engine_init.c ssl_private.h,2,pending,,
topic-6ec3c6b52e26b8c8,httpd,2023-11-18,svn commit: r1589993 - in /httpd/httpd/trunk: CHANGES docs/manual/expr.xml docs/manual/mod/mod_authnz_ldap.xml modules/aaa/mod_authnz_ldap.c,3,pending,,
topic-7db3d2222a3c640f,httpd,2023-11-18,svn commit: r1591012 - in /httpd/httpd/trunk: CHANGES docs/log-message-tags/next-number modules/aaa/mod_authnz_ldap.c,3,pending,,
topic-f76c20e053d7087f,httpd,2023-11-18,svn commit: r1913936 - /httpd/httpd/branches/2.4.x/STATUS,3,pending,,
topic-d89e9043f32e5fe6,httpd,2023-11-19,Bug report for Apache httpd-2 [2023/11/19],1,pending,,
topic-3115a6c584611843,httpd,2023-11-20,svn commit: r1913962 - /httpd/httpd/trunk/modules/aaa/mod_authnz_ldap.c,7,pending,,
topic-57e468386247ea95,httpd,2023-11-20,svn commit: r1913977 - /httpd/httpd/trunk/modules/aaa/mod_authnz_ldap.c,20,pending,,
topic-2b026e01e2e779cf,httpd,2023-11-23,svn commit: r1912245 - in /httpd/httpd/trunk/modules/proxy: balancers/mod_lbmethod_bybusyness.c mod_proxy_balancer.c proxy_util.c proxy_util.h,11,pending,,
topic-4e22358ce8bb42ca,httpd,2023-11-23,mod_dav_fs locking / Re: apr_dbm and concurrency,3,pending,,
topic-fa11323e05ffac51,httpd,2023-11-23,svn commit: r1914067 - in /httpd/httpd/trunk: changes-entries/ldap-optimise.txt modules/aaa/mod_authnz_ldap.c,8,pending,,
topic-94135991a456514d,httpd,2023-11-26,Bug report for Apache httpd-2 [2023/11/26],1,pending,,
topic-3e3070777bfca2a9,httpd,2023-11-27,mod_ssl: Add support for loading keys from OpenSSL 3.x providers via STORE,5,pending,,
topic-786aadabf0cfa95c,httpd,2023-12-03,Bug report for Apache httpd-2 [2023/12/03],1,pending,,
topic-6a68fd29191d437b,httpd,2023-12-06,svn commit: r1914365 - in /httpd/httpd/trunk: changes-entries/ssl-providers.txt docs/log-message-tags/next-number docs/manual/mod/mod_ssl.xml modules/ssl/ssl_engine_init.c modules/ssl/ssl_engine_pphrase.c modules/ssl/ssl_private.h modules/ssl/ssl_util.c,5,pending,,
topic-b61781ea592cdae0,httpd,2023-12-10,Bug report for Apache httpd-2 [2023/12/10],1,pending,,
topic-29fcc037f1998029,httpd,2023-12-14,age in proxy_balancer_method,7,pending,,
topic-325e3fdef2492284,httpd,2023-12-17,Bug report for Apache httpd-2 [2023/12/17],1,pending,,
topic-4aedbae4ddb42fb3,httpd,2023-12-19,svn commit: r1914045 - in /httpd/httpd/trunk: changes-entries/ab-source-address.txt docs/man/ab.1 support/ab.c,2,pending,,
topic-3e859b74317aebdc,httpd,2023-12-20,svn commit: r1914804 - in /httpd/httpd/trunk: changes-entries/flushing-chunks.txt modules/http/chunk_filter.c,4,pending,,
topic-5548e2640c2366ce,httpd,2023-12-22,Meet our keynote speakers and register to Community Over Code EU!,1,pending,,
topic-b96b3186bfcbba9e,httpd,2023-12-24,Bug report for Apache httpd-2 [2023/12/24],1,pending,,
topic-49f73dd493933127,httpd,2023-12-25,Module file access problem,2,pending,,
topic-988e99a0737526ac,httpd,2023-12-31,Bug report for Apache httpd-2 [2023/12/31],1,pending,,
topic-0f4c37cc5e0c91e8,httpd,2024-01-05,svn commit: r1689922 - in /httpd/httpd/branches/2.4.x: ./ CHANGES STATUS modules/filters/mod_reqtimeout.c,2,pending,,
topic-18b0456733b5123d,httpd,2024-01-05,"process_regexp bug, infinite recursion",8,pending,,
topic-bae234c0a5817e4a,httpd,2024-01-07,Bug report for Apache httpd-2 [2024/01/07],1,pending,,
topic-31e43f608a556f0a,httpd,2024-01-12,New type of spam bugzilla entries,3,pending,,
topic-6e39fc110bbebede,httpd,2024-01-14,Bug report for Apache httpd-2 [2024/01/14],1,pending,,
topic-7d293393626f2a2e,httpd,2024-01-21,Bug report for Apache httpd-2 [2024/01/21],1,pending,,
topic-a0a2cbf456e322db,httpd,2024-01-24,PR #363,14,pending,,
topic-12d3784bbb508cee,httpd,2024-01-25,svn commit: r1915387 - /httpd/httpd/trunk/README,1,pending,,
topic-4ebfba88dee636a4,httpd,2024-01-26,svn commit: r1915411 - /httpd/httpd/trunk/CMakeLists.txt,3,pending,,
topic-f6c2ca66c01783cc,httpd,2024-01-28,Bug report for Apache httpd-2 [2024/01/28],1,pending,,
topic-454666ee92f70616,httpd,2024-02-02,svn commit: r1915516 - in /httpd/httpd/branches/2.4.x: ./ CHANGES configure.in docs/man/htpasswd.1 support/htpasswd.c support/passwd_common.c support/passwd_common.h,2,pending,,
topic-ca8d9285c8907ab2,httpd,2024-02-02,svn commit: r1915534 - in /httpd/httpd/branches/2.4.x: ./ modules/cache/mod_socache_shmcb.c modules/proxy/balancers/mod_lbmethod_heartbeat.c os/unix/unixd.c server/buildmark.c server/scoreboard.c server/util.c server/util_expr_parse.c,2,pending,,
topic-04fb1c37d1707ed0,httpd,2024-02-03,,4,pending,,
topic-ae797a56e6f4cf9d,httpd,2024-02-03,Community over Code EU 2024 Travel Assistance Applications now open!,1,pending,,
topic-5622705111f8f49e,httpd,2024-02-04,Bug report for Apache httpd-2 [2024/02/04],1,pending,,
topic-6d4f859fb63ea4fc,httpd,2024-02-09,reset in proxy_balancer_method,7,pending,,
topic-5c2d9e795c6be713,httpd,2024-02-11,Bug report for Apache httpd-2 [2024/02/11],1,pending,,
topic-271ecbc9e1b57823,httpd,2024-02-14,svn commit: r1915782 - in /httpd/httpd/branches/2.4.x: ./ build/PrintPath build/find_apr.m4 build/find_apu.m4 changes-entries/mod_slotmem_shm.txt modules/slotmem/mod_slotmem_shm.c,1,pending,,
topic-c491723346a5a426,httpd,2024-02-14,using changes-entries or write in CHANGES directly,5,pending,,
topic-fed4073f0988554f,httpd,2024-02-14,release apreq 2.18 and mothball the project,21,pending,,
topic-274432148bb55174,httpd,2024-02-16,svn commit: r1915740 - in /httpd/httpd/branches/2.4.x: ./ changes-entries/pr61574.txt modules/ssl/ssl_engine_init.c,2,pending,,
topic-bce1059b92d129c0,httpd,2024-02-16,libapreq subproject roll call,8,pending,,
topic-2ae2bf59f07e38ac,httpd,2024-02-18,Bug report for Apache httpd-2 [2024/02/18],1,pending,,
topic-83cb7fe5e4d72a13,httpd,2024-02-19,svn commit: r1913815 - in /httpd/httpd/trunk: changes-entries/pr68080.txt modules/ssl/mod_ssl.c modules/ssl/ssl_engine_config.c modules/ssl/ssl_private.h,3,pending,,
topic-4a8c2965677fbc3b,httpd,2024-02-20,Community Over Code Asia 2024 Travel Assistance Applications now open!,1,pending,,
topic-0f873dfc8ae6fef7,httpd,2024-02-25,Bug report for Apache httpd-2 [2024/02/25],1,pending,,
topic-493797fdc3920ed1,httpd,2024-02-29,Instrumenting HTTPD,1,pending,,
topic-5ef7b0aa44b4f883,httpd,2024-02-29,svn commit: r1915947 - /httpd/httpd/branches/2.4.x/STATUS,3,pending,,
topic-062d9882c005415c,httpd,2024-03-01,svn commit: r1916068 - in /httpd/httpd/trunk: .github/workflows/linux.yml test/travis_before_linux.sh,8,pending,,
topic-8af5ac051d966f30,httpd,2024-03-03,Bug report for Apache httpd-2 [2024/03/03],1,pending,,
topic-b5c53221e0e39757,httpd,2024-03-10,Bug report for Apache httpd-2 [2024/03/10],1,pending,,
topic-cdf846ea3cc2e343,httpd,2024-03-11,svn commit: r1916241 - /httpd/httpd/trunk/server/mpm/event/event.c,2,pending,,
topic-047d3f3c2b8660de,httpd,2024-03-12,svn commit: r1916243 - /httpd/httpd/trunk/server/mpm/event/event.c,11,pending,,
topic-54f1eaa972c3f480,httpd,2024-03-17,Bug report for Apache httpd-2 [2024/03/17],1,pending,,
topic-c72f7b3932bc0673,httpd,2024-03-24,Bug report for Apache httpd-2 [2024/03/24],1,pending,,
topic-60aef9ccd18baa1e,httpd,2024-03-27,Community Over Code NA 2024 Travel Assistance Applications now open!,1,pending,,
topic-7304d09490dd1730,httpd,2024-03-30,CommunityOverCode Asia 2024 is calling for Presentations!,1,pending,,
topic-b1e5ef99a9c244d0,httpd,2024-03-31,Bug report for Apache httpd-2 [2024/03/31],1,pending,,
topic-c9db0787e1939cf1,httpd,2024-04-01,FYI preparing a release mid-week,1,pending,,
topic-33aec2f8dc80c2cb,httpd,2024-04-02,Failing test t/apache/pr64339.t,4,pending,,
topic-8d0bca8f920d6cc6,httpd,2024-04-02,mod_systemd: refactor to get rid of libsystemd dependency?,5,pending,,
topic-17df37447c95e3bb,httpd,2024-04-03,Community over Code EU 2024: Start planning your trip!,1,pending,,
topic-a169adee907ea1bf,httpd,2024-04-03,[VOTE] Release httpd-2.4.59-rc1 as httpd-2.4.59,24,pending,,
topic-ae3e13d53dfbd7d5,httpd,2024-04-03,Participate in the ASF 25th Anniversary Campaign,1,pending,,
topic-6c4ae21393120101,httpd,2024-04-04,pytest results for 2.4.59,14,pending,,
topic-c92d88d618a3c83a,httpd,2024-04-04,[ANNOUNCEMENT] Apache HTTP Server 2.4.59 Released,3,pending,,
topic-8abd64df5a0c54dd,httpd,2024-04-05,svn commit: r1916809 - in /httpd/httpd/branches/2.4.x: ./ test/modules/http2/test_800_websockets.py,2,pending,,
topic-55d9cc8eca91289e,httpd,2024-04-07,Bug report for Apache httpd-2 [2024/04/07],1,pending,,
topic-f5c9101b1d980ea8,httpd,2024-04-07,Problem with pypest and pebble 2.5.1,3,pending,,
topic-3e9a86837b7df8d8,httpd,2024-04-08,[Bug 68872] New: xmlhttprequest.onprogress behavior changed after updated to 2.4.59,2,pending,,
topic-cff61d933aeff1d5,httpd,2024-04-09,pytest test/modules/md/test_310_conf_store.py,3,pending,,
topic-62f20448f91cd1ec,httpd,2024-04-12,svn commit: r1916926 - in /httpd/httpd/trunk: changes-entries/worker_exit.txt server/mpm/worker/worker.c,1,pending,,
topic-b08d5f8c63915f59,httpd,2024-04-12,svn commit: r1916925 - /httpd/httpd/trunk/server/mpm/event/event.c,2,pending,,
topic-089e25a49e336373,httpd,2024-04-14,Bug report for Apache httpd-2 [2024/04/14],1,pending,,
topic-439ada41e3ae54cd,httpd,2024-04-16,mod_cgi/cgid unification for 2.4.x,1,pending,,
topic-d5394821a305b827,httpd,2024-04-16,mod_tls in 2.4.x - remove?,2,pending,,
topic-f09df06909990223,httpd,2024-04-16,Json formatter support for httpd trunk,1,pending,,
topic-d7106651ff3bacaa,httpd,2024-04-18,[WIP] mod_authnz_ldap / mod_ldap support for APR v2 LDAP API,8,pending,,
topic-20c7171c6727ae90,httpd,2024-04-19,Reminder: Community Over Code Asia 2024 CFP closes on Apr 22nd,1,pending,,
topic-239b47bb7d81ccc8,httpd,2024-04-21,Bug report for Apache httpd-2 [2024/04/21],1,pending,,
topic-f056f60962e7c42d,httpd,2024-04-28,Bug report for Apache httpd-2 [2024/04/28],1,pending,,
topic-3cc4186e52620b31,httpd,2024-05-05,Bug report for Apache httpd-2 [2024/05/05],1,pending,,
topic-3a3f8ff9ba40661b,httpd,2024-05-12,Bug report for Apache httpd-2 [2024/05/12],1,pending,,
topic-04dd624f6b906e46,httpd,2024-05-13,more async handling in mod_h2,9,pending,,
topic-8568ec4387734da6,httpd,2024-05-14,Community over Code EU 2024: The countdown has started!,1,pending,,
topic-37f35ee482d69368,httpd,2024-05-15,[PR] Modernize HTTPD website [httpd-site],1,pending,,
topic-0a7db6dd69b99527,httpd,2024-05-19,Bug report for Apache httpd-2 [2024/05/19],1,pending,,
topic-e0b6a1588b1535db,httpd,2024-05-26,Bug report for Apache httpd-2 [2024/05/26],1,pending,,
topic-5df80da7a408b7c0,httpd,2024-05-27,svn commit: r1918003 - in /httpd/httpd/trunk/modules/http2: h2_c1.c h2_c2.c h2_mplx.c h2_mplx.h h2_session.c h2_session.h h2_version.h,5,pending,,
topic-19a6662665acc45d,httpd,2024-06-02,Bug report for Apache httpd-2 [2024/06/02],1,pending,,
topic-86cbbd23778532ba,httpd,2024-06-02,Json support for httpd log,8,pending,,
topic-a9ba18dc799708ac,httpd,2024-06-05,Planning to RM around June 21,2,pending,,
topic-044033b37106f3ef,httpd,2024-06-09,Bug report for Apache httpd-2 [2024/06/09],1,pending,,
topic-814d4d21b11b1459,httpd,2024-06-16,Bug report for Apache httpd-2 [2024/06/16],1,pending,,
topic-8808e8a6a19602ec,httpd,2024-06-19,svn commit: r1918412 - /httpd/httpd/trunk/modules/proxy/proxy_util.c,13,pending,,
topic-2e2b92c6400a8104,httpd,2024-06-23,Bug report for Apache httpd-2 [2024/06/23],1,pending,,
topic-02d3d4e768d2c9df,httpd,2024-06-24,httpd-2.4.60-rc1: pytest http2 failures w.r.t. assets,5,pending,,
topic-5592b6e55b477b67,httpd,2024-06-24,[VOTE] Release httpd-2.4.60-rc1 as httpd-2.4.60,30,pending,,
topic-24610249bafdd839,httpd,2024-06-25,Backport worker listener wakeup from trunk?,2,pending,,
topic-befc9b280fde8bbb,httpd,2024-06-25,[VOTE] Release httpd-2.4.60-rc2 as httpd-2.4.60,3,pending,,
topic-06c7fe6e06cd1ea5,httpd,2024-06-26,svn commit: r1918651 - in /httpd/httpd/trunk: include/ap_mmn.h include/httpd.h modules/mappers/mod_rewrite.c server/util.c,4,pending,,
topic-56a130bcc0c79f2b,httpd,2024-06-26,svn commit: r1918626 - in /httpd/httpd/trunk: include/ap_mmn.h modules/proxy/mod_proxy.c modules/proxy/mod_proxy.h modules/proxy/proxy_util.c,2,pending,,
topic-80b61ee698d3a401,httpd,2024-06-26,svn commit: r1918623 - /httpd/httpd/trunk/modules/mappers/mod_rewrite.c,1,pending,,
topic-86a8a7a66e5f07c0,httpd,2024-06-26,svn commit: r1918555 - in /httpd/test/framework/trunk/t: htdocs/modules/cgi/action.sh modules/actions.t,2,pending,,
topic-8ab0a682d245d7c9,httpd,2024-06-26,svn commit: r1918606 - /httpd/httpd/trunk/modules/proxy/proxy_util.c,2,pending,,
topic-92433ae1dafbc7a4,httpd,2024-06-26,svn commit: r1918664 - /httpd/httpd/branches/2.4.x/STATUS,3,pending,,
topic-d86bf5292e0940ae,httpd,2024-06-26,[VOTE] Release httpd-2.4.60-rc4 as httpd-2.4.60,19,pending,,
topic-6422faef712956bb,httpd,2024-06-27,svn commit: r1918685 - in /httpd/test/framework/trunk/t: conf/proxy.conf.in modules/proxy_fcgi.t,4,pending,,
topic-ef8d23d2b78e8ddc,httpd,2024-06-28,svn commit: r1915618 - /httpd/test/framework/trunk/t/conf/extra.conf.in,2,pending,,
topic-4fbcf92a06ac4f6a,httpd,2024-06-30,Bug report for Apache httpd-2 [2024/06/30],1,pending,,
topic-217a1bf5404cf2a7,httpd,2024-07-02,svn commit: r1918798 - /httpd/httpd/branches/2.4.x/STATUS,3,pending,,
topic-35c76c2864f2d55d,httpd,2024-07-02,svn commit: r1918845 - /httpd/httpd/tags/2.4.61-rc1-candidate/,1,pending,,
topic-684d03690df1cda1,httpd,2024-07-02,[VOTE] Release httpd-2.4.61-rc1 as httpd-2.4.61,18,pending,,
topic-cc3d7e6d9e936bfe,httpd,2024-07-02,[RFC/PATCH] Avoid redefining apr_filepath_merge() for UNC path checks,5,pending,,
topic-788c571eb623fa92,httpd,2024-07-03,(httpd-site) branch asf-site updated: Automatic Site Publish by Buildbot,2,pending,,
topic-20e7c38edf53db73,httpd,2024-07-05,mod_md in 2.4.61 fails to compile with openssl < 1.1.1,18,pending,,
topic-5bb4911e666051e2,httpd,2024-07-07,Bug report for Apache httpd-2 [2024/07/07],1,pending,,
topic-224703a7a6714e35,httpd,2024-07-10,Version-Info in 2.4.x modules/http2/h2_version.h,3,pending,,
topic-62647d646c5c0c5d,httpd,2024-07-10,would like to roll 2.4.62 this weekend,1,pending,,
topic-e4fe01a18cf99ca6,httpd,2024-07-10,svn commit: r1919087 - in /httpd/httpd/trunk/test: modules/http2/conftest.py modules/http2/env.py modules/http2/test_103_upgrade.py modules/http2/test_600_h2proxy.py modules/http2/test_700_load_get.py modules/http2/test_800_websockets.py pyhttpd/env.py,3,pending,,
topic-718b871fc2fe46e3,httpd,2024-07-11,svn commit: r1919139 - /httpd/httpd/branches/2.4.x/STATUS,2,pending,,
topic-a3660667ab4c9bd5,httpd,2024-07-11,svn commit: r1919142 - /httpd/httpd/branches/2.4.x/STATUS,1,pending,,
topic-bea8e606ebc4e8dd,httpd,2024-07-11,"[apache/httpd] factor out IS_SLASH, perdir fix (PR #458)",1,pending,,
topic-ec816d6c6b61dfcd,httpd,2024-07-14,Bug report for Apache httpd-2 [2024/07/14],1,pending,,
topic-4c195fe76c40bd40,httpd,2024-07-15,[VOTE] Release httpd-2.4.62-rc1 as httpd-2.4.62,10,pending,,
topic-6402090ff965bb62,httpd,2024-07-15,[PR] Typo in rewrite test for 2.4.60 [httpd-tests],2,pending,,
topic-a47d57519338c4a0,httpd,2024-07-15,svn commit: r1919248 - in /httpd/httpd/branches/2.4.x: ./ docs/manual/mod/mod_rewrite.xml docs/manual/rewrite/flags.xml modules/mappers/mod_rewrite.c,1,pending,,
topic-d3585cc09cf6d9bc,httpd,2024-07-15,pytest failure test_tls_11_get_base,1,pending,,
topic-8a99e880479fab85,httpd,2024-07-18,[I] x64 win compilation [httpd-mod_fcgid],2,pending,,
topic-558fa396562ee391,httpd,2024-07-21,Bug report for Apache httpd-2 [2024/07/21],1,pending,,
topic-9c5781954eacaced,httpd,2024-07-23,[Bug 69203] proxy error from php-fpm backend for paths containing spaces,25,pending,,
topic-2f5ee00b2fc4912d,httpd,2024-07-26,svn commit: r1919534 - in /httpd/test/framework/trunk/t: conf/extra.conf.in modules/rewrite.t,2,pending,,
topic-89eddee3f5a931e9,httpd,2024-07-28,Bug report for Apache httpd-2 [2024/07/28],1,pending,,
topic-7160e73c17c6deb0,httpd,2024-07-30,2.4.62 and UNCList config errors,10,pending,,
topic-6f6a5f0bde99abfa,httpd,2024-07-31,[Bug 69235] unable to connect to backend with existing rewrite rules.,15,pending,,
topic-f23d1fd80c294f7f,httpd,2024-08-04,Bug report for Apache httpd-2 [2024/08/04],1,pending,,
topic-05ca981d022cf63e,httpd,2024-08-05,svn commit: r1919666 - in /httpd/httpd/branches/2.4.x: ./ .github/workflows/windows.yml,2,pending,,
topic-1a350716752b7ec6,httpd,2024-08-07,svn commit: r1919628 - in /httpd/httpd/trunk: changes-entries/bz69203.txt modules/proxy/mod_proxy.c modules/proxy/mod_proxy_fcgi.c,2,pending,,
topic-3d5f1015cb86bd3b,httpd,2024-08-07,svn commit: r1916784 - /httpd/dev-tools/release/README,3,pending,,
topic-8f32bfc5dc438236,httpd,2024-08-08,httpd proxy heartbeat-Loadbalacing,1,pending,,
topic-e8fccd53f5efe8a0,httpd,2024-08-08,svn commit: r1919547 - /httpd/httpd/trunk/modules/proxy/mod_proxy_fcgi.c,2,pending,,
topic-f9804dbe041a4f7f,httpd,2024-08-08,svn commit: r1919325 - in /httpd/httpd/trunk: changes-entries/pr69197.txt modules/mappers/mod_rewrite.c,3,pending,,
topic-880e6c64a27a75fc,httpd,2024-08-11,Bug report for Apache httpd-2 [2024/08/11],1,pending,,
topic-88b2ef4ca83fcc6e,httpd,2024-08-18,Bug report for Apache httpd-2 [2024/08/18],1,pending,,
topic-3c2b04a5b0c1e420,httpd,2024-08-19,linux.yml: missing libsasl2-dev dependency,3,pending,,
topic-9f4ba0363d47f20d,httpd,2024-08-25,Bug report for Apache httpd-2 [2024/08/25],1,pending,,
topic-5e0fd67c663a729f,httpd,2024-09-06,[PR] disable pelican [httpd-site],3,pending,,
topic-888d23f3e6555d3a,httpd,2024-09-09,httpd doesn't start with config file from network share,3,pending,,
topic-a3e955ed14d95a64,httpd,2024-09-13,intent to rip out mod_tls,9,pending,,
topic-d434a2579a08e99e,httpd,2024-09-21,"Friendly nudge: PR #429 ""mod_log_config: Add log_formatter support and a JSON log_formatter"" 📝",4,pending,,
topic-7e7d06ebffa7b962,httpd,2024-09-27,svn commit: r1920597 - in /httpd/httpd/trunk: changes-entries/modssl-engine-fallback.txt modules/ssl/ssl_engine_pphrase.c,5,pending,,
topic-c50933254b79b110,httpd,2024-10-01,Question about file mutex,5,pending,,
topic-40bfe657f848811a,httpd,2024-10-02,svn commit: r1921086 - /httpd/httpd/branches/2.4.x/STATUS,2,pending,,
topic-c42ecab812e287a8,httpd,2024-10-05,Review PR for BZ 62497,3,pending,,
topic-a9d740db4843e98d,httpd,2024-10-25,Retirement of HelpWanted.apache.org,1,pending,,
topic-416560f86446962e,httpd,2024-10-28,[PR] HelpWanted has been dormant for 6+ years. [httpd-site],2,pending,,
topic-02554717c6356035,httpd,2024-11-02,"Friendly nudge: PR #429 ""mod_log_config: Add log_formatter support and a JSON log_formatter""",4,pending,,
topic-07d0831be2b19692,httpd,2024-11-20,svn commit: r1921973 - in /httpd/httpd/trunk/modules/http: http_protocol.c http_request.c,4,pending,,
topic-67acfb061b858e9e,httpd,2024-11-20,modules-dev: advice on http client library?,4,pending,,
topic-727a1a467726d486,httpd,2024-12-09,Email test - Please ignore,1,pending,,
topic-37fb1aa0560860ae,httpd,2024-12-13,httpd 2.4 -> next,8,pending,,
topic-47eaecea9801f9e9,httpd,2024-12-18,Move to git (Was: Re: httpd 2.4 -> next),20,pending,,
topic-c91c422d84e9459b,httpd,2025-01-05,Fix AF_UNIX listen a bit,2,pending,,
topic-f1580dce3bc79146,httpd,2025-01-06,rolling a non security release around Jan 13.,4,pending,,
topic-541bd24a0d2907f3,httpd,2025-01-07,*** SPAM *** Re: svn commit: r1922962 - in /httpd/httpd/branches/2.4.x: ./ STATUS changes-entries/pr62497.txt docs/manual/mod/mod_lua.xml docs/manual/mod/mod_lua.xml.fr modules/lua/lua_request.c,1,pending,,
topic-69c4e6c56d1fb533,httpd,2025-01-07,svn commit: r1922962 - in /httpd/httpd/branches/2.4.x: ./ STATUS changes-entries/pr62497.txt docs/manual/mod/mod_lua.xml docs/manual/mod/mod_lua.xml.fr modules/lua/lua_request.c,1,pending,,
topic-730fc4f8efec7279,httpd,2025-01-07,svn commit: r1922957 - in /httpd/httpd/branches/2.4.x: STATUS docs/manual/expr.xml docs/manual/mod/mod_authnz_ldap.xml modules/aaa/mod_authnz_ldap.c,1,pending,,
topic-7ace1c52ddc8b9a0,httpd,2025-01-07,svn commit: r1922959 - /httpd/httpd/branches/2.4.x/modules/proxy/mod_proxy_fcgi.c,1,pending,,
topic-ea0aaa822f7b0895,httpd,2025-01-07,svn commit: r1922960 - in /httpd/httpd/branches/2.4.x: ./ STATUS modules/http2/h2_session.c modules/http2/h2_stream.c test/modules/http2/test_200_header_invalid.py,2,pending,,
topic-ea9b42f09b1907f9,httpd,2025-01-07,svn commit: r1922967 - /httpd/httpd/branches/2.4.x/STATUS,1,pending,,
topic-eebc15ce8871ab53,httpd,2025-01-07,svn commit: r1922958 - in /httpd/httpd/branches/2.4.x: STATUS include/ap_mmn.h modules/proxy/mod_proxy.h modules/proxy/proxy_util.c,1,pending,,
topic-348b5f57f15d5f7d,httpd,2025-01-08,svn commit: r1922996 [1/3] - in /httpd/httpd/branches/2.4.x/docs/manual: ./ mod/,2,pending,,
topic-5a04074f3384b731,httpd,2025-01-08,Rolling Logs,11,pending,,
topic-00066754a92ed90b,httpd,2025-01-09,svn commit: r1922994 - /httpd/httpd/trunk/modules/generators/mod_autoindex.c,2,pending,,
topic-f2da14416ba391e7,httpd,2025-01-15,[NOTICE] Next Release Roll Update (Was: Re: rolling a non security release around Jan 13.),6,pending,,
topic-1687ec41dcc93f7d,httpd,2025-01-17,pytest for 2.4.x HEAD: Log check for AH03401 fails,12,pending,,
topic-24f454f1db43019e,httpd,2025-01-19,svn commit: r1923220 - /httpd/httpd/branches/2.4.x/STATUS,1,pending,,
topic-1e525c711e7be9e7,httpd,2025-01-20,T&R Error,3,pending,,
topic-a040f57707f5550e,httpd,2025-01-20,[VOTE] Release httpd-2.4.63 as httpd-2.4.63,12,pending,,
topic-339c895f111f6533,httpd,2025-01-21,[PR] Rastreador de número de teléfono  [httpd-site],1,pending,,
topic-15343544450c108e,httpd,2025-01-23,Current Status of APU 1.7.x ldap / httpd,3,pending,,
topic-45e87750edb6065a,httpd,2025-01-23,[ANNOUNCE] Apache HTTP Server 2.4.63 Released,1,pending,,
topic-8ef608592848e12a,httpd,2025-01-23,[RESULTS] (Was: Re: [VOTE] Release httpd-2.4.63 as httpd-2.4.63),1,pending,,
topic-68ad71cd52e9c55e,httpd,2025-01-24,[NOTICE] (Was: Re: [RESULTS] (Was: Re: [VOTE] Release httpd-2.4.63 as httpd-2.4.63)),1,pending,,
topic-f13bdc703ce7c93b,httpd,2025-01-27,Crash in mod_md if httpd.json not readable,2,pending,,
topic-f327c676933bfc4f,httpd,2025-02-05,PR 69561,5,pending,,
topic-65a66bdc0d426ed4,httpd,2025-02-07,(OS 10048)Only one usage of each socket address (protocol/network address/port) is normally permitted,8,pending,,
topic-7784654c9cf9a0e2,httpd,2025-02-13,svn commit: r1923754 - in /httpd/httpd/trunk: changes-entries/pr69579.txt include/ap_mmn.h include/scoreboard.h modules/http2/h2_mplx.c server/scoreboard.c,2,pending,,
topic-c1c9e82b13ac9717,httpd,2025-02-18,(null) server?,1,pending,,
topic-259ebdaf0d6c5b27,httpd,2025-02-25,__func__ no compiling... in ./modules/dav/main/ms_wdv.c,4,pending,,
topic-218fd4fbce1c8222,httpd,2025-03-04,svn commit: r1924145 - in /httpd/httpd/trunk: changes-entries/h2_v2.0.30.txt docs/manual/mod/mod_http2.xml modules/http2/h2_config.c modules/http2/h2_config.h modules/http2/h2_session.c modules/http2/h2_stream.c modules/http2/h2_version.h,3,pending,,
topic-2094a890ae778f59,httpd,2025-03-14,[I] profile key is not allowed under publish stanza [httpd-site],4,pending,,
topic-2009b0c184dc447f,httpd,2025-04-25,Update of release scripts to work with git / Github instead of Subversion,5,pending,,
topic-a0261fedecfb3467,httpd,2025-05-05,Website,2,pending,,
topic-5c2d5f5a85bd94d7,httpd,2025-05-06,New failure in httpd units tests (xml related),3,pending,,
topic-d4e16c631bc8bf5f,httpd,2025-05-19,regression with forward proxy due to Revision 1912459,17,pending,,
topic-1416851ac2d671f8,httpd,2025-06-02,"Question about the documentation of MDProfile, MDProfileMandatory and MDActivationDelay in 2.4.x and trunk",2,pending,,
topic-bf283d5afeb831d9,httpd,2025-06-03,svn commit: r1926080 - in /httpd/httpd/branches/2.4.x: ./ changes-entries/pr69579.txt include/ap_mmn.h include/scoreboard.h modules/http2/h2_mplx.c server/scoreboard.c,1,pending,,
topic-c41b2b7d4ec23051,httpd,2025-06-03,test2,1,pending,,
topic-523fd637150d8cc8,httpd,2025-06-24,OCSP Stapling Issues Observed in Apache （2.4.58）,2,pending,,
topic-0c23040cccfec837,httpd,2025-06-25,svn commit: r1926720 - /httpd/httpd/trunk/modules/ssl/ssl_private.h,5,pending,,
topic-0f7c1d8a4e2f98d8,httpd,2025-07-07,[VOTE] Release httpd-2.4.64-rc2 as httpd-2.4.64,14,pending,,
topic-5d8ed116411500b1,httpd,2025-07-07,[VOTE] Release httpd-2.4.64-rc1 as httpd-2.4.64,14,pending,,
topic-96a552f0d6c786d7,httpd,2025-07-07,How long to support 3rd party dependencies?,3,pending,,
topic-a76f8e1804b27672,httpd,2025-07-10,(httpd-site) branch main updated: publishing release httpd-2.4.64,2,pending,,
topic-5e22e26d5aff34e8,httpd,2025-07-18,Question for mac devs,3,pending,,
topic-a8f00658478ded28,httpd,2025-07-18,FYI Rolling a release this weekend,1,pending,,
topic-2c5f44858b9f9799,httpd,2025-07-21,[VOTE] Release httpd-2.4.65-rc1 as httpd-2.4.65,2,pending,,
topic-81eeaa4d6f3b551e,httpd,2025-07-21,[VOTE] Release httpd-2.4.65-rc3 as httpd-2.4.65,13,pending,,
topic-16557cc53b2e107a,httpd,2025-07-23,[ANNOUNCEMENT] Apache HTTP Server 2.4.65 Released,6,pending,,
topic-42deadb310937244,httpd,2025-08-11,[PR] Update base.html [httpd-site],6,pending,,
topic-f2207f872614999a,httpd,2025-08-12,svn commit: r1897760 - in /httpd/httpd/trunk: ./ changes-entries/ include/ modules/generators/ modules/ssl/ server/mpm/event/ support/ test/modules/http2/,2,pending,,
topic-a72bcc730049a2b6,httpd,2025-08-18,svn commit: r1927807 - in httpd/httpd/trunk: changes-entries docs/manual/mod modules/md test/modules/md,5,pending,,
topic-e6186822aeab7dd4,httpd,2025-08-18,Encrypted Client Hello (ECH) PR,2,pending,,
topic-b5e64da9ee23b4f1,httpd,2025-08-19,svn commit: r1927874 - in httpd/httpd/trunk: changes-entries modules/md,2,pending,,
topic-d3763e0f84143eee,httpd,2025-08-20,svn commit: r1927885 - in httpd/httpd/trunk: include server,2,pending,,
topic-31ce6e208936e35a,httpd,2025-09-03,digicert ocsp change,9,pending,,
topic-1a0234086e5828f6,httpd,2025-09-04,prevent bad busy values and problems with bybusyness,1,pending,,
topic-244839c6105b9250,httpd,2025-09-30,svn commit: r1928839 - httpd/httpd/trunk/modules/md,2,pending,,
topic-16bc5234b1043350,httpd,2025-10-05,"[Bug 69841] New: ""double free or corruption"" with mod_socache_dbm (socache_dbm_retrieve() + database_cleanup())",7,pending,,
topic-0b2eed2942eaa070,httpd,2025-10-17,svn commit: r1838055 - in /httpd/httpd/trunk: CHANGES docs/manual/mod/core.xml include/http_core.h include/http_vhost.h server/core.c server/protocol.c server/vhost.c,5,pending,,
topic-1427a571195ce95e,httpd,2025-10-17,mod_allowmethods experimental?,1,pending,,
topic-73faa43dfbe121f6,httpd,2025-10-20,[RFC/PATCH] mod_ssl: add SSLVHostSNIPolicy directive,2,pending,,
topic-5901ce17dc60c1fb,httpd,2025-11-01,mod_replace and mod_random,19,pending,,
topic-b50c0041019cefae,httpd,2025-11-07,svn commit: r1929580 - httpd/httpd/trunk/modules/ssl,1,pending,,
topic-135ec6800468d486,httpd,2025-11-24,Kicking off a release Nov 30 / Dec 1-ish,1,pending,,
topic-b33f392471d9902e,httpd,2025-11-24,event: closing keepalive conn on activity,2,pending,,
topic-4c1f6d6736944a4e,httpd,2025-12-01,[PATCH] mod_ssl: add directive to read passphrase from file for encrypted private key,3,pending,,
topic-8244834bc11a7eda,httpd,2025-12-01,[VOTE] Release httpd-2.4.66-rc1 as httpd-2.4.66,15,pending,,
topic-53ed31007435f1aa,httpd,2025-12-02,svn commit: r1930199 - httpd/httpd/trunk/modules/ssl,3,pending,,
topic-25ec9a12d91a55a9,httpd,2025-12-10,GHA enablement for s390x and ppc64le,3,pending,,
topic-6c38bff18c395d47,httpd,2025-12-17,quick release to pick up the H2 fix?,8,pending,,
topic-382c566de55551d0,maven,2023-01-02,mvnd as part if mvn distro for v4?,2,pending,,
topic-0944e9cc980e9595,maven,2023-01-04,[VOTE] Release Maven Fluido Skin version 2.0.0-M1,11,pending,,
topic-d0dbd53b5ae87046,maven,2023-01-05,[VOTE] Release Maven Resolver 1.9.3,3,pending,,
topic-21771ce5974cbb03,maven,2023-01-06,[VOTE] Release Maven PMD Plugin version 3.20.0,4,pending,,
topic-27b169d4fc7be7d6,maven,2023-01-06,[CANCEL][VOTE] Release Maven Resolver 1.9.3,5,pending,,
topic-3b5214fcf0980bcc,maven,2023-01-06,[VOTE] Release Maven Project Info Reports Plugin version 3.4.2,4,pending,,
topic-6f1ded8379dd0386,maven,2023-01-06,[VOTE] Release Maven Dependency Plugin version 3.5.0,7,pending,,
topic-7fe2cae10004c44c,maven,2023-01-06,[VOTE] Release Maven Checkstyle Plugin version 3.2.1,4,pending,,
topic-6a57e72e447eede1,maven,2023-01-07,[VOTE] Release Maven Surefire version 3.0.0-M8,10,pending,,
topic-3ef6d2493c535e0f,maven,2023-01-09,[VOTE] Doxia 1.12.0 and Doxia Converter 1.3,5,pending,,
topic-c86d9f78e5841bf2,maven,2023-01-09,[MRESOLVER] AbstractMethodError in BasicRepositoryConnector,3,pending,,
topic-0bb6805607f20693,maven,2023-01-11,[ANN] Maven Checkstyle Plugin 3.2.1 released,1,pending,,
topic-46bd4a4c177dd963,maven,2023-01-11,[RESULT] [VOTE] Release Maven Checkstyle Plugin version 3.2.1,1,pending,,
topic-4f3e6c98bd11bd46,maven,2023-01-11,[ANN] Release Maven Dependency Plugin 3.5.0 released,1,pending,,
topic-50f55927b969de57,maven,2023-01-11,[RESULT] [VOTE] Release Maven Dependency Plugin version 3.5.0,1,pending,,
topic-602a0b34d102f3b6,maven,2023-01-11,[RESULT] [VOTE] Release Maven Surefire version 3.0.0-M8,5,pending,,
topic-894477c91a99fe71,maven,2023-01-11,[ANN] Maven PMD Plugin 3.20.0 released,1,pending,,
topic-89e1f0b045a03022,maven,2023-01-11,[CANCELED] [VOTE] Release Maven Fluido Skin version 2.0.0-M1,1,pending,,
topic-a8e40ac8f3bf3200,maven,2023-01-11,[ANN] Maven Project Info Reports Plugin 3.4.2 released,1,pending,,
topic-cc0dbc47183b8e41,maven,2023-01-11,[RESULT] [VOTE] Release Maven PMD Plugin version 3.20.0,1,pending,,
topic-df2bc4b602e2f74d,maven,2023-01-11,Heads up - resolver 1.9.4 release soon,2,pending,,
topic-df51b7aa6490cdbf,maven,2023-01-11,[RESULT] [VOTE] Release Maven Project Info Reports Plugin version 3.4.2,1,pending,,
topic-fdf21e07c72ee075,maven,2023-01-11,[ANN] Maven Surefire 3.0.0-M8 released,1,pending,,
topic-7e0e11e28a27df3d,maven,2023-01-12,[VOTE] Release Maven Fluido Skin version 2.0.0-M2,6,pending,,
topic-088f0d5c7f0682b1,maven,2023-01-13,[VOTE] Release Maven Plugin Tools 3.7.1,7,pending,,
topic-5fba95dc67683c28,maven,2023-01-13,[VOTE] Release Maven Resolver 1.9.4,11,pending,,
topic-f019e5b174ca823d,maven,2023-01-13,"Maven 3 API, backwards compatibility",1,pending,,
topic-27c06d91ef006851,maven,2023-01-14,[RESULT][VOTE] Doxia 1.12.0 and Doxia Converter 1.3,1,pending,,
topic-3a5f9ee53ebb3146,maven,2023-01-15,[RESULT] [VOTE] Release Maven Fluido Skin version 2.0.0-M2,1,pending,,
topic-cb4f0cea5b29bfb9,maven,2023-01-15,[ANN] Maven Fluido Skin 2.0.0-M2 released,1,pending,,
topic-5508ff73af12ef2b,maven,2023-01-16,[ANN] Maven Resolver 1.9.4 Released,1,pending,,
topic-e31ae8e074b0cbaa,maven,2023-01-16,[ANN] Maven Plugin Tools 3.7.1 Released,1,pending,,
topic-1dfb8fdd2e1b87f7,maven,2023-01-17,[maven-compiler-plugin] Helping with implementing new features / bug fixes,3,pending,,
topic-740e0f43e8b731f9,maven,2023-01-17,[VOTE] Release Maven Fluido Skin version 1.11.2,7,pending,,
topic-b810d80642d8f381,maven,2023-01-17,Maven 3.9.0 release should come soon,3,pending,,
topic-150cad0043e08900,maven,2023-01-19,Downtime for multiple Jenkins Controllers,1,pending,,
topic-de11eedf37a45dd5,maven,2023-01-19,"Maven 3.9,0 plan",21,pending,,
topic-e6b02370271e4b86,maven,2023-01-19,[RESULT] [VOTE] Release Maven Fluido Skin version 1.11.2,1,pending,,
topic-f7901ecae51192d0,maven,2023-01-19,[ANN] Maven Fluido Skin 1.11.2 released,1,pending,,
topic-e68308615276da9c,maven,2023-01-20,Upcoming Maven Enforcer 3.2.0 release,4,pending,,
topic-381706b73786eb3c,maven,2023-01-22,[VOTE] Release Apache Maven Reporting API version 4.0.0-M4,4,pending,,
topic-cbc6eb2ef7dd95e0,maven,2023-01-22,[VOTE] Release Maven Doxia version 2.0.0-M5,4,pending,,
topic-50a6e969374bf666,maven,2023-01-24,Do we plan to support extensions with java 17?,5,pending,,
topic-260d016b532cc1d4,maven,2023-01-25,extracting XML classes from plexus-utils to plexus-xml,14,pending,,
topic-49c4e8dd480f11ac,maven,2023-01-25,[VOTE] Release Apache Maven Daemon 0.9.0,9,pending,,
topic-8b07f74aa3e3e1b5,maven,2023-01-25,[ANN] Apache Maven Reporting API 4.0.0-M4 released,1,pending,,
topic-c183781628726a19,maven,2023-01-25,[RESULT] [VOTE] Release Maven Doxia version 2.0.0-M5,1,pending,,
topic-cdbe3f87244e6965,maven,2023-01-25,JDK 20 Rampdown Phase 2 & JMX Heads-up,1,pending,,
topic-ec65c1153863ef05,maven,2023-01-25,[RESULT] [VOTE] Release Apache Maven Reporting API version 4.0.0-M4,1,pending,,
topic-f52dae65627ed669,maven,2023-01-25,[ANN] Apache Maven Doxia version 2.0.0-M5 released,1,pending,,
topic-88ac0aa647e08332,maven,2023-01-26,[VOTE] Release Apache Maven Enforcer version 3.2.0,6,pending,,
topic-181427a2ea905f00,maven,2023-01-27,[VOTE] Release Apache Maven 4.0.0-alpha-4 release,19,pending,,
topic-2061c431007a42f2,maven,2023-01-28,[VOTE] Release Apache Maven Daemon 1.0.0-m2,1,pending,,
topic-53ad3a93db3341e8,maven,2023-01-28,[VOTE] Release Apache Maven Daemon 1.0.0-m4,7,pending,,
topic-83f2c81664deb525,maven,2023-01-28,[CANCEL] [VOTE] Release Apache Maven Enforcer version 3.2.0,1,pending,,
topic-c155b947d710a19c,maven,2023-01-28,[CANCEL] [VOTE] Release Apache Maven Daemon 1.0.0-m2,1,pending,,
topic-c36078723480ee38,maven,2023-01-28,[VOTE] Release Apache Maven Enforcer version 3.2.1,7,pending,,
topic-3565d04defc41dac,maven,2023-01-31,[RESULT] [VOTE] Release Apache Maven Daemon 0.9.0,1,pending,,
topic-50b3d79447966e13,maven,2023-01-31,[RESULT] [VOTE] Release Apache Maven 4.0.0-alpha-4 release,1,pending,,
topic-590790905d83fb3b,maven,2023-01-31,[VOTE] Release Apache Maven Doxia Sitetools version 2.0.0-M5,6,pending,,
topic-ac9ece87142b5d8c,maven,2023-01-31,[VOTE] Release Apache Maven Reporting Exec version 2.0.0-M4,6,pending,,
topic-dc08a6225bd48902,maven,2023-01-31,[VOTE] Release Apache Maven 3.9.0,17,pending,,
topic-e9436123a60b1c81,maven,2023-01-31,[RESULT] [VOTE] Release Apache Maven Enforcer version 3.2.1,1,pending,,
topic-f6d1c58b9ef870c1,maven,2023-01-31,[ANN] Apache Maven Enforcer Plugin 3.2.1 Released,1,pending,,
topic-67e2a38620b85de0,maven,2023-02-01,[RESULT] [VOTE] Release Apache Maven Daemon 1.0.0-m4,1,pending,,
topic-a6faa9c588ba790d,maven,2023-02-01,[ANN] Apache Maven Daemon 0.9.0 and 1.0.0-m4 released,1,pending,,
topic-bda43b011a969704,maven,2023-02-01,[ANN] Apache Maven 4.0.0-alpha-4 released,1,pending,,
topic-a3ba3b3006b09813,maven,2023-02-04,[VOTE] Release Maven Artifact Plugin version 3.4.0,7,pending,,
topic-0bfe01b8dc244c2d,maven,2023-02-05,xpath evaluation,1,pending,,
topic-1581e5bfbfc012fa,maven,2023-02-05,Clean mojo for maven-shade-plugin.,7,pending,,
topic-0fa46030ab08c540,maven,2023-02-06,[RESULT][VOTE] Release Apache Maven 3.9.0,1,pending,,
topic-5a4eae6a8ca3163c,maven,2023-02-06,[RESULT] [VOTE] Release Apache Maven Reporting Exec version 2.0.0-M4,1,pending,,
topic-80808ad329db6057,maven,2023-02-06,[ANN] Apache Maven 3.9.0 released,1,pending,,
topic-a471b42a2829323c,maven,2023-02-06,[ANN] Apache Maven Doxia Sitetools 2.0.0-M5 released,1,pending,,
topic-c57e8ade07035ecc,maven,2023-02-06,[VOTE] Release Maven Deploy Plugin 3.1.0,11,pending,,
topic-e4e1d8a53d2653d3,maven,2023-02-06,[RESULT] [VOTE] Release Apache Maven Doxia Sitetools version 2.0.0-M4,1,pending,,
topic-f86f6aa30f16591f,maven,2023-02-06,[ANN] Apache Maven Reporting Exec 2.0.0-M4 released,1,pending,,
topic-0c48d1e8cd3a0cf0,maven,2023-02-07,[ANN] Release Maven Artifact Plugin 3.4.0 released,1,pending,,
topic-49f2968b3e0e5836,maven,2023-02-07,[RESULT] [VOTE] Release Maven Artifact Plugin version 3.4.0,1,pending,,
topic-8eaa77a4e67ba70b,maven,2023-02-08,Bug report - maven shade plugin - transitive dependencies of provided dependency included in uber-jar,3,pending,,
topic-712b0689a438e1ec,maven,2023-02-09,preparing next maven-assembly-plugin release,1,pending,,
topic-bbd94b8c24e470ad,maven,2023-02-09,[RESULT] [VOTE] Release Maven Deploy Plugin 3.1.0`,1,pending,,
topic-c226329f2fbda1e3,maven,2023-02-09,[ANN] Maven Deploy Plugin 3.1.0 released,1,pending,,
topic-c2effa1bb5619b87,maven,2023-02-09,maven.config / jvm.config / -D options,3,pending,,
topic-f427be43db883131,maven,2023-02-09,Maven 3.9.0 plexus-utils issue in extension,6,pending,,
topic-af2ba75e011b6d97,maven,2023-02-10,Reproducible builds between OSes,12,pending,,
topic-f088943652470d04,maven,2023-02-10,[VOTE] Apache Maven Surefire 3.0.0-M9,9,pending,,
topic-211415906594c7d3,maven,2023-02-11,[VOTE] Release Maven Site Plugin version 4.0.0-M5,4,pending,,
topic-25f59bffd609d2ce,maven,2023-02-11,[VOTE] Release Apache Maven Reporting Impl version 4.0.0-M4,4,pending,,
topic-4b4e78ca9edf3c82,maven,2023-02-12,[VOTE] Release Maven Fluido Skin version 2.0.0-M3,4,pending,,
topic-534953efd4874a99,maven,2023-02-12,[VOTE] Release Maven Invoker Plugin version 3.5.0,7,pending,,
topic-be81b51c7e6a2477,maven,2023-02-12,GitHub release notes ...,4,pending,,
topic-ef31d2d90884ba2d,maven,2023-02-12,[VOTE] Release Maven Javadoc Plugin version 3.5.0,6,pending,,
topic-a2813c4ad53bdec2,maven,2023-02-13,[RESULT][VOTE] Apache Maven Surefire 3.0.0-M9,1,pending,,
topic-14a6e43a17b2b46c,maven,2023-02-14,[ANN] Maven Site Plugin 4.0.0-M5 released,1,pending,,
topic-18f6e75107137bf7,maven,2023-02-14,[RESULT] [VOTE] Release Maven Site Plugin version 4.0.0-M5,1,pending,,
topic-8dc1f5d2b2deeff1,maven,2023-02-14,[VOTE] Release maven-compiler-plugin 3.11.0,21,pending,,
topic-923587ae90d4f77e,maven,2023-02-14,[RESULT] [VOTE] Release Apache Maven Reporting Impl 4.0.0-M4,1,pending,,
topic-9d1471d549d9a9ef,maven,2023-02-14,[ANN] Apache Maven Reporting Impl 4.0.0-M4 released,1,pending,,
topic-afcd5420fbecbfc0,maven,2023-02-14,CVEs in maven-compat via toolchains,6,pending,,
topic-49f1d16f75a1c35d,maven,2023-02-15,[ANN] Maven Javadoc Plugin 3.5.0 released,1,pending,,
topic-5ce66bed25aae3bb,maven,2023-02-15,JDK 20 Release Candidate and Deprecation,1,pending,,
topic-793314778d7175e1,maven,2023-02-15,[RESULT] [VOTE] Release Maven Fluido Skin version 2.0.0-M3,1,pending,,
topic-7c8f0ae86273ad6e,maven,2023-02-15,[VOTE] Release Maven Plugin Tools 3.8.0,8,pending,,
topic-88a295baba007bdf,maven,2023-02-15,[VOTE] Release Maven Plugin Testing 4.0.0-alpha-1,6,pending,,
topic-9d3cf984af1c34bb,maven,2023-02-15,[RESULT] [VOTE] Release Maven Invoker Plugin version 3.5.0,1,pending,,
topic-c2551722db5a758e,maven,2023-02-15,Maven Resolver 1.9.5 release,1,pending,,
topic-dca2f5c4901f6d06,maven,2023-02-15,[RESULT] [VOTE] Release Maven Javadoc Plugin version 3.5.0,1,pending,,
topic-de2ef5532907b2d6,maven,2023-02-15,[ANN] Maven Fluido Skin 2.0.0-M3 released,1,pending,,
topic-e0b82285e2cf366b,maven,2023-02-15,[ANN] Maven Invoker Plugin 3.5.0 released,1,pending,,
topic-28a513b3d2a6c090,maven,2023-02-19,[VOTE] Release Apache Maven Assembly Plugin version 3.5.0,6,pending,,
topic-28de1e641a64aa6d,maven,2023-02-19,Halve the logging,14,pending,,
topic-7aee2e589930edda,maven,2023-02-19,[maven-gh-actions-shared] branch v3 updated: Switch to Maven 3.9.0,13,pending,,
topic-dd423473e5f32643,maven,2023-02-19,Reverted a lot of commits on apache maven-site master,4,pending,,
topic-0b579778e166e93a,maven,2023-02-20,And while I'm on the subject of logging,43,pending,,
topic-2f0821df786f469d,maven,2023-02-20,Maven site plugin + AsciiDoc plugin - left nav bar diseapears when I click asciidoc page,1,pending,,
topic-cb9b3a2171b1834d,maven,2023-02-20,[HEADS UP] Maven Release 3.9.1 coming soon,37,pending,,
topic-e0b1320673f17f09,maven,2023-02-20,[VOTE] Release Maven Resolver 1.9.5,4,pending,,
topic-a37bd7b5912c58b5,maven,2023-02-21,[CANCEL] [VOTE] Release Maven Plugin Tools 3.8.0,1,pending,,
topic-1b1563323582562b,maven,2023-02-22,[RESULT] [VOTE] Release Apache Maven Assembly Plugin version 3.5.0,1,pending,,
topic-b846e35e3feaa83b,maven,2023-02-22,[VOTE] Release Maven Plugin Tools 3.8.1,6,pending,,
topic-22508cec41d6de6e,maven,2023-02-23,[RESULT] [VOTE] Release Maven Resolver 1.9.5,1,pending,,
topic-d9be892db2a1face,maven,2023-02-23,[ANN] Maven Resolver 1.9.5 Released,1,pending,,
topic-070f8f6c0bf45669,maven,2023-02-24,[ANN] Apache Maven Assembly Plugin 3.5.0 Released,1,pending,,
topic-6ba2872d35c32a4f,maven,2023-02-24,[VOTE] Release Maven Indexer 7.0.1,4,pending,,
topic-4dcc18adf060c679,maven,2023-02-25,Test problem at head: Failed to execute goal org.apache.maven.plugins:maven-dependency-plugin:3.1.1:unpack (unpack-classes) on project plexus-utils: Artifact has not been packaged yet.,4,pending,,
topic-5b0e09f51bf41b47,maven,2023-02-25,[DISCUSS] New goal for install/deploy plugin?,4,pending,,
topic-f187aebb65085edc,maven,2023-02-26,org.apache.maven:plexus-utils split packages,2,pending,,
topic-03ad8439d09a9cb6,maven,2023-02-27,[RESULT][VOTE] Release Maven Indexer 7.0.1,1,pending,,
topic-146f9e074971e120,maven,2023-02-27,[RESULT] [VOTE] Release maven-compiler-plugin 3.11.0,1,pending,,
topic-20644ffb4bc976a9,maven,2023-02-27,[ANN] Maven Plugin Tools 3.8.1 released,1,pending,,
topic-2e892c27f06bb36e,maven,2023-02-27,[RESULT] [VOTE] Release Maven Plugin Testing 4.0.0-alpha-1,1,pending,,
topic-4566f3f450c97b27,maven,2023-02-27,[ANN] Maven Plugin Testing 4.0.0-alpha-1,1,pending,,
topic-5ba5ada2648b6365,maven,2023-02-27,[ANN] Maven Indexer 7.0.1 released,1,pending,,
topic-7865939b21ec8902,maven,2023-02-27,[RESULT] [VOTE] Release Maven Plugin Tools 3.8.1,1,pending,,
topic-96d970d3e06ef27b,maven,2023-02-27,[ANN] Maven Compiler Plugin 3.11.0 released,1,pending,,
topic-b4dc36484abf09d7,maven,2023-03-02,[HEADS UP] Maven 3.8.8,3,pending,,
topic-ea82cb9c3d336822,maven,2023-03-02,Maven Resolver 1.9.6 release to happen tomorrow morning,1,pending,,
topic-00fd10c5b36fe56e,maven,2023-03-03,[VOTE] Release Maven Resolver 1.9.6,6,pending,,
topic-6013621c7e46229c,maven,2023-03-04,Protect master branch,4,pending,,
topic-ff3f45a2f5e49acc,maven,2023-03-05,[VOTE] Release Maven Artifact Plugin version 3.4.1,5,pending,,
topic-a8bc9a51461ab547,maven,2023-03-06,[RESULT][VOTE] Release Maven Resolver 1.9.6,1,pending,,
topic-d5ff4d2ef3e59f6a,maven,2023-03-06,[ANN] Maven Resolver 1.9.6 released,1,pending,,
topic-650ef5b1cc773d4e,maven,2023-03-07,[RESULT] [VOTE] Release Maven Artifact Plugin version 3.4.1,1,pending,,
topic-b0f793dc350a0b38,maven,2023-03-07,[ANN] Release Maven Artifact Plugin 3.4.1 released,1,pending,,
topic-05527f0615a280c3,maven,2023-03-08,[VOTE] Release Apache Maven Wrapper Plugin 3.2.0,7,pending,,
topic-58816475be8fcb43,maven,2023-03-08,[VOTE] Release Apache Maven version 3.8.8,9,pending,,
topic-a4821fac431fac61,maven,2023-03-08,[HEADS UP] Preparing Maven 4.0.0-alpha-4 release,2,pending,,
topic-e7566659069a4f98,maven,2023-03-08,[VOTE] Release Maven Resolver 1.9.7,8,pending,,
topic-f62e57695378fce9,maven,2023-03-08,Removing deprecated classes and methods in 4.0,2,pending,,
topic-15053f69f165a444,maven,2023-03-09,[DISCUSS] m-remote-resources-p,10,pending,,
topic-2276b593da786a95,maven,2023-03-09,Migrating Apache Resource Bundles from svn to Git,2,pending,,
topic-bc114739d09b9e5d,maven,2023-03-09,[HEADS UP] Release of surefire,10,pending,,
topic-dbcc9e5a2c3c3799,maven,2023-03-09,shading in surefire,4,pending,,
topic-33ddf21b6cc714df,maven,2023-03-11,[ANN] Maven Resolver 1.9.7 released,1,pending,,
topic-6a0f0465784ab6b8,maven,2023-03-11,[RESULT][VOTE] Release Maven Resolver 1.9.7,1,pending,,
topic-e3a5994a48020bbb,maven,2023-03-11,[VOTE] Release Apache Maven Surefire/Failsafe Plugin version 3.0.0,10,pending,,
topic-0061c6eba334728e,maven,2023-03-12,[HEADS UP] Maven SCM 2.0.0 GA,2,pending,,
topic-8576b510349258fa,maven,2023-03-12,[ANN] Apache Maven Wrapper 3.2.0 Released,1,pending,,
topic-ac9664a3e699e383,maven,2023-03-12,[RESULT] [VOTE] Release Apache Maven Wrapper Plugin 3.2.0,1,pending,,
topic-f1a7bff20aa19e3f,maven,2023-03-13,[HEADS UP] Preparing Maven 4.0.0-alpha-5 release,3,pending,,
topic-952f9073716f3180,maven,2023-03-14,[RESULT] [VOTE] Release Apache Maven version 3.8.8,1,pending,,
topic-a7097f72db4c3262,maven,2023-03-14,[VOTE] Release Apache Maven Help Plugin version 3.4.0,9,pending,,
topic-aec20161b73e8c44,maven,2023-03-14,[ANN] Apache Maven 3.8.8 released,1,pending,,
topic-f5337f81c744b247,maven,2023-03-14,[RESULT] [VOTE] Release Apache Maven Surefire/Failsafe Plugin version 3.0.0,1,pending,,
topic-fbe23bec6dc92085,maven,2023-03-14,[ANN] Release Apache Maven Surefire 3.0.0,2,pending,,
topic-5dd607ddaf7b5282,maven,2023-03-15,[DISCUSS] Apache Maven 4.0 with UTF-8 by default,7,pending,,
topic-8499327a57d24c2a,maven,2023-03-15,[VOTE] Release Apache Maven 3.9.1,11,pending,,
topic-8c2c6e140c3cc9a4,maven,2023-03-15,[HEADS UP] Maven Release 3.0.0,2,pending,,
topic-9cdf87a4fa944519,maven,2023-03-15,[VOTE] Release Maven SCM version 2.0.0,7,pending,,
topic-b07740dcb80f3419,maven,2023-03-15,[VOTE] Release Apache Maven 4.0.0-alpha-5,12,pending,,
topic-15a595020237bb94,maven,2023-03-17,[VOTE] Release Maven Release version 3.0.0,7,pending,,
topic-6a49f56d8ba4af65,maven,2023-03-17,[RESULT] [VOTE] Release Maven SCM version 2.0.0,1,pending,,
topic-c62013391a61f73d,maven,2023-03-17,[ANN] Apache Maven SCM 2.0.0 released,1,pending,,
topic-18fd2316e3404fef,maven,2023-03-18,[RESULT][VOTE] Release Apache Maven 3.9.1,1,pending,,
topic-1e393c9fb87f9267,maven,2023-03-18,[RESULT] [VOTE] Release Apache Maven Help Plugin version 3.4.0,1,pending,,
topic-79e1c8a1d1ae15a7,maven,2023-03-18,MCOMPILER-391 - request for review (using dependency management for annotationProcessorPaths),1,pending,,
topic-7f72bf34885d7921,maven,2023-03-18,[ANN] Apache Maven 3.9.1 released,3,pending,,
topic-995893eb11e86c24,maven,2023-03-18,[ANN] Release Maven Help Plugin 3.4.0 released,1,pending,,
topic-365e8be6498f61cd,maven,2023-03-19,[VOTE] Release Apache Maven Reporting Impl version 4.0.0-M5,6,pending,,
topic-4a9c8165e1c21773,maven,2023-03-19,[VOTE] Release Apache Maven Reporting Exec version 2.0.0-M5,5,pending,,
topic-7f0b7efa293db2eb,maven,2023-03-19,[VOTE] Release Maven Doxia version 2.0.0-M6,5,pending,,
topic-92380d8f10473f08,maven,2023-03-19,[VOTE] Release Apache Maven Doxia Sitetools version 2.0.0-M6,5,pending,,
topic-b964961e2387dcd2,maven,2023-03-19,[VOTE] Release Apache Maven Reporting API version 4.0.0-M5,4,pending,,
topic-6759392b12c2d220,maven,2023-03-20,[RESULT] [VOTE] Release Apache Maven 4.0.0-alpha-5,1,pending,,
topic-8adcf7ca1bdf25b4,maven,2023-03-20,[ANN] Maven Release 3.0.0 released,2,pending,,
topic-9f847515d7f50bba,maven,2023-03-20,[ANN] Apache Maven 4.0.0-alpha-5 released,1,pending,,
topic-cfabcd566de03ec1,maven,2023-03-20,[RESULT] [VOTE] Release Maven Release version 3.0.0,1,pending,,
topic-d2806ccf21ac10a7,maven,2023-03-20,[VOTE] Release Maven Site Plugin version 4.0.0-M6,5,pending,,
topic-6fe86c72df360563,maven,2023-03-21,[VOTE] Release Maven Filtering 3.3.1,5,pending,,
topic-b3e2eff5e78275c2,maven,2023-03-21,[VOTE] Release Maven Resources Plugin 3.3.1,8,pending,,
topic-d2b82c38756de95b,maven,2023-03-21,[VOTE] Release Maven Install Plugin 3.1.1,4,pending,,
topic-f0eda014a04b8c32,maven,2023-03-21,[VOTE] Maven Deploy Plugin 3.1.1,4,pending,,
topic-0cc6b421dd0fc785,maven,2023-03-22,Maven compiler: --patch-module mentions src/test/java?,2,pending,,
topic-12a2c1482303402c,maven,2023-03-22,[ANN] Apache Maven Doxia version 2.0.0-M6 released,1,pending,,
topic-1e9bae8a58cb77bb,maven,2023-03-22,[RESULT] [VOTE] Release Apache Maven Reporting API version 4.0.0-M5,1,pending,,
topic-34f26aa480ad594c,maven,2023-03-22,[RESULT] [VOTE] Release Maven Doxia Sitetools version 2.0.0-M6,1,pending,,
topic-4d9daf9f45088b92,maven,2023-03-22,[ANN] Apache Maven Doxia Sitetools 2.0.0-M6 released,1,pending,,
topic-8af7aad2175c6945,maven,2023-03-22,[ANN] Apache Maven Reporting API 4.0.0-M5 released,1,pending,,
topic-8cb2a423b9394fbd,maven,2023-03-22,[ANN] Maven Site Plugin 4.0.0-M6 released,1,pending,,
topic-cb80000a6cbae3a1,maven,2023-03-22,[RESULT] [VOTE] Release Apache Maven Reporting Exec version 4.0.0-M5,1,pending,,
topic-e4266d043db2109f,maven,2023-03-22,[RESULT] [VOTE] Release Apache Maven Reporting Impl version 4.0.0-M5,1,pending,,
topic-e52cbf66205bc6f4,maven,2023-03-22,[RESULT] [VOTE] Release Apache MavenSite Plugin version 4.0.0-M6,1,pending,,
topic-e98cc5966158aecc,maven,2023-03-22,[RESULT] [VOTE] Release Maven Doxia version 2.0.0-M6,1,pending,,
topic-efa9e430af5abcba,maven,2023-03-22,[ANN] Apache Maven Reporting Impl 4.0.0-M5 released,1,pending,,
topic-f1c9e0c41435cd09,maven,2023-03-22,[ANN] Apache Maven Reporting Exec 2.0.0-M5 released,1,pending,,
topic-41daf545d3f24ade,maven,2023-03-23,[VOTE] Release Apache Maven Daemon 1.0-m6,10,pending,,
topic-dc4deaab5f064823,maven,2023-03-23,maven version profile activator in 4.0.0,2,pending,,
topic-e4734a3347018818,maven,2023-03-23,[DISCUSSION] Apache Maven plugins versioning,10,pending,,
topic-1522b7d728511f33,maven,2023-03-24,[ANN] Maven Resources Plugin 3.3.1 released,1,pending,,
topic-19d644033433d5d1,maven,2023-03-24,[ANN] Maven Install Plugin 3.1.1 released,1,pending,,
topic-3c00b56e3a4fbb21,maven,2023-03-24,[RESULT][VOTE] Release Maven Resources Plugin 3.3.1,1,pending,,
topic-3ea7183783f9a730,maven,2023-03-24,[ANN] Maven Deploy Plugin 3.1.1 released,1,pending,,
topic-9957874975de0bbc,maven,2023-03-24,[RESULT][VOTE] Release Maven Filtering 3.3.1,1,pending,,
topic-b10a9045d28d97b1,maven,2023-03-24,[RESULT][VOTE] Release Maven Install Plugin 3.1.1,1,pending,,
topic-e462e6cea5348876,maven,2023-03-24,[ANN] Maven Filtering 3.3.1 released,1,pending,,
topic-eeb5b99a938c6a78,maven,2023-03-24,[RESULT][VOTE] Maven Deploy Plugin 3.1.1,1,pending,,
topic-f42c1da85ab2ede3,maven,2023-03-25,[VOTE] Release Maven Fluido Skin version 2.0.0-M4,6,pending,,
topic-56ccb9df07e1a1db,maven,2023-03-26,[VOTE] Release Maven SCM Publish Plugin version 3.2.1,6,pending,,
topic-5ee7a52a73022df0,maven,2023-03-27,[VOTE] Release Apache Maven Invoker Plugin version 3.5.1,11,pending,,
topic-328a69990e786e66,maven,2023-03-28,[RESULT] [VOTE] Release Maven SCM Publish Plugin version 3.2.1,1,pending,,
topic-5161679c3274fc3b,maven,2023-03-28,"JDK 20 is now GA, JDK 21 Early-Access builds, and 2 important heads-up!",1,pending,,
topic-66e5e004db7bc64b,maven,2023-03-28,[CANCELED][VOTE] Release Maven Fluido Skin version 2.0.0-M4,1,pending,,
topic-89e86ddc33edd7d1,maven,2023-03-28,[ANN] Maven SCM Publish Plugin 3.2.1 released,1,pending,,
topic-ef4218102fdade54,maven,2023-03-28,[VOTE] Release Maven Fluido Skin version 2.0.0-M5,5,pending,,
topic-ff85cab28681d969,maven,2023-03-28,Deprecate maven-shared-utils,4,pending,,
topic-244714798e7ea439,maven,2023-03-29,A Message from the Board to PMC members,1,pending,,
topic-1fac0a7fc9e82391,maven,2023-03-30,[ANN] Apache Maven Invoker Plugin version 3.5.1 Released,1,pending,,
topic-39507487d20f89e1,maven,2023-03-30,Partial breakage in maven-stage-plugin CI: No GitHub app credentials found,4,pending,,
topic-4ffa05b87cdd6e82,maven,2023-03-30,[RESULT] [VOTE] Release Apache Maven Invoker Plugin version 3.5.1,1,pending,,
topic-9ae292781a28e059,maven,2023-03-30,[DISCUSS] Radical Fast Forward to 3.6.3,7,pending,,
topic-7b89bb8218d08056,maven,2023-03-31,[RESULT] [VOTE] Release Maven Fluido Skin version 2.0.0-M5,1,pending,,
topic-8679d3f6bd632d2b,maven,2023-03-31,[ANN] Apache Maven Daemon 1.0-m6 released,1,pending,,
topic-8f62b3c1826a1510,maven,2023-03-31,[RESULT] [VOTE] Release Apache Maven Daemon 1.0-m6,1,pending,,
topic-a5e394db66690a93,maven,2023-03-31,[ANN] Maven Fluido Skin 2.0.0-M5 released,1,pending,,
topic-a5ab4c5d534f6490,maven,2023-04-01,[VOTE] Release Apache Resource Bundles 1.5,6,pending,,
topic-aacae09820d0901c,maven,2023-04-01,[VOTE] Release Apache Maven Enforcer version 3.3.0,6,pending,,
topic-ab457bbd418f26ce,maven,2023-04-01,ASF Parent POM - minimalMavenBuildVersion,7,pending,,
topic-b5143bde635e6ffc,maven,2023-04-01,Doubt in `-DarchetypeVersion` in `mvn archetype:generate` command,3,pending,,
topic-20ecc0bf62219c48,maven,2023-04-02,[VOTE] Release Apache Maven Reporting Impl version 4.0.0-M6,4,pending,,
topic-43c20fff9e7bf18e,maven,2023-04-02,[VOTE] Release Apache Maven Reporting Exec version 2.0.0-M6,4,pending,,
topic-c86f0e39bc9e6df8,maven,2023-04-02,[VOTE] Release Apache Maven Doxia Sitetools version 2.0.0-M7,4,pending,,
topic-f3532804e7d80a79,maven,2023-04-02,update common skin bootstrap.,2,pending,,
topic-1545d095fe2ce7c3,maven,2023-04-03,Maven Invoker Plugin: Suggested Reporting Improvements,1,pending,,
topic-007460f10ae49389,maven,2023-04-04,empty settings elements in maven 4,2,pending,,
topic-1c42021c9b373730,maven,2023-04-04,[RESULT] [VOTE] Release Apache Maven Doxia Sitetools version 2.0.0-M7,1,pending,,
topic-1d1e8b20f7fe5834,maven,2023-04-04,[RESLT] [VOTE] Release Apache Maven Enforcer version 3.3.0,1,pending,,
topic-6ee7f505865c880b,maven,2023-04-04,[RESULT] [VOTE] Release Apache Maven Reporting Impl 4.0.0-M6,1,pending,,
topic-6ef9877915dfedaa,maven,2023-04-04,[ANN] Apache Maven Reporting Impl 4.0.0-M6 released,1,pending,,
topic-702045faac1f76c9,maven,2023-04-04,[RESULT] [VOTE] Release Apache Maven Reporting Exec version 2.0.0-M6,1,pending,,
topic-88809b5c5433dd47,maven,2023-04-04,mvn compile without clean doesn't work for annotation-processor generated sources,1,pending,,
topic-94a196ee3045bfbc,maven,2023-04-04,[ANN] Apache Maven Reporting Exec 2.0.0-M6 released,1,pending,,
topic-b6ac29e42fb89ed7,maven,2023-04-04,[ANN] Apache Maven Enforcer Plugin 3.3.0 Released,1,pending,,
topic-e26fd3494470288c,maven,2023-04-04,[ANN] Apache Maven Doxia Sitetools 2.0.0-M7 released,1,pending,,
topic-9b5c263b85da1ac1,maven,2023-04-05,Upcoming Maven Resolver 1.9.8,8,pending,,
topic-e69ed3247884ef93,maven,2023-04-05,[RESULT][VOTE] Release Apache Resource Bundles 1.5,1,pending,,
topic-7b7d2acbe607c437,maven,2023-04-08,[VOTE] Release Maven Site Plugin version 4.0.0-M7,4,pending,,
topic-edeb215efb0f61d8,maven,2023-04-09,[VOTE] Release Apache Maven Reporting API version 4.0.0-M6,4,pending,,
topic-2117a29f9950cf92,maven,2023-04-11,[RESULT] [VOTE] Release Apache Maven Reporting API version 4.0.0-M6,1,pending,,
topic-3a00ea46a706595e,maven,2023-04-11,[ANN] Maven Site Plugin 4.0.0-M7 released,1,pending,,
topic-dc8ff40159d8f691,maven,2023-04-11,[ANN] Apache Maven Reporting API 4.0.0-M6 released,1,pending,,
topic-fd4cb98b0be58791,maven,2023-04-11,[RESULT] [VOTE] Release Maven Site Plugin version 4.0.0-M7,1,pending,,
topic-e91f2f59b7247130,maven,2023-04-12,[VOTE] Release Maven Resolver 1.9.8,4,pending,,
topic-f63cfab33ffddf36,maven,2023-04-12,[VOTE] Release Apache Maven Dependency Analyzer 1.13.1,5,pending,,
topic-549dfac29c021e91,maven,2023-04-13,[HEADS UP] ASF/Maven parent poms,9,pending,,
topic-2f05e3351a30daeb,maven,2023-04-15,[VOTE] Release Apache Maven Shared JAR version 3.0.0,5,pending,,
topic-3d10881e7d3c8d6c,maven,2023-04-15,[VOTE] Release Apache Maven Reporting Impl version 4.0.0-M7,5,pending,,
topic-4a8b8d80acd5f582,maven,2023-04-15,[VOTE] Release Apache Maven Doxia Sitetools version 2.0.0-M8,6,pending,,
topic-4b7b94ee021b40d5,maven,2023-04-15,[RESULT] [VOTE] Release Maven Resolver 1.9.8,1,pending,,
topic-8ec0a5024e4812c2,maven,2023-04-15,[VOTE] Release Apache Maven Reporting Exec version 2.0.0-M7,6,pending,,
topic-ab43e6bf155e9980,maven,2023-04-15,[VOTE] Release Maven Project Info Reports Plugin version 3.4.3,5,pending,,
topic-1a1ddeb1050ac211,maven,2023-04-16,[ANN] Maven Resolver 1.9.8 released,1,pending,,
topic-47511fd145b253a2,maven,2023-04-16,[ANN] Apache Maven Dependency Analyzer 1.13.1 Released,1,pending,,
topic-8631e2dd59505445,maven,2023-04-16,[RESULT] [VOTE] Release Apache Maven Dependency Analyzer 1.13.1,1,pending,,
topic-65f296e643d0256e,maven,2023-04-17,[HEADS UP] Maven 3.9.2 is around the corner,9,pending,,
topic-020813e80a642a94,maven,2023-04-18,[ANN] Apache Maven Reporting Impl 4.0.0-M7 released,1,pending,,
topic-0f799c74654ab7d1,maven,2023-04-18,[RESULT] [VOTE] Release Apache Maven Reporting Exec version 2.0.0-M7,1,pending,,
topic-19a751cd33015eaa,maven,2023-04-18,[VOTE] Release Maven Checkstyle Plugin version 3.2.2,8,pending,,
topic-1c0c3bf8c9dd33b0,maven,2023-04-18,[VOTE] Release Apache Maven Plugin Tools 3.8.2,11,pending,,
topic-3e3165cb7d12156e,maven,2023-04-18,[ANN] Apache Maven Doxia Sitetools 2.0.0-M8 released,1,pending,,
topic-3f6fd2b178cb0fa2,maven,2023-04-18,[ANN] Maven Project Info Reports Plugin 3.4.3 released,1,pending,,
topic-63cb2d2264a48e08,maven,2023-04-18,[RESULT] [VOTE] Release Maven Project Info Reports Plugin version 3.4.3,1,pending,,
topic-88b51e042122e1bd,maven,2023-04-18,[RESULT] [VOTE] Release Apache Maven Doxia Sitetools version 2.0.0-M8,1,pending,,
topic-8af942108108fb5b,maven,2023-04-18,[RESULT] [VOTE] Release Apache Maven Shared JAR version 3.0.0,1,pending,,
topic-8bc13ff8d7e4ba80,maven,2023-04-18,[RESULT] [VOTE] Release Apache Maven Reporting Impl 4.0.0-M7,1,pending,,
topic-b7c15907ad7e0c19,maven,2023-04-18,pluginRepositories,2,pending,,
topic-c09168bec820949c,maven,2023-04-18,[ANN] Apache Maven Shared JAR version 3.0.0 Released,1,pending,,
topic-c660da4f420109ec,maven,2023-04-18,[ANN] Apache Maven Reporting Exec 2.0.0-M7 released,1,pending,,
topic-41f0e431db80fc58,maven,2023-04-20,[ANN] Maven Checkstyle Plugin 3.2.2 released,5,pending,,
topic-639f44f796c77735,maven,2023-04-20,maven2 down?,2,pending,,
topic-e29150b34b48af2e,maven,2023-04-20,[RESULT] [VOTE] Release Maven Checkstyle Plugin version 3.2.2,1,pending,,
topic-fc226247e87ba1d8,maven,2023-04-20,Clarify core EOL versions,2,pending,,
topic-a02d5ce8d63cebff,maven,2023-04-21,[ANN] Apache Maven Plugin Tools 3.8.2 Released,1,pending,,
topic-cbaff8886746de94,maven,2023-04-21,[RESULT] [VOTE] Release Apache Maven Plugin Tools 3.8.2,1,pending,,
topic-abf0d24781ec4521,maven,2023-04-25,[QUESTION] maven-resolver verbosity,7,pending,,
topic-2147b65f04e5bccf,maven,2023-04-26,[VOTE] Release Apache Maven Reporting Exec version 2.0.0-M8,4,pending,,
topic-570569646675ada2,maven,2023-04-26,[VOTE] Release Maven Fluido Skin version 2.0.0-M6,4,pending,,
topic-61db17cf10feb159,maven,2023-04-26,[VOTE] Release Apache Maven Doxia Sitetools version 2.0.0-M10,4,pending,,
topic-6ff0820d43f59c68,maven,2023-04-26,[CANCELED][VOTE] Release Apache Maven Doxia Sitetools version 2.0.0-M9,1,pending,,
topic-769555e6332affe2,maven,2023-04-26,[VOTE] Release Apache Maven Reporting Impl version 4.0.0-M8,4,pending,,
topic-8c0f4dce5d57432e,maven,2023-04-26,[VOTE] Release Maven Resolver 1.9.9,29,pending,,
topic-c3ec0a13a66cb57a,maven,2023-04-26,[VOTE] Release Apache Maven Doxia Sitetools version 2.0.0-M9,1,pending,,
topic-a42f69ac5b06f8f7,maven,2023-04-27,[VOTE] Release Apache Maven Shared Utils 3.4.0,7,pending,,
topic-542b4d1a8e5660a8,maven,2023-04-28,another issue in Maven Resolver 1.9.9,3,pending,,
topic-1610c6ba106f53a4,maven,2023-04-29,[RESULT] [VOTE] Release Apache Maven Doxia Sitetools version 2.0.0-M10,1,pending,,
topic-1fe4b62d7aff4bd8,maven,2023-04-29,[ANN] Apache Maven Reporting Exec 2.0.0-M8 released,1,pending,,
topic-2f1b1f678ac03d49,maven,2023-04-29,[RESULT] [VOTE] Release Apache Maven Reporting Impl version 4.0.0-M8,1,pending,,
topic-37219707001ac1e1,maven,2023-04-29,[RESULT] [VOTE] Release Maven Fluido Skin version 2.0.0-M6,1,pending,,
topic-55e1e173a4b910c4,maven,2023-04-29,[ANN] Apache Maven Doxia Sitetools 2.0.0-M10 released,1,pending,,
topic-6bca5c59346bbaa2,maven,2023-04-29,[RESULT] [VOTE] Release Apache Maven Reporting Exec version 4.0.0-M8,1,pending,,
topic-888989333bbefc73,maven,2023-04-29,[ANN] Apache Maven Reporting Impl 2.0.0-M8 released,1,pending,,
topic-b3f725a203bbc70b,maven,2023-04-29,[ANN] Maven Fluido Skin 2.0.0-M6 released,1,pending,,
topic-cd43e60c5c4a4b33,maven,2023-04-29,[VOTE] Release Maven Site Plugin version 4.0.0-M8,6,pending,,
topic-4e05b3a4461ae625,maven,2023-04-30,[VOTE] Release Apache Maven Dependency Analyzer 1.13.2,6,pending,,
topic-9f1ffd2675a6d42e,maven,2023-04-30,[VOTE] Release Apache Maven Shared Utils 3.4.1,6,pending,,
topic-49ae4dfee6d2fc8a,maven,2023-05-02,[ANN] Maven Site Plugin 4.0.0-M8 released,1,pending,,
topic-8d10a69859ebd452,maven,2023-05-02,[RESULT] [VOTE] Release Maven Site Plugin version 4.0.0-M8,1,pending,,
topic-fdc3b4b19c63ed90,maven,2023-05-02,[VOTE] Release Maven Resolver 1.9.10,6,pending,,
topic-025fbd54c8048d0e,maven,2023-05-03,[ANN] Apache Maven Shared Utils 3.4.1 Released,1,pending,,
topic-2a9873b26968defd,maven,2023-05-03,[VOTE] Release Apache Maven GPG Plugin version 3.1.0,10,pending,,
topic-b8a5cde9343d4446,maven,2023-05-03,[RESULT] [VOTE] Release Apache Maven Shared Utils 3.4.1,1,pending,,
topic-206b1754b2925013,maven,2023-05-05,[RESULT][VOTE] Release Maven Resolver 1.9.10,1,pending,,
topic-5228a4a538612735,maven,2023-05-05,[VOTE] Release Maven Surefire version 3.1.0,6,pending,,
topic-5b8c6c9ed7c0545e,maven,2023-05-05,[ANN] Apache Maven Dependency Analyzer 1.13.2 released,1,pending,,
topic-5ca1d6f6f8b0be26,maven,2023-05-05,[RESULT] [VOTE] Release Apache Maven Dependency Analyzer 1.13.2,1,pending,,
topic-b76550e92b7a19cd,maven,2023-05-05,[ANN] Maven Resolver 1.9.10 released,1,pending,,
topic-b89aec727e95f45a,maven,2023-05-05,[HEADS UP] Maven 3.9.2 incoming (soon),1,pending,,
topic-72a367f2cb4f69c1,maven,2023-05-06,[RESULT] [VOTE] Release Apache Maven GPG Plugin version 3.1.0,1,pending,,
topic-c5a7275fd796164b,maven,2023-05-06,[ANN] Apache Maven GPG Plugin 3.1.0 Released,1,pending,,
topic-d87e1e3e296335e0,maven,2023-05-07,[ANN] Maven Surefire 3.1.0 released,1,pending,,
topic-dc624ed796ce6e12,maven,2023-05-07,[RESULT] [VOTE] Release Maven Surefire version 3.1.0,1,pending,,
topic-527c485850a8fee9,maven,2023-05-08,[VOTE] Release Apache Maven 3.9.2,12,pending,,
topic-d7cb668cd46c9277,maven,2023-05-08,[VOTE] Release Apache Maven Remote Resources Plugin version 3.1.0,10,pending,,
topic-6be8cccfaf5723cc,maven,2023-05-09,"Call for Presentations, Community Over Code 2023",1,pending,,
topic-8d3f83c0c25a7c01,maven,2023-05-09,[VOTE] Release Maven Indexer 7.0.2,4,pending,,
topic-bd9ed1df84955459,maven,2023-05-09,Some queries regarding maven-dependency plugin,2,pending,,
topic-240861817e25a9f1,maven,2023-05-11,[VOTE] Release Apache Maven Shared Utils 3.4.2,6,pending,,
topic-3a8463555addc024,maven,2023-05-11,[RESULT] [VOTE] Release Apache Maven Remote Resources Plugin version 3.1.0,1,pending,,
topic-8d7c6e8366be8d2c,maven,2023-05-11,[ANN] Apache Maven Remote Resources Plugin 3.1.0 Released,1,pending,,
topic-a24e0faafcbcaa45,maven,2023-05-11,[RESULT] [VOTE] Release Apache Maven 3.9.2,1,pending,,
topic-aca99e5e70afe72a,maven,2023-05-11,[VOTE] Release Apache Maven Assembly Plugin version 3.6.0,5,pending,,
topic-16bd16653b9787d1,maven,2023-05-12,[ANN] Maven Indexer 7.0.2 released,1,pending,,
topic-4ce8dff34c401de2,maven,2023-05-12,[RESULT][VOTE] Release Maven Indexer 7.0.2,1,pending,,
topic-8fd59d14e73d302e,maven,2023-05-12,[VOTE] Release Maven Plugin Tools version 3.9.0,6,pending,,
topic-b469705084eccddd,maven,2023-05-12,[VOTE] Release Maven PMD Plugin version 3.21.0,9,pending,,
topic-eda44db3512ea53c,maven,2023-05-12,[VOTE] Change to the voting process,21,pending,,
topic-eec6fdfe2b94c1e6,maven,2023-05-13,Some thoughts about the maven parameter deprecation messages,5,pending,,
topic-3599d4c15867400b,maven,2023-05-15,[VOTE] Release Maven SCM 2.0.1,7,pending,,
topic-386c1aabd5e31ff7,maven,2023-05-15,JDK 21 EA builds 22 & Sequenced Collections Heads-up,1,pending,,
topic-546144a5bc7c4256,maven,2023-05-15,[ANN] Apache Maven Plugin Tools 3.9.0 released,1,pending,,
topic-6b73cd0fbfdf220f,maven,2023-05-15,[RESULT] [VOTE] Release Apache Maven Assembly Plugin version 3.6.0,1,pending,,
topic-a448726f17eeeb95,maven,2023-05-15,[ANN] Apache Maven Shared Utils 3.4.2 Released,1,pending,,
topic-c8dc515605ce6e3a,maven,2023-05-15,[RESULT] [VOTE] Release Apache Maven Shared Utils 3.4.2,1,pending,,
topic-cc2174e949641d4d,maven,2023-05-15,[ANN] Maven PMD Plugin 3.21.0 released,1,pending,,
topic-d9a7dfba042afecc,maven,2023-05-15,[RESULT] [VOTE] Release Maven Plugin Tools version 3.9.0,1,pending,,
topic-dbd2b72623203354,maven,2023-05-15,[ANN] Apache Maven Assembly Plugin 3.6.0 Released,1,pending,,
topic-fe6b84d7aab073e8,maven,2023-05-15,[RESULT] [VOTE] Release Maven PMD Plugin version 3.21.0,1,pending,,
topic-1dd8abc4d479ebeb,maven,2023-05-17,[VOTE] Release Apache Maven Source Plugin version 3.3.0,7,pending,,
topic-27ae0c7084a7760f,maven,2023-05-18,[RESULT][VOTE] Release Maven SCM 2.0.1,1,pending,,
topic-ba639c5bc11acf98,maven,2023-05-18,[ANN] Maven SCM 2.0.1 released,1,pending,,
topic-09702123c15d4b5d,maven,2023-05-19,Unreliable TCP and retries for maven publish,10,pending,,
topic-32edc7e34772b300,maven,2023-05-19,[VOTE] Release Maven Dependency Plugin version 3.6.0,5,pending,,
topic-5f5c97fa66751748,maven,2023-05-19,maven resolver beyond 1.6.x,5,pending,,
topic-957b133edb741155,maven,2023-05-19,maven 3.9.x warnings,18,pending,,
topic-99acfa2edc0b6b07,maven,2023-05-19,[VOTE] Release Maven Checkstyle Plugin version 3.3.0,9,pending,,
topic-0b38eb31e805901a,maven,2023-05-21,[RESULT] [VOTE] Release Apache Maven Source Plugin version 3.3.0,1,pending,,
topic-13c0098cdcc4d298,maven,2023-05-21,maven-gpg-plugin CI broken,1,pending,,
topic-bf4bc9f9fb8727fb,maven,2023-05-21,[ANN] Apache Maven Source Plugin 3.3.0 Released,1,pending,,
topic-c42eed8061d39a6a,maven,2023-05-21,getting rid of Contextualizable,3,pending,,
topic-9ff626c1266fb37c,maven,2023-05-22,[ANN] Maven Checkstyle Plugin 3.3.0 released,1,pending,,
topic-af2d8ff862a2d091,maven,2023-05-22,[RESULT] [VOTE] Release Maven Checkstyle Plugin version 3.3.0,1,pending,,
topic-c3bcb6a5a666845b,maven,2023-05-22,[RESULT] [VOTE] Release Maven Dependency Plugin version 3.6.0,1,pending,,
topic-c554d6fd1d9a988a,maven,2023-05-22,[ANN] Release Maven Dependency Plugin 3.6.0 released,2,pending,,
topic-4179ccc1dcd55a5a,maven,2023-05-23,Is it okay to deploy additional artifacts for an identical POM? (as in MDEPLOY-118),4,pending,,
topic-5d2f6a06da6f2a15,maven,2023-05-24,[QUESTION] Cannot deploy snapshot - do I miss some config?,6,pending,,
topic-8be84b17bec95c01,maven,2023-05-25,Deploy with multiple platform artifacts build separately,4,pending,,
topic-6f538bb27a4af5de,maven,2023-05-26,[VOTE] Release Maven Project Info Reports Plugin version 3.4.4,8,pending,,
topic-96c8cc63868ae00b,maven,2023-05-26,[HEADS UP] Upcoming Resolver and Maven releases,12,pending,,
topic-c4e04d0586a434a1,maven,2023-05-26,GH issues and GH discussions,31,pending,,
topic-c9dc91e081ba38dd,maven,2023-05-26,ASF Maven credential in a project-wise token?,2,pending,,
topic-7e5f305484b74fd7,maven,2023-05-28,[VOTE] Release Maven Surefire version 3.1.1,6,pending,,
topic-76f1744eb8544d42,maven,2023-05-29,[RESULT] [VOTE] Release Maven Project Info Reports Plugin version 3.4.4,1,pending,,
topic-dccf593822cb6ea2,maven,2023-05-29,[CANCELED][VOTE] Release Maven Surefire version 3.1.1,1,pending,,
topic-fc79c1ef71eed68b,maven,2023-05-30,[VOTE] Release Apache Maven Release Plugin version 3.0.1,12,pending,,
topic-d4ee432e3a996ca7,maven,2023-05-31,Question - JDK Minimum of future Apache Maven 4.0.0,103,pending,,
topic-1af8fc6d7c4113d8,maven,2023-06-01,[DISCUSS] Maven runtime vs artifact runtime?,13,pending,,
topic-75bb1d1c1628520b,maven,2023-06-01,Maven 3.9.x plugins verifications,8,pending,,
topic-77d53ce255fe1cab,maven,2023-06-01,Build cache extension release,2,pending,,
topic-123a2e627cd1ff95,maven,2023-06-03,[RSEULT] [VOTE] Release Apache Maven Release Plugin version 3.0.1,1,pending,,
topic-473715772d3d0bb6,maven,2023-06-03,[VOTE] Release Maven Project Info Reports Plugin version 3.4.5,7,pending,,
topic-51016f4955ab66eb,maven,2023-06-03,[VOTE] Release Maven Surefire version 3.1.2,9,pending,,
topic-93bbf6a1eb028192,maven,2023-06-03,ANN] Apache Maven Release Plugin 3.0.1 Released,1,pending,,
topic-894b5888bffc977c,maven,2023-06-05,"Call for Presentations, Community Over Code Asia 2023",1,pending,,
topic-1626f61c30afccfc,maven,2023-06-06,[RESULT] [VOTE] Release Maven Surefire version 3.1.2,1,pending,,
topic-67c9e58c8fa1c587,maven,2023-06-06,[ANN] Maven Surefire 3.1.2 released,1,pending,,
topic-942e33d1cecee35e,maven,2023-06-06,Regarding timestamp in _remote.repositories,4,pending,,
topic-b10085f1e2d6ee13,maven,2023-06-06,[ANN] Maven Project Info Reports Plugin 3.4.5 released,1,pending,,
topic-b8a4f9faeafa43fb,maven,2023-06-06,private@maven.apache.org,1,pending,,
topic-bce65d602dfcba0f,maven,2023-06-06,[RESULT] [VOTE] Release Maven Project Info Reports Plugin version 3.4.5,1,pending,,
topic-d907a45e2acc9bca,maven,2023-06-06,[VOTE} Maven Build Cache Extension 1.0.1,11,pending,,
topic-b2941b0418957774,maven,2023-06-07,HOCON support (was Re: Question - JDK Minimum of future Apache Maven 4.0.0),10,pending,,
topic-b9cdd2afc82c5bc9,maven,2023-06-08,[DISCUSS] POM model version,21,pending,,
topic-36b1a46e87eba27a,maven,2023-06-09,[RESULT] [VOTE] Maven Build Cache Extension 1.0.1,1,pending,,
topic-6263a164242d0ca8,maven,2023-06-11,Build POM and consumer POM (was Re: [DISCUSS] POM model version,7,pending,,
topic-aefd8b5912c6d313,maven,2023-06-11,[VOTE] Release Maven WAR Plugin version 3.4.0,10,pending,,
topic-db873fdb190cc760,maven,2023-06-11,[VOTE] Release Maven Invoker Plugin version 3.6.0,7,pending,,
topic-e22f9a1940ecd994,maven,2023-06-11,[VOTE] Release Apache ASF parent 30,8,pending,,
topic-3d5a6f4ca9f3d753,maven,2023-06-12,[VOTE] Release Apache Maven parent 40,11,pending,,
topic-473aa6985338fd44,maven,2023-06-13,[VOTE] Release Maven Resolver 1.9.11,4,pending,,
topic-cbaa2addfa20a007,maven,2023-06-13,[VOTE] Release Maven Indexer 7.0.3,5,pending,,
topic-cceac5b359c83084,maven,2023-06-13,[VOTE] Release Maven Shade Plugin 3.5.0,6,pending,,
topic-0692d1199e2ec03c,maven,2023-06-14,[VOTE] Release Maven Clean Plugin version 3.3.1,8,pending,,
topic-630043cdd92bebe1,maven,2023-06-14,[RESULT] [VOTE] Release Apache ASF parent 30,1,pending,,
topic-963db9f16698c6b7,maven,2023-06-14,[ANN] Apache Software Foundation Parent POM Version 30 Released,1,pending,,
topic-f29096ef1c09b6d1,maven,2023-06-14,JDK 21 is in Rampdown / The importance of testing with Early-Access Builds,1,pending,,
topic-37df1d0ee5a45a9a,maven,2023-06-15,[ANN] Maven Invoker Plugin 3.6.0 released,1,pending,,
topic-38ddc0b3fb755bb9,maven,2023-06-15,[ANN] Maven WAR Plugin 3.4.0 released,1,pending,,
topic-88ff462a943434dd,maven,2023-06-15,[RESULT] [VOTE] Release Maven Invoker Plugin version 3.6.0,1,pending,,
topic-c4763fb062110f10,maven,2023-06-15,[ANN] Apache Maven Parent POMs 40 Released,1,pending,,
topic-d0987fb1b5a9752c,maven,2023-06-15,[RESULT] [VOTE] Release Apache Maven parent 40,1,pending,,
topic-f588575abaff9421,maven,2023-06-15,[RESULT] [VOTE] Release Maven WAR Plugin version 3.4.0,1,pending,,
topic-316545c344b2234e,maven,2023-06-16,[VOTE] Release Maven Resolver 1.9.12,13,pending,,
topic-5037ac8053e07259,maven,2023-06-16,[RESULT][VOTE] Release Maven Shade Plugin 3.5.0,1,pending,,
topic-53e6ce61c88daad5,maven,2023-06-16,[ANN] Maven Indexer 7.0.3 released,1,pending,,
topic-6d746e10f515eb9d,maven,2023-06-16,TAC Applications for Community Over Code North America and Asia now open,1,pending,,
topic-949470c93149a1c6,maven,2023-06-16,[RESULT][VOTE] Release Maven Resolver 1.9.11,1,pending,,
topic-9886a09174b0b51e,maven,2023-06-16,[ANN] Maven Shade Plugin 3.5.0 released,1,pending,,
topic-dbd4f13de722a7b2,maven,2023-06-16,[ANN] Maven Resolver 1.9.11 released,1,pending,,
topic-ee866126bc1b107b,maven,2023-06-16,[RESULT][VOTE] Release Maven Indexer 7.0.3,1,pending,,
topic-4ffb35b04a42e5af,maven,2023-06-19,[RESULT][VOTE] Release Maven Resolver 1.9.12,1,pending,,
topic-c636e83463f90bcc,maven,2023-06-19,[ANN] Maven Resolver 1.9.12 released,1,pending,,
topic-220a9c90a13ef5a0,maven,2023-06-20,[RESULT] [VOTE] Release Maven Clean Plugin version 3.3.1,1,pending,,
topic-5772c6dce1b55623,maven,2023-06-20,[VOTE] Release Maven Resolver 1.9.13,5,pending,,
topic-901a0f598bdeeaeb,maven,2023-06-20,[ANN] Apache Maven Clean Plugin 3.3.1 Released,1,pending,,
topic-c441054db5c9ab02,maven,2023-06-21,[VOTE] Release Maven Doxia version 2.0.0-M7,6,pending,,
topic-195bc63fee3bd6b5,maven,2023-06-23,[RESULT][VOTE] Release Maven Resolver 1.9.13,1,pending,,
topic-2d9a4521edb6e29e,maven,2023-06-23,Legacy repository layout is not supported by Maven 4?,6,pending,,
topic-38553b5a1815f908,maven,2023-06-23,[ANN] Maven Resolver 1.9.13 released,1,pending,,
topic-47aec1c696087169,maven,2023-06-23,HPI plugin,8,pending,,
topic-9c00241e8454dee1,maven,2023-06-23,[VOTE] Release Apache Maven 3.9.3,13,pending,,
topic-bfb6a8791cd2b431,maven,2023-06-23,[VOTE] Release Apache Maven 4.0.0-alpha-6,2,pending,,
topic-3ae339fb00a34eaa,maven,2023-06-24,[CANCEL] [VOTE] Release Apache Maven 4.0.0-alpha-6,1,pending,,
topic-661581c23aa67009,maven,2023-06-24,[RESULT] [VOTE] Release Maven Doxia version 2.0.0-M7,1,pending,,
topic-6893d954e2e344f4,maven,2023-06-24,[VOTE] Release Apache Maven 4.0.0-alpha-7,12,pending,,
topic-e9025bda44a6ea1e,maven,2023-06-24,[ANN] Apache Maven Doxia version 2.0.0-M7 released,1,pending,,
topic-bcd2386e94c8310d,maven,2023-06-25,nexusUrl checked even skipRemoteStaging specified to true,11,pending,,
topic-2eab7183bd7541f4,maven,2023-06-26,Weird behavior in plugin phase resolution,9,pending,,
topic-74351959fbac3f6e,maven,2023-06-26,[RESULT] [VOTE] Release Apache Maven 3.9.3,4,pending,,
topic-783d187c7d8c0504,maven,2023-06-26,[ANN] Apache Maven 3.9.3 released,1,pending,,
topic-554a00a5ae6175d1,maven,2023-06-28,Proposal: Parent pom for Java 11 and 17 with latest maven plugin versions,6,pending,,
topic-56038a4ccb9880af,maven,2023-06-28,[RESULT] [VOTE] Release Apache Maven 4.0.0-alpha-7,1,pending,,
topic-5cf3b11252109233,maven,2023-06-28,Final Reminder: Community Over Code call for presentations closing soon,1,pending,,
topic-755fc86d7d7f9661,maven,2023-06-28,Possible improvements on Maven,6,pending,,
topic-7e3aaa3dc205baac,maven,2023-06-29,[ANN] Apache Maven 4.0.0-alpha-7 released,6,pending,,
topic-4dbaa82a4da5b851,maven,2023-07-05,Gratuitous refactorings,5,pending,,
topic-93c49ebf5fd6c879,maven,2023-07-06,[VOTE] Release Apache Maven Reporting API version 4.0.0-M7,5,pending,,
topic-cc1846f96392adad,maven,2023-07-06,[VOTE] Release Maven Fluido Skin version 1.12.0,4,pending,,
topic-317f0af2458e2014,maven,2023-07-07,[VOTE] Release Apache Maven Reporting Exec version 2.0.0-M9,4,pending,,
topic-7102ccb6ff5c57bc,maven,2023-07-07,[VOTE] Release Apache Maven Reporting Impl version 4.0.0-M9,4,pending,,
topic-85637c816758f7ad,maven,2023-07-07,[VOTE] Release Apache Maven Doxia Sitetools version 2.0.0-M11,5,pending,,
topic-ead8e392fa194259,maven,2023-07-07,[VOTE] Release Maven Site Plugin version 4.0.0-M9,4,pending,,
topic-3b34f509ace56710,maven,2023-07-09,[RESULT] [VOTE] Release Maven Fluido Skin version 1.12.0,1,pending,,
topic-a5d531c9ba91d5cb,maven,2023-07-09,[ANN] Maven Fluido Skin 1.12.0 released,3,pending,,
topic-ab31c1d6d17b34fe,maven,2023-07-09,[RESULT] [VOTE] Release Apache Maven Reporting API version 4.0.0-M7,1,pending,,
topic-ad972f73347dc9d7,maven,2023-07-09,[VOTE] Release Maven Fluido Skin version 2.0.0-M7,4,pending,,
topic-c048413f41fcc3f7,maven,2023-07-09,[ANN] Apache Maven Reporting API 4.0.0-M7 released,1,pending,,
topic-ed753842567823f4,maven,2023-07-09,maven-dependencies-plugin,2,pending,,
topic-035a57af527e0639,maven,2023-07-10,[RESULT] [VOTE] Release Maven Site Plugin version 4.0.0-M9,1,pending,,
topic-12b76c1e17868ad6,maven,2023-07-10,[RESULT] [VOTE] Release Apache Maven Reporting Impl version 4.0.0-M9,1,pending,,
topic-1fe968d201a34641,maven,2023-07-10,[ANN] Apache Maven Doxia Sitetools 2.0.0-M11 released,1,pending,,
topic-265acb0e971cbff7,maven,2023-07-10,[ANN] Apache Maven Reporting Impl 4.0.0-M9 released,1,pending,,
topic-806ea90ab093cca2,maven,2023-07-10,[RESULT] [VOTE] Release Apache Maven Reporting Exec version 2.0.0-M9,1,pending,,
topic-826a89c142910dee,maven,2023-07-10,[ANN] Apache Maven Reporting Exec 2.0.0-M9 released,1,pending,,
topic-ae00875a241b8929,maven,2023-07-10,[RESULT] [VOTE] Release Apache Maven Doxia Sitetools version 2.0.0-M11,1,pending,,
topic-fc9e3ab29baca7bf,maven,2023-07-10,[ANN] Maven Site Plugin 4.0.0-M9 released,1,pending,,
topic-fa50f3c422987a1d,maven,2023-07-11,[VOTE] Release Apache Maven Daemon 1.0-m7,6,pending,,
topic-6347d9b59cd6a8e7,maven,2023-07-13,[RESULT] [VOTE] Release Maven Fluido Skin version 2.0.0-M7,1,pending,,
topic-9c8e78cbb22faa64,maven,2023-07-13,[DISCUSS] [SUREFIRE] Memory Leaks on Surefire - SUREFIRE-2186,2,pending,,
topic-d32f60c0566fc29a,maven,2023-07-13,[ANN] Maven Fluido Skin 2.0.0-M7 released,1,pending,,
topic-ad79f710e48de270,maven,2023-07-19,[HEADS UP] Maven 3.9.4 plan,7,pending,,
topic-6d2d5ae89491e98d,maven,2023-07-20,[VOTE] Release Maven Resolver 1.9.14,5,pending,,
topic-d6d256e86c2b4507,maven,2023-07-20,[DISCUSS] Maven Resolver future,11,pending,,
topic-de186d093284184e,maven,2023-07-21,[RESULT] [VOTE] Release Apache Maven Daemon 1.0-m7,1,pending,,
topic-94bfe24a670fcc82,maven,2023-07-24,[VOTE] Release Maven Indexer 7.0.4,5,pending,,
topic-8ab9fc9b944309c8,maven,2023-07-25,[ANN] Maven Resolver 1.9.14 released,1,pending,,
topic-a05f1307f5a2c9a1,maven,2023-07-25,[RESULT] [VOTE] Release Maven Resolver 1.9.14,1,pending,,
topic-fe5bc876c5d7070b,maven,2023-07-25,plexus-utils 4.x and Xpp3DomBuilder,25,pending,,
topic-0ff9bf511c80eee3,maven,2023-07-26,[VOTE] Release Apache Maven 3.9.4,6,pending,,
topic-1e7edcb42d422f2f,maven,2023-07-27,[ANN] Maven Indexer 7.0.4 released,1,pending,,
topic-aa6165e734ffe830,maven,2023-07-27,MNG-7541 - native powershell support for maven,1,pending,,
topic-e39d99f63a227d30,maven,2023-07-27,[RESULT][VOTE] Release Maven Indexer 7.0.4,1,pending,,
topic-3d1f193d0b892314,maven,2023-07-28,JDK 22 is in Rampdown Phase 2 | Annotation Processing Change Heads-up,1,pending,,
topic-65aed2b71bde3a82,maven,2023-07-29,[CANCELED][VOTE] Release Apache Maven 3.9.4,10,pending,,
topic-31e792050282dde4,maven,2023-07-31,[VOTE] Release Apache Maven 3.9.4 -- take two,8,pending,,
topic-cca808aedf02b517,maven,2023-08-02,prevent duplicate properties,5,pending,,
topic-b0fdebe134990f37,maven,2023-08-03,[RESULT][VOTE] Release Apache Maven 3.9.4 -- take two,1,pending,,
topic-bd9faa60734a537e,maven,2023-08-03,[ANN] Apache Maven 3.9.4 released,1,pending,,
topic-2f321b5f9a76ba85,maven,2023-08-04,[VOTE] Release Maven Resolver 1.9.15,7,pending,,
topic-19fee62651cb8d1e,maven,2023-08-07,[ANN] Maven Resolver 1.9.15 released,1,pending,,
topic-6d21bd19aeb31244,maven,2023-08-07,[RESULT][VOTE] Release Maven Resolver 1.9.15,2,pending,,
topic-b7266f1efa0b903e,maven,2023-08-15,[maven-source-plugin] 3.3.0 incompatible with 3.2.1,6,pending,,
topic-5c5c4ea90cd5cdf7,maven,2023-08-16,[GitHub] [maven-2] vlsi commented on pull request #1: [SECURITY] Use HTTPS to resolve dependencies in Maven Build,1,pending,,
topic-11fc1977cb62ee61,maven,2023-08-17,Mailing list threading improvements,1,pending,,
topic-3ba193038a9c223d,maven,2023-08-19,[VOTE] Release Apache Maven Enforcer version 3.4.0,6,pending,,
topic-c332029b7be47f84,maven,2023-08-19,[VOTE] Release Apache Maven Archiver version 3.6.1,6,pending,,
topic-14a07b28a2feb95e,maven,2023-08-21,Maven plugins and JPMS,4,pending,,
topic-b3ca4752e943cf83,maven,2023-08-21,How to use Vector API with Maven Exec Plugin,1,pending,,
topic-0aaaf7e21dd503b8,maven,2023-08-22,[RESULT] [VOTE] Release Apache Maven Archiver version 3.6.1,1,pending,,
topic-0ad7329877713d1f,maven,2023-08-22,JDK 21 Release Candidates & JVM Language Summit,1,pending,,
topic-1d4d463951bdb3ef,maven,2023-08-22,maven javadoc aggregator goals (aggregator-jar),2,pending,,
topic-2430d1ef554c895f,maven,2023-08-22,[ANN] Apache Maven Enforcer Plugin 3.4.0 Released,1,pending,,
topic-7c0ccea02acdd443,maven,2023-08-22,[DISCUSS] Major changed for 4.x,17,pending,,
topic-934c660076a64532,maven,2023-08-22,[ANN] Apache Maven Archiver 3.6.1 released,1,pending,,
topic-f14de30231d28799,maven,2023-08-22,[RESULT] [VOTE] Release Apache Maven Enforcer version 3.4.0,1,pending,,
topic-79084e7dabb02a2e,maven,2023-08-24,Multi-repo experience,9,pending,,
topic-2a43428a808b8e11,maven,2023-08-26,How to fix MNG-7855 (dependencies wrongly put on class-path rather than module-path)?,23,pending,,
topic-ff7c48c9fdb50143,maven,2023-08-27,[maven-build-cache-extension] branch master updated: remove unused logback dependency (#88),1,pending,,
topic-57bf3dc7ab2f945c,maven,2023-08-28,CVE-2021-26291 for plugin writers,3,pending,,
topic-b6a85986e0a99667,maven,2023-08-31,Best pratice for aggregator plugin,1,pending,,
topic-eec04341704d0ec3,maven,2023-09-02,Remove / reset compileSourceRoots list?,3,pending,,
topic-0f6136886d1cc5a3,maven,2023-09-06,Using Sink API with XHTML markup,2,pending,,
topic-27e2641e4c7e590f,maven,2023-09-07,Coming soon: Maven 3.9.5,5,pending,,
topic-8aca563f136610d9,maven,2023-09-07,[VOTE] Release Apache Maven Enforcer version 3.4.1,7,pending,,
topic-8a8625f4d0f7b97f,maven,2023-09-08,[VOTE] Release Maven Resolver Ant Tasks 1.5.0,4,pending,,
topic-13f437252c6c227b,maven,2023-09-10,[RESULT] [VOTE] Release Apache Maven Enforcer version 3.4.1,1,pending,,
topic-6cc2fbde4b26ae1e,maven,2023-09-10,[ANN] Apache Maven Enforcer Plugin 3.4.1 Released,1,pending,,
topic-c4d1ac8e8cb5b812,maven,2023-09-11,[ANN] Maven Resolver Ant Tasks 1.5.0 released,1,pending,,
topic-d82437a99eba82c8,maven,2023-09-11,[RESULT] [VOTE] Maven Resolver Ant Tasks 1.5.0,1,pending,,
topic-6762f7637c3ac808,maven,2023-09-12,[VOTE] Release Apache Maven Javadoc Plugin version 3.6.0,13,pending,,
topic-3c0970eaff0d64c4,maven,2023-09-15,[RESULT] [VOTE] Release Apache Maven Javadoc Plugin version 3.6.0,1,pending,,
topic-63499e8517950aae,maven,2023-09-15,[ANN] Apache Maven Javadoc Plugin 3.6.0 released,1,pending,,
topic-7b5f4d6a01ec80f4,maven,2023-09-17,dependency metadata,1,pending,,
topic-a0a50a9522c0ba79,maven,2023-09-17,thoughts about SUREFIRE-2191,2,pending,,
topic-4a43d2b62aff52f0,maven,2023-09-19,maven shade plugin for jdk 20/21,6,pending,,
topic-25fd79ad76de82de,maven,2023-09-21,[VOTE] Release Apache Maven Shade Plugin version 3.5.1,7,pending,,
topic-0768e8ac586ae72c,maven,2023-09-22,[VOTE] Release Maven Resolver 1.9.16,6,pending,,
topic-415f8f7f62239d8c,maven,2023-09-22,Surefire Plugin: Tests failure on abstract class only shows the abstract class name,5,pending,,
topic-5b7fc539bf7159a0,maven,2023-09-24,[RESULT] [VOTE] Release Apache Maven Shade Plugin version 3.5.1,1,pending,,
topic-d64db6b0d853e1ca,maven,2023-09-24,[ANN] Apache Maven Shade Plugin 3.5.1 Released,1,pending,,
topic-ca9591c81307539f,maven,2023-09-25,[RESULT] [VOTE] Release Maven Resolver 1.9.16,1,pending,,
topic-e8de2897cf93303a,maven,2023-09-25,[ANN] Maven Resolver 1.9.16 released,1,pending,,
topic-9ef5c09c48779f4d,maven,2023-09-29,[VOTE] Release Apache Maven Artifact Plugin version 3.5.0,6,pending,,
topic-6cdf4ee3c530eecc,maven,2023-09-30,"verifying signatures, PGP or ... (was Re: [VOTE] Release Apache Maven Artifact Plugin version 3.5.0)",3,pending,,
topic-2b8e2fe503de65d0,maven,2023-10-01,[VOTE] Release Apache Maven Reporting Impl version 4.0.0-M10,7,pending,,
topic-6e7af37b71043dd1,maven,2023-10-01,[VOTE] Release Apache Maven Doxia Sitetools version 2.0.0-M12,7,pending,,
topic-c57a95f79bc90b72,maven,2023-10-01,[VOTE] Release Apache Maven 3.9.5,22,pending,,
topic-1ad053fffa1c3117,maven,2023-10-02,[VOTE] Release Apache Maven Reporting Exec version 2.0.0-M10,6,pending,,
topic-39a0db71d6ff8d54,maven,2023-10-02,[RESULT] [VOTE] Release Apache Maven Artifact Plugin version 3.5.0,1,pending,,
topic-8544000f1dc170b7,maven,2023-10-02,[ANN] Apache Maven Artifact Plugin 3.5.0 Released,1,pending,,
topic-f2e7000203564ded,maven,2023-10-02,Removal of plugin scripting support in Maven 4 needs better docn,1,pending,,
topic-086fd1938012d33c,maven,2023-10-03,[VOTE] Release Maven Site Plugin version 4.0.0-M10,5,pending,,
topic-c5f6cdf9e079a79d,maven,2023-10-04,[RESULT][VOTE] Release Apache Maven 3.9.5,1,pending,,
topic-dbc1165dcb859f77,maven,2023-10-04,[ANN] Apache Maven 3.9.5 released,1,pending,,
topic-1510070a6ad91469,maven,2023-10-05,[RESULT] [VOTE] Release Apache Maven Doxia Sitetools version 2.0.0-M12,1,pending,,
topic-5651a0488cb4d1e8,maven,2023-10-05,[ANN] Apache Maven Reporting Impl 4.0.0-M10 released,1,pending,,
topic-bcd9fbfe2bc01d30,maven,2023-10-05,[RESULT] [VOTE] Release Apache Maven Reporting Impl version 4.0.0-M10,1,pending,,
topic-e49a3af1003dd2e1,maven,2023-10-05,[ANN] Apache Maven Doxia Sitetools 2.0.0-M12 released,1,pending,,
topic-1dd9f29c38cf802b,maven,2023-10-06,[RESULT] [VOTE] Release Apache Maven Reporting Exec version 2.0.0-M10,1,pending,,
topic-47677855450791ff,maven,2023-10-06,[RESULT] [VOTE] Release Maven Site Plugin version 4.0.0-M10,1,pending,,
topic-9bdd90b42f286b39,maven,2023-10-06,[ANN] Apache Maven Reporting Exec 2.0.0-M10 released,1,pending,,
topic-c88a179d8ca8fb4b,maven,2023-10-06,[ANN] Maven Site Plugin 4.0.0-M10 released,1,pending,,
topic-8a1949b987bac53b,maven,2023-10-08,Replacement for Ant Mojo Extractor,3,pending,,
topic-8e3a95dbd7453af5,maven,2023-10-08,[VOTE] Release Maven Fluido Skin version 2.0.0-M8,6,pending,,
topic-4a5daab0d1371694,maven,2023-10-11,[RESULT] [VOTE] Release Maven Fluido Skin version 2.0.0-M8,1,pending,,
topic-bf9d345c72c3302d,maven,2023-10-11,[ANN] Maven Fluido Skin 2.0.0-M8 released,1,pending,,
topic-0c03d1c40a99f74a,maven,2023-10-12,[DISCUSS] Maven Resolver 2.x HTTP/2 transport modules,26,pending,,
topic-2338ba113a72beaf,maven,2023-10-13,[VOTE] Release Apache Maven Reporting API version 4.0.0-M8,7,pending,,
topic-59b62f52241d4086,maven,2023-10-13,[VOTE] Release Apache Maven Reporting Exec version 2.0.0-M11,8,pending,,
topic-6773fc31069ebe19,maven,2023-10-13,[VOTE] Release Apache Maven Doxia Sitetools version 2.0.0-M13,9,pending,,
topic-6e8781f6d5f49fec,maven,2023-10-13,[VOTE] Release Apache Maven Reporting Impl version 4.0.0-M11,8,pending,,
topic-b0698ff772b84ed8,maven,2023-10-13,[VOTE] Release Maven Site Plugin version 4.0.0-M11,8,pending,,
topic-e892686906678bfe,maven,2023-10-13,[VOTE] Release Maven Doxia version 2.0.0-M8,7,pending,,
topic-1cf2ae140306388d,maven,2023-10-15,Strange ServiceLoader issue with Surefire and JDK 21 bytecode,5,pending,,
topic-be8c7ad9c5e126ce,maven,2023-10-15,[VOTE] Release Maven Surefire version 3.2.0,5,pending,,
topic-c24fb7fa2f6c7236,maven,2023-10-15,[VOTE] Release Maven Plugin Tools version 3.10.1,12,pending,,
topic-005471822f59c42b,maven,2023-10-16,[CANCELED] [VOTE] Release Maven Surefire version 3.2.0,1,pending,,
topic-a8d6c7abf53ed118,maven,2023-10-16,[VOTE] Retire Maven Docck Plugin,11,pending,,
topic-cf1bc3afa885420c,maven,2023-10-16,Do we have a list for changes between 3.9 and 4.0?,4,pending,,
topic-004472325c72d26c,maven,2023-10-17,Maven 5 pom extension for agents,109,pending,,
topic-4686aaae0a225883,maven,2023-10-17,[ANN] Apache Maven Reporting API 4.0.0-M8 released,1,pending,,
topic-4894c4910de18423,maven,2023-10-17,[ANN] Apache Maven Reporting Exec 2.0.0-M11 released,1,pending,,
topic-50ed979b3512a427,maven,2023-10-17,[ANN] Apache Maven Doxia Sitetools 2.0.0-M13 released,1,pending,,
topic-5df34bb70b9e9861,maven,2023-10-17,[RESULT] [VOTE] Release Apache Maven Reporting Impl version 4.0.0-M11,1,pending,,
topic-69b98f372a11db57,maven,2023-10-17,[RESULT] [VOTE] Release Apache Maven Reporting API version 4.0.0-M8,1,pending,,
topic-8e3da66b8270d098,maven,2023-10-17,[RESULT] [VOTE] Release Maven Site Plugin version 4.0.0-M11,1,pending,,
topic-9905cb4d98802552,maven,2023-10-17,[RESULT] [VOTE] Release Maven Doxia version 2.0.0-M8,1,pending,,
topic-a4659c92d8b130a8,maven,2023-10-17,[ANN] Maven Site Plugin 4.0.0-M11 released,1,pending,,
topic-cb175373dc37c3c3,maven,2023-10-17,[ANN] Apache Maven Reporting Impl 4.0.0-M11 released,1,pending,,
topic-ce81037f2fece346,maven,2023-10-17,[RESULT] [VOTE] Release Apache Maven Doxia Sitetools version 2.0.0-M13,1,pending,,
topic-d2241d0bd914b769,maven,2023-10-17,[RESULT] [VOTE] Release Apache Maven Reporting Exec version 2.0.0-M11,1,pending,,
topic-dbbd9f2dd6d3dc3d,maven,2023-10-17,[ANN] Apache Maven Doxia version 2.0.0-M8 released,1,pending,,
topic-06d8eaf8023e7858,maven,2023-10-20,Parallelising custom plugin (rust-maven-plugin),4,pending,,
topic-1c5d171206261142,maven,2023-10-20,[VOTE] Release Maven Dependency Plugin version 3.6.1,7,pending,,
topic-275a35b29ca14542,maven,2023-10-20,"JDK 21 Is Now GA, a New VS Code Extension, and an Annotation Processing Heads-up",1,pending,,
topic-2916f06403490bb4,maven,2023-10-20,[VOTE] Release Maven JXR version 3.3.1,7,pending,,
topic-624710d0c00689a3,maven,2023-10-20,[ANN] Apache Maven Plugin Tools 3.10.1 released,1,pending,,
topic-71c621bcad0a471b,maven,2023-10-20,[VOTE] Release Maven Surefire version 3.2.1,7,pending,,
topic-9fc072ba9090f958,maven,2023-10-20,[RESULT] [VOTE] Release Maven Plugin Tools version 3.10.1,1,pending,,
topic-e8655e811c3aef22,maven,2023-10-20,[VOTE] Apache Maven 4.0.0-alpha-8 release,14,pending,,
topic-8ccf6940c2797b72,maven,2023-10-21,[RESULT] [VOTE] Retire Maven Docck Plugin,1,pending,,
topic-9e81038a23cdf25c,maven,2023-10-21,[VOTE] Release Maven Checkstyle Plugin version 3.3.1,6,pending,,
topic-2b08ff7f7956bdc0,maven,2023-10-22,JDK 21 in CI,3,pending,,
topic-471f56d5517a0fb2,maven,2023-10-22,[VOTE] Release Apache Maven Docck Plugin version 1.2,4,pending,,
topic-4a68286bc5de681d,maven,2023-10-23,[ANN] Apache Maven JXR 3.3.1 released,1,pending,,
topic-6176f7ad30afe0aa,maven,2023-10-23,[RESULT] [VOTE] Release Maven Surefire version 3.2.1,1,pending,,
topic-6df6b9ad5105cd25,maven,2023-10-23,[RESULT] [VOTE] Release Maven JXR version 3.3.1,1,pending,,
topic-96ac872b3378ba60,maven,2023-10-23,[VOTE] Release Apache Maven Clean Plugin version 3.3.2,7,pending,,
topic-ac6d5749342cb05c,maven,2023-10-23,[ANN] Maven Surefire 3.2.1 released,2,pending,,
topic-dbf14191638e7448,maven,2023-10-23,[RESULT] [VOTE] Release Maven Dependency Plugin version 3.6.1,1,pending,,
topic-fac5f89efbb80890,maven,2023-10-23,[ANN] Release Maven Dependency Plugin 3.6.1 released,1,pending,,
topic-797607669483aee1,maven,2023-10-24,[RESULT] [VOTE] Release Maven Checkstyle Plugin version 3.3.1,1,pending,,
topic-b48d6ca36a71f7fa,maven,2023-10-24,[ANN] Maven Checkstyle Plugin 3.3.1 released,1,pending,,
topic-110b4d0fd8cc6f43,maven,2023-10-25,[RESULT] [VOTE] Apache Maven 4.0.0-alpha-8 release,1,pending,,
topic-1fd53e8e5040560f,maven,2023-10-25,[ANN] Apache Maven 4.0.0-alpha-8 released,1,pending,,
topic-b2b451d1756e59ab,maven,2023-10-25,[VOTE] Release Maven Indexer 7.1.0,5,pending,,
topic-ba747f0dc97d970c,maven,2023-10-25,[DISCUSS] Release Resolver 2.0.0-alpha-1?,2,pending,,
topic-039789df142b0f66,maven,2023-10-26,[ANN] Apache Maven Clean Plugin 3.3.2 Released,1,pending,,
topic-1ea8ce9f06e5ff20,maven,2023-10-26,[ANN] Apache Maven Docck Plugin 1.2 Released - RETIRED,1,pending,,
topic-38fd2c407500e05f,maven,2023-10-26,[RESULT] [VOTE] Release Apache Maven Docck Plugin version 1.2,1,pending,,
topic-76521e06cc9c7485,maven,2023-10-26,[VOTE] Release Apache Maven Daemon 1.0-m8,9,pending,,
topic-c0b373cce0fba14a,maven,2023-10-26,[RESULT] [VOTE] Release Apache Maven Clean Plugin version 3.3.2,1,pending,,
topic-06a4515085fd4345,maven,2023-10-28,[RESULT][VOTE] Release Maven Indexer 7.1.0,1,pending,,
topic-4b9bb9e30a2ef705,maven,2023-10-28,[ANN] Maven Indexer 7.1.0 released,1,pending,,
topic-6d115f5d3e80e2f9,maven,2023-10-29,[VOTE] Release Maven PMD Plugin version 3.21.1,1,pending,,
topic-10bc61714bf8c80e,maven,2023-10-30,"[Heads Up] Maven3 is not Maven2, and whoever assumes so, is wrong",3,pending,,
topic-559aef99cc02b745,maven,2023-10-30,Call for Presentations now open: Community over Code EU 2024,1,pending,,
topic-5c75f79dab39b9a0,maven,2023-10-30,[VOTE] Release Maven PMD Plugin version 3.21.2,10,pending,,
topic-904c1872ffffe32b,maven,2023-10-30,[CANCELED] [VOTE] Release Maven PMD Plugin version 3.21.1,1,pending,,
topic-115ade9a552e844e,maven,2023-11-02,[ANN] Maven PMD Plugin 3.21.2 released,1,pending,,
topic-617eecb3e0728235,maven,2023-11-02,[VOTE] Release Maven Resolver 2.0.0-alpha-1,12,pending,,
topic-6adf572c9b0ad838,maven,2023-11-02,[VOTE] Release Apache Maven Plugin Tools version 3.10.2,4,pending,,
topic-cb2727d481603413,maven,2023-11-02,[RESULT] [VOTE] Release Maven PMD Plugin version 3.21.2,1,pending,,
topic-096ae9eb6ff89e56,maven,2023-11-03,[VOTE] Release Maven Javadoc Plugin version 3.6.2,6,pending,,
topic-dbe60290b5dd8bdb,maven,2023-11-03,[VOTE] Release Apache Maven Surefire Version 3.2.2,4,pending,,
topic-1a0b184f00ec000f,maven,2023-11-06,[RESULT] [VOTE] Release Maven Javadoc Plugin version 3.6.2,1,pending,,
topic-21efff413bf9e66a,maven,2023-11-06,[RESULT] [VOTE] Release Apache Maven Surefire Version 3.2.2,1,pending,,
topic-4eadf08902f8d7de,maven,2023-11-06,Add config for http.expectContinue=true / false ?,1,pending,,
topic-6ce96d4f7037df07,maven,2023-11-06,[RESULT] [VOTE] Release Apache Maven Plugin Tools version 3.10.2,1,pending,,
topic-8519e871027e1331,maven,2023-11-06,[ANN] Maven Javadoc Plugin 3.6.2 released,1,pending,,
topic-e418a0e837307d3d,maven,2023-11-06,[ANN] Apache Maven Surefire 3.2.2 Released,1,pending,,
topic-e8192b1ce8912a67,maven,2023-11-06,[ANN] Maven Resolver 2.0.0-alpha-1 released,1,pending,,
topic-ed0adb05bcdb2fff,maven,2023-11-06,[ANN] Apache Maven Plugin Tools 3.10.2 Released,1,pending,,
topic-299e1dc0040fd842,maven,2023-11-07,[VOTE] Release Apache Maven Plugin Testing version 4.0.0-alpha-2,4,pending,,
topic-98fc1e0d49f2705e,maven,2023-11-07,[RESULT] [VOTE] Release Apache Maven Daemon 1.0-m8,2,pending,,
topic-da63b1a4d4d566b5,maven,2023-11-08,[VOTE] Release Apache Maven POMs 41,7,pending,,
topic-e2f5d61c34ad8444,maven,2023-11-08,[VOTE] Release Apache Maven ASF Parent 31,5,pending,,
topic-15f9112a2a3c93fe,maven,2023-11-11,[ANN] Apache Maven Plugin Testing version 4.0.0-alpha-2 Released,1,pending,,
topic-d03fd71b8c83471e,maven,2023-11-11,Broken unsubscribe,1,pending,,
topic-dbccb5eb0f6d2903,maven,2023-11-11,[RESULT] [VOTE] Release Apache Plugin Testing version 4.0.0-alpha-2,1,pending,,
topic-f10e03c7f51724c1,maven,2023-11-11,[Maven-Shade-plugin] Support for Multi Release Jars (JEP-238): Feedback needed,4,pending,,
topic-5c070125a9b09537,maven,2023-11-12,[RESULT] [VOTE] Release Apache Maven POMs 41,1,pending,,
topic-84ca426f36842baf,maven,2023-11-12,[VOTE] Release Apache Maven Doxia Sitetools version 2.0.0-M14,1,pending,,
topic-8741a000316999a6,maven,2023-11-12,[RESULT] [VOTE] Release Apache Maven ASF Parent 31,1,pending,,
topic-9a02908d27b165ce,maven,2023-11-12,[ANN] Apache Software Foundation Parent POM Version 31 Released,1,pending,,
topic-a0777d8941571a0c,maven,2023-11-12,[VOTE] Release Apache Maven Reporting API version 4.0.0-M9,10,pending,,
topic-d3f6237205573084,maven,2023-11-12,[ANN] Apache Maven Parent POMs 41 Released,1,pending,,
topic-eccbf0b8aacb44c5,maven,2023-11-12,[VOTE] Release Apache Maven Doxia Sitetools version 2.0.0-M15,1,pending,,
topic-f79cc7a8afa2b833,maven,2023-11-12,[CANCELED] [VOTE] Release Apache Maven Doxia Sitetools version 2.0.0-M14,1,pending,,
topic-6d4034f5581c8620,maven,2023-11-13,Changing Minimum Build Requirements for plugins to JDK11,12,pending,,
topic-6baafe81b4e320d0,maven,2023-11-14,[CANCELED] [VOTE] Release Apache Maven Doxia Sitetools version 2.0.0-M15,1,pending,,
topic-02ece70b60c55055,maven,2023-11-15,[RESULT] [VOTE] Release Apache Maven Reporting API version 4.0.0-M9,1,pending,,
topic-0c614bec3f8dc18e,maven,2023-11-15,[ANN] Apache Maven Reporting API 4.0.0-M9 released,1,pending,,
topic-b8a18484cb36d28f,maven,2023-11-15,[VOTE] Release Maven Resolver 2.0.0-alpha-2,9,pending,,
topic-a1aad82f2e6ad96c,maven,2023-11-17,[VOTE] Release Maven Resolver 1.9.17,8,pending,,
topic-af379af6e7e960d4,maven,2023-11-17,injecting an object for plugin configuration on Maven CLI,4,pending,,
topic-d8196b8b7c7a4559,maven,2023-11-17,[VOTE] Release Maven Project Info Reports Plugin version 3.5.0,9,pending,,
topic-a7981a920a2f5628,maven,2023-11-18,[RESULT][VOTE] Release Maven Resolver 2.0.0-alpha-2,1,pending,,
topic-e096f2190eae0cfc,maven,2023-11-18,[VOTE] Release Apache Maven Doxia Sitetools version 2.0.0-M16,8,pending,,
topic-eb40ccce08d058d0,maven,2023-11-18,[ANN] Maven Resolver 2.0.0-alpha-2 released,1,pending,,
topic-25e83578457301da,maven,2023-11-20,Release of build cache extension,2,pending,,
topic-062a3ca344f0a349,maven,2023-11-21,[VOTE] Release Maven Site Plugin version 4.0.0-M12,6,pending,,
topic-3fa024ce376ce9d9,maven,2023-11-21,[VOTE] Release Apache Maven Reporting Impl version 4.0.0-M12,6,pending,,
topic-457fb2165a64f87d,maven,2023-11-21,[ANN] Apache Maven Doxia Sitetools 2.0.0-M16 released,1,pending,,
topic-497f57b50ff07654,maven,2023-11-21,[ANN] Maven Resolver 1.9.17 released,2,pending,,
topic-62bb15363b5c9747,maven,2023-11-21,[RESULT] [VOTE] Release Apache Maven Doxia Sitetools version 2.0.0-M16,1,pending,,
topic-8fa9baa35c24f77e,maven,2023-11-21,[RESULT] [VOTE] Release Maven Project Info Reports Plugin version 3.5.0,1,pending,,
topic-b0ab7fc3d57bff6d,maven,2023-11-21,[RESULT][VOTE] Release Maven Resolver 1.9.17,1,pending,,
topic-cd42c487d4548844,maven,2023-11-21,[VOTE] Release Apache Maven Reporting Exec version 2.0.0-M12,9,pending,,
topic-f6b3fd737ed34d0c,maven,2023-11-21,[ANN] Maven Project Info Reports Plugin 3.5.0 released,1,pending,,
topic-bede06759c774380,maven,2023-11-22,[VOTE] Release Maven Resolver 1.9.18,5,pending,,
topic-40841707f15d046c,maven,2023-11-24,[ANN] Apache Maven Reporting Impl 4.0.0-M12 released,1,pending,,
topic-58e977ea02f9d05e,maven,2023-11-24,[ANN] Apache Maven Reporting Exec 2.0.0-M12 released,1,pending,,
topic-8040fe7526843378,maven,2023-11-24,[RESULT] [VOTE] Release Apache Maven Reporting Impl version 4.0.0-M12,1,pending,,
topic-9379d17b79a16ba0,maven,2023-11-24,[ANN] Maven Site Plugin 4.0.0-M12 released,1,pending,,
topic-9bee5b95fd34cccf,maven,2023-11-24,[RESULT] [VOTE] Release Apache Maven Reporting Exec version 2.0.0-M12,1,pending,,
topic-ce99ead75fc3d6ec,maven,2023-11-24,[RESULT] [VOTE] Release Maven Site Plugin version 4.0.0-M12,1,pending,,
topic-19a495311c5bead2,maven,2023-11-25,[ANN] Maven Resolver 1.9.18 released,1,pending,,
topic-1e3580c9cb396e48,maven,2023-11-25,[RESULT][VOTE] Release Maven Resolver 1.9.18,1,pending,,
topic-237babe203ddc0db,maven,2023-11-26,MSKINS-229,2,pending,,
topic-21cac621b8924c66,maven,2023-11-27,[VOTE] Apache Maven Build Cache Extension 1.1.0,10,pending,,
topic-b6e2002377897f20,maven,2023-11-28,[VOTE] Release Apache Maven 3.9.6,6,pending,,
topic-ee3e470f822becaf,maven,2023-11-28,[VOTE] Release Maven Resolver 2.0.0-alpha-3,7,pending,,
topic-75cd64f0c75a28e2,maven,2023-11-30,[RESULT}[VOTE] Apache Maven Build Cache Extension 1.1.0,1,pending,,
topic-bfc34bcd9f07f691,maven,2023-11-30,[ANN] Apache Maven Build Cache Extension 1.1.0,1,pending,,
topic-c6a8b6a8a5262b7f,maven,2023-11-30,Request for a release of Maven Surefire,3,pending,,
topic-dae3118d7f1398f2,maven,2023-11-30,[VOTE] Release Maven Javadoc Plugin version 3.6.3,7,pending,,
topic-022e30c1b964b0a9,maven,2023-12-01,[RESULT][VOTE] Release Apache Maven 3.9.6,1,pending,,
topic-87310decfb6cf65f,maven,2023-12-01,[ANN] Maven Resolver 2.0.0-alpha-3 released,1,pending,,
topic-d407e29570224f70,maven,2023-12-01,[ANN] Apache Maven 3.9.6 released,1,pending,,
topic-e1bfe24b77268c41,maven,2023-12-01,[RESULT][VOTE] Release Maven Resolver 2.0.0-alpha-3,1,pending,,
topic-1f5d18abd93e2291,maven,2023-12-03,[RESULT] [VOTE] Release Maven Javadoc Plugin version 3.6.3,1,pending,,
topic-c0df2ef5b7483667,maven,2023-12-03,[ANN] Maven Javadoc Plugin 3.6.3 released,1,pending,,
topic-c45daafd4531268b,maven,2023-12-04,JPMS experiment: where is it gone?,5,pending,,
topic-1606fdb1485b402d,maven,2023-12-08,[VOTE] Release Apache Maven 4.0.0-alpha-9,7,pending,,
topic-f34c892b6039ce72,maven,2023-12-09,[VOTE] Release Maven Surefire version 3.2.3,8,pending,,
topic-306d5501ec98034e,maven,2023-12-10,[VOTE] Release Apache Maven Reporting Impl version 4.0.0-M13,4,pending,,
topic-5701e36f861d67fe,maven,2023-12-11,JPMS experiment progress report,3,pending,,
topic-8332fa1b91264546,maven,2023-12-12,[RESULT] [VOTE] Release Apache Maven 4.0.0-alpha-9,1,pending,,
topic-1cb653bb3beb0f57,maven,2023-12-13,[ANN] Maven Surefire 3.2.3 released,1,pending,,
topic-1e99b488b84262ad,maven,2023-12-13,[RESULT] [VOTE] Release Apache Maven Reporting Impl version 4.0.0-M13,1,pending,,
topic-4c09086cf33e1b59,maven,2023-12-13,JDK 22 Feature Freeze!,1,pending,,
topic-5f95137d1cf2660c,maven,2023-12-13,[RESULT] [VOTE] Release Maven Surefire version 3.2.3,1,pending,,
topic-83022e77b3409760,maven,2023-12-13,[ANN] Apache Maven Reporting Impl 4.0.0-M13 released,1,pending,,
topic-8fa3d48c35fd6961,maven,2023-12-13,[VOTE] Release Maven Resolver 2.0.0-alpha-4,5,pending,,
topic-96d98332d9181d5f,maven,2023-12-13,[ANN] Apache Maven 4.0.0-alpha-9 released,1,pending,,
topic-9787c36f83472bd5,maven,2023-12-13,[VOTE] Release Maven Indexer 7.1.1,5,pending,,
topic-e08a72bb9a7eb3bd,maven,2023-12-14,[VOTE] Release Maven Resolver 2.0.0-alpha-5,5,pending,,
topic-fe6ffcd5c43cd8eb,maven,2023-12-14,[VOTE] Release Maven Site Plugin version 4.0.0-M13,6,pending,,
topic-30759e8a505af957,maven,2023-12-15,Guidance on Maven 4 API issue,18,pending,,
topic-5ecc35473b76e728,maven,2023-12-15,[VOTE] Release Apache Maven Compiler Plugin version 3.12.0,10,pending,,
topic-6a67cd31659215d5,maven,2023-12-15,Maven profiles and dependency resolution,2,pending,,
topic-ae52503ec29978de,maven,2023-12-15,Any plan for maven-compiler-plugin 3.12.0 release?,3,pending,,
topic-3ff7468177813bc6,maven,2023-12-16,[ANN] Maven Indexer 7.1.1 released,1,pending,,
topic-ab9ff8c525814b48,maven,2023-12-16,[RESULT][VOTE] Release Maven Indexer 7.1.1,1,pending,,
topic-390cab91a9ed06be,maven,2023-12-17,[ANN] Maven Resolver 2.0.0-alpha-5 released,1,pending,,
topic-55f6ffc2b9716aa0,maven,2023-12-17,[RESULT][VOTE] Release Maven Resolver 2.0.0-alpha-5,1,pending,,
topic-c6bdaadbbd8c6f87,maven,2023-12-17,[ANN] Maven Site Plugin 4.0.0-M13 released,1,pending,,
topic-c9040bb58c3e9568,maven,2023-12-17,[RESULT] [VOTE] Release Maven Site Plugin version 4.0.0-M13,1,pending,,
topic-3e913f0b35f44cc2,maven,2023-12-18,[VOTE] Release Apache Maven 4.0.0-alpha-10,9,pending,,
topic-ca0ff65fb0fde7a8,maven,2023-12-18,[ANN] Apache Maven Compiler Plugin 3.12.0 Released,1,pending,,
topic-ed4ca91a2ddc55b2,maven,2023-12-18,[RESULT] [VOTE] Release Apache Maven Compiler Plugin version 3.12.0,1,pending,,
topic-d7a133114bff1006,maven,2023-12-19,mvn archetypes live?,2,pending,,
topic-9ca7899ab6983a4e,maven,2023-12-21,[VOTE] Release Apache Maven Compiler Plugin version 3.12.1,8,pending,,
topic-12cc4e3142450903,maven,2023-12-22,Meet our keynote speakers and register to Community Over Code EU!,1,pending,,
topic-18bdbb1f8a447631,maven,2023-12-22,[ANN] Apache Maven 4.0.0-alpha-10 released,1,pending,,
topic-dfc484ad0ff847c2,maven,2023-12-22,strange things happening in MARCHETYPES,1,pending,,
topic-a75af7ca453f1f3d,maven,2023-12-23,Plugins documentations - improvements,7,pending,,
topic-22272fd22c5761c7,maven,2023-12-24,[ANN] Apache Maven Compiler Plugin 3.12.1 Released,1,pending,,
topic-9288b75903111012,maven,2023-12-24,[RESULT] [VOTE] Release Apache Maven Compiler Plugin version 3.12.1,1,pending,,
topic-6e9ded0463870f91,maven,2023-12-26,[VOTE] Release Maven JXR version 3.3.2,6,pending,,
topic-1b1b4e7048bd8501,maven,2023-12-29,[ANN] Apache Maven JXR 3.3.2 released,1,pending,,
topic-645f1ba2c9f4fc3f,maven,2023-12-29,New year - new challenge - required Maven 3.6.3 as minimal for core Maven Plugins,30,pending,,
topic-b7122b916e7980d2,maven,2023-12-29,[RESULT] [VOTE] Release Maven JXR version 3.3.2,1,pending,,
topic-5803b1282ac29cd4,maven,2023-12-31,[CANCELED] [VOTE] Release Maven Surefire version 3.2.4,3,pending,,
topic-6e70f5fc502eb4f0,maven,2023-12-31,[VOTE] Release Maven Surefire version 3.2.4,15,pending,,
topic-e6e54753866513e6,maven,2024-01-02,"JPMS support, refactored proposal",35,pending,,
topic-74e0522d7f08fca8,maven,2024-01-03,please do a release of maven-archetypes so wider audience can benefit from minimal jdk of 1.8,2,pending,,
topic-87172e2aa11d819c,maven,2024-01-04,[discuss] extend extensions.xml to lifecycles/packaging and types?,7,pending,,
topic-f4eadfe6321bfe80,maven,2024-01-04,Nexus returns 400 Bad Request,6,pending,,
topic-0f36979e5309f916,maven,2024-01-06,[VOTE] Release Maven Surefire version 3.2.5,13,pending,,
topic-72d4a6e2a6b75e51,maven,2024-01-06,[VOTE] Release Maven Doxia version 2.0.0-M9,10,pending,,
topic-25930025e6bea817,maven,2024-01-07,[VOTE] Release Maven Plugin Tools version 3.11.0,8,pending,,
topic-e59ed231234fdd19,maven,2024-01-07,[VOTE] Release Apache Maven Reporting API version 4.0.0-M10,5,pending,,
topic-292e429785b7184a,maven,2024-01-08,Using .git-blame-ignore-revs with reordered lines,3,pending,,
topic-434dc6f4c14d679b,maven,2024-01-08,"JMPS support, proposal 3",11,pending,,
topic-6c429e482b681f47,maven,2024-01-08,[VOTE] Release Maven Indexer 7.1.2,5,pending,,
topic-e71f77d14572269e,maven,2024-01-08,[VOTE] Release Maven Resolver 2.0.0-alpha-6,7,pending,,
topic-0057d97e21ebaab9,maven,2024-01-09,[ANN] Apache Maven Doxia version 2.0.0-M9 released,1,pending,,
topic-491b891edd2e4e95,maven,2024-01-09,[ANN] Maven Surefire 3.2.5 released,1,pending,,
topic-53a6a19199a73e3b,maven,2024-01-09,[RESULT] [VOTE] Release Maven Doxia version 2.0.0-M9,1,pending,,
topic-9b180f121700b1c0,maven,2024-01-09,[RESULT] [VOTE] Release Maven Surefire version 3.2.5,1,pending,,
topic-f7edc649c44a3873,maven,2024-01-09,Inquiry on Maven Resolver Changes from Versions 2 to 4,1,pending,,
topic-0a84bf07682bd7dd,maven,2024-01-10,[ANN] Apache Maven Reporting API 4.0.0-M10 released,1,pending,,
topic-53dca0df957f8ad3,maven,2024-01-10,[ANN] Apache Maven Plugin Tools 3.11.0 released,1,pending,,
topic-699f50cf2b9a1d51,maven,2024-01-10,[RESULT] [VOTE] Release Maven Plugin Tools version 3.11.0,1,pending,,
topic-ba92077207f6ab12,maven,2024-01-10,maven-javadoc-plugin CI is borked,5,pending,,
topic-d4d0655e136773a5,maven,2024-01-10,[RESULT] [VOTE] Release Apache Maven Reporting API version 4.0.0-M10,1,pending,,
topic-314c01bc3d26e2e6,maven,2024-01-11,[RESULT] [VOTE] Release Maven Indexer 7.1.2,1,pending,,
topic-668f3adfd787d35c,maven,2024-01-11,[ANN] Apache Maven Resolver 2.0.0-alpha-6 released,1,pending,,
topic-a9b71d3831d29628,maven,2024-01-11,[ANN] Apache Maven Indexer 7.1.2 released,1,pending,,
topic-fd04ebce8f544933,maven,2024-01-11,[RESULT][VOTE] Release Maven Resolver 2.0.0-alpha-6,1,pending,,
topic-b11eb60ed1682fe2,maven,2024-01-12,[VOTE] Release Apache Maven 4.0.0-alpha-12,11,pending,,
topic-89018735b8096a35,maven,2024-01-15,[RESULT] [VOTE] Release Apache Maven 4.0.0-alpha-12,1,pending,,
topic-eed55411c11bcb09,maven,2024-01-15,MCOMPILER-97,1,pending,,
topic-a659d14b68c9b469,maven,2024-01-18,[ANN] Apache Maven 4.0.0-alpha-12 released,1,pending,,
topic-1924f9ef23db28a6,maven,2024-01-20,Java version for Maven 4?,58,pending,,
topic-45f38aae29bb15ef,maven,2024-01-21,Strange behavior using maven build-cache extension in maven-release-plugin goals,3,pending,,
topic-a53f3cd980dfaec2,maven,2024-01-25,How to test lifecycle extension?,3,pending,,
topic-fe39bd29978f1f92,maven,2024-01-25,[VOTE] Release Maven Resolver 2.0.0-alpha-7,6,pending,,
topic-24fbbefebfaa6888,maven,2024-01-26,JDK 22 RDP2 & Deprecate sun.misc.Unsafe Memory-Access Methods…,1,pending,,
topic-19216dce2fd70378,maven,2024-01-29,[VOTE] Release Apache Maven JLink Plugin version 3.2.0,7,pending,,
topic-4be8062b13230572,maven,2024-01-29,[MPH-183] effective-pom + verbose should show path to source,1,pending,,
topic-c745873cf8b34797,maven,2024-01-29,[ANN] Apache Maven Resolver 2.0.0-alpha-7 released,1,pending,,
topic-f65e70223317eeb1,maven,2024-01-29,[RESULT] [VOTE] Release Maven Resolver 2.0.0-alpha-7,1,pending,,
topic-b094c3920cd44a81,maven,2024-01-31,Why some of the files are not with ASF headers?,2,pending,,
topic-953dca11537fcf53,maven,2024-02-01,[RESULT] [VOTE] Release Apache Maven JLink Plugin version 3.2.0,1,pending,,
topic-01ec2d0a55a83ec7,maven,2024-02-02,[ANN] Apache Maven JLink Plugin 3.2.0 Released,1,pending,,
topic-1e615a8d4ee6377c,maven,2024-02-03,Community over Code EU 2024 Travel Assistance Applications now open!,1,pending,,
topic-2de1d9365da42933,maven,2024-02-03,My first expierence trying to contribute code,2,pending,,
topic-cd6a6a6ae5d654e5,maven,2024-02-11,Use of jspecify in Maven,8,pending,,
topic-679fabc198d5ed96,maven,2024-02-17,[VOTE] Release Apache Maven Shade Plugin version 3.5.2,15,pending,,
topic-59407509973da8b2,maven,2024-02-20,Community Over Code Asia 2024 Travel Assistance Applications now open!,1,pending,,
topic-684e598bda4e8c06,maven,2024-02-20,JDK 22 Release Candidates & Virtual Threads pinning heads-up,1,pending,,
topic-9c1b7f4ae95ded5b,maven,2024-02-20,[DISCUSS] Java version for Maven,89,pending,,
topic-a13a331c9217a996,maven,2024-02-20,[ANN] Apache Maven Shade Plugin 3.5.2 Released,1,pending,,
topic-a8c088f8fede60bb,maven,2024-02-20,[RESULT] [VOTE] Release Apache Maven Shade Plugin version 3.5.2,1,pending,,
topic-08a58eaea54abce5,maven,2024-02-22,[VOTE] Release Maven Resolver 2.0.0-alpha-8,4,pending,,
topic-74b21f99700ef299,maven,2024-02-22,working on plugins system requirements history: volunteers?,1,pending,,
topic-f0bfdd22c29d2f39,maven,2024-02-24,Hand ups - new releases in next week,3,pending,,
topic-733923cd2df153d2,maven,2024-02-26,[ANN] Apache Maven Resolver 2.0.0-alpha-8 released,1,pending,,
topic-ad9c34dbaba54fee,maven,2024-02-26,[RESULT] [VOTE] Release Maven Resolver 2.0.0-alpha-8,1,pending,,
topic-eb603b6df35c7cfb,maven,2024-02-26,MavenEmbedder/MavenCli to run Maven in JVM and access the MavenSession,3,pending,,
topic-f4da14bc88d7b702,maven,2024-02-28,[VOTE] Require Java 17 for Maven 4,48,pending,,
topic-313cbaa86ee7fc20,maven,2024-03-02,[VOTE] Release maven-filtering-3.3.2 and maven-remote-resources-plugin-3.2.0,9,pending,,
topic-be099357000868ed,maven,2024-03-02,[RESULT][VOTE] Require Java 17 for Maven 4,1,pending,,
topic-0093b13b010914ac,maven,2024-03-03,Why is hardcoded groupId needed for automatic module/parent resolving in Maven 4?,1,pending,,
topic-0dc344d7c7139248,maven,2024-03-03,Logging in Maven 4,14,pending,,
topic-52cdd21ab105fae8,maven,2024-03-06,[DISCUSS] Maven Core Plugins versioning,40,pending,,
topic-5f86b78992743287,maven,2024-03-06,[VOTE] Release Apache Maven 4.0.0-alpha-13,13,pending,,
topic-e8126c61f1c64082,maven,2024-03-06,Compiler bug: Issues with JPMS module version,7,pending,,
topic-3fe9e488a4543b94,maven,2024-03-07,[VOTE] Release Apache Maven Assembly Plugin version 3.7.0,8,pending,,
topic-82223813566299b9,maven,2024-03-08,[VOTE] Release Apache Maven GPG Plugin version 3.2.0,5,pending,,
topic-9537468d8f4bfee3,maven,2024-03-09,[VOTE] Release Apache Maven Doxia Sitetools version 2.0.0-M17,9,pending,,
topic-075fbb9fec66dddc,maven,2024-03-10,[RESULT] [VOTE] Release Apache Maven Assembly Plugin version 3.7.0,1,pending,,
topic-331820daff127dae,maven,2024-03-10,[RESULT] [VOTE] Release maven-filtering-3.3.2 and maven-remote-resources-plugin-3.2.0,5,pending,,
topic-408fe1c5f1194996,maven,2024-03-10,[ANN] Apache Maven Assembly Plugin 3.7.0 Released,4,pending,,
topic-7540302040a25b9c,maven,2024-03-10,[RESULT] [VOTE] Release Apache Maven 4.0.0-alpha-13,1,pending,,
topic-880e04bb0d0cfad0,maven,2024-03-11,[ANN] Apache Maven GPG Plugin 3.2.0 Released,1,pending,,
topic-9dc766dc8cfc1455,maven,2024-03-11,[RESULT] [VOTE] Release Apache Maven GPG Plugin version 3.2.0,1,pending,,
topic-3e8d9a7b6bb96ea3,maven,2024-03-12,[ANN] Apache Maven 4.0.0-alpha-13 released,1,pending,,
topic-85b2a9a9441e2c0f,maven,2024-03-12,[CANCELED] [VOTE] Release Apache Maven Doxia Sitetools version 2.0.0-M17,1,pending,,
topic-8dd2da4a9c90b6bb,maven,2024-03-12,[ANN] Release Maven Remote Resources Plugin 3.2.0,1,pending,,
topic-f65d208f01f83fec,maven,2024-03-12,[ANN] Maven Filtering 3.3.2 Released,1,pending,,
topic-5b5d7a4d6ec7cbd1,maven,2024-03-13,User friendly release notes,9,pending,,
topic-03165861c0f3a22a,maven,2024-03-15,[VOTE] Release Apache Maven Compiler Plugin version 3.13.0,6,pending,,
topic-98bdfce1a12ce959,maven,2024-03-15,[VOTE] Release Apache Maven Assembly Plugin version 3.7.1,5,pending,,
topic-e04ea53736083551,maven,2024-03-15,[VOTE] Release Apache Maven GPG Plugin 3.2.1,6,pending,,
topic-7b5cd0a43dfbe0cf,maven,2024-03-17,Notes on maven-compiler-plugin work,6,pending,,
topic-2956232eca4e9520,maven,2024-03-18,[RESULT] [VOTE] Release Apache Maven Assembly Plugin version 3.7.1,1,pending,,
topic-5e485bc0dc2555f5,maven,2024-03-18,[ANN] Apache Maven Compiler Plugin 3.13.0 Released,3,pending,,
topic-8b1f0b0c52bd56c2,maven,2024-03-18,Proposal about source directories,1,pending,,
topic-c0d0269064ea9201,maven,2024-03-18,[ANN] Apache Maven GPG Plugin 3.2.1 Released,1,pending,,
topic-d02d0509919d6bce,maven,2024-03-18,[ANN] Apache Maven Assembly Plugin 3.7.1 Released,1,pending,,
topic-d6301c74910be540,maven,2024-03-18,[RESULT] [VOTE] Release Apache Maven Compiler Plugin version 3.13.0,1,pending,,
topic-e93c4cec6e8a46fe,maven,2024-03-18,[RESULT] [VOTE] Release Apache Maven GPG Plugin version 3.2.1,1,pending,,
topic-19dd4693b6f06456,maven,2024-03-20,maven-jlink-plugin - multiple launchers,1,pending,,
topic-a3fd076ee96df069,maven,2024-03-20,[PR] [MNG-8081] interpolate available properties during default profile selection (Maven 4.x) [maven],2,pending,,
topic-b84fb8b63c2ea1c1,maven,2024-03-20,Finding previous artifact versions,4,pending,,
topic-9b69f92b5bae41bb,maven,2024-03-21,[DISCUSS] Maven Dependency Plugin,14,pending,,
topic-9b5bc464c63359cf,maven,2024-03-22,Release of maven-invoker-plugin,2,pending,,
topic-280673c2b9e6df9b,maven,2024-03-23,[VOTE] Release Apache Maven GPG Plugin 3.2.2,6,pending,,
topic-5b947480d02f744c,maven,2024-03-24,[VOTE] Release Apache Maven Archiver version 3.6.2,6,pending,,
topic-6f0bcccdd6fd5823,maven,2024-03-24,release of maven-source-plugin,7,pending,,
topic-4b47642bc1050dc0,maven,2024-03-25,Revert commit 740dae43ca3ccf7692f37edf3184387e5666ca6b,2,pending,,
topic-a193a6aba7a9a350,maven,2024-03-25,Relax resolver for snapshots in offline mode,7,pending,,
topic-b6cc92af4defb385,maven,2024-03-26,[ANN] Apache Maven GPG Plugin 3.2.2 Released,1,pending,,
topic-c19c03c44c0ac186,maven,2024-03-27,Community Over Code NA 2024 Travel Assistance Applications now open!,1,pending,,
topic-d682017a201909a2,maven,2024-03-27,[VOTE] Release Apache Maven Invoker Plugin version 3.6.1,7,pending,,
topic-6b6f4073116a132a,maven,2024-03-28,[ANN] Apache Maven Archiver 3.6.2 released,1,pending,,
topic-6bf7c78ce5efc6b5,maven,2024-03-28,[RESULT] [VOTE] Release Apache Maven Archiver version 3.6.2,1,pending,,
topic-3b87bf7f4deb1045,maven,2024-03-29,[VOTE] Release Apache Maven Artifact Plugin version 3.5.1,5,pending,,
topic-3fbad6ece40b517c,maven,2024-03-29,MNG-7344 & MPH-183 - Effective pom should contain more finegrained details regarding its content origin.,2,pending,,
topic-eb2bb9b671af4a64,maven,2024-03-29,[VOTE] Release Maven Resolver 2.0.0-alpha-10,6,pending,,
topic-4162a54602e9cc75,maven,2024-03-30,[VOTE] Release Apache Maven Plugin Tools version 3.12.0,4,pending,,
topic-47f21ec9616ad45b,maven,2024-03-30,[VOTE] Release Apache Maven Source Plugin version 3.3.1,7,pending,,
topic-96dafc0eb2d88390,maven,2024-04-01,[RESULT][VOTE] Release Apache Maven Invoker Plugin version 3.6.1,1,pending,,
topic-a31ae8031b8c71cb,maven,2024-04-01,Reproducible builds: a maven thing or not?,2,pending,,
topic-1d0d408ea3fd2586,maven,2024-04-02,[RESULT] [VOTE] Release Apache Maven Artifact Plugin version 3.5.1,1,pending,,
topic-30dddea1b01d780c,maven,2024-04-02,[RESULT] [VOTE] Release Apache Maven Plugin Tools version 3.12.0,1,pending,,
topic-5ffc3de453021027,maven,2024-04-02,[RESULT] [VOTE] Release Apache Maven Source Plugin version 3.3.1,1,pending,,
topic-73cf35c4b8c7e06e,maven,2024-04-02,[ANN] Apache Maven Invoker Plugin 3.6.1 Released,1,pending,,
topic-7cece55928b5ffbe,maven,2024-04-02,Java 22 is GA + Heads-up!,1,pending,,
topic-7fc4d9a3333743ba,maven,2024-04-02,[RESULT] [VOTE] Release Maven Resolver 2.0.0-alpha-10,1,pending,,
topic-d0f32652b655a27a,maven,2024-04-03,Participate in the ASF 25th Anniversary Campaign,1,pending,,
topic-f9134bb1f6a731b3,maven,2024-04-03,Community over Code EU 2024: Start planning your trip!,1,pending,,
topic-dda06b63a188552f,maven,2024-04-04,[ANN] Apache Maven Resolver 2.0.0-alpha-10 released,1,pending,,
topic-174247f649cf8f25,maven,2024-04-05,[VOTE] Release Apache Maven Script Interpreter version 1.5,4,pending,,
topic-e4eff4fd9913680d,maven,2024-04-05,maven-pmd-plugin next version? (PMD 7 Upgrade),3,pending,,
topic-2b36bb05fbaf574b,maven,2024-04-06,[ANN] Apache Maven Plugin Tools 3.12.0 Released,1,pending,,
topic-9672e89c638abb6b,maven,2024-04-06,[ANN] Apache Maven Artifact Plugin 3.5.1 Released,1,pending,,
topic-c38cccd031e222cc,maven,2024-04-06,[ANN] Apache Maven Source Plugin 3.3.1 Released,1,pending,,
topic-65b27a967048c0ef,maven,2024-04-07,Next Apache / Maven parents release,1,pending,,
topic-88d46631653a877a,maven,2024-04-08,[VOTE] Release Apache Maven GPG Plugin 3.2.3,5,pending,,
topic-9a7abecb72bd4fee,maven,2024-04-08,[ANN] Apache Maven Script Interpreter version 1.5 Released,1,pending,,
topic-bc3a6f6d960ba9e4,maven,2024-04-08,[RESULT] [VOTE] Release Apache Maven Script Interpreter version 1.5,1,pending,,
topic-8f797879cb98f492,maven,2024-04-09,Remove maven-site-plugin:attach-descriptor from ASF Maven parent 42,2,pending,,
topic-a3adaaeee847c168,maven,2024-04-09,[VOTE] Release Apache Maven JAR Plugin version 3.4.0,6,pending,,
topic-a4c46406ed577a2d,maven,2024-04-10,[DISCUSS] Eclipse wiki shutting down re Aether (MRESOLVER-289),5,pending,,
topic-13b0ec84e49974a1,maven,2024-04-11,[VOTE] Release Maven Doxia version 2.0.0-M10,5,pending,,
topic-414f27f111dabc29,maven,2024-04-11,[RESULT] [VOTE] Release Apache Maven GPG Plugin 3.2.3,1,pending,,
topic-d166995d475e95b4,maven,2024-04-11,[ANN] Apache Maven GPG Plugin 3.2.3 Released,1,pending,,
topic-dd90cd73fb632cf7,maven,2024-04-11,[VOTE] Release Maven SCM version 2.1.0,5,pending,,
topic-13ec4e302817f6c2,maven,2024-04-13,"Nope, 3.5 isn't dead",6,pending,,
topic-3fba80bcd6d68713,maven,2024-04-13,[VOTE] Release ASF Parent POM version 32,5,pending,,
topic-9ba78862a300d50e,maven,2024-04-13,[VOTE] Move AFS Parent POM and Maven Parent POMs issues to GitHub,10,pending,,
topic-c9600841b432d387,maven,2024-04-13,[RESULT] [VOTE] Release Apache Maven JAR Plugin version 3.4.0,1,pending,,
topic-e318d8e4fa300fb2,maven,2024-04-13,[VOTE] Release Apache Maven Project Parent POMs version 42,5,pending,,
topic-fcc3eeb09dd00a17,maven,2024-04-13,[ANN] Apache Maven JAR Plugin 3.4.0 Released,1,pending,,
topic-32470d4f0647425d,maven,2024-04-14,[RESULT] [VOTE] Release Maven Doxia version 2.0.0-M10,1,pending,,
topic-403fb70cd0a939ec,maven,2024-04-14,[ANN] Apache Maven Doxia version 2.0.0-M10 released,1,pending,,
topic-457dce5a112e2175,maven,2024-04-14,[RESULT] [VOTE] Release Maven SCM version 2.1.0,1,pending,,
topic-4583598861926e17,maven,2024-04-14,[ANN] Apache Maven SCM 2.1.0 released,1,pending,,
topic-d4ebd40d0a2622ef,maven,2024-04-14,[VOTE] Release Apache Maven Reporting API version 4.0.0-M11,5,pending,,
topic-eeebacc0b233abc8,maven,2024-04-14,Powershell support for maven - help requested to merge,1,pending,,
topic-1a0531d73a30da06,maven,2024-04-16,[RESULT] [VOTE] Release ASF Parent POM version 32,1,pending,,
topic-4ff57402bd3b0a7c,maven,2024-04-16,[VOTE] Release Maven Resolver 1.9.19,4,pending,,
topic-73ac55fda6605617,maven,2024-04-16,[ANN] Apache Maven Parent POMs 42 Released,1,pending,,
topic-85590dfece663033,maven,2024-04-16,[ANN] Apache Software Foundation Parent POM Version 32 Released,1,pending,,
topic-cc6c02dbe2267fb9,maven,2024-04-16,[VOTE] Release Apache Maven GPG Plugin 3.2.4,5,pending,,
topic-ed75ab1e737b35fa,maven,2024-04-16,[VOTE] Release Apache Maven JAR Plugin version 3.4.1,8,pending,,
topic-f13705c21044bafe,maven,2024-04-16,Release of maven-toolchains-plugin,1,pending,,
topic-fbf1c6111e7c0127,maven,2024-04-16,[RESULT] [VOTE] Release Apache Maven Project Parent POMs version 42,1,pending,,
topic-05a3bb7b256e9e40,maven,2024-04-17,[RESULT] [VOTE] Release Apache Maven Reporting API version 4.0.0-M11,1,pending,,
topic-343792c684165ef6,maven,2024-04-17,[ANN] Apache Maven Reporting API 4.0.0-M11 released,1,pending,,
topic-cfce928aa25ac1ff,maven,2024-04-17,[VOTE] Release Apache Maven Wrapper 3.3.0,6,pending,,
topic-4e53fb5c15faa25b,maven,2024-04-18,[VOTE] Apache Maven Toolchains Plugin 3.2.0,6,pending,,
topic-5b69a14ab472f14a,maven,2024-04-18,[VOTE] Release Apache Maven PMD Plugin version 3.22.0,5,pending,,
topic-1ba991a6e0e9e912,maven,2024-04-19,[ANN] Maven Resolver 1.9.19 released,1,pending,,
topic-92a9f94831da9c04,maven,2024-04-19,[ANN] Apache Maven GPG Plugin 3.2.4 Released,1,pending,,
topic-9f5b3a2d7b3b7ece,maven,2024-04-19,[RESULT] [VOTE] Release Maven Resolver 1.9.19,1,pending,,
topic-ffd95134a2f9207f,maven,2024-04-19,[RESULT] [VOTE] Release Apache Maven GPG Plugin 3.2.4,1,pending,,
topic-67bb03971c54d832,maven,2024-04-20,[RESULT][VOTE] Release Apache Maven Wrapper 3.3.0,1,pending,,
topic-6e0827a78b4bfe2c,maven,2024-04-20,[ANN] Apache Maven JAR Plugin 3.4.1 Released,1,pending,,
topic-a0f740079d780f17,maven,2024-04-20,[RESULT] [VOTE] Release Apache Maven JAR Plugin version 3.4.1,1,pending,,
topic-a35372df7c7523f2,maven,2024-04-20,[VOTE] Release Apache Maven Shade Plugin version 3.5.3,5,pending,,
topic-c76b840b7c2bcaeb,maven,2024-04-20,[RESULT] [VOTE] Move AFS Parent POM and Maven Parent POMs issues to GitHub,1,pending,,
topic-caed744a09f3f463,maven,2024-04-20,[ANN] Apache Maven Wrapper 3.3.0 Released,1,pending,,
topic-1b6eeb8cbc7146fb,maven,2024-04-22,[RESULT][VOTE] Apache Maven Toolchains Plugin 3.2.0,1,pending,,
topic-67ab4f0a86753d61,maven,2024-04-22,Replacement proposal for <useIncrementalCompilation>,4,pending,,
topic-6d915710bee92f42,maven,2024-04-22,[ANN] Apache Maven Toolchains Plugin 3.2.0,1,pending,,
topic-b18995e68a7e9942,maven,2024-04-22,[VOTE] Release Apache Maven Wrapper 3.3.1,6,pending,,
topic-4efbb174f0f36731,maven,2024-04-23,[VOTE] Release Apache Maven Doxia Sitetools version 2.0.0-M18,6,pending,,
topic-4f52529f0db8e6ba,maven,2024-04-23,Quo Vadis Maven?,12,pending,,
topic-79467775be824533,maven,2024-04-23,[ANN] Apache Maven Shade Plugin 3.5.3 Released,1,pending,,
topic-7eafebec8499bf39,maven,2024-04-23,[RESULT] [VOTE] Release Apache Maven Shade Plugin version 3.5.3,1,pending,,
topic-1428a3aacde6414d,maven,2024-04-25,[RESULT] [VOTE] Release Apache Maven PMD Plugin version 3.22.0,1,pending,,
topic-1eccaf75f2e2d964,maven,2024-04-25,[RESULT][VOTE] Release Apache Maven Wrapper 3.3.1,1,pending,,
topic-22328e23a683d4c0,maven,2024-04-25,[ANN] Apache Maven PMD Plugin 3.22.0 Released,1,pending,,
topic-ab59cabbef2db825,maven,2024-04-25,[ANN] Apache Maven Wrapper 3.3.1 Released,1,pending,,
topic-2548f56e0509f45c,maven,2024-04-26,Road forward for: New flag to verify the status,5,pending,,
topic-28c0c18e5b2fc574,maven,2024-04-26,[VOTE] Release Maven Install Plugin 3.1.2,8,pending,,
topic-2a1447f00c429672,maven,2024-04-26,[ANN] Apache Maven Doxia Sitetools 2.0.0-M18 released,1,pending,,
topic-686f0af39681512b,maven,2024-04-26,[VOTE] Release Apache Maven Reporting Impl version 4.0.0-M14,6,pending,,
topic-7e1976e04d5ed92e,maven,2024-04-26,[RESULT] [VOTE] Release Apache Maven Doxia Sitetools version 2.0.0-M18,1,pending,,
topic-920382fcd0c6d75e,maven,2024-04-26,[VOTE] Release Maven Resolver 1.9.20,5,pending,,
topic-a4590f0138b61025,maven,2024-04-26,[VOTE] Release Maven Resolver 2.0.0-alpha-11,5,pending,,
topic-da03d71ad38a3b10,maven,2024-04-26,[VOTE] Release Maven Deploy Plugin 3.1.2,7,pending,,
topic-2c0029bc535b6811,maven,2024-04-29,[RESULT][VOTE] Release Maven Resolver 1.9.20,1,pending,,
topic-529afa2f231c8c00,maven,2024-04-29,[RESULT] [VOTE] Release Apache Maven Reporting Impl version 4.0.0-M14,1,pending,,
topic-740869615615c57a,maven,2024-04-29,[ANN] Apache Maven Deploy Plugin 3.1.2 Released,1,pending,,
topic-8210b40e3859f6bc,maven,2024-04-29,[RESULT][VOTE] Release Maven Resolver 2.0.0-alpha-11,1,pending,,
topic-93cd0c184e300e19,maven,2024-04-29,[RESULT][VOTE] Release Maven Deploy Plugin 3.1.2,1,pending,,
topic-a96f6e4dde5a12bc,maven,2024-04-29,[VOTE] Release Apache Maven Reporting Exec version 2.0.0-M13,4,pending,,
topic-ad7a8126cfa0433a,maven,2024-04-29,[VOTE] Release Apache Maven Script Interpreter version 1.6,6,pending,,
topic-c147424aa3d66473,maven,2024-04-29,[RESULT][VOTE] Release Maven Install Plugin 3.1.2,1,pending,,
topic-d5d1ca0b9db247d7,maven,2024-04-29,[ANN] Apache Maven Install Plugin 3.1.2 Released,1,pending,,
topic-eb1e7e1a2677ad5e,maven,2024-04-29,[ANN] Maven Resolver 1.9.20 released,1,pending,,
topic-eccae300aaf6a4aa,maven,2024-04-29,[ANN] Apache Maven Resolver 2.0.0-alpha-11 released,1,pending,,
topic-eddd70c5519df9d8,maven,2024-04-29,[ANN] Apache Maven Reporting Impl 4.0.0-M14 released,1,pending,,
topic-926fc504d4af9720,maven,2024-04-30,Publish Via the Central Portal,7,pending,,
topic-a75cbf27b8307f83,maven,2024-04-30,maven-compat removal?,7,pending,,
topic-427d847d3c145ab9,maven,2024-05-01,[RESULT] [VOTE] Release Apache Maven Reporting Exec version 2.0.0-M13,1,pending,,
topic-8b252d6e6831caa6,maven,2024-05-01,[ANN] Apache Maven Reporting Exec 2.0.0-M13 released,1,pending,,
topic-40ed8d23fbf527d9,maven,2024-05-02,Merge staged classifiers and deploy,3,pending,,
topic-26910ab61933ec80,maven,2024-05-03,[RESULT] [VOTE] Release Apache Maven Script Interpreter version 1.6,1,pending,,
topic-2c6460fcb24e03ea,maven,2024-05-03,[ANN] Apache Maven Script Interpreter version 1.6 Released,1,pending,,
topic-9ecb95a129379207,maven,2024-05-03,[VOTE] Release Maven Plugin Tools version 3.13.0,9,pending,,
topic-ee80b27722f2fefa,maven,2024-05-03,Release soon of Maven Build cache 1.2.0,2,pending,,
topic-efef3db68b2faaaa,maven,2024-05-04,Apache Maven is quite amazing - Thank you,2,pending,,
topic-250ef0299e7334f2,maven,2024-05-05,[RESULT] [VOTE] Release Maven Plugin Tools version 3.13.0,1,pending,,
topic-d3db6efc2deb73bd,maven,2024-05-05,[VOTE] Release Maven Site Plugin version 4.0.0-M14,8,pending,,
topic-e6bcd68b0e95bacb,maven,2024-05-05,[ANN] Apache Maven Plugin Tools 3.13.0 released,2,pending,,
topic-3f5964368154e7f7,maven,2024-05-06,[DISCUSS] Maven3 and Maven4 support split,3,pending,,
topic-7c34f63f758a52e3,maven,2024-05-06,[DISCUSS] Maven Plugin SPI,24,pending,,
topic-c56dfb76643a717f,maven,2024-05-06,"[DISCUSS] MDK, a Maven Plugin SPI example",12,pending,,
topic-abf8317392872b85,maven,2024-05-07,[VOTE] Release Maven Doxia version 2.0.0-M11,5,pending,,
topic-c4ac621b155d16b5,maven,2024-05-07,Sisu Plexus release?,6,pending,,
topic-e620a17f4478a95c,maven,2024-05-07,[VOTE] Release Apache Maven Invoker version 3.3.0,6,pending,,
topic-43e4ae701ffa04cf,maven,2024-05-08,[ANN] Maven Site Plugin 4.0.0-M14 released,1,pending,,
topic-bf3b213d42e7be7c,maven,2024-05-08,[RESULT] [VOTE] Release Maven Site Plugin version 4.0.0-M14,1,pending,,
topic-7027ccb0232ff95d,maven,2024-05-09,[VOTE] Apache Maven Build cache extension 1.2.0,9,pending,,
topic-05eb2b6c6f0abc1d,maven,2024-05-10,[RESULT] [VOTE] Release Maven Doxia version 2.0.0-M11,1,pending,,
topic-88ecdb4d53b432a4,maven,2024-05-10,[ANN] Apache Maven Doxia version 2.0.0-M11 released,1,pending,,
topic-ab6a8528c79f5a6f,maven,2024-05-10,maven-checkstyle-plugin doesn't support sarify type,2,pending,,
topic-2485428f53239971,maven,2024-05-11,[RESULT] [VOTE] Release Apache Maven Invoker version 3.3.0,1,pending,,
topic-29534ca469e05432,maven,2024-05-11,[ANN] Apache Maven Invoker 3.3.0 Released,1,pending,,
topic-cdb47d63efd8bc2b,maven,2024-05-12,"Deprecate dependency:purge-local-repository, build-helper:remove-project-artifact",1,pending,,
topic-d0862602747d4e6b,maven,2024-05-12,[VOTE] Release Apache Maven Dependency Analyzer version 1.14.0,7,pending,,
topic-e75d0e9acea50743,maven,2024-05-12,[RESULT] [VOTE] Apache Maven Build cache extension 1.2.0,1,pending,,
topic-858ac57c282f3428,maven,2024-05-13,[VOTE] Release Apache Maven 4.0.0-beta-1,2,pending,,
topic-b64b8fa36672c15b,maven,2024-05-13,[CANCEL] [VOTE] Release Apache Maven 4.0.0-beta-1,1,pending,,
topic-d802d5bda2713212,maven,2024-05-13,[VOTE] Release Apache Maven 4.0.0-beta-2,7,pending,,
topic-f525eacc17f52399,maven,2024-05-13,[ANN] Apache Maven Build cache extension,1,pending,,
topic-b4ee4057e0b9ee6e,maven,2024-05-14,Community over Code EU 2024: The countdown has started!,1,pending,,
topic-cf81f527de2445c5,maven,2024-05-16,[ANN] Apache Maven Dependency Analyzer 1.14.0 Released,1,pending,,
topic-e7727acd50b170ac,maven,2024-05-16,[RESULT] [VOTE] Release Apache Maven Dependency Analyzer version 1.14.0,1,pending,,
topic-0480431981c02cc8,maven,2024-05-17,[VOTE] Release Apache Maven Reporting API version 4.0.0-M12,6,pending,,
topic-1714bd2f175027e0,maven,2024-05-17,[VOTE] Release Maven Indexer 7.1.3,5,pending,,
topic-e1d847472b75238b,maven,2024-05-17,[VOTE] Release Maven Doxia version 2.0.0-M12,5,pending,,
topic-050050fbe0699083,maven,2024-05-18,Trying to test the reworked compiler plugin,6,pending,,
topic-435de16877a69670,maven,2024-05-18,Please write proper JIRA-descriptions,1,pending,,
topic-6d5d3e2ab8f763a7,maven,2024-05-19,[VOTE] Release Apache Maven Dependency Analyzer version 1.14.1,5,pending,,
topic-33a516b5a0c67980,maven,2024-05-20,[DISCUSS] Many shared stuff should be dropped,4,pending,,
topic-3b8a83a313d9d545,maven,2024-05-20,[ANN] Apache Maven Reporting API 4.0.0-M12 released,1,pending,,
topic-4858d5ba1c93b6dd,maven,2024-05-20,[RESULT] [VOTE] Release Apache Maven Reporting API version 4.0.0-M12,1,pending,,
topic-492dbcd28e3c23f2,maven,2024-05-20,[ANN] Apache Maven Doxia version 2.0.0-M12 released,1,pending,,
topic-9a334411a69738b1,maven,2024-05-20,[RESULT] [VOTE] Release Maven Doxia version 2.0.0-M12,1,pending,,
topic-ceda1860c248901a,maven,2024-05-20,[RESULT][VOTE] Release Maven Indexer 7.1.3,1,pending,,
topic-e43f645a8b84f021,maven,2024-05-20,[ANN] Apache Maven Indexer 7.1.3 released,1,pending,,
topic-ef28e166a63566b7,maven,2024-05-20,[VOTE] Release Maven Fluido Skin version 2.0.0-M9,6,pending,,
topic-a9dce290611414eb,maven,2024-05-21,[VOTE] Release Maven Resolver Ant Tasks 1.5.1,5,pending,,
topic-ea41b789b6dc38aa,maven,2024-05-21,[VOTE] Release Apache Maven Wrapper 3.3.2,7,pending,,
topic-3179d9deeaa29990,maven,2024-05-22,[RESULT] [VOTE] Release Maven Fluido Skin version 2.0.0-M9,1,pending,,
topic-3a73e27c45f364db,maven,2024-05-22,[RESULT] [VOTE] Release Apache Maven Dependency Analyzer version 1.14.1,1,pending,,
topic-4ebfd3420b5407e9,maven,2024-05-22,[CANCEL] [VOTE] Release Apache Maven 4.0.0-beta-2,1,pending,,
topic-b1584522e5d9598f,maven,2024-05-22,[VOTE] Release Apache Maven 4.0.0-beta-3,10,pending,,
topic-de41242090580e7e,maven,2024-05-22,[ANN] Apache Maven Dependency Analyzer 1.14.1 Released,1,pending,,
topic-eae42ecff445f731,maven,2024-05-22,[VOTE] Release Apache Maven 3.9.7,19,pending,,
topic-ebb64cc46a75daf2,maven,2024-05-22,[VOTE] Release Apache Maven Doxia Sitetools version 2.0.0-M19,4,pending,,
topic-f83028cc3a6d5629,maven,2024-05-22,[ANN] Maven Fluido Skin 2.0.0-M9 released,1,pending,,
topic-fc1b87944e25fd9f,maven,2024-05-22,[VOTE] Release Apache Maven Invoker Plugin version 3.7.0,5,pending,,
topic-0299d1d88b3bf056,maven,2024-05-24,[ANN] Maven Resolver Ant Tasks 1.5.1 released,1,pending,,
topic-0bf65c6709d4d7ff,maven,2024-05-24,[ANN] Apache Maven Wrapper 3.3.2 Released,1,pending,,
topic-1dc63403c84ab83c,maven,2024-05-24,[DISCUSS] Removal of `-up` switch for Maven 4,3,pending,,
topic-5e22078117da9c7f,maven,2024-05-24,[RESULT][VOTE] Release Apache Maven Wrapper 3.3.2,1,pending,,
topic-742f40cf9e9e98f5,maven,2024-05-24,[RESULT][VOTE] Release Maven Resolver Ant Tasks 1.5.1,1,pending,,
topic-c79dac03985a6f38,maven,2024-05-24,[DISCUSS] Removal of ineffective switch for Maven 4,8,pending,,
topic-2e649aecffe0fbe2,maven,2024-05-25,[ANN] Apache Maven 3.9.7 released,1,pending,,
topic-48d194394f1817bf,maven,2024-05-25,[RESULT] [VOTE] Release Apache Maven Doxia Sitetools version 2.0.0-M19,1,pending,,
topic-5a01da788f39244d,maven,2024-05-25,"Maven 3.9.7 and ""file locking""",2,pending,,
topic-8d074f172307a1ae,maven,2024-05-25,[VOTE] Release Apache Maven Reporting Impl version 4.0.0-M15,5,pending,,
topic-9579858fa3ae898c,maven,2024-05-25,[RESULT][VOTE] Release Apache Maven 3.9.7,5,pending,,
topic-a1a7ca132b17ccf5,maven,2024-05-25,[VOTE] Release Apache Maven Reporting Exec version 2.0.0-M14,5,pending,,
topic-fb8b794a7b0e741b,maven,2024-05-25,[ANN] Apache Maven Doxia Sitetools 2.0.0-M19 released,1,pending,,
topic-1d3326ad4b079029,maven,2024-05-26,[ANN] Apache Maven 4.0.0-beta-3 released,1,pending,,
topic-58b4949d9ddfc4f1,maven,2024-05-26,[RESULT][VOTE] Release Apache Maven 4.0.0-beta-3,1,pending,,
topic-b4121d6bd29b1ef5,maven,2024-05-26,[RESULT] [VOTE] Release Apache Maven Invoker Plugin version 3.7.0,1,pending,,
topic-caa460d2c964bfb7,maven,2024-05-26,[VOTE] Release Apache Maven Dependency Tree version 3.3.0,4,pending,,
topic-cebfdc662fc94fb1,maven,2024-05-26,[VOTE] Release Apache Maven Enforcer version 3.5.0,5,pending,,
topic-e5beb807751bc205,maven,2024-05-26,[ANN] Apache Maven Invoker Plugin 3.7.0 Released,1,pending,,
topic-9df0c615f82a51c5,maven,2024-05-27,Maven 3.9.7 fails to activate profile?,7,pending,,
topic-1fe4c7cd37e34554,maven,2024-05-28,[RESULT] [VOTE] Release Apache Maven Reporting Impl version 4.0.0-M15,1,pending,,
topic-3e0db5789ba83c0c,maven,2024-05-28,[ANN] Apache Maven Reporting Exec 2.0.0-M14 released,1,pending,,
topic-4285ad899108819a,maven,2024-05-28,[ANN] Apache Maven Reporting Impl 4.0.0-M15 released,1,pending,,
topic-5c244e7684da0cf2,maven,2024-05-28,[VOTE] Release Maven Plugin Tools version 3.13.1,8,pending,,
topic-9871f43eada69411,maven,2024-05-28,[RESULT] [VOTE] Release Apache Maven Reporting Exec version 2.0.0-M14,1,pending,,
topic-ce655f2342d99811,maven,2024-05-28,[VOTE] Release Maven Shade Plugin 3.6.0,6,pending,,
topic-148376af0e9ac927,maven,2024-05-29,[ANN] Apache Maven Dependency Tree 3.3.0 released,1,pending,,
topic-4370cf3eb0a7cb2e,maven,2024-05-29,[VOTE] Release Maven Site Plugin version 4.0.0-M15,7,pending,,
topic-a4150ad82c6c8071,maven,2024-05-29,[VOTE] Release Maven Javadoc Plugin version 3.7.0,7,pending,,
topic-e71176d3d0cb91bd,maven,2024-05-29,[RESULT] [VOTE] Release Apache Maven Dependency Tree version 3.3.0,1,pending,,
topic-3a9e3e0c947530c8,maven,2024-05-30,[ANN] Apache Maven Enforcer Plugin 3.5.0 Released,1,pending,,
topic-d8d6fda6dfcbb5fb,maven,2024-05-30,[RESULT] [VOTE] Release Apache Maven Enforcer version 3.5.0,1,pending,,
topic-099e2af64c64fb67,maven,2024-05-31,[RESULT] [VOTE] Release Maven Plugin Tools version 3.13.1,1,pending,,
topic-4cd9ab21d90eaa14,maven,2024-05-31,[ANN] Apache Maven Plugin Tools 3.13.1 released,1,pending,,
topic-85b03f58c49e32d6,maven,2024-05-31,[RESULT][VOTE] Release Maven Shade Plugin 3.6.0,1,pending,,
topic-b9f539b140668b3b,maven,2024-05-31,[RESULT] [VOTE] Release Maven Site Plugin version 4.0.0-M15,1,pending,,
topic-c8c15a0ec916ad4e,maven,2024-05-31,[RESULT] [VOTE] Release Maven Javadoc Plugin version 3.7.0,1,pending,,
topic-d033fc1534aebd73,maven,2024-05-31,[ANN] Maven Javadoc Plugin 3.7.0 released,1,pending,,
topic-d7f73681f1fd5ded,maven,2024-05-31,[ANN] Maven Site Plugin 4.0.0-M15 released,1,pending,,
topic-d7f841cdedc420ef,maven,2024-05-31,[ANN] Apache Maven Shade Plugin 3.6.0 Released,1,pending,,
topic-022878099214084e,maven,2024-06-01,[VOTE] Release Apache Maven Shared JAR version 3.1.0,8,pending,,
topic-ddd3f9a4cede8746,maven,2024-06-01,[VOTE] Release Maven JXR version 3.4.0,6,pending,,
topic-e20259eb1dd58700,maven,2024-06-02,[VOTE] Release Maven Checkstyle Plugin version 3.4.0,5,pending,,
topic-f228518dd6c1a310,maven,2024-06-02,[VOTE] Release Maven Help Plugin version 3.4.1,7,pending,,
topic-541cc078513314c3,maven,2024-06-04,[RESULT] [VOTE] Release Maven JXR version 3.4.0,1,pending,,
topic-87199e68a74df627,maven,2024-06-04,[ANN] Apache Maven JXR 3.4.0 released,1,pending,,
topic-c11c7bbf244d8641,maven,2024-06-04,[RESULT] [VOTE] Release Apache Maven Shared JAR version 3.1.0,1,pending,,
topic-d80f45e206a990e5,maven,2024-06-04,[ANN] Apache Maven Shared JAR 3.1.0 released,1,pending,,
topic-1d247ab8f3757533,maven,2024-06-05,[ANN] Maven Checkstyle Plugin 3.4.0 released,1,pending,,
topic-4fa85f1cb3e616d2,maven,2024-06-05,[HEADS UP] Maven 3.9.8 is scheduled for release (mvnd m39 will wait for it),1,pending,,
topic-9232a9528d408d31,maven,2024-06-05,[RESULT] [VOTE] Release Maven Checkstyle Plugin version 3.4.0,1,pending,,
topic-a47fde383ebcc9eb,maven,2024-06-05,[VOTE] Release Apache Maven Common Artifact Filters version 3.4.0,5,pending,,
topic-f1874a4401a6d8e6,maven,2024-06-05,[ANN] Release Maven Help Plugin 3.4.1 released,1,pending,,
topic-fa4fbc6df0456f91,maven,2024-06-05,[RESULT] [VOTE] Release Maven Help Plugin version 3.4.1,1,pending,,
topic-84caba98dd70c5ab,maven,2024-06-08,[RESULT] [VOTE] Release Apache Maven Common Artifact Filters version 3.4.0,1,pending,,
topic-c19cd48a0ed26c52,maven,2024-06-08,[VOTE] Release Maven PMD Plugin version 3.23.0,4,pending,,
topic-c87ca2eb67027fd4,maven,2024-06-08,[ANN] Apache Maven Common Artifact Filters 3.4.0 released,1,pending,,
topic-e9074a62513d8832,maven,2024-06-08,[VOTE] Release Apache Maven Shared Resources version 6,4,pending,,
topic-2be757911d4bcf56,maven,2024-06-09,Class MC UI trick?,4,pending,,
topic-7c0c018c9b7b6b40,maven,2024-06-09,[VOTE] Release Maven Dependency Plugin version 3.7.0,4,pending,,
topic-d6a7c9acc400f9bf,maven,2024-06-10,JDK 23 Feature Freeze / New Loom EA builds,1,pending,,
topic-0c7566d74a35f1c6,maven,2024-06-11,[ANN] Release Maven Dependency Plugin 3.7.0 released,1,pending,,
topic-46972bf40197fbd5,maven,2024-06-11,[RESULT] [VOTE] Release Maven Dependency Plugin version 3.7.0,1,pending,,
topic-494839982b6ce9be,maven,2024-06-11,"[ANN] Apache Maven Shared Resources, version 6 Released",1,pending,,
topic-4d046970087e72a9,maven,2024-06-11,[ANN] Maven PMD Plugin 3.23.0 released,1,pending,,
topic-b04f362295951271,maven,2024-06-11,[RESULT] [VOTE] Release Maven PMD Plugin version 3.23.0,1,pending,,
topic-b1e65a8e39b00e7c,maven,2024-06-11,[RESULT] [VOTE] Release Apache Maven Shared Resources version 6,1,pending,,
topic-f4312ee37c1c4c6d,maven,2024-06-11,[VOTE] Release Maven Surefire version 3.3.0,6,pending,,
topic-753a731387587f57,maven,2024-06-12,Upcoming Maven 3.9.8,1,pending,,
topic-89305dd2131fe16c,maven,2024-06-12,Module: Inherit configuration from parent project,1,pending,,
topic-34763fcf5cab7f75,maven,2024-06-13,[VOTE] Release Maven Project Info Reports Plugin version 3.6.0,5,pending,,
topic-4b09603a839682cf,maven,2024-06-13,"Apache Maven mvnd 1.0.0 ""early access""",4,pending,,
topic-d5d237f91f245b83,maven,2024-06-13,[VOTE] Release Apache Maven 3.9.8,13,pending,,
topic-42fde9e6263cd577,maven,2024-06-14,[VOTE] Release Apache Maven mvnd 1.0.0,8,pending,,
topic-79bc00064e736b86,maven,2024-06-14,[DISCUSS] Maven should ALWAYS install/deploy at end,22,pending,,
topic-b3536117ff78ec1c,maven,2024-06-14,[VOTE] Release Maven Release version 3.1.0,6,pending,,
topic-d667e9aa52f0ee9b,maven,2024-06-14,[ANN] Maven Surefire 3.3.0 released,1,pending,,
topic-f2dea1f7fecfcb11,maven,2024-06-14,[RESULT] [VOTE] Release Maven Surefire version 3.3.0,1,pending,,
topic-18df44bcc1ae227e,maven,2024-06-16,[VOTE] Release Apache Maven Clean Plugin version 3.4.0,5,pending,,
topic-1eaf647f9ff7293b,maven,2024-06-16,[RESULT] [VOTE] Release Maven Project Info Reports Plugin version 3.6.0,1,pending,,
topic-30ee30a7cc658e7f,maven,2024-06-16,[ANN] Maven Project Info Reports Plugin 3.6.0 released,4,pending,,
topic-6c32e00f6aa82c47,maven,2024-06-16,[ANN] Maven Release 3.1.0 released,1,pending,,
topic-763239d0e67ff0b0,maven,2024-06-16,[doxia] [DISCUSS] adding footnote processing to markdown,18,pending,,
topic-9e6f0880c64cac4e,maven,2024-06-16,[RESULT] [VOTE] Release Maven Release version 3.1.0,1,pending,,
topic-aa81fd49a4b63149,maven,2024-06-16,[VOTE] Release Apache Maven JAR Plugin version 3.4.2,4,pending,,
topic-2433ae2b1e8b0328,maven,2024-06-17,[ANN] Apache Maven 3.9.8 released,1,pending,,
topic-49ae6c0b93d381a7,maven,2024-06-17,[RESULT][VOTE] Release Apache Maven mvnd 1.0.0,1,pending,,
topic-584d3698a855c546,maven,2024-06-17,[ANN] Apache Maven Daemon 1.0.0 released,1,pending,,
topic-7553bac610535915,maven,2024-06-17,[VOTE] Release Maven SCM Publish Plugin version 3.3.0,6,pending,,
topic-cfd11a8ce161e4bf,maven,2024-06-17,[RESULT][VOTE] Release Apache Maven 3.9.8,1,pending,,
topic-ede2874a61605501,maven,2024-06-17,How to use Sisu components in Mojos,4,pending,,
topic-06d0b62db84746db,maven,2024-06-18,[DISCUSS][MSC] Recurrent backlog grooming,2,pending,,
topic-16d71546df317e82,maven,2024-06-18,[DISCUSS][MSC] Better SBOMs with Maven,1,pending,,
topic-2bb5b38ad158d435,maven,2024-06-18,[DISCUSS][MSC] Better reproducible builds with Maven,1,pending,,
topic-3f657e92cd10a7c1,maven,2024-06-18,[DISCUSS][MSC] Warnings / Errors on duplicate lifecycle phases,1,pending,,
topic-4456527ba09eed15,maven,2024-06-18,"[DISCUSS][MSC] ""How to write plugins"" documentation",1,pending,,
topic-467c42888d89643a,maven,2024-06-18,[DISCUSS][MSC] Global replacements for dependencies,1,pending,,
topic-496f33a38b056700,maven,2024-06-18,"[DISCUSS][MSC] ""Maven internals"" documentation",1,pending,,
topic-5b1778ac3d94068c,maven,2024-06-18,[VOTE] Release Apache Maven mvnd 2.0.0-beta-1,3,pending,,
topic-5c88cfd5163696db,maven,2024-06-18,[DISCUSS][MSC] Dependency checker for Maven & plugins,1,pending,,
topic-5d40440b75167ba9,maven,2024-06-18,[DISCUSS][MSC] Java Module path supported for compilation & execution,1,pending,,
topic-6791a3c087af227d,maven,2024-06-18,"[DISCUSS][MSC] ""How to write extensions"" documentation",1,pending,,
topic-67ab1cca60ae50c6,maven,2024-06-18,[DISCUSS][MSC] Improve Aggregator Support & usage in plugins,1,pending,,
topic-6c36779d2c390caa,maven,2024-06-18,[DISCUSS][MSC] Improve Aggregator support,1,pending,,
topic-7b266954b66016e7,maven,2024-06-18,[DISCUSS][MSC] Maven Initializer,1,pending,,
topic-7d4aa1eae134c3c1,maven,2024-06-18,[DISCUSS][MSC] New Test Plugin based on JUnit Platform,1,pending,,
topic-7dccca1c5c20c5c7,maven,2024-06-18,[DISCUSS][MSC] Automation of the technical part of the release process,1,pending,,
topic-8783643af02e76d0,maven,2024-06-18,[DISCUSS][MSC] Lifecycle replacements (Plugins),1,pending,,
topic-88ec2a04c070cde9,maven,2024-06-18,"[DISCUSS][MSC] ""Getting started"" documentation",1,pending,,
topic-8abe5952353f3806,maven,2024-06-18,[DISCUSS][MSC] Migrate away from Plexus,1,pending,,
topic-8b6e6f31fd8f020c,maven,2024-06-18,[DISCUSS][MSC] Epic: LTS-Releases for Maven 3.9,1,pending,,
topic-a06c511d52ad20b7,maven,2024-06-18,[VOTE] Release Apache Maven Dependency Plugin version 3.7.1,5,pending,,
topic-af2df1bca9e31252,maven,2024-06-18,[DISCUSS][MSC] OpenSSF scorecards for Maven & plugins,1,pending,,
topic-d53baebf6773a171,maven,2024-06-18,[DISCUSS][MSC] Evaluate public resources,1,pending,,
topic-d9b3b544738b7573,maven,2024-06-18,[DISCUSS][MSC] Maven plugins catalog,1,pending,,
topic-df8bf9f089fe0efb,maven,2024-06-18,[DISCUSS][MSC] Get rid of false statements about Maven,1,pending,,
topic-dfd94f0316e1800a,maven,2024-06-18,[DISCUSS][MSC] Build & publish SBOMs for all Maven projects,1,pending,,
topic-e0c0c0d08c7fcea7,maven,2024-06-18,[DISCUSS][MSC] Epic: Initial Backlog Grooming,1,pending,,
topic-ebb6abb1211f19ae,maven,2024-06-18,[DISCUSS][MSC] Establish workflows and definitions for Apache Maven issue tracker,1,pending,,
topic-f146c627760b89d0,maven,2024-06-18,[DISCUSS][MSC] Reproducible builds for Maven and plugins,2,pending,,
topic-f29c308b3d042ced,maven,2024-06-18,"[DISCUSS][MSC] ""How to contribute"" documentation",1,pending,,
topic-fcc8da4c040e3585,maven,2024-06-18,"[DISCUSS][MSC] ""Best practices"" documentation",1,pending,,
topic-fd4ba6a166b03cbb,maven,2024-06-18,[DISCUSS][MSC] Update on Support & Care for Apache Maven,1,pending,,
topic-4fb3d689842f0d31,maven,2024-06-19,[ANN] Apache Maven Clean Plugin 3.4.0 Released,1,pending,,
topic-7dea404908c1923c,maven,2024-06-19,[RESULT] [VOTE] Release Apache Maven Clean Plugin version 3.4.0,1,pending,,
topic-a105600bdc667b32,maven,2024-06-19,[ANN] Apache Maven JAR Plugin 3.4.2 Released,1,pending,,
topic-b22717e71acc1bdc,maven,2024-06-19,[RESULT] [VOTE] Release Apache Maven JAR Plugin version 3.4.2,1,pending,,
topic-71b6ec4f940b7a08,maven,2024-06-20,[VOTE] Release Apache Maven mvnd 2.0.0-beta-1 (respin),5,pending,,
topic-8d25649ba08e3593,maven,2024-06-20,[HEADS UP] Releasing maven plugins 4.0.0 beta,7,pending,,
topic-b7a1b089f2d00086,maven,2024-06-20,[ANN] Maven SCM Publish Plugin 3.3.0 released,1,pending,,
topic-bed149dc50d85223,maven,2024-06-20,[RESULT] [VOTE] Release Maven SCM Publish Plugin version 3.3.0,1,pending,,
topic-f21ff45c7bfc9b36,maven,2024-06-20,[VOTE] Release Apache Maven mvnd 1.0.1,7,pending,,
topic-f6b00dbbe2de4c9c,maven,2024-06-20,[VOTE] Release Apache Maven Shared JAR version 3.1.1,6,pending,,
topic-00118e48e032b14b,maven,2024-06-21,[RESULT] [VOTE] Release Apache Maven Dependency Plugin version 3.7.1,1,pending,,
topic-13c0b7aecd0ec456,maven,2024-06-21,[ANN] Apache Maven Dependency Plugin 3.7.1 released,1,pending,,
topic-eddfa3a976b70114,maven,2024-06-21,release of Maven Archetype Plugin?,4,pending,,
topic-50d77371d4a279ac,maven,2024-06-23,[VOTE] Release Maven Project Info Reports Plugin version 3.6.1,5,pending,,
topic-5301593a9722b48a,maven,2024-06-23,[RESULT] [VOTE] Release Apache Maven Shared JAR version 3.1.1,1,pending,,
topic-546f40bddc19c7fb,maven,2024-06-23,[ANN] Apache Maven Shared JAR 3.1.1 released,1,pending,,
topic-52804d09ce2f47ef,maven,2024-06-24,[RESULT] [VOTE] Release Apache Maven mvnd 1.0.1,1,pending,,
topic-6f2475114a68fd0d,maven,2024-06-24,[DRAFT] [HEADS UP] Maven Doxia 2.0.0 stack is coming,4,pending,,
topic-cee2232493235d3f,maven,2024-06-24,[ANN] Apache Maven Daemon 1.0.1 released,1,pending,,
topic-75c9878479fced71,maven,2024-06-25,[RESULT] [VOTE] Release Apache Maven mvnd 2.0.0-beta-1,1,pending,,
topic-8033e1779d434505,maven,2024-06-25,[ANN] Apache Maven Daemon 2.0.0-beta-1 released,1,pending,,
topic-48492f82b4f44e2b,maven,2024-06-26,[ANN] Maven Project Info Reports Plugin 3.6.1 released,1,pending,,
topic-b0c75f99f5e90291,maven,2024-06-26,[VOTE] Maven components and plugins 4.0.0-beta-1,13,pending,,
topic-cda863904e8c8436,maven,2024-06-26,[RESULT] [VOTE] Release Maven Project Info Reports Plugin version 3.6.1,1,pending,,
topic-f454223d778969db,maven,2024-06-30,[HEADS UP] Parent poms ASF 33 and Maven 43,5,pending,,
topic-55caf7947db38b54,maven,2024-07-01,[RESULT] [VOTE] Maven components and plugins 4.0.0-beta-1,1,pending,,
topic-056d1e4c821f67f1,maven,2024-07-02,[VOTE] Release Maven Resolver 1.9.21,4,pending,,
topic-a3ef3e7a120c5bf7,maven,2024-07-02,[VOTE] Release Maven Resolver 2.0.0,8,pending,,
topic-126054f88f7f1754,maven,2024-07-04,[VOTE] Release Apache Maven ASF Parent POM version 33,6,pending,,
topic-1266dbaf958e3fb4,maven,2024-07-04,[VOTE] Release Apache Maven Parent POMs veersion 43,6,pending,,
topic-34291f26bca890d0,maven,2024-07-05,[RESULT][VOTE] Release Maven Resolver 2.0.0,1,pending,,
topic-5350fdb49bc01237,maven,2024-07-05,[ANN] Maven Resolver 2.0.0 released,1,pending,,
topic-6d357899ce469ee4,maven,2024-07-05,[ANN] Maven Resolver 1.9.21 released,1,pending,,
topic-abf9b06c47c7af06,maven,2024-07-05,[RESULT] [VOTE] Release Maven Resolver 1.9.21,1,pending,,
topic-d8bb06be576639a6,maven,2024-07-06,Preparing Maven 4.0.0 release ?,4,pending,,
topic-66f9a8a49c24b0e0,maven,2024-07-07,[VOTE] Release Maven Surefire version 3.3.1,5,pending,,
topic-f47cee8bc007d593,maven,2024-07-08,[VOTE] Release Maven Indexer 7.1.4,4,pending,,
topic-0b45dc2679f1410b,maven,2024-07-09,[ANN] Apache Software Foundation Parent POM Version 33 Released,1,pending,,
topic-34bd206a0511c463,maven,2024-07-09,[RESULT] [VOTE] Release Apache Maven Parent POMs version 43,1,pending,,
topic-6b9d9c65e7829d69,maven,2024-07-09,[RESULT] [VOTE] Release Apache Maven ASF Parent POM version 33,1,pending,,
topic-950fab5f27ccee0c,maven,2024-07-09,[ANN] Apache Maven Parent POMs 43 Released,1,pending,,
topic-d968f03f12996871,maven,2024-07-09,[HEADS UP] Maven Doxia 2.0.0 stack is coming,11,pending,,
topic-e14ffe38274519d9,maven,2024-07-10,[VOTE] Release Maven PMD Plugin version 3.24.0,4,pending,,
topic-ecf8f08fb217639c,maven,2024-07-10,[RESULT] [VOTE] Release Maven Surefire version 3.3.1,1,pending,,
topic-ed3ad7414358d4be,maven,2024-07-10,[ANN] Maven Surefire 3.3.1 released,1,pending,,
topic-0de1f5567f76a5f7,maven,2024-07-11,[ANN] Apache Maven Indexer 7.1.4 released,1,pending,,
topic-23c7aeda155e7e4f,maven,2024-07-11,[VOTE] Release Maven Project Info Reports Plugin version 3.6.2,4,pending,,
topic-7712d0261ca74a4d,maven,2024-07-11,RESULT][VOTE] Release Maven Indexer 7.1.4,1,pending,,
topic-a39ffcfb07c8767f,maven,2024-07-11,[VOTE] Release Maven Release version 3.1.1,6,pending,,
topic-215284c51bc00051,maven,2024-07-12,[DISCUSS] Move some mojohaus plugins to the ASF,8,pending,,
topic-cfc35bb74296c4f4,maven,2024-07-12,Cannot create LocalRepositoryManager with Maven Artifact Resolver 2.0,8,pending,,
topic-da10ab392f881d30,maven,2024-07-13,[RESULT] [VOTE] Release Maven PMD Plugin version 3.24.0,1,pending,,
topic-dd5878816c2de9d3,maven,2024-07-13,[ANN] Maven PMD Plugin 3.24.0 released,1,pending,,
topic-49fb0fcdd480b5dc,maven,2024-07-14,[ANN] Maven Release 3.1.1 released,1,pending,,
topic-4f8446d926cab726,maven,2024-07-14,[RESULT] [VOTE] Release Maven Project Info Reports Plugin version 3.6.2,1,pending,,
topic-5ab88742981c2432,maven,2024-07-14,[ANN] Maven Project Info Reports Plugin 3.6.2 released,1,pending,,
topic-9389325533af2891,maven,2024-07-14,[RESULT] [VOTE] Release Maven Release version 3.1.1,1,pending,,
topic-c5d6fed9c3805dcb,maven,2024-07-14,maven.repo.local cf. localRepository,5,pending,,
topic-776b4a825ca25519,maven,2024-07-15,(maven-build-helper-plugin) branch master updated (e1873bd -> 1f32612),2,pending,,
topic-e4bdd4da0cbbb81d,maven,2024-07-15,plugins 3.x branches and dependabot,4,pending,,
topic-8452a25d9e46c97f,maven,2024-07-17,[VOTE] Release Maven Javadoc Plugin version 3.8.0,5,pending,,
topic-a81a0173b9c0e92c,maven,2024-07-17,[VOTE] Release Maven Site Plugin version 4.0.0-M16,5,pending,,
topic-050ca4b0c1394b81,maven,2024-07-19,[CANCEL] [VOTE] Release Apache Resource Bundles 1.6,1,pending,,
topic-ccbbeb18fb9e3207,maven,2024-07-19,[VOTE] Release Apache Resource Bundles 1.6,4,pending,,
topic-05522e9b9ea847a5,maven,2024-07-20,[ANN] Maven Site Plugin 4.0.0-M16 released,1,pending,,
topic-5d1aafcb9b27897f,maven,2024-07-20,[RESULT] [VOTE] Release Maven Site Plugin version 4.0.0-M16,1,pending,,
topic-a8758b4392a3d6cc,maven,2024-07-20,[ANN] Maven Javadoc Plugin 3.8.0 released,1,pending,,
topic-c0233d3aecef5f11,maven,2024-07-20,[RESULT] [VOTE] Release Maven Javadoc Plugin version 3.8.0,1,pending,,
topic-edfa99923ee6005f,maven,2024-07-20,[Maven Artifact Resolver] Different dependency resolution results,4,pending,,
topic-d581a0d4443ecd88,maven,2024-07-21,[VOTE] Release Apache Resource Bundles 1.7,4,pending,,
topic-40fc9111518157bf,maven,2024-07-22,JDK 23 RDP2 | Removal of the legacy COMPAT locale provider and more heads-up!,1,pending,,
topic-5ea9de6a067d1891,maven,2024-07-22,Status of new compiler plugin for Maven 4,9,pending,,
topic-8663b4bb81aa5dbb,maven,2024-07-22,[Maven Enforcer Plugin] Intention to improve the output format,8,pending,,
topic-a903f3e12002ff26,maven,2024-07-22,Way to skip tests when nothing has changed?,5,pending,,
topic-ae755ddca3bbaa3b,maven,2024-07-24,Site of maven-war-plugin,4,pending,,
topic-b9d3bca2ddf3a1b2,maven,2024-07-25,[ANN] Apache Resource Bundles 1.7 Released,1,pending,,
topic-c046da94d636a4e6,maven,2024-07-25,[RESULT] [VOTE] Release Apache Resource Bundles 1.7,1,pending,,
topic-25fe64a91ff3235e,maven,2024-07-27,[PR] Bump org.apache.maven.extensions:maven-extensions from 42 to 43 [maven-xinclude-extension],1,pending,,
topic-190e647b9d8f5997,maven,2024-07-28,[DISCUSS] Adding custom binding to sisu with Guice modules,2,pending,,
topic-7a84ef958da0a1aa,maven,2024-08-02,Summer status of planned Resolver releases,3,pending,,
topic-14b45f6769a0c3ac,maven,2024-08-05,maven-compiler-plugin 4: integration tests completed,1,pending,,
topic-63c6eb72b3bd03dc,maven,2024-08-05,[VOTE] Release Maven Resolver 1.9.22,5,pending,,
topic-730a35793fbd1ef4,maven,2024-08-05,Should the Dependency interface contains a getPath() method?,17,pending,,
topic-755e1e726b15b0ab,maven,2024-08-05,"Terminology proposal: ""Maven module"" -> ""Maven sub-project""",23,pending,,
topic-a5cbe2f6e1c002c9,maven,2024-08-05,Proposal: remove warning about file encoding not set,10,pending,,
topic-ce7bb4349f18c564,maven,2024-08-05,[VOTE] Release Maven Resolver 2.0.1,5,pending,,
topic-00e717fc44b27a1b,maven,2024-08-08,[ANN] Maven Resolver 1.9.22 released,1,pending,,
topic-6a6886ac48a17b7d,maven,2024-08-08,[RESULT][VOTE] Release Maven Resolver 1.9.22,1,pending,,
topic-ba3a5a77a7c67eb4,maven,2024-08-08,[RESULT][VOTE] Release Maven Resolver 2.0.1,1,pending,,
topic-e5e838dc03c356b5,maven,2024-08-08,[VOTE] Release Apache Maven GPG Plugin 3.2.5,5,pending,,
topic-e857e6feff5745e7,maven,2024-08-08,[ANN] Maven Resolver 2.0.1 released,1,pending,,
topic-827f7da1951834b0,maven,2024-08-11,First draft of proposed model change: <Source> element,2,pending,,
topic-941dceadee630b60,maven,2024-08-11,GH Action Shared v4 fails for Java 8 on Mac OS,6,pending,,
topic-5382c02ae7a5acab,maven,2024-08-12,[ANN] Apache Maven GPG Plugin 3.2.5 Released,1,pending,,
topic-8b372ed4dea2b2e2,maven,2024-08-12,[RESULT] [VOTE] Release Apache Maven GPG Plugin 3.2.5,1,pending,,
topic-6140e1db9376c8f0,maven,2024-08-13,[HEADS UP] Maven 3.9.9 release soon,2,pending,,
topic-81719769db20b827,maven,2024-08-13,Maven 3.9.9 unexpected operator,3,pending,,
topic-a6d03ea925c27dd1,maven,2024-08-13,[VOTE] Release Apache Maven 3.9.9,8,pending,,
topic-47cd896956d710f3,maven,2024-08-14,[CANCELED] [VOTE] Release Apache Maven 3.9.9,1,pending,,
topic-61edab06663a451f,maven,2024-08-14,[VOTE] Release Maven Site Plugin version 3.20.0,9,pending,,
topic-aa39da0fd832271f,maven,2024-08-14,[VOTE] Release Apache Maven 3.9.9 (respin #1),5,pending,,
topic-fe2411d2592a517a,maven,2024-08-14,[VOTE] Release Maven Plugin Tools version 3.14.0,7,pending,,
topic-02c5531ba60d3236,maven,2024-08-15,[VOTE] Release Maven Fluido Skin version 2.0.0-M10,4,pending,,
topic-18f105c0a7c2d9e2,maven,2024-08-15,[VOTE] Release Maven Install Plugin 3.1.3,5,pending,,
topic-794670f44f91529d,maven,2024-08-15,Maven Resolver inconsistency between VersionRangeResult and VersionResult,2,pending,,
topic-84258b23f2bb02b9,maven,2024-08-15,[VOTE] Release Maven Deploy Plugin 3.1.3,6,pending,,
topic-9342a670551595ab,maven,2024-08-15,[VOTE] Release Apache Maven Shared Jarsigner version 3.1.0,4,pending,,
topic-a5bcc6310b9bc938,maven,2024-08-15,[VOTE] Release Maven Surefire version 3.4.0,9,pending,,
topic-f0cf3a2e0d6d0c94,maven,2024-08-15,[DISCUSS] maven-core-plugin,32,pending,,
topic-9bb854f326bf1bd1,maven,2024-08-16,"More rigorous terminology - Was: Terminology proposal: ""Maven module"" -> ""Maven sub-project""",7,pending,,
topic-22aef7c0e40dc7cb,maven,2024-08-17,[ANN] Apache Maven 3.9.9 released,1,pending,,
topic-29aef90461cda2a1,maven,2024-08-17,[ANN] Maven Site Plugin 3.20.0 released,2,pending,,
topic-520551321d6e1bb3,maven,2024-08-17,[ANN] Apache Maven Plugin Tools 3.14.0 released,1,pending,,
topic-8a52487bca41aa00,maven,2024-08-17,[RESULT] [VOTE] Release Apache Maven 3.9.9 (respin #1),1,pending,,
topic-9cc392c86ce462dd,maven,2024-08-17,[RESULT] [VOTE] Release Maven Plugin Tools version 3.14.0,1,pending,,
topic-d71802af6690157d,maven,2024-08-17,[RESULT] [VOTE] Release Maven Site Plugin version 3.20.0,1,pending,,
topic-07870df38fe59a21,maven,2024-08-18,[VOTE] Release Maven Project Info Reports Plugin version 3.7.0,6,pending,,
topic-09c05a7e0f695157,maven,2024-08-18,[ANN] Apache Maven Shared Jarsigner version 3.1.0 Released,1,pending,,
topic-0a4d47f49ee73e6c,maven,2024-08-18,[ANN] Maven Surefire 3.4.0 released,1,pending,,
topic-3667027c9d0ccd98,maven,2024-08-18,[VOTE] Release Maven Invoker Plugin version 3.8.0,7,pending,,
topic-58665e3777482f42,maven,2024-08-18,[RESULT] [VOTE] Release Maven Fluido Skin version 2.0.0-M10,1,pending,,
topic-6494385f636aac4f,maven,2024-08-18,[RESULT] [VOTE] Release Apache Maven Shared Jarsigner version 3.1.0,1,pending,,
topic-7ea62e76b40a1aab,maven,2024-08-18,[VOTE] Release Maven Dependency Plugin version 3.8.0,7,pending,,
topic-8234b375afa4583d,maven,2024-08-18,[RESULT] [VOTE] Release Maven Surefire version 3.4.0,1,pending,,
topic-88ec98c0fc9d97bf,maven,2024-08-18,[ANN] Maven Fluido Skin 2.0.0-M10 released,1,pending,,
topic-ec7d15316bbeeb5c,maven,2024-08-18,[VOTE] Release Maven Help Plugin version 3.5.0,7,pending,,
topic-07f1082dc99fb293,maven,2024-08-19,[RESULT] [VOTE] Release Maven Install Plugin 3.1.3,1,pending,,
topic-82c0b056185f15b6,maven,2024-08-19,[RESULT] [VOTE] Release Maven Deploy Plugin 3.1.3,1,pending,,
topic-c167ae249656dffd,maven,2024-08-19,[ANN] Apache Maven Deploy Plugin 3.1.3 Released,1,pending,,
topic-cb45d0b028f90c6e,maven,2024-08-19,[VOTE] Release Maven JXR version 3.5.0,5,pending,,
topic-d491d0e286df66aa,maven,2024-08-19,[VOTE] Release Maven Checkstyle Plugin version 3.5.0,5,pending,,
topic-df4ce06092e313ad,maven,2024-08-19,[HEADS UP] Apache Maven Archetype Bundles 1.5,1,pending,,
topic-ffb4cfd98d109ce9,maven,2024-08-19,[ANN] Apache Maven Install Plugin 3.1.3 Released,1,pending,,
topic-6dcbb6fe57696ed1,maven,2024-08-20,[VOTE] Release Apache Maven Archetype Bundles version 1.5,4,pending,,
topic-7980647645de9164,maven,2024-08-20,[VOTE] Release Apache Maven mvnd 1.0.2,5,pending,,
topic-dd53e9761492f7c2,maven,2024-08-20,[HEADS UP] mvnd 1.0.2 (Maven 3.9.9) release soon,1,pending,,
topic-20cb0cd65a429882,maven,2024-08-21,[ANN] Release Maven Help Plugin 3.5.0 released,1,pending,,
topic-659ad2b1a9899b1e,maven,2024-08-21,[ANN] Maven Project Info Reports Plugin 3.7.0 released,1,pending,,
topic-90370305d6d00dd2,maven,2024-08-21,[ANN] Maven Invoker Plugin 3.8.0 released,1,pending,,
topic-a6b57b588aa7cb0b,maven,2024-08-21,[RESULT] [VOTE] Release Maven Invoker Plugin version 3.8.0,1,pending,,
topic-b83869a6b7a708f9,maven,2024-08-21,[RESULT] [VOTE] Release Maven Project Info Reports Plugin version 3.7.0,1,pending,,
topic-c7cd3d635fbd77d2,maven,2024-08-21,[RESULT] [VOTE] Release Maven Dependency Plugin version 3.8.0,1,pending,,
topic-d51f8f1f981b2d85,maven,2024-08-21,[RESULT] [VOTE] Release Maven Help Plugin version 3.5.0,1,pending,,
topic-dcf3cf8b0afa4f68,maven,2024-08-21,[ANN] Release Maven Dependency Plugin 3.8.0 released,1,pending,,
topic-583d034bbc21e837,maven,2024-08-22,[ANN] Maven Checkstyle Plugin 3.5.0 released,1,pending,,
topic-b29c6230d15023bf,maven,2024-08-22,[VOTE] Release Maven PMD Plugin version 3.25.0,5,pending,,
topic-b4691644ad34edc4,maven,2024-08-22,[VOTE] Release Maven Javadoc Plugin version 3.10.0,6,pending,,
topic-c142c8e84032c6ac,maven,2024-08-22,[VOTE] Release Maven Plugin Tools version 3.15.0,7,pending,,
topic-c3aba5443e3aece7,maven,2024-08-22,[RESULT] [VOTE] Release Maven Checkstyle Plugin version 3.5.0,1,pending,,
topic-d6b0c035347c3606,maven,2024-08-22,[VOTE] Release Maven Surefire version 3.5.0,6,pending,,
topic-f556cb5dbc2b6250,maven,2024-08-22,[RESULT] [VOTE] Release Maven JXR version 3.5.0,1,pending,,
topic-fdf1263b77bd6844,maven,2024-08-22,[ANN] Apache Maven JXR 3.5.0 released,1,pending,,
topic-27c91f9be11ea737,maven,2024-08-23,JDK 23 Release Candidates | Restrictive JAXP Configuration Heads-up,1,pending,,
topic-7768a25e2b79276c,maven,2024-08-24,[RESULT] [VOTE] Release Apache Maven mvnd 1.0.2,1,pending,,
topic-c6dfad751629d1b1,maven,2024-08-24,[ANN] Apache Maven Daemon 1.0.2 released,4,pending,,
topic-0c9d7c7dc702e070,maven,2024-08-25,[RESULT] [VOTE] Release Apache Maven Archetype Bundles version 1.5,1,pending,,
topic-6e68bc6d11ac6b11,maven,2024-08-25,[ANN] Apache Maven Archetype Bundles 1.5 Released,1,pending,,
topic-0955be441c5bcd3a,maven,2024-08-27,[ANN] Maven Javadoc Plugin 3.10.0 released,1,pending,,
topic-0ba94ba0537ddf14,maven,2024-08-27,[ANN] Maven Surefire 3.5.0 released,1,pending,,
topic-1bd6ad48272078cf,maven,2024-08-27,[RESULT] [VOTE] Release Maven PMD Plugin version 3.25.0,1,pending,,
topic-3b3365bf130cbb18,maven,2024-08-27,[RESULT] [VOTE] Release Maven Javadoc Plugin version 3.10.0,1,pending,,
topic-6ccab60a041a3137,maven,2024-08-27,[ANN] Maven PMD Plugin 3.25.0 released,1,pending,,
topic-8866dca31628bdb6,maven,2024-08-27,[RESULT] [VOTE] Release Maven Surefire version 3.5.0,1,pending,,
topic-a5d367807fd6f742,maven,2024-08-27,[RESULT] [VOTE] Release Maven Plugin Tools version 3.15.0,1,pending,,
topic-d4d5408acc9c38a8,maven,2024-08-27,[ANN] Apache Maven Plugin Tools 3.15.0 released,1,pending,,
topic-23ebcbccb1cc80ee,maven,2024-08-28,[VOTE] Release Apache Maven Filtering 3.4.0,5,pending,,
topic-75957951c8291b58,maven,2024-08-28,Disable ASF GitHub Bot comments in JIRA,3,pending,,
topic-8f654635dbbb2df1,maven,2024-08-28,Proxy and Aether resolver configuration guide,4,pending,,
topic-8f19e1e7fe47f391,maven,2024-08-29,[HEADS UP] Maven 4.0.0-beta-4 is around the corner,5,pending,,
topic-a1f2e541b6fa971a,maven,2024-08-30,[VOTE] Release Apache Maven 4.0.0-beta-4,8,pending,,
topic-14f8c32018185bdd,maven,2024-08-31,4.0.0-beta-4 goal ordering and priorities,2,pending,,
topic-5f8a3bece2268c46,maven,2024-08-31,4.0.0-beta4 prePhase build speed,1,pending,,
topic-6d2d6251a36ea129,maven,2024-08-31,[PR] Bump org.junit.jupiter:junit-jupiter-api from 5.10.3 to 5.11.0 [maven-xinclude-extension],1,pending,,
topic-709c8e45dc45b2cc,maven,2024-09-02,[RESULT] [VOTE] Release Apache Maven 4.0.0-beta-4,1,pending,,
topic-73aeb6bf6b032d57,maven,2024-09-02,[ANN] Apache Maven 4.0.0-beta-4 released,2,pending,,
topic-47ee80550038ec1c,maven,2024-09-03,[VOTE] Release Apache Maven Jarsigner Plugin version 3.1.0,5,pending,,
topic-88cf567251d54f27,maven,2024-09-06,Inheritance of Report Sets,5,pending,,
topic-11ee4c483425c55c,maven,2024-09-08,[RESULT] [VOTE] Release Apache Maven Filtering 3.4.0,3,pending,,
topic-6db3431269574f72,maven,2024-09-10,[RESULT] [VOTE] Release Apache Maven Jarsigner Plugin version 3.1.0,1,pending,,
topic-87b1f6ba9096d5aa,maven,2024-09-10,[VOTE] Release Maven GPG Plugin 3.2.6,2,pending,,
topic-91525a8a9da8e471,maven,2024-09-10,[ANN] Apache Maven Jarsigner Plugin 3.1.0 Released,1,pending,,
topic-cc259fd0f7ddeb38,maven,2024-09-10,[ANN] Apache Maven Filtering 3.4.0 Released,1,pending,,
topic-18f19b3c3262e7df,maven,2024-09-11,"[VOTE] Release Maven GPG Plugin 3.2.6, respin 1",5,pending,,
topic-bdaf6cc563c5b9a2,maven,2024-09-11,[VOTE] Release Maven Indexer 7.1.5,4,pending,,
topic-bf0eccfc1ad97cfb,maven,2024-09-11,[CANCELLED][VOTE] Release Maven GPG Plugin 3.2.6,1,pending,,
topic-00a615301089104e,maven,2024-09-12,[PR] Bump org.apache.maven.plugins:maven-invoker-plugin from 3.7.0 to 3.8.0 [maven-xinclude-extension],3,pending,,
topic-1a802014e961812d,maven,2024-09-12,[PR] Bump com.typesafe:config from 1.4.2 to 1.4.3 [maven-hocon-extension],1,pending,,
topic-1d77dae0f63e6a06,maven,2024-09-12,[PR] Bump org.apache.maven.plugins:maven-dependency-plugin from 3.7.1 to 3.8.0 [maven-xinclude-extension],2,pending,,
topic-6064810c03324168,maven,2024-09-12,[PR] Bump org.apache.maven.plugins:maven-enforcer-plugin from 3.3.0 to 3.5.0 [maven-hocon-extension],1,pending,,
topic-785773a2990e8059,maven,2024-09-12,[PR] Add GitHub workflow [maven-xinclude-extension],1,pending,,
topic-82a5f03b3ea29719,maven,2024-09-12,[PR] Bump org.apache.maven.plugins:maven-dependency-plugin from 3.7.1 to 3.8.0 [maven-hocon-extension],1,pending,,
topic-98ab3927b35bee6c,maven,2024-09-12,[PR] Bump org.apache.maven.plugins:maven-compiler-plugin from 3.11.0 to 3.13.0 [maven-hocon-extension],1,pending,,
topic-e76e5838a6413109,maven,2024-09-12,[PR] Bump maven.version from 4.0.0-beta-4-SNAPSHOT to 4.0.0-beta-4 [maven-xinclude-extension],1,pending,,
topic-151503bd08dd2846,maven,2024-09-14,[RESULT][VOTE] Release Maven Indexer 7.1.5,1,pending,,
topic-80e359efa7475627,maven,2024-09-14,[ANN] Apache Maven Indexer 7.1.5 released,1,pending,,
topic-99f9c624b236266e,maven,2024-09-14,[ANN] Apache Maven GPG Plugin 3.2.6 Released,1,pending,,
topic-df9cfef4a7edffd6,maven,2024-09-14,[HEADS UP] Apache Maven Archetype release,2,pending,,
topic-fd2094ba6512f4ed,maven,2024-09-14,"[RESULT][VOTE] Release Maven GPG Plugin 3.2.6, respin 1",1,pending,,
topic-975c37a1471e006e,maven,2024-09-20,[PR] Get rid of various warnings [maven-hocon-extension],8,pending,,
topic-b80fa8a0b70b3531,maven,2024-09-20,[PR] Get rid of redundant class [maven-hocon-extension],1,pending,,
topic-57fe6cfba081526e,maven,2024-09-21,The problem with the lack of documentation,9,pending,,
topic-c3c47d4ee2b2ead0,maven,2024-09-21,Compiler plugin compatible with Maven 4.0.0-beta4,2,pending,,
topic-4defa88dec1beeab,maven,2024-09-22,[VOTE] Release Apache Maven Archetype version 3.3.0,7,pending,,
topic-825e0e0807254aa8,maven,2024-09-23,Most significant changes in history with every major release of Maven,9,pending,,
topic-a232f3b86c3fd17f,maven,2024-09-23,MavenProject apparent inconsistencies,5,pending,,
topic-a61c6c929c0c1163,maven,2024-09-24,[VOTE] Release Maven GPG Plugin 3.2.7,6,pending,,
topic-b3d5041b446f7cff,maven,2024-09-24,[DISCUSSION] activating Reproducible Builds by default in Maven 4,24,pending,,
topic-d251a1ba87bcb094,maven,2024-09-24,upgrade jdk 17 used in maven jenkins cicd,4,pending,,
topic-bd4dbadd9ab947e9,maven,2024-09-25,thought: allow exclude dependencies from parent in maven4?,19,pending,,
topic-1157c59d140dc389,maven,2024-09-26,[ANN] Apache Maven Archetype Plugin 3.3.0 Released,1,pending,,
topic-44245240ad58850e,maven,2024-09-26,[RESULT] [VOTE] Release Apache Maven Archetype version 3.3.0,1,pending,,
topic-8cb1428ed063970a,maven,2024-09-26,[VOTE] Release Maven Javadoc Plugin version 3.10.1,4,pending,,
topic-8e196494c573572b,maven,2024-09-26,checksums and lockfiles,1,pending,,
topic-94508bf8e80d90e7,maven,2024-09-26,[VOTE] Release Maven Fluido Skin version 2.0.0-M11,9,pending,,
topic-0f0e624589ec8c7b,maven,2024-09-27,[RESULT][VOTE] Release Maven GPG Plugin 3.2.7,1,pending,,
topic-1d5deda1e90e3bd9,maven,2024-09-27,[ANN] Apache Maven GPG Plugin 3.2.7 Released,1,pending,,
topic-8f6189187ecfb7fc,maven,2024-09-28,[CANCELED] [VOTE] Release Maven Javadoc Plugin version 3.10.1,1,pending,,
topic-d1ed31772f26c902,maven,2024-09-28,[RESULT] [VOTE] Release Maven Fluido Skin version 2.0.0-M11,2,pending,,
topic-ebf9d2e83978d4c9,maven,2024-09-28,[VOTE] Release Maven Javadoc Plugin version 3.10.1 (respin 1),7,pending,,
topic-ec34837e7bd9b153,maven,2024-09-28,[VOTE] Release Maven Doxia version 2.0.0,7,pending,,
topic-036341b90ffae2df,maven,2024-10-01,[RESULT] [VOTE] Release Maven Doxia version 2.0.0,1,pending,,
topic-1704cb30a329047c,maven,2024-10-01,[RESULT] [VOTE] Release Maven Javadoc Plugin version 3.10.1,1,pending,,
topic-40bda63f36a65600,maven,2024-10-01,[ANN] Maven Javadoc Plugin 3.10.1 released,1,pending,,
topic-9d7327cc55c78e04,maven,2024-10-01,[VOTE] Release Apache Maven Reporting API version 4.0.0,6,pending,,
topic-a40c4702325783fb,maven,2024-10-01,[ANN] Maven Fluido Skin 2.0.0-M11 released,1,pending,,
topic-c19ea12c52dadfcb,maven,2024-10-01,[VOTE] Release Maven Surefire version 3.5.1,5,pending,,
topic-dde998ca60482529,maven,2024-10-01,[ANN] Apache Maven Doxia version 2.0.0 released,1,pending,,
topic-05be30a8e0d013ab,maven,2024-10-04,Maven Daemon release location: Also Maven Central?,10,pending,,
topic-4da0ecd4172ddd6f,maven,2024-10-04,[VOTE] Release Apache Maven Dependency Analyzer version 1.15.0,6,pending,,
topic-6858f1b4f4e58c2e,maven,2024-10-05,Broken URL on Maven Central due to bad POM variable?,2,pending,,
topic-004fadd2b279cd83,maven,2024-10-06,[ANN] Apache Maven Reporting API 4.0.0 released,1,pending,,
topic-53f7c36a3bf0738d,maven,2024-10-06,[RESULT] [VOTE] Release Maven Surefire version 3.5.1,1,pending,,
topic-79f81c724d412310,maven,2024-10-06,[ANN] Maven Surefire 3.5.1 released,1,pending,,
topic-b326761cb420e988,maven,2024-10-06,[RESULT] [VOTE] Release Apache Maven Reporting API version 4.0.0,1,pending,,
topic-d91a9341a20252a1,maven,2024-10-06,[VOTE] Release Apache Maven Doxia Sitetools version 2.0.0,5,pending,,
topic-55fbcb30bb27ce68,maven,2024-10-08,[RESULT] [VOTE] Release Apache Maven Dependency Analyzer version 1.15.0,1,pending,,
topic-823d841a11681f5b,maven,2024-10-08,[DISCUSS] Merge ITs in maven,20,pending,,
topic-cc59f4027fd67ec7,maven,2024-10-08,[ANN] Apache Maven Dependency Analyzer 1.15.0 Released,1,pending,,
topic-15f3bc7d15351902,maven,2024-10-09,[RESULT] [VOTE] Release Apache Maven Doxia Sitetools version 2.0.0,1,pending,,
topic-9b991d1c745e2c51,maven,2024-10-09,[ANN] Apache Maven Doxia Sitetools 2.0.0 released,1,pending,,
topic-4f284807e0927300,maven,2024-10-11,[PR] Bump org.junit.jupiter:junit-jupiter from 5.11.1 to 5.11.2 [maven-hocon-extension],1,pending,,
topic-8bdd455c4e6ddefa,maven,2024-10-11,Maven 3.9.7 generates dodgy snapshot maven-metadata.xml,7,pending,,
topic-bec28836a0986868,maven,2024-10-11,combine.children=append duplicating options,1,pending,,
topic-e53f418b94f3ed91,maven,2024-10-11,[PR] Bump org.junit.jupiter:junit-jupiter from 5.11.0 to 5.11.2 [maven-xinclude-extension],1,pending,,
topic-b92299552b6f19de,maven,2024-10-12,[VOTE] Release Apache Maven Reporting Impl version 4.0.0,6,pending,,
topic-4b2d7756baff4ad6,maven,2024-10-14,[VOTE] Release Maven Resolver 2.0.2,5,pending,,
topic-0be60956c520664b,maven,2024-10-15,[VOTE] Release Apache Maven Reporting Exec version 2.0.0,4,pending,,
topic-145b6d4bffdefe41,maven,2024-10-15,[VOTE] Release Apache Maven Artifact Plugin version 3.5.2,5,pending,,
topic-96bcad848540b421,maven,2024-10-15,Maven Resolver 2.x: Different results when dependency resolving,2,pending,,
topic-eb2230f5c185ce72,maven,2024-10-15,Moving JIRA issues between projects,2,pending,,
topic-f03b4596e8073962,maven,2024-10-15,[RESULT] [VOTE] Release Apache Maven Reporting Impl version 4.0.0,1,pending,,
topic-f0b7eecad7f5a718,maven,2024-10-15,[ANN] Apache Maven Reporting Impl 4.0.0 released,1,pending,,
topic-a734e20aa767515d,maven,2024-10-16,Protecting master branches,3,pending,,
topic-1213cbac897729da,maven,2024-10-17,[ANN] Maven Resolver 2.0.2 released,1,pending,,
topic-6e57d010cae3246c,maven,2024-10-17,Module paths and tool integrations,18,pending,,
topic-b10a46367a2e5523,maven,2024-10-17,[RESULT][VOTE] Release Maven Resolver 2.0.2,1,pending,,
topic-f48351fd8393381c,maven,2024-10-17,[Plexus-Utils] MatchPattern(s) Improvement?,1,pending,,
topic-3b97a9ed849077ec,maven,2024-10-18,[VOTE] Release Maven Help Plugin version 3.5.1,4,pending,,
topic-71e705563831b71f,maven,2024-10-18,[RESULT] [VOTE] Release Apache Maven Reporting Exec version 2.0.0,1,pending,,
topic-89c96d0e0b4e4ca5,maven,2024-10-18,[VOTE] Release Apache Maven 4.0.0-beta-5,3,pending,,
topic-9068ac881e1fcab3,maven,2024-10-18,[VOTE] Release Maven Project Info Reports Plugin version 3.8.0,5,pending,,
topic-99ce9b401a83ea66,maven,2024-10-18,[VOTE] Release Maven Invoker Plugin version 3.8.1,4,pending,,
topic-b7a0c6781b95e1f4,maven,2024-10-18,[ANN] Apache Maven Reporting Exec 2.0.0 released,1,pending,,
topic-da761133eef4af15,maven,2024-10-18,[VOTE] Release Maven Site Plugin version 3.21.0,4,pending,,
topic-55b3a0f00cd7553d,maven,2024-10-19,[RESULT] [VOTE] Release Apache Maven Artifact Plugin version 3.5.2,1,pending,,
topic-9a6af0ea623a304c,maven,2024-10-19,"[VOTE] Release Apache Maven 4.0.0-beta-5, respin 1",8,pending,,
topic-da699e0e7ff5ad88,maven,2024-10-19,[CANCELLED] [VOTE] Release Apache Maven 4.0.0-beta-5,1,pending,,
topic-d2ad1144bd6d552d,maven,2024-10-20,[ANN] Apache Maven Artifact Plugin 3.5.2 Released,1,pending,,
topic-258caad1cd506259,maven,2024-10-21,[ANN] Maven Project Info Reports Plugin 3.8.0 released,1,pending,,
topic-2910f2d6c754b3c7,maven,2024-10-21,[VOTE] Release Maven Dependency Plugin version 3.8.1,5,pending,,
topic-3435c8af42fa721a,maven,2024-10-21,[RESULT] [VOTE] Release Maven Help Plugin version 3.5.1,1,pending,,
topic-36781061c071f1d7,maven,2024-10-21,[PR] Enable GitHub issues [maven-xinclude-extension],1,pending,,
topic-66288fc19ea99bf7,maven,2024-10-21,[RESULT] [VOTE] Release Maven Invoker Plugin version 3.8.1,1,pending,,
topic-75e39db73ecc691e,maven,2024-10-21,[PR] Enable github issues [maven-hocon-extension],1,pending,,
topic-b259cccf7b8d4e9d,maven,2024-10-21,[ANN] Maven Invoker Plugin 3.8.1 released,1,pending,,
topic-b69bc2b0cd7f184f,maven,2024-10-21,[ANN] Maven Help Plugin 3.5.1 released,1,pending,,
topic-c042dd467ea8cb1c,maven,2024-10-21,Configuring a direct invoked plugin goal,3,pending,,
topic-cf168dabcc39df79,maven,2024-10-21,[RESULT] [VOTE] Release Maven Project Info Reports Plugin version 3.8.0,1,pending,,
topic-14d8ced0d9472224,maven,2024-10-22,[ANN] Apache Maven 4.0.0-beta-5 released,1,pending,,
topic-3263c35f3c8c40f8,maven,2024-10-22,[VOTE] Release Maven Checkstyle Plugin version 3.6.0,4,pending,,
topic-3524d1af97bf8435,maven,2024-10-22,"[RESULT] [VOTE] Release Apache Maven 4.0.0-beta-5, respin 1",1,pending,,
topic-36493c3bbfc2364f,maven,2024-10-22,[VOTE] Release Apache Maven Dependency Analyzer version 1.15.1,4,pending,,
topic-37ac19a6737d0b7b,maven,2024-10-22,[VOTE] Release Maven JXR version 3.6.0,4,pending,,
topic-5d73465a60de8d15,maven,2024-10-22,[DISCUSS] Project member emeritus policy change,16,pending,,
topic-6024aaa88db5df7f,maven,2024-10-22,[RESULT] [VOTE] Release Maven Site Plugin version 3.21.0,1,pending,,
topic-c35dae99ea21e8fe,maven,2024-10-22,[DISCUSS] Enable GitHub issues and GitHub discussions,19,pending,,
topic-d463269fa359a8bd,maven,2024-10-22,[VOTE] Release Apache Maven Archiver version 3.6.3,5,pending,,
topic-ece08a272f3285aa,maven,2024-10-22,[VOTE] Release Maven Plugin Tools version 3.15.1,4,pending,,
topic-ef280b1ec4fdd490,maven,2024-10-22,[ANN] Maven Site Plugin 3.21.0 released,1,pending,,
topic-967574306a2c34a0,maven,2024-10-23,[DISCUSS] Merge JPMS work in upcoming maven-compiler-plugin beta-2,20,pending,,
topic-dbcbca26f3b1aa5f,maven,2024-10-23,"[Committer School] Stephen, Arnaud & Barrie's school for potential Maven committers does this still exist?",4,pending,,
topic-01c0e61af96ea278,maven,2024-10-25,[ANN] Apache Maven JXR 3.6.0 released,1,pending,,
topic-06ed6710abaaeb81,maven,2024-10-25,[ANN] Apache Maven Plugin Tools 3.15.1 released,1,pending,,
topic-1f15ac02d4a2ca8a,maven,2024-10-25,[RESULT] [VOTE] Release Apache Maven Archiver version 3.6.3,1,pending,,
topic-39f43cc724523b72,maven,2024-10-25,[VOTE] Release Apache Maven Archetype version 3.3.1,5,pending,,
topic-515f7a1bf9caf670,maven,2024-10-25,[ANN] Apache Maven Archiver 3.6.3 released,1,pending,,
topic-6b405a32ef3c9bce,maven,2024-10-25,[VOTE] Release Maven Resolver 2.0.3,3,pending,,
topic-9c3b2ed137f28e71,maven,2024-10-25,[CANCELED][VOTE] Release Maven Resolver 2.0.3,1,pending,,
topic-ac5320ce2ec69dc3,maven,2024-10-25,[ANN] Release Maven Dependency Plugin 3.8.1 released,1,pending,,
topic-ac9ddd21e52779cc,maven,2024-10-25,[VOTE] Release Maven PMD Plugin version 3.26.0,7,pending,,
topic-b51047f078657bb6,maven,2024-10-25,[ANN] Maven Checkstyle Plugin 3.6.0 released,1,pending,,
topic-c81a190f01ee9f23,maven,2024-10-25,[RESULT] [VOTE] Release Maven Plugin Tools version 3.15.1,1,pending,,
topic-c9d8891611909fde,maven,2024-10-25,[RESULT] [VOTE] Release Maven Dependency Plugin version 3.8.1,1,pending,,
topic-d66cee698272c084,maven,2024-10-25,[RESULT] [VOTE] Release Maven JXR version 3.6.0,1,pending,,
topic-df24ac59a3cfa81e,maven,2024-10-25,"JDK 23 is GA, JDK 24 EA builds",1,pending,,
topic-e86e5a572b39b7c4,maven,2024-10-25,[RESULT] [VOTE] Release Maven Checkstyle Plugin version 3.6.0,1,pending,,
topic-2e917f836c658a98,maven,2024-10-26,[RESULT] [VOTE] Release Apache Maven Dependency Analyzer version 1.15.1,1,pending,,
topic-4dc18a4d6a02b9ee,maven,2024-10-26,[ANN] Apache Maven Dependency Analyzer 1.15.1 Released,1,pending,,
topic-ecdee0417cdfb683,maven,2024-10-27,[VOTE] Release Apache Maven Artifact Plugin version 3.5.3,8,pending,,
topic-2f6ecf386da73a98,maven,2024-10-28,[RESULT] [VOTE] Release Apache Maven Archetype version 3.3.1,1,pending,,
topic-46cd27e95b889b1e,maven,2024-10-28,[ANN] Maven PMD Plugin 3.26.0 released,1,pending,,
topic-9c13b30c894a8e94,maven,2024-10-28,[RESULT] [VOTE] Release Maven PMD Plugin version 3.26.0,1,pending,,
topic-bd0b6e9f254030a8,maven,2024-10-28,[ANN] Apache Maven Archetype Plugin 3.3.1 Released,1,pending,,
topic-1b7eaf79c6f5b74b,maven,2024-10-29,"[VOTE] Release Maven Resolver 2.0.3, respin 1",5,pending,,
topic-1ec44cfe11cf4694,maven,2024-10-30,[VOTE] Release Maven Javadoc Plugin version 3.11.1,4,pending,,
topic-6a7eca1e3d6354cc,maven,2024-10-30,[CANCELED] [VOTE] Release Maven Javadoc Plugin version 3.11.0,1,pending,,
topic-a28d594a00314280,maven,2024-10-30,[ANN] Apache Maven Artifact Plugin 3.5.3 Released,1,pending,,
topic-be698eef4380f851,maven,2024-10-30,[RESULT] [VOTE] Release Apache Maven Artifact Plugin version 3.5.3,1,pending,,
topic-f4fc0cd8ef641ea2,maven,2024-10-30,[VOTE] Release Maven Surefire version 3.5.2,7,pending,,
topic-ffe3410d08cf3c36,maven,2024-10-30,[VOTE] Release Maven Javadoc Plugin version 3.11.0,1,pending,,
topic-219ad5be376eb74d,maven,2024-11-01,"[RESULT][VOTE] Release Maven Resolver 2.0.3, respin 1",1,pending,,
topic-8f7113f7bb24678b,maven,2024-11-01,[ANN] Maven Resolver 2.0.3 released,1,pending,,
topic-38c3df20543797f5,maven,2024-11-02,[VOTE] Release Maven Fluido Skin version 2.0.0,9,pending,,
topic-4407f5c198835b51,maven,2024-11-02,[ANN] Maven Surefire 3.5.2 released,1,pending,,
topic-7aaa7163f6712695,maven,2024-11-02,[RESULT] [VOTE] Release Maven Javadoc Plugin version 3.11.1,1,pending,,
topic-9475a76adac94cb3,maven,2024-11-02,[ANN] Maven Javadoc Plugin 3.11.1 released,1,pending,,
topic-f35b4ad15f564690,maven,2024-11-02,[RESULT] [VOTE] Release Maven Surefire version 3.5.2,1,pending,,
topic-a2bfcca9fdfca09a,maven,2024-11-05,[ANN] Maven Fluido Skin 2.0.0 released,1,pending,,
topic-c5437b8478f9c498,maven,2024-11-05,[RESULT] [VOTE] Release Maven Fluido Skin version 2.0.0,1,pending,,
topic-ec9fb9457dd43651,maven,2024-11-08,[VOTE] Release Maven Plugin Testing version 4.0.0-beta-2,7,pending,,
topic-5aebb2d985afecf8,maven,2024-11-11,run one integration test,2,pending,,
topic-00c238d8fcd9e618,maven,2024-11-13,ArtifactFactory - what is to be done?,2,pending,,
topic-e767e8c1b6f0034e,maven,2024-11-13,[RESULT] [VOTE] Release Maven Plugin Testing version 4.0.0-beta-2,1,pending,,
topic-6f0bc7bf8aa6547b,maven,2024-11-15,[VOTE] Release Maven Resolver 2.0.4,8,pending,,
topic-ad7e44f38a277d9f,maven,2024-11-17,maven-dependency-plugin PRs for review,1,pending,,
topic-34ffa6f32b8223a4,maven,2024-11-18,[RESULT][VOTE] Release Maven Resolver 2.0.4,1,pending,,
topic-64891941aee032ca,maven,2024-11-20,Re-enable jenkins for s390x,1,pending,,
topic-00d0f3e6aa23eeb0,maven,2024-11-22,Working on maven-changes-plugin 3.0.0,10,pending,,
topic-0334181e11178939,maven,2024-11-22,[DISCUSS] Switch to GitHub issues,51,pending,,
topic-57c57bb1d731e36d,maven,2024-11-25,[VOTE] Release Apache Maven 4.0.0-rc-1,13,pending,,
topic-a6ec66508dfa2004,maven,2024-11-25,[DISCUSS] Release Apache Maven 4.0.0-rc-1,4,pending,,
topic-5270faab140a0599,maven,2024-11-26,[VOTE] Release Apache Maven Archiver version 4.0.0-beta-2,6,pending,,
topic-77bbdcd75081d7be,maven,2024-11-26,[VOTE] Release Apache Maven Daemon 2.0.0-rc-1,8,pending,,
topic-f3c857bb1172510d,maven,2024-11-26,[CANCEL] [VOTE] Release Apache Maven Archiver version 4.0.0-beta-2,1,pending,,
topic-16de22a52c83efdd,maven,2024-11-27,[PR] Bump maven.version from 4.0.0-beta-4 to 4.0.0-beta-5 [maven-xinclude-extension],1,pending,,
topic-49dd44ee2a214e5e,maven,2024-11-27,[PR] Bump org.apache.maven.plugins:maven-invoker-plugin from 3.8.0 to 3.8.1 [maven-xinclude-extension],1,pending,,
topic-50c3e2c99c18243b,maven,2024-11-27,[PR] Bump org.junit.jupiter:junit-jupiter from 5.11.2 to 5.11.3 [maven-hocon-extension],1,pending,,
topic-522dbc73ff55a95e,maven,2024-11-27,[PR] Bump maven.version from 4.0.0-beta-4 to 4.0.0-beta-5 [maven-hocon-extension],4,pending,,
topic-5ed188d63c028b46,maven,2024-11-27,[PR] Bump org.apache.maven.plugins:maven-dependency-plugin from 3.8.0 to 3.8.1 [maven-xinclude-extension],1,pending,,
topic-68ece14ad93189a1,maven,2024-11-27,[PR] Bump org.junit.jupiter:junit-jupiter from 5.11.2 to 5.11.3 [maven-xinclude-extension],1,pending,,
topic-6b51f1ea8a43a584,maven,2024-11-27,[PR] Bump org.apache.maven.plugins:maven-dependency-plugin from 3.8.0 to 3.8.1 [maven-hocon-extension],1,pending,,
topic-6da3014e4464064b,maven,2024-11-27,[PR] Bump com.fasterxml.woodstox:woodstox-core from 7.0.0 to 7.1.0 [maven-xinclude-extension],1,pending,,
topic-7db804587d046624,maven,2024-11-27,[PR] Setup notifications in asf config [maven-xinclude-extension],1,pending,,
topic-85ed0086ce179d6f,maven,2024-11-27,[VOTE] Release Apache Maven Archiver version 4.0.0-beta-3,8,pending,,
topic-d0334deee1fbaef4,maven,2024-11-27,[PR] Bump org.apache.maven.plugins:maven-invoker-plugin from 3.8.0 to 3.8.1 [maven-hocon-extension],1,pending,,
topic-0255adf531ff57e2,maven,2024-11-28,Future of palantir / spotless in Maven,28,pending,,
topic-3e9620f175b6b76b,maven,2024-11-28,spotbugs-maven-plugin doxia 2 help needed,4,pending,,
topic-57816ee654821d6a,maven,2024-11-28,[RESULT] [VOTE] Release Apache Maven 4.0.0-rc-1,3,pending,,
topic-20b59a2c7ba16fcb,maven,2024-11-29,autorun spotless,15,pending,,
topic-d0bed85715863ad3,maven,2024-11-29,[ANN] Apache Maven 4.0.0-rc-1 released,1,pending,,
topic-3c35407cb5645d80,maven,2024-12-02,[ANN] Apache Maven Daemon 2.0.0-rc-1 released,1,pending,,
topic-a8383dfbdb71f739,maven,2024-12-02,[RESULT] [VOTE] Release Apache Maven Daemon 2.0.0-rc-1,1,pending,,
topic-b67992bc532d0c01,maven,2024-12-02,[RESULT] [VOTE] Release Apache Maven Archiver version 4.0.0-beta-3,1,pending,,
topic-caef226f97ca194b,maven,2024-12-04,reproducible builds: maven-javadoc-plugin is sensitive to filesystem ordering,3,pending,,
topic-df64209e90f11dc3,maven,2024-12-04,[VOTE] Apache Maven Javadoc Plugin 3.11.2,8,pending,,
topic-889165d3a96dad45,maven,2024-12-05,Maven ITs,2,pending,,
topic-38aa4a2cf1af02f8,maven,2024-12-06,[PR] Update plugins and clean deps [maven-hocon-extension],2,pending,,
topic-b02bf136a73706d8,maven,2024-12-06,[VOTE] Release Apache Maven Fluido Skin version 2.0.1,5,pending,,
topic-f2eeda5dc88cefb0,maven,2024-12-06,[VOTE] Release Maven Invoker Plugin 3.9.0,8,pending,,
topic-7dbbfdeec699ec95,maven,2024-12-07,[VOTE] Release Apache Maven Changes Plugin version 3.0.0-M1,6,pending,,
topic-8d2604c2cd7d6c80,maven,2024-12-07,[VOTE] Retire Maven Patch Plugin,13,pending,,
topic-989aa6ea1a577edc,maven,2024-12-07,[PR] Setup notifications in asf config [maven-hocon-extension],2,pending,,
topic-994a2fc011ed4d5f,maven,2024-12-07,[RESULT] [VOTE] Apache Maven Javadoc Plugin 3.11.2,1,pending,,
topic-c2d3431313aee65e,maven,2024-12-07,semeru,5,pending,,
topic-78f822c28873de02,maven,2024-12-08,[ANN] Apache Maven Javadoc Plugin 3.11.2 Released,1,pending,,
topic-23c6680250406ac0,maven,2024-12-09,repository.apache.org and Nexus 2 EOL,3,pending,,
topic-5df8ffd2f2033bf0,maven,2024-12-09,Maven 4.0.0-RC1: Consumer POM contains dependencyManagement,1,pending,,
topic-d13b3b1348ba3efb,maven,2024-12-09,[ANN] Apache Maven Invoker Plugin 3.9.0,4,pending,,
topic-225da53a16925461,maven,2024-12-10,[ANN] Apache Maven Changes Plugin 3.0.0-M1 Released,1,pending,,
topic-589d8efdbb24edbc,maven,2024-12-10,[VOTE] Release Apache Maven Patch Plugin version 1.3,11,pending,,
topic-a8db18e8124f434f,maven,2024-12-10,[RESULT] [VOTE] Release Apache Maven Changes Plugin version 3.0.0-M1,1,pending,,
topic-eabb6be1b51043d5,maven,2024-12-10,[RESULT] [VOTE] Retire Maven Patch Plugin,1,pending,,
topic-0236198b15f8cdf6,maven,2024-12-11,[RESULT] [VOTE] Release Apache Maven Fluido Skin version 2.0.1,1,pending,,
topic-b413da5b91589730,maven,2024-12-11,[ANN] Apache Maven Fluido Skin 2.0.1 Released,1,pending,,
topic-2be2e33ecc16199a,maven,2024-12-13,JDK 24 Feature Freeze / Permanently Disabling the Security Manager,1,pending,,
topic-4adeca5c1690960e,maven,2024-12-13,[VOTE] Release Maven Resolver 2.0.5,9,pending,,
topic-444cc2fc8501004c,maven,2024-12-14,[VOTE] Release Apache Maven 4.0.0-rc-2,21,pending,,
topic-a38dc2caf6d8ad77,maven,2024-12-14,[ANN] Apache Maven Patch Plugin 1.3 Released,1,pending,,
topic-ac3a8730d37b8ede,maven,2024-12-14,[RESULT] [VOTE] Release Apache Maven Patch Plugin version 1.3,1,pending,,
topic-03d1cc4febae54d7,maven,2024-12-16,[RESULT] [VOTE] Release Apache Maven 4.0.0-rc-2,1,pending,,
topic-5da25c5da3d6c7e3,maven,2024-12-16,[ANN] Maven Resolver 2.0.5 released,1,pending,,
topic-99e56967fa2cbc45,maven,2024-12-16,[RESULT][VOTE] Release Maven Resolver 2.0.5,1,pending,,
topic-baaaa396d92055f6,maven,2024-12-17,[ANN] Apache Maven 4.0.0-rc-2 released,1,pending,,
topic-8b8089812afff9fd,maven,2024-12-18,[VOTE] Switch to GitHub issues from JIRA,12,pending,,
topic-ce30aa5413efc5fb,maven,2024-12-21,[RESULT] [VOTE] Switch to GitHub issues from JIRA,1,pending,,
topic-10ca1259b69ded65,maven,2024-12-24,PRs that need review,1,pending,,
topic-886196b8717a04c9,maven,2024-12-30,[VOTE] Release Apache Maven Changes Plugin version 3.0.0-M2,7,pending,,
topic-8c2dfe0af5f9548f,maven,2024-12-30,[VOTE] Release Apache Maven Changelog Plugin version 3.0.0-M1,6,pending,,
topic-ad2529c360218073,maven,2024-12-30,[VOTE] Release Apache Maven Shared Jar version 3.2.0,5,pending,,
topic-bd788eb13b5d1c98,maven,2024-12-30,[VOTE] Release Apache Maven Remote Resources Plugin version 3.3.0,5,pending,,
topic-0614db15fd34ecbf,maven,2025-01-02,Leveraging SonarQube Cloud (fka SonarCloud),13,pending,,
topic-1b24574345a7eb41,maven,2025-01-03,[RESULT] [VOTE] Release Apache Maven Shared Jar version 3.2.0,1,pending,,
topic-3652d457d30dbae2,maven,2025-01-03,Switch to GitHub issues - tools and automation,2,pending,,
topic-4a2573915dcc117b,maven,2025-01-03,[ANN] Apache Maven Changelog Plugin 3.0.0-M1 Released,1,pending,,
topic-58991ce483e07b63,maven,2025-01-03,[MCHANGES ] Where is MCHANGES 3.0.0-M1 and M2 is JIRA plus bug,5,pending,,
topic-6efd2b92135c3090,maven,2025-01-03,[ANN] Apache Maven Changes Plugin 3.0.0-M2 Released,1,pending,,
topic-982a4f33f3d4ee56,maven,2025-01-03,[RESULT] [VOTE] Release Apache Maven Changes Plugin version 3.0.0-M2,1,pending,,
topic-b6f54f6c50cf1f54,maven,2025-01-03,[ANN] Apache Maven Shared JAR 3.2.0 released,1,pending,,
topic-e67c813cda8576c4,maven,2025-01-03,[RESULT] [VOTE] Release Apache Maven Changelog Plugin version 3.0.0-M1,1,pending,,
topic-fb6a3bdcc29a2122,maven,2025-01-03,[RESULT] [VOTE] Release Apache Maven Remote Resources Plugin version 3.3.0,1,pending,,
topic-fc2f4b70c5a10f3a,maven,2025-01-03,[ANN] Apache Maven Remote Resources Plugin 3.3.0 Released,1,pending,,
topic-f4851f3a4bc334e8,maven,2025-01-04,Using git forks,33,pending,,
topic-fbbbdf75e4a01ed5,maven,2025-01-04,GitHub Issues - trmplates,5,pending,,
topic-2031f30e4347434e,maven,2025-01-06,GitHub issues - switching technical tasks,43,pending,,
topic-fb3c07893d937099,maven,2025-01-06,Maven build cache extension - release tagged version update,1,pending,,
topic-29756a4b529ebef6,maven,2025-01-07,Contributing a Pull Request for the enforcer plugin - branch etiquette,7,pending,,
topic-423b7607c92b473c,maven,2025-01-07,Time to ditch Slack?,4,pending,,
topic-360f274824372568,maven,2025-01-08,(maven-jarsigner-plugin) branch guice deleted (was 2c2510a),2,pending,,
topic-6892ef9cfb2aff4f,maven,2025-01-08,[VOTE] Release Apache Maven Artifact Plugin version 3.6.0,6,pending,,
topic-e1777f3dddb87199,maven,2025-01-11,GitHub issue - release procedure,3,pending,,
topic-55e2a120030984c5,maven,2025-01-12,[RESULT] [VOTE] Release Apache Maven Artifact Plugin version 3.6.0,1,pending,,
topic-85ea91974c2540bc,maven,2025-01-13,Refactor (some) Maven builds for individual and reactor builds (M3.9.9 is working; M4.0.0-RC-2 in preparation),9,pending,,
topic-66064472731fa531,maven,2025-01-19,Maven archiver 3.6.3 no longer accepts valid unix epoch datetime,3,pending,,
topic-0436e8fb39472112,maven,2025-01-20,Maven 4.0.0-rc-2 and m-install-p 4.0.0-beta-1,6,pending,,
topic-51c63b594d9e3cbe,maven,2025-01-22,What is new in Maven 4?,42,pending,,
topic-e0c68d53e0ea7890,maven,2025-01-23,Maven Extension,13,pending,,
topic-2ebaba045bae721a,maven,2025-01-24,maven-3.x-next,11,pending,,
topic-f6af502bcdf9309c,maven,2025-01-28,[VOTE] Release Maven Plugin Testing version 4.0.0-beta-3,9,pending,,
topic-5790903e073f5c5d,maven,2025-01-30,New committer: Martin Desruisseaux,8,pending,,
topic-a12166ba5eb5617e,maven,2025-02-02,[VOTE] Release Maven Resolver Ant Tasks 1.5.2,7,pending,,
topic-4d5b0ca214140a11,maven,2025-02-03,Toolchains and Maven Enforcer,6,pending,,
topic-c7c8f22349778c0a,maven,2025-02-03,[RESULT] [VOTE] Release Maven Plugin Testing version 4.0.0-beta-3,1,pending,,
topic-08e6c4b094fb7bbb,maven,2025-02-04,Amendment proposal to <type>,4,pending,,
topic-135342737646fcda,maven,2025-02-04,"Maven plugins: compiler, install, deploy - GitHub Issues",6,pending,,
topic-a5f269cf77d1113e,maven,2025-02-04,Github issue migration problem,15,pending,,
topic-6e9aa9c45a856729,maven,2025-02-05,Documentation for 4.x/3.x plugins and components,13,pending,,
topic-94d5dfad44692154,maven,2025-02-05,[ANN] Maven Resolver Ant Tasks 1.5.2 released,1,pending,,
topic-c5f826fe5905636f,maven,2025-02-05,[RESULT][VOTE] Release Maven Resolver Ant Tasks 1.5.2,1,pending,,
topic-f7650d4eb01de380,maven,2025-02-05,[VOTE] Release Maven Resolver 2.0.6,6,pending,,
topic-1569588c0ee0fdd0,maven,2025-02-06,"Discussion: Commit / review (/merge) ""policy""",6,pending,,
topic-ff53de978e5e0237,maven,2025-02-06,New committer: Matthias Bünger,2,pending,,
topic-57ecdc3d4754df57,maven,2025-02-07,Supply Chain Attacks and Insider Threats,9,pending,,
topic-8397a50e37e3df32,maven,2025-02-08,[RESULT][VOTE] Release Maven Resolver 2.0.6,1,pending,,
topic-b10558f6e6e3a76e,maven,2025-02-08,[ANN] Maven Resolver 2.0.6 released,1,pending,,
topic-d3dec763c3992ad5,maven,2025-02-09,Comments removed in consumer POM,20,pending,,
topic-1da2f2467773b19d,maven,2025-02-10,Management of stale issues and PRs,4,pending,,
topic-313409a6d2f0319c,maven,2025-02-11,GitHub issues and release announcement ...,5,pending,,
topic-54d3d5d595fb308c,maven,2025-02-11,"Enforcer Custom Rules, New API Version 3.5.0, Testing Utilities, test-jar Missing?",1,pending,,
topic-a64800ed8272c2fb,maven,2025-02-11,"Thought: apply jsr305(nullable,notnull) to maven?",10,pending,,
topic-f71825431fdc3d9a,maven,2025-02-11,JDK 24 Release Candidate | JavaOne and More Heads-Up,1,pending,,
topic-597165c0885aac57,maven,2025-02-12,Shall we retire Maven PDF plugin?,4,pending,,
topic-7663eb692de21124,maven,2025-02-15,[VOTE] Release Apache Maven Clean Plugin version 3.4.1,7,pending,,
topic-770122fe3e020e1a,maven,2025-02-15,[VOTE] Release Apache Maven Clean Plugin version 4.0.0-beta-2,6,pending,,
topic-95f7e7acc455fc86,maven,2025-02-15,Status of JLINK issue migration,1,pending,,
topic-4acea4897cc48e38,maven,2025-02-17,[VOTE] Release Apache Maven Compiler Plugin version 3.14.0,7,pending,,
topic-e75a8a6c58c5e354,maven,2025-02-17,[VOTE] Release Apache Maven Compiler Plugin version 4.0.0-beta-2,8,pending,,
topic-260ef8911abb245b,maven,2025-02-18,[ANN] Apache Apache Maven Clean Plugin 3.4.1 Released,1,pending,,
topic-6c8705f84ce5279b,maven,2025-02-18,[ANN] Apache Apache Maven Clean Plugin 4.0.0-beta-2 Released,1,pending,,
topic-c1d394391a860e79,maven,2025-02-18,[RESULT] [VOTE] Release Apache Maven Clean Plugin version 4.0.0-beta-2,1,pending,,
topic-f70bba97f802fec1,maven,2025-02-18,[RESULT] [VOTE] Release Apache Maven Clean Plugin version 3.4.1,1,pending,,
topic-3cd759c0e5dbd814,maven,2025-02-21,[RESULT] [VOTE] Release Apache Maven Compiler Plugin version 3.14.0,1,pending,,
topic-44060423a9e45533,maven,2025-02-21,[ANN] Apache Apache Maven Compiler Plugin 3.14.0 Released,1,pending,,
topic-4fc4f060b70a4ee2,maven,2025-02-21,[RESULT] [VOTE] Release Apache Maven Compiler Plugin version 4.0.0-beta-2,1,pending,,
topic-ceadb12eb1136536,maven,2025-02-21,[ANN] Apache Apache Maven Compiler Plugin 4.0.0-beta-2 Released,1,pending,,
topic-62751000c2043568,maven,2025-02-22,Long.MAX_VALUE as download speed in maven 4.0.0-rc-2,3,pending,,
topic-76eaa3bfcb29181b,maven,2025-02-22,Discussion: Declare EOL for Maven 3.8.x and change support policy,12,pending,,
topic-b928c4c1a36b48c5,maven,2025-02-22,[VOTE] Retired Maven PDF Plugin,9,pending,,
topic-5c29a1a8f8c7021e,maven,2025-02-23,[VOTE] Release Apache Maven Project Info Reports Plugin version 3.9.0,6,pending,,
topic-af69ce15fc159252,maven,2025-02-23,[VOTE] Release Apache Maven Deploy Plugin version 4.0.0-beta-2,7,pending,,
topic-f8d160e7e116b530,maven,2025-02-23,[VOTE] Release Apache Maven Deploy Plugin version 3.1.4,5,pending,,
topic-0655ca82cb250693,maven,2025-02-24,[VOTE] Release Apache Maven Install Plugin version 4.0.0-beta-2,7,pending,,
topic-9b60bdd3b7c0e7d2,maven,2025-02-24,[VOTE] Release Apache Maven Install Plugin version 3.1.4,5,pending,,
topic-226837311f75e5fa,maven,2025-02-26,[RESULT] [VOTE] Release Apache Maven Deploy Plugin version 3.1.4,1,pending,,
topic-283a6cfb89f9ed08,maven,2025-02-26,[VOTE] Release Maven Resolver 2.0.7,5,pending,,
topic-39f8bdfbfbfcca50,maven,2025-02-26,[ANN] Apache Maven Project Info Reports Plugin 3.9.0 Released,1,pending,,
topic-b3abe996b0a6430f,maven,2025-02-26,[RESULT] [VOTE] Release Apache Maven Project Info Reports Plugin version 3.9.0,1,pending,,
topic-bc9d43c58d4ac323,maven,2025-02-26,[RESULT] [VOTE] Retire Maven PDF Plugin,1,pending,,
topic-234458da7a72c869,maven,2025-02-27,[ANN] Apache Maven Install Plugin 3.1.4 Released,1,pending,,
topic-2965dafff986c468,maven,2025-02-27,[ANN] Apache Apache Maven Deploy Plugin 3.1.4 Released,1,pending,,
topic-4a33ea185474d207,maven,2025-02-27,[RESULT] [VOTE] Release Apache Maven Install Plugin version 3.1.4,1,pending,,
topic-084c5fc867d8480f,maven,2025-02-28,[ANN] Apache Maven Deploy Plugin 4.0.0-beta-2 Released,1,pending,,
topic-5fba12f3cf616db0,maven,2025-02-28,[RESULT] [VOTE] Release Apache Maven Deploy Plugin version 4.0.0-beta-2,1,pending,,
topic-e96f0758562008f8,maven,2025-02-28,Semver compatible versioning,4,pending,,
topic-eaf99678e8294a10,maven,2025-02-28,[RESULT] [VOTE] Release Apache Maven Install Plugin version 4.0.0-beta-2,1,pending,,
topic-f195dc74887cb56c,maven,2025-02-28,[ANN] Apache Maven Install Plugin 4.0.0-beta-2 Released,1,pending,,
topic-219876066c4f8c57,maven,2025-03-01,[RESULT][VOTE] Release Maven Resolver 2.0.7,1,pending,,
topic-bfce88c7132b6261,maven,2025-03-01,[ANN] Maven Resolver 2.0.7 released,1,pending,,
topic-cd29e5eb666ee13b,maven,2025-03-01,LLM coding tools and the Apache License,3,pending,,
topic-8d8a3bc2a43f1e92,maven,2025-03-02,[HEADS UP] Parent POMs ASF 34 and Maven 44,3,pending,,
topic-a20bdf88a7075410,maven,2025-03-04,[VOTE] Release Apache Maven PDF Plugin version 1.6.2,6,pending,,
topic-22d3bac4d3beba4a,maven,2025-03-05,[DISCUSS] Support YAML poms,16,pending,,
topic-706ff925d5a0481e,maven,2025-03-05,[VOTE] Release Apache Maven 4.0.0-rc-3,15,pending,,
topic-039f8ca18e3ce22b,maven,2025-03-07,Maven 4 equivalents of `api` and `implementation` dependencies,4,pending,,
topic-2b501919e145a733,maven,2025-03-07,Switching to GitHub Issues ...,1,pending,,
topic-2464ff943b6aa313,maven,2025-03-08,[VOTE] Release Apache Maven Fluido Skin version 2.1.0,6,pending,,
topic-569f188de8882fc2,maven,2025-03-08,[RESULT] [VOTE] Release Apache Maven PDF Plugin version 1.6.2,1,pending,,
topic-92f4586c50d63d7a,maven,2025-03-08,Maven projects release tag name,4,pending,,
topic-1e4766b86e8a44f5,maven,2025-03-09,[ANN] Apache Maven PDF Plugin 1.6.2 Released,1,pending,,
topic-3a868968ab7ce58a,maven,2025-03-10,[RESULT] [VOTE] Release Apache Maven 4.0.0-rc-3,1,pending,,
topic-709dfb6cd8bc8f2d,maven,2025-03-10,[ANN] Apache Maven 4.0.0-rc-3 released,1,pending,,
topic-d359f6952dced855,maven,2025-03-10,[VOTE] Release Apache Maven Daemon 2.0.0-rc-3,6,pending,,
topic-cafff0086ebcd22f,maven,2025-03-11,404 error,2,pending,,
topic-60049c424a2d944b,maven,2025-03-12,[ANN] Apache Maven Fluido Skin 2.1.0 Released,1,pending,,
topic-becb98191a6b1de9,maven,2025-03-12,[RESULT] [VOTE] Release Apache Maven Fluido Skin version 2.1.0,1,pending,,
topic-7e217ba237c43655,maven,2025-03-14,[RESULT] [VOTE] Release Apache Maven Daemon 2.0.0-rc-3,1,pending,,
topic-2d9271bb1d4be87f,maven,2025-03-15,[VOTE] Release Apache Software Foundation Parent POM version 34,6,pending,,
topic-77627ad462f57f83,maven,2025-03-15,[VOTE] Release Apache Maven Project Parent POMs version 44,6,pending,,
topic-d67de548e1a0dd88,maven,2025-03-15,[ANN] Apache Maven Daemon 2.0.0-rc-3 released,1,pending,,
topic-6a5ea86b578e29e8,maven,2025-03-16,[DISCUSS] Create Maven 4.0.x branch and switch to 4.1.0-SNAPSHOT,25,pending,,
topic-49c8057ec3482517,maven,2025-03-17,Mixins Extension,2,pending,,
topic-533cf0e4dd698bdf,maven,2025-03-17,New Life Cycles Maven 4.0.0-rc3,7,pending,,
topic-8b0a82348bc6abfe,maven,2025-03-17,Maven site plugin 4 documentation,5,pending,,
topic-8d0526105d3e1e7d,maven,2025-03-17,BOM / Imported BOM - Maven 4.0.0-rc3,13,pending,,
topic-0024da76571d578c,maven,2025-03-18,[ANN] Apache Software Foundation Parent POM Version 34 Released,1,pending,,
topic-23c151c28df8f184,maven,2025-03-18,[ANN] Apache Maven Parent POMs 44 Released,1,pending,,
topic-97f46a503cbc85d7,maven,2025-03-18,[RESULT] [VOTE] Release Apache Software Foundation Parent POM version 34,1,pending,,
topic-d140bce169c477e8,maven,2025-03-18,[RESULT] [VOTE] Release Apache Maven Project Parent POMs version 44,1,pending,,
topic-2bfe593f251228ae,maven,2025-03-19,Building Maven Under JDK 24,9,pending,,
topic-9a3e327483184fb7,maven,2025-03-24,Multi-releases support in compiler plugin 4.0-beta-3,4,pending,,
topic-dec17ef48649cdf6,maven,2025-03-24,POC for improved DOT output for maven-dependency-plugin,7,pending,,
topic-920d6b31b99e944f,maven,2025-03-25,Use Java record in org.apache.maven.api.model?,7,pending,,
topic-6b5a9efcc27873dc,maven,2025-03-26,[VOTE] Release Apache Maven Plugin Testing version 4.0.0-beta-4,7,pending,,
topic-98e65fb07e012862,maven,2025-03-27,[VOTE] Apache Maven Surefire 3.5.3,4,pending,,
topic-eacabbec6a13174a,maven,2025-03-27,Idea - allow pom to specify expected version for all dependencies in a common single groupId,7,pending,,
topic-34255c23d99b1598,maven,2025-03-28,[VOTE] Apache Maven Surefire 3.5.3 (take 2),8,pending,,
topic-25c7fe46b78b490a,maven,2025-03-30,Derived properties,1,pending,,
topic-a6f569535da32d9b,maven,2025-03-30,[RESULT] [VOTE] Release Apache Maven Plugin Testing version 4.0.0-beta-4,1,pending,,
topic-c8b8cfba78793e1f,maven,2025-03-30,Incoming PRs related to 'tree' enhancements,7,pending,,
topic-d41dd38412933b22,maven,2025-03-30,Q: does prior contribution to 'archives' also provide jira access for this project?,3,pending,,
topic-1c35802ee836f2db,maven,2025-03-31,Status of JPMS support in compiler plugin,12,pending,,
topic-f93d33b0d3f6733c,maven,2025-03-31,[RESULT][VOTE] Apache Maven Surefire 3.5.3 (take 2),1,pending,,
topic-e9cc9bf171979acc,maven,2025-04-03,[apache/maven-install-plugin] Bump org.mockito:mockito-core from 4.8.1 to 4.11.0 (PR #109),2,pending,,
topic-e3fd72e6c15c3995,maven,2025-04-07,OpenJDK Quality Outreach: Java 24 is now available!,1,pending,,
topic-e112f71b5402752e,maven,2025-04-09,[VOTE] Release Maven Resolver 2.0.8,5,pending,,
topic-795f57006280d777,maven,2025-04-12,[RESULT][VOTE] Release Maven Resolver 2.0.8,1,pending,,
topic-3edaaa38afa00c4c,maven,2025-04-13,[VOTE] Release Apache Maven File Management API version 3.2.0,6,pending,,
topic-959c46f2e0a9ecfa,maven,2025-04-14,"Status of JPMS support and ""module-info-patch"" proposal",15,pending,,
topic-bb9ac6d6fe65d52d,maven,2025-04-14,[VOTE] Release Apache Maven Dependency Analyzer version 1.16.0,6,pending,,
topic-33c6737ae9b18415,maven,2025-04-17,[ANN] Apache Maven File Management API 3.2.0 Released,1,pending,,
topic-465804a2020b7b99,maven,2025-04-17,[RESULT] [VOTE] Release Apache Maven File Management API version 3.2.0,1,pending,,
topic-1c1d8ca78c44e3dc,maven,2025-04-18,[RESULT] [VOTE] Release Apache Maven Dependency Analyzer version 1.16.0,1,pending,,
topic-d5ca49222c88e73f,maven,2025-04-18,[ANN] Apache Maven Dependency Analyzer 1.16.0 Released,1,pending,,
topic-db15f867b801b3e4,maven,2025-04-24,[HEADS UP] Maven 3.9.10 release,39,pending,,
topic-5a8485ac3a7aec15,maven,2025-04-30,[VOTE] Require Java 21 for Maven 4 (Rephrased Vote),32,pending,,
topic-c872e506b257b76b,maven,2025-04-30,[DISCUSS] Publishing to Central + Maveniverse Njord,8,pending,,
topic-ea72253a6dccda6f,maven,2025-04-30,[CANCELED] [VOTE] Require Java 21 for Maven 4,1,pending,,
topic-ec7ba32d9aa0aa7d,maven,2025-04-30,[VOTE] Require Java 21 for Maven 4,4,pending,,
topic-2a6e64a680b29369,maven,2025-05-01,Release tag format for Maven projects,7,pending,,
topic-e7e28223ee640f45,maven,2025-05-01,Permission to merge?,3,pending,,
topic-b4b9447c0e44c242,maven,2025-05-02,AW: Release tag format for Maven projects,1,pending,,
topic-757b361aaf473c0c,maven,2025-05-04,[RESULT][VOTE] Require Java 21 for Maven 4 (Rephrased Vote),21,pending,,
topic-eefb87e2fe3560c1,maven,2025-05-05,[VOTE] Release Maven Resolver 1.9.23,7,pending,,
topic-f2b1200085d3014a,maven,2025-05-09,[RESULT] [VOTE] Release Maven Resolver 1.9.23,1,pending,,
topic-f27476ab2556cead,maven,2025-05-10,[PR] Pull #2287: `Modernize codebase with Java improvements - Use modern Java collections API (toList() instead of collect(Collectors.toList()))` [maven],1,pending,,
topic-96bf4ccc9b39fe4c,maven,2025-05-12,[VOTE] Release Apache Maven Changes Plugin version 3.0.0-M3,7,pending,,
topic-a5a48bfe10664271,maven,2025-05-13,[VOTE] Release Apache Maven Archetype version 3.4.0,5,pending,,
topic-2bb50b9de3b13f20,maven,2025-05-15,[VOTE] Release Maven Resolver 2.0.9,5,pending,,
topic-70410d93d7cfa4a0,maven,2025-05-15,Proposal: new default directory layout for modular project,33,pending,,
topic-5099e71266bb8f33,maven,2025-05-16,[RESULT] [VOTE] Release Apache Maven Changes Plugin version 3.0.0-M3,1,pending,,
topic-84d535f7af5f7381,maven,2025-05-16,[ANN] Apache Maven Changes Plugin 3.0.0-M3 Released,4,pending,,
topic-cd3f04ff11d45793,maven,2025-05-16,Proposal: Enhance code quality checks with OpenRewrite in addition to Spotless/Checkstyle,12,pending,,
topic-2ad9b668a2938ae2,maven,2025-05-17,[RESULT] [VOTE] Release Apache Maven Archetype version 3.4.0,1,pending,,
topic-3b9e0d25c91471d4,maven,2025-05-17,[ANN] Apache Maven Archetype Plugin 3.4.0 Released,1,pending,,
topic-96e6c66632be080a,maven,2025-05-18,[RESULT][VOTE] Release Maven Resolver 2.0.9,1,pending,,
topic-a4c497c2b486852e,maven,2025-05-19,Proposal: Reactivating PMD to Strengthen Definition of Done,3,pending,,
topic-e4aae49906d92e28,maven,2025-05-19,[ANN] Maven Resolver 2.0.9 released,1,pending,,
topic-465a35e012d5699d,maven,2025-05-21,Maven 4.0.0 Release - Thoughts?,56,pending,,
topic-8c57437a19cae88a,maven,2025-05-24,Apache Maven projects - release notes,3,pending,,
topic-ad3c241a56e96d6c,maven,2025-05-24,Reason for no fixed release dates and support policies?,6,pending,,
topic-f2e29e875624180c,maven,2025-05-24,Require Java 21 for Maven 4 (Rephrased Vote),12,pending,,
topic-350e43864a63733b,maven,2025-05-27,https://github.com/seregamorph/maven-turbo-reactor,7,pending,,
topic-73bd70a8dfab3832,maven,2025-05-27,Apache Maven Wrapper: Clarification on Line Ending Configuration (regarding Checkstyle),1,pending,,
topic-8af2f962837f1a38,maven,2025-05-27,[VOTE] Release Apache Maven Clean Plugin version 3.5.0,9,pending,,
topic-e9805b803058487e,maven,2025-05-30,[VOTE] Release Maven Indexer 7.1.6,5,pending,,
topic-2fc408e7b7e0ddb2,maven,2025-05-31,[ANN] Apache Apache Maven Clean Plugin 3.5.0 Released,1,pending,,
topic-cf95198374eed97e,maven,2025-05-31,[HEADS UP] Release Parent poms ASF and Maven,2,pending,,
topic-de8890c0d76f4842,maven,2025-05-31,[RESULT] [VOTE] Release Apache Maven Clean Plugin version 3.5.0,1,pending,,
topic-068f647ef1d63c13,maven,2025-06-01,[VOTE] Release Apache Maven version 3.9.10,15,pending,,
topic-08927a80eebc57ee,maven,2025-06-02,[RESULT][VOTE] Release Maven Indexer 7.1.6,1,pending,,
topic-2588295c0d9fe817,maven,2025-06-02,[ANN] Apache Maven Indexer 7.1.6 released,1,pending,,
topic-9f8317662a993a6c,maven,2025-06-02,[RESULT][VOTE] Release Maven Indexer 7.1.6 (missed CC),1,pending,,
topic-10100da4e9fb2bb4,maven,2025-06-03,"current setup is leaking quality: [S1161] ""@override"" should be used on overriding members",6,pending,,
topic-223d1dfbe19ebbd1,maven,2025-06-03,[PR] [MNG-8764] Sort injected lists by @Priority annotation [maven],1,pending,,
topic-49b3334a718f3511,maven,2025-06-05,[ANN] Apache Maven 3.9.10 released,1,pending,,
topic-7a7354e1249922bd,maven,2025-06-05,[RESULT] [VOTE] Release Apache Maven version 3.9.10,1,pending,,
topic-75c035884e31d91b,maven,2025-06-06,JDK 25 feature set is now frozen!,1,pending,,
topic-85a65fd96f2d01ae,maven,2025-06-06,[INFO] Phase 1 of JIRA to GitHub issues migration completed,7,pending,,
topic-bedf4e62ed222745,maven,2025-06-06,New committer: Sandra Parsick,7,pending,,
topic-d0c5bf9ecfb53d74,maven,2025-06-07,Preparing for Maven 4.0.0-rc-4 release,4,pending,,
topic-82d6af9f528386d4,maven,2025-06-09,[VOTE] Release Apache Maven Project Parent POMs version 45,8,pending,,
topic-8a40f12662d77aa4,maven,2025-06-09,[VOTE] Release Apache Software Foundation Parent POM version 35,6,pending,,
topic-24b19d0f07be4257,maven,2025-06-12,[CANCEL] [VOTE] Release Apache Maven Project Parent POMs version 45,1,pending,,
topic-0487166ed50d3d7c,maven,2025-06-13,[ANN] Apache Software Foundation Parent POM Version 35 Released,1,pending,,
topic-87cbce7799896bcc,maven,2025-06-13,Investigate mvn4 large graph performance regression; was: Re: Maven 4.0.0 Release - Thoughts?,3,pending,,
topic-9a73854451076665,maven,2025-06-13,[RESULT] [VOTE] Release Apache Software Foundation Parent POM version 35,1,pending,,
topic-994a73495e8fe248,maven,2025-06-14,[VOTE] Release Apache Maven version 3.8.9,10,pending,,
topic-0f99b4123ad11809,maven,2025-06-16,[PR] [MSITE-1006] MSITE-723 causes duplicate document rendering and log ou… [maven-site-plugin],1,pending,,
topic-1e5863b6321343bc,maven,2025-06-16,[PR] [MSITE-1005] Bump org.codehaus.plexus:plexus-archiver from 4.9.0 to 4.9.2 [maven-site-plugin],1,pending,,
topic-5d082068839c15d1,maven,2025-06-16,"[PR] [MSITE-1031] 3.12+ = Doxia 1, 3.20+ = Doxia 2, 4.0-M* obsoleted by 3.20 [maven-site-plugin]",1,pending,,
topic-71429c6e917ea562,maven,2025-06-16,[PR] [MSITE-1028] Upgrade to Maven 4.0.0-beta-5 [maven-site-plugin],1,pending,,
topic-759393977e1df4cb,maven,2025-06-16,"[PR] MSITE-1034 Change the ""Inject xhtml into <head>"" Example (3.12.x branch) [maven-site-plugin]",1,pending,,
topic-7a064747fe6729e7,maven,2025-06-16,"[PR] MSITE-1034 Change the ""Inject xhtml into <head>"" Example (3.x branch) [maven-site-plugin]",1,pending,,
topic-90a80d2b3ebc3e30,maven,2025-06-16,[PR] [MSITE-1004] Bump org.apache.maven:maven-archiver from 3.6.1 to 3.6.2 [maven-site-plugin],1,pending,,
topic-974f3d1b0c1d7dcf,maven,2025-06-16,[PR] [MSITE-1003] Upgrade plugins and components (in ITs) [maven-site-plugin],1,pending,,
topic-984c75a39616c988,maven,2025-06-16,[PR] [MSITE-1035] use jquery as example js in site descriptor [maven-site-plugin],1,pending,,
topic-aedf402c8c32c414,maven,2025-06-16,[PR] [MSITE-1008] Upgrade to Parent 42 and Maven 3.6.3 [maven-site-plugin],1,pending,,
topic-cc2bd3bfb24eff51,maven,2025-06-16,[PR] [MSITE-1029] Prefer Guice to Plexus [maven-site-plugin],1,pending,,
topic-ced073f1ae5dfc01,maven,2025-06-16,[PR] [MSITE-1033] Improve heuristics to detect inheritance for SCM site URLs [maven-site-plugin],1,pending,,
topic-d8daef7d046ce47d,maven,2025-06-16,[PR] [MSITE-1000] Introduce parser configuration parameter [maven-site-plugin],2,pending,,
topic-e920f2f1b327059c,maven,2025-06-16,[VOTE] Release Apache Maven EAR Plugin version 3.4.0,7,pending,,
topic-eb8602bd418a9dd9,maven,2025-06-16,[PR] [MSITE-1012] Clean up notion that sites aren't deployed to repositories [maven-site-plugin],1,pending,,
topic-ed1cd546d7a90962,maven,2025-06-16,[PR] [MSITE-1010] Add documentation how site repository inheritance [maven-site-plugin],1,pending,,
topic-ffb366a0b27e7606,maven,2025-06-16,"[PR] MSITE-1034 Change the ""Inject xhtml into <head>"" Example (master) [maven-site-plugin]",1,pending,,
topic-0aa398e956446b00,maven,2025-06-17,[ANN] Apache Maven Parent POMs 45 Released,1,pending,,
topic-8666c32f3e5a7ca5,maven,2025-06-17,[RESULT] [VOTE] Release Apache Maven Project Parent POMs version 45,1,pending,,
topic-3fd7c5e9b04ef698,maven,2025-06-18,[RESULT] [VOTE] Release Apache Maven version 3.8.9,1,pending,,
topic-4d26bc7c54466548,maven,2025-06-18,Support for dependency management in maven resolver ant tasks,3,pending,,
topic-6c104efdfbfabd2e,maven,2025-06-18,[VOTE] Release Apache Maven 4.0.0-rc-4,17,pending,,
topic-990342dfa950d5d7,maven,2025-06-18,[ANN] Apache Maven 3.8.9 released,1,pending,,
topic-90ad9f9d8a1c6e97,maven,2025-06-20,[RESULT] [VOTE] Release Apache Maven EAR Plugin version 3.4.0,1,pending,,
topic-b1064bca008f038d,maven,2025-06-20,[ANN] Apache Maven EAR Plugin 3.4.0 Released,1,pending,,
topic-7dc1a302110277a0,maven,2025-06-21,[VOTE] Release Apache Maven PMD Plugin version 3.27.0,5,pending,,
topic-5993018f0683dc70,maven,2025-06-23,[VOTE] Release Apache Maven Invoker Plugin version 3.9.1,6,pending,,
topic-04b018b52431ea73,maven,2025-06-24,[RESULT][VOTE] Release Apache Maven 4.0.0-rc-4,1,pending,,
topic-a04c16f9cf61fbe5,maven,2025-06-25,[RESULT] [VOTE] Release Apache Maven PMD Plugin version 3.27.0,1,pending,,
topic-be117b33d40cbfed,maven,2025-06-25,[ANN] Apache Maven PMD Plugin 3.27.0 Released,1,pending,,
topic-b112e7c6b4fac760,maven,2025-06-26,[VOTE] Release Maven Resolver 1.9.24,5,pending,,
topic-b85eecd1fae71f22,maven,2025-06-26,[ANN] Maven 4.0.0-rc-4 released !,1,pending,,
topic-e773ff8f25976884,maven,2025-06-26,[VOTE] Release Maven Resolver 2.0.10,5,pending,,
topic-0033063bf3f2395d,maven,2025-06-28,[ANN] Apache Maven Invoker Plugin 3.9.1 Released,1,pending,,
topic-7fb28506a71f5d90,maven,2025-06-28,[VOTE] Release Apache Maven GPG Plugin version 3.2.8,7,pending,,
topic-849e4aafc547b572,maven,2025-06-28,[RESULT] [VOTE] Release Apache Maven Invoker Plugin version 3.9.1,1,pending,,
topic-ef590b0d628f3a1f,maven,2025-06-28,[VOTE] Release Apache Maven Enforcer version 3.6.0,5,pending,,
topic-5910af677e66724f,maven,2025-07-01,[RESULT] [VOTE] Release Maven Resolver 1.9.24,1,pending,,
topic-74eacfaff8a91df9,maven,2025-07-01,[RESULT] [VOTE] Release Maven Resolver 2.0.10,1,pending,,
topic-809b2c801aaf8a75,maven,2025-07-01,[ANN] Maven Resolver 1.9.24 released,1,pending,,
topic-c9f629478464783b,maven,2025-07-01,[ANN] Maven Resolver 2.0.10 released,1,pending,,
topic-2ee80728a2ccebb9,maven,2025-07-02,[RESULT] [VOTE] Release Apache Maven Enforcer version 3.6.0,1,pending,,
topic-44689504f406c478,maven,2025-07-02,[ANN] Apache Maven GPG Plugin 3.2.8 Released,1,pending,,
topic-5d2c8c7a26e15735,maven,2025-07-02,[ANN] Apache Maven Enforcer Plugin 3.6.0 Released,1,pending,,
topic-70105a0f0811ba5e,maven,2025-07-02,[RESULT] [VOTE] Release Apache Maven GPG Plugin version 3.2.8,1,pending,,
topic-976d2c51f38bf43e,maven,2025-07-06,"Communicate around OSSRH end of life, maven-deploy-plugin and central-publishing-maven-plugin ?",32,pending,,
topic-a81c8451282ddd31,maven,2025-07-07,PR - adding docs to maven resolver ant tasks,4,pending,,
topic-5dd7947ed81d513f,maven,2025-07-09,[HEADS UP] Maven 3.9.11 release,15,pending,,
topic-bf87a25e82b426f9,maven,2025-07-10,Proposal: Display dependency checksums (SHA hashes) in maven-dependency-plugin,10,pending,,
topic-1391dabf0eb128e1,maven,2025-07-12,[VOTE] Release Apache Maven Enforcer version 3.6.1,7,pending,,
topic-fd36964f710a41b8,maven,2025-07-12,[VOTE] Release Apache Maven version 3.9.11,10,pending,,
topic-4dd87ddf53072b44,maven,2025-07-15,[DISCUSS] Retirement/Archiving maven-project-utils,5,pending,,
topic-55578621e1045927,maven,2025-07-15,[ANN] Apache Maven 3.9.11 released,1,pending,,
topic-5b9e52877de4d4a7,maven,2025-07-15,[DISCUSS] Retirement/Archiving Maven Default Skin,4,pending,,
topic-822bd8de0e500055,maven,2025-07-15,[RESULT] [VOTE] Release Apache Maven Enforcer version 3.6.1,1,pending,,
topic-8b5b9379fdac9882,maven,2025-07-15,[DISCUSS] Retirement/Archiving maven-artifact-transfer,5,pending,,
topic-dbbea0cc873d8f7a,maven,2025-07-15,[RESULT] [VOTE] Release Apache Maven version 3.9.11,1,pending,,
topic-df23c7b483363336,maven,2025-07-15,[DISCUSS] Retirement/Archiving maven-mapping,3,pending,,
topic-e1ed99f6f1eb5952,maven,2025-07-15,[ANN] Apache Maven Enforcer Plugin 3.6.1 Released,1,pending,,
topic-a232f073afdbe4d2,maven,2025-07-19,Maven 3.8.x - EOL,1,pending,,
topic-dd08f40b34448405,maven,2025-07-21,The use of AssertJ assertions,17,pending,,
topic-81f4857ba9186e36,maven,2025-07-22,[DISCUSS] Maveniverse: the fruits are ripe,8,pending,,
topic-dbf781eabb223161,maven,2025-07-22,[DISCUSS] Maven 4.0 Namespace Strategy - Breaking Change Timing Discussion,20,pending,,
topic-40318ada9ee69f0d,maven,2025-07-23,[REVIEW REQUEST] Maven Wrapper JDK Auto-Download Enhancement,7,pending,,
topic-89856842e3a2fb7e,maven,2025-07-29,MCHANGES-412 did not make it to GitHub issues,4,pending,,
topic-68b72d9adfba3ea8,maven,2025-07-30,[DISCUSS] Branch Protection Rules,18,pending,,
topic-3055a2e7e7af6877,maven,2025-08-03,Archiving some repos?,3,pending,,
topic-3c1d6e36bd354ba5,maven,2025-08-04,revert plugin version locking?,11,pending,,
topic-3668e8d205d648f0,maven,2025-08-05,[VOTE] Introduce Prevent Branch Protection Rules,17,pending,,
topic-a50a7148b8737720,maven,2025-08-06,[VOTE] Release Apache Maven SCM version 2.2.0,4,pending,,
topic-4974016cf688a7c4,maven,2025-08-07,[CANCEL] [VOTE] Release Apache Maven SCM version 2.2.0,1,pending,,
topic-5021a8e1700c1975,maven,2025-08-07,[VOTE] Release Apache Maven Archiver 3.6.4 and 4.0.0-beta-4,9,pending,,
topic-566045c286b14715,maven,2025-08-07,SCM Git/Subversion settings XSD,3,pending,,
topic-a59cd0cde1c11922,maven,2025-08-10,[RESULT][VOTE] Release Apache Maven Archiver 3.6.4 and 4.0.0-beta-4,1,pending,,
topic-adb80ca0935f5ec6,maven,2025-08-10,[DISCUSSION] Minimal maven version for ASF Maven plugins,16,pending,,
topic-316613cda03e3b04,maven,2025-08-11,[RESULT] [VOTE] Introduce Prevent Branch Protection Rules,5,pending,,
topic-849220824b2cc47a,maven,2025-08-11,[ANN] Apache Maven Archiver 3.6.4 and 4.0.0-beta-4,1,pending,,
topic-e10d48e0fc9d71c0,maven,2025-08-12,JDK 25 Initial Release Candidate,1,pending,,
topic-b9bf457f04a33d04,maven,2025-08-13,[VOTE] Apache Maven Javadoc Plugin 3.11.3,7,pending,,
topic-273881e55ec2201e,maven,2025-08-14,[VOTE] Release Apache Maven Artifact Resolver Ant Tasks version 1.6.0,5,pending,,
topic-3046159d51623d5e,maven,2025-08-16,[RESULT] [VOTE] Apache Maven Javadoc Plugin 3.11.3,1,pending,,
topic-101914e4b8e4ddf1,maven,2025-08-18,[ANN] Apache Maven Artifact Resolver Ant Tasks 1.6.0 Released,1,pending,,
topic-8e87e31117ef4e50,maven,2025-08-18,[RESULT] [VOTE] Release Apache Maven Artifact Resolver Ant Tasks version 1.6.0,1,pending,,
topic-6bcf070c3fc8ea4d,maven,2025-08-20,Docs for the maven-site-plugin v4.0.0-X?,4,pending,,
topic-59fe6f2e0570ce6c,maven,2025-08-21,maven-site-plugin: xhtml5 files disappear from v3.20.0,2,pending,,
topic-1c25d21e0d7637a2,maven,2025-08-22,support and funding metdata in poms and plugin,26,pending,,
topic-5955a66ca196db63,maven,2025-08-22,Release of QDox - bumping min Java version to 17.,3,pending,,
topic-32e749eac84855a2,maven,2025-08-26,[VOTE] Release Apache Maven Wrapper version 3.3.3,8,pending,,
topic-f9be6f14defdb243,maven,2025-08-28,AW: support and funding metdata in poms and plugin,1,pending,,
topic-47494e4b3d66c4ad,maven,2025-08-30,[ANN] Apache Maven Wrapper 3.3.3 Released,1,pending,,
topic-4831ec1509b9573d,maven,2025-08-30,[RESULT] [VOTE] Release Apache Maven Wrapper version 3.3.3,1,pending,,
topic-3b1dba9827516c2f,maven,2025-09-01,Where to go with javadoc:fix,5,pending,,
topic-ee86d8188ee812c0,maven,2025-09-03,Modules in profiles section in model 4.1.0 - behaviour different comparing to old model,1,pending,,
topic-33cd18921e3df2f5,maven,2025-09-05,Maven 4: adding maven-failsafe-plugin to the super POM,27,pending,,
topic-5a1c7c64b4d81f57,maven,2025-09-08,"release batch (shade-plugin, javadoc-plugin and surefire)",1,pending,,
topic-79ab212d246972a4,maven,2025-09-08,[VOTE] Release Apache Maven Wrapper version 3.3.4,6,pending,,
topic-d7af84c6510944a5,maven,2025-09-08,[VOTE] Release Maven Resolver 2.0.11,4,pending,,
topic-10347f1460f7dd67,maven,2025-09-10,[VOTE] Apache Maven Shade plugin 3.6.1,7,pending,,
topic-5a566fdab5048bd2,maven,2025-09-10,[VOTE] Apache Maven Surefire 3.5.4,10,pending,,
topic-68cca292de07fb50,maven,2025-09-10,Next maven-jlink-plugin release?,2,pending,,
topic-a03e3d0862a3b816,maven,2025-09-10,[VOTE] Archive Maven Linkcheck Plugin,6,pending,,
topic-cb57a2204ad475b4,maven,2025-09-10,[VOTE] Archive Maven Doxia LinkCheck,3,pending,,
topic-3119dd8128c446de,maven,2025-09-11,[VOTE] Archive Maven Doxia Book Renderer,5,pending,,
topic-38ac67400a75b416,maven,2025-09-11,[ANN] Apache Maven Wrapper 3.3.4 released,1,pending,,
topic-3d12ef9db2121b3d,maven,2025-09-11,[ANN] Maven Resolver 2.0.11 released,1,pending,,
topic-da3191bb2f2cf677,maven,2025-09-11,[RESULT][VOTE] Release Apache Maven Wrapper version 3.3.4,1,pending,,
topic-f3fae3ca82ae8bae,maven,2025-09-11,[RESULT][VOTE] Release Maven Resolver 2.0.11,1,pending,,
topic-f0c83b0e4694ab59,maven,2025-09-12,Subproject/modules discovery in 4.0.0-rc-4,15,pending,,
topic-18b8fa8dd0caac8f,maven,2025-09-13,[RESULT] [VOTE] Apache Maven Shade plugin 3.6.1,1,pending,,
topic-43a3dc6a8640ba8c,maven,2025-09-13,[RESULT] [VOTE] Apache Maven Surefire 3.5.4,1,pending,,
topic-1875ec564f224ae8,maven,2025-09-14,[ANN] Apache Maven Shade Plugin 3.6.1 Release,6,pending,,
topic-188fbe51f7b72ec3,maven,2025-09-14,[ANN] Apache Maven Surefire 3.5.4,1,pending,,
topic-54582d53e1ad73f1,maven,2025-09-16,[RESULT] [VOTE] Archive Maven Doxia LinkCheck,1,pending,,
topic-80dfd6fc4fc66d55,maven,2025-09-16,[RESULT] [VOTE] Archive Maven Doxia Book Renderer,1,pending,,
topic-9561a0b560a537bb,maven,2025-09-16,[RESULT] [VOTE] Archive Maven Linkcheck Plugin,1,pending,,
topic-a451b97dcdf257dd,maven,2025-09-16,[VOTE] Apache Maven Javadoc Plugin 3.12.0,8,pending,,
topic-0b62e0c163e34454,maven,2025-09-17,[VOTE] Release Apache Maven Daemon 1.0.3,6,pending,,
topic-15aa907faebe5c97,maven,2025-09-18,Time to release Maven Compiler Plugin 4.0.0-beta-3?,2,pending,,
topic-861bdd0e7c16e42c,maven,2025-09-18,[DISCUSS] Add a pom attribute to make some fields not cascade down,15,pending,,
topic-c407811d56c5e165,maven,2025-09-18,[VOTE] Apache Maven Compiler plugin 3.14.1,7,pending,,
topic-099ce46ba09d4cce,maven,2025-09-19,[VOTE] Release Apache Maven SCM version 2.2.1,7,pending,,
topic-05910bbb908de346,maven,2025-09-20,[ANN] Apache Maven Daemon 1.0.3 released,1,pending,,
topic-05c0f6ee9b3f219b,maven,2025-09-20,Aw: Aw: Next maven-jlink-plugin release?,1,pending,,
topic-246d1846c12cdf93,maven,2025-09-20,Maven Changes Plugin and changes.xml - Recommended Practice?,1,pending,,
topic-28c977f4055c5fab,maven,2025-09-20,[RESULT][VOTE] Release Apache Maven Daemon 1.0.3,1,pending,,
topic-67a510e7aca19d34,maven,2025-09-21,[RESULT][VOTE] Apache Maven Javadoc Plugin 3.12.0,1,pending,,
topic-7dd19710cc06fbad,maven,2025-09-21,[ANN] Apache Maven Javadoc Plugin 3.12.0,1,pending,,
topic-1bd0f7175793040f,maven,2025-09-23,[ANN] Apache Maven Compiler Plugin 3.14.1 Release,1,pending,,
topic-a52e170c147e2b01,maven,2025-09-23,[RESULT][VOTE] Apache Maven Compiler plugin 3.14.1,1,pending,,
topic-ad00b84302defe5b,maven,2025-09-23,Java 25 Released & New Leyden EA Builds,1,pending,,
topic-d79e28cd4137e588,maven,2025-09-25,[RESULT] [VOTE] Release Apache Maven SCM version 2.2.1,1,pending,,
topic-ecc9fc857e35b0fa,maven,2025-09-25,[ANN] Apache Maven SCM 2.2.1 released,1,pending,,
topic-8fa50b44e5ecdc14,maven,2025-09-28,[VOTE] Release Maven Resolver 2.0.12,5,pending,,
topic-fc2aca915dc9ca0e,maven,2025-09-28,[VOTE] Release Apache Maven Enforcer version 3.6.2,8,pending,,
topic-420b6ac7ea5684fc,maven,2025-09-29,Maven 4 and surefire/failsafe drop?,37,pending,,
topic-add61e5c7fb449d8,maven,2025-09-29,[VOTE] Release Apache Maven Dependency Plugin version 3.9.0,14,pending,,
topic-f7acb62417ef2bf7,maven,2025-09-29,[VOTE] Release Apache Maven Artifact Plugin version 3.6.1,10,pending,,
topic-3fc76486eb2928f8,maven,2025-10-02,[RESULT] [VOTE] Release Apache Maven Dependency Plugin version 3.9.0,1,pending,,
topic-6db4c7ad5e213e53,maven,2025-10-02,[ANN] Apache Maven Dependency Plugin 3.9.0 Released,1,pending,,
topic-bcbb067babda76b1,maven,2025-10-02,[ANN] Apache Maven Artifact Plugin 3.6.1 Released,1,pending,,
topic-c07bd2f8f38e0bae,maven,2025-10-02,[RESULT] [VOTE] Release Apache Maven Artifact Plugin version 3.6.1,1,pending,,
topic-e9cb71508ae1ee73,maven,2025-10-02,[RESULT] [VOTE] Release Apache Maven Enforcer version 3.6.2,1,pending,,
topic-f824a0c2a0ff0668,maven,2025-10-02,[ANN] Apache Maven Enforcer Plugin 3.6.2 Released,1,pending,,
topic-a554745449a41c0b,maven,2025-10-03,[CANCELED][VOTE] Release Maven Resolver 2.0.12,1,pending,,
topic-be070e2e99abf7ba,maven,2025-10-03,[VOTE] Release Apache Maven Archetype version 3.4.1,6,pending,,
topic-bfbf9462d71cc9aa,maven,2025-10-05,[VOTE] Release Apache Maven Archiver 3.6.5 and 4.0.0-beta-5,7,pending,,
topic-0562d20447d8ca37,maven,2025-10-06,[ANN] Apache Maven Archetype Plugin 3.4.1 Released,1,pending,,
topic-6a600d145da7373f,maven,2025-10-06,[RESULT] [VOTE] Release Apache Maven Archetype version 3.4.1,1,pending,,
topic-4595b1763a36ab76,maven,2025-10-07,Proposal to switch master branch to 4.0.0-SNAPSHOT and introduce “preview” features,18,pending,,
topic-47efce45b236f131,maven,2025-10-07,[VOTE] Release Maven Resolver 2.0.13,6,pending,,
topic-e1c97aa90efac337,maven,2025-10-07,[VOTE] Release Apache Maven PMD Plugin version 3.28.0,6,pending,,
topic-3e5858521c17ad22,maven,2025-10-08,[RESULT] [VOTE] Release Apache Maven Archiver 3.6.5 and 4.0.0-beta-5,1,pending,,
topic-80b5c9c5b06dcab5,maven,2025-10-09,LLMs writing code for the Maven codebase,1,pending,,
topic-a4ef7a753778a8aa,maven,2025-10-09,AW: LLMs writing code for the Maven codebase,1,pending,,
topic-5ab2f83ed7b995fc,maven,2025-10-10,Proposal: Honor dependencyManagement in intermediate POMs for better version alignment,107,pending,,
topic-cc92d4cd5f76092f,maven,2025-10-10,[RESULT] Release Apache Maven PMD Plugin version 3.28.0,1,pending,,
topic-cc9e987fc98961e8,maven,2025-10-10,[ANN] Maven Resolver 2.0.13 released,1,pending,,
topic-d0663539f51eef81,maven,2025-10-10,[ANN] Apache Maven PMD Plugin 3.28.0 Released,1,pending,,
topic-e24f7e3aea57a172,maven,2025-10-10,[RESULT][VOTE] Release Maven Resolver 2.0.13,1,pending,,
topic-9dfacf992a70f1ee,maven,2025-10-11,add more CI Friendly Versions properties?,13,pending,,
topic-09208f36046faffd,maven,2025-10-15,[DISCUSS] Prepare for 4.0.0 release,19,pending,,
topic-4e487aedac0d9acf,maven,2025-10-15,[VOTE] Release Apache Maven Compiler Plugin version 4.0.0-beta-3,10,pending,,
topic-5376d7d409e089cd,maven,2025-10-15,Follow-up on dependency mediation: pitfalls of “nearest/declared first” + reproducer (MNG-7852),19,pending,,
topic-53b52b7b3db549d6,maven,2025-10-15,Surefire way forward ( Re: Maven 4 and surefire/failsafe drop?),3,pending,,
topic-8b6d819e73495980,maven,2025-10-17,[VOTE] Release Apache Maven AntRun Plugin version 3.2.0,6,pending,,
topic-abdd1db587184154,maven,2025-10-19,[ANN] Apache Apache Maven Compiler Plugin 4.0.0-beta-3 Released,1,pending,,
topic-c4f8b2db5033d165,maven,2025-10-19,[RESULT] [VOTE] Release Apache Maven Compiler Plugin version 4.0.0-beta-3,1,pending,,
topic-2e6f5c35ec79c5fb,maven,2025-10-20,[ANN] Apache Maven AntRun Plugin 3.2.0 released,1,pending,,
topic-50be86a7eb520377,maven,2025-10-20,[VOTE] Release Apache Maven Plugin Tools version 3.15.2,8,pending,,
topic-58c4d1cbcad2c826,maven,2025-10-20,[VOTE] Release Apache Maven Plugin Tools version 4.0.0-beta-2,7,pending,,
topic-f7f88782b63f29cb,maven,2025-10-20,[RESULT] [VOTE] Release Apache Maven AntRun Plugin version 3.2.0,1,pending,,
topic-badeaa8065bfb3aa,maven,2025-10-21,Remove users mailing list,2,pending,,
topic-705a11f73abfeba0,maven,2025-10-22,[VOTE] Release Apache Maven WAR Plugin version 3.5.0,7,pending,,
topic-0bad4967b5e24ee1,maven,2025-10-24,[ANN] Apache Maven Plugin Tools 4.0.0-beta-2 released,1,pending,,
topic-24c3009fb155fcb5,maven,2025-10-24,[RESULT] [VOTE] Release Apache Maven Plugin Tools version 3.15.2,1,pending,,
topic-e1af8b608fad5582,maven,2025-10-24,[RESULT] [VOTE] Release Apache Maven Plugin Tools version 4.0.0-beta-2,1,pending,,
topic-ecb43a4e012bdc99,maven,2025-10-24,[ANN] Apache Maven Plugin Tools 3.15.2 released,1,pending,,
topic-749ef8d7c5bb12fe,maven,2025-10-26,[RESULT] [VOTE] Release Apache Maven WAR Plugin version 3.5.0,1,pending,,
topic-c951c028dd1cba60,maven,2025-10-26,[ANN] Apache Maven WAR Plugin 3.5.0 released,1,pending,,
topic-7b238a27f1cf384a,maven,2025-10-28,[VOTE] Apache Maven Build Cache Extension 1.2.1,10,pending,,
topic-f21b1d2d862b6ccf,maven,2025-10-28,[VOTE] Release Apache Maven Plugin Testing version 3.4.0,5,pending,,
topic-23c5a4ee2caf8e47,maven,2025-10-30,[HEADS UP] Reverting consumer POM flattening and targeting rc-5 (was: [DISCUSS] Prepare for 4.0.0 release),1,pending,,
topic-81808b6460cbc8b8,maven,2025-10-31,[RESULT] [VOTE] Apache Maven Build Cache Extension 1.2.1,1,pending,,
topic-9a3867ba60a362c0,maven,2025-10-31,[ANN] Apache Maven Plugin Testing 3.4.0 Released,1,pending,,
topic-a2664b9481b60828,maven,2025-10-31,[RESULT] [VOTE] Release Apache Maven Plugin Testing version 3.4.0,1,pending,,
topic-511a243c4422ad63,maven,2025-11-01,[ANN] Apache Maven Build Cache Extension 1.2.1 Released,1,pending,,
topic-b32c7da320f0b9ce,maven,2025-11-03,[PR] `PlexusStringUtils` Refaster recipes [maven-ant-tasks],2,pending,,
topic-475a1c1bfe1d4567,maven,2025-11-04,[VOTE] Release Apache Maven Release version 3.2.0,6,pending,,
topic-251e0f8b5b9a693a,maven,2025-11-06,support only nested pom in deploy in maven-resolver-ant-tasks?,5,pending,,
topic-186a58f84ab619e1,maven,2025-11-07,New committer: Christoph Läubrich,4,pending,,
topic-53e03d03c86218ed,maven,2025-11-08,[RESULT] [VOTE] Release Apache Maven Release version 3.2.0,1,pending,,
topic-6d729d44969d61a7,maven,2025-11-08,Minimum Maven requirements for ASF plugins,16,pending,,
topic-a52559d035bbc927,maven,2025-11-08,[VOTE] Release Apache Maven 4.0.0-rc-5,27,pending,,
topic-b5c329b0cde33d9b,maven,2025-11-08,[heads up] Maven and ASF parents POMs release,16,pending,,
topic-cb219148d9b0fb92,maven,2025-11-08,[ANN] Apache Maven Release 3.2.0 Released,1,pending,,
topic-23b7ffb1d7038da1,maven,2025-11-10,[apache/maven-source-plugin] Bump org.mockito:mockito-core from 5.12.0 to 5.20.0 (PR #236),2,pending,,
topic-cfc00b9bad39d32d,maven,2025-11-10,[PR] JUnit Jupiter migration from JUnit 4.x [maven-ant-tasks],1,pending,,
topic-e5a2d754bcd95972,maven,2025-11-10,[VOTE] Release Apache Maven RAR Plugin version 3.1.0,6,pending,,
topic-f3f344d69b43e46e,maven,2025-11-10,[PR] Migrate JUnit 4 `TestCase` to JUnit Jupiter [maven-ant-tasks],1,pending,,
topic-dfd59c06dc27eb41,maven,2025-11-11,[VOTE] Release Apache Maven JAR Plugin version 3.5.0,8,pending,,
topic-856142c77f84a1d0,maven,2025-11-12,[PR] Maven Toolchains Plugin: Enhance Auto-Discovery,2,pending,,
topic-31486c9974c6bb06,maven,2025-11-13,[ANN] Maven 4.0.0-rc-5 released !,1,pending,,
topic-c2fc381b19c4af96,maven,2025-11-13,Consumer POM flattening behavior for profiles in Maven 4?,1,pending,,
topic-ccd0e25d3229e1c5,maven,2025-11-13,[RESULT] [VOTE] Release Apache Maven 4.0.0-rc-5,3,pending,,
topic-c8ed74ca2c077663,maven,2025-11-14,Using Java HTTP Client as the default HTTP transport,5,pending,,
topic-524ca857987fa158,maven,2025-11-15,[ANN] Apache Maven JAR Plugin 3.5.0 Released,1,pending,,
topic-87629cde233d03c5,maven,2025-11-15,[ANN] Apache Maven RAR Plugin 3.1.0 Released,1,pending,,
topic-a5cc69ca5f505440,maven,2025-11-15,[RESULT] [VOTE] Release Apache Maven RAR Plugin version 3.1.0,1,pending,,
topic-f30a279c43cd0a76,maven,2025-11-15,[RESULT] [VOTE] Release Apache Maven JAR Plugin version 3.5.0,1,pending,,
topic-3d92229537a7b278,maven,2025-11-16,[VOTE] Release Apache Maven EJB Plugin version 3.3.0,6,pending,,
topic-891628186bba508d,maven,2025-11-16,Github Actions CI readiness - Java 25 & Maven 4,3,pending,,
topic-167e4d7fb474a374,maven,2025-11-22,[ANN] Apache Maven EJB Plugin 3.3.0 Released,1,pending,,
topic-1b22b5dd57b2d5b4,maven,2025-11-22,[VOTE] Release Apache Maven Source Plugin version 3.4.0,10,pending,,
topic-355ba87901108172,maven,2025-11-22,[VOTE] Release Apache Maven Assembly Plugin version 3.8.0,6,pending,,
topic-63baf41c6fd89b5b,maven,2025-11-22,[RESULT] [VOTE] Release Apache Maven EJB Plugin version 3.3.0,1,pending,,
topic-ad1d50a9f63e52ef,maven,2025-11-22,[VOTE] Release Apache Maven Resources Plugin version 3.4.0,4,pending,,
topic-94cdbc58ae9db17c,maven,2025-11-24,[VOTE] Retire Maven Stage & Maven Verifier Plugins,5,pending,,
topic-e70474e88c88bf1a,maven,2025-11-24,[VOTE] Release Apache Maven WAR Plugin version 3.5.1,5,pending,,
topic-f49bd32c0303aeb3,maven,2025-11-24,[VOTE] Release Apache Maven DOAP Plugin version 3.0.0-M1,7,pending,,
topic-437e338fffe3afe4,maven,2025-11-25,[VOTE] Release Apache Maven ACR Plugin version 3.2.0,7,pending,,
topic-96cf35dc12f4d6ad,maven,2025-11-26,[VOTE] Release Apache Maven Release Plugin version 3.3.0,4,pending,,
topic-6c403a6359018165,maven,2025-11-28,[CANCEL] [VOTE] Release Apache Maven Release Plugin version 3.3.0,1,pending,,
topic-79ce6ae256a2e85e,maven,2025-11-28,[RESULT] [VOTE] Release Apache Maven WAR Plugin version 3.5.1,1,pending,,
topic-af0dffbee07c8180,maven,2025-11-28,[ANN] Apache Maven WAR Plugin 3.5.1 released,1,pending,,
topic-0447d421789ba34d,maven,2025-11-29,[RESULT] [VOTE] Release Apache Maven Source Plugin 3.4.0,1,pending,,
topic-0c587a117259ece0,maven,2025-11-29,[RESULT] [VOTE] Release Apache Maven Resources Plugin 3.4.0,1,pending,,
topic-41d9f202aa154f39,maven,2025-11-29,[RESULT] [VOTE] Release Apache Maven ACR Plugin 3.2.0,1,pending,,
topic-44872ba85b25c7f6,maven,2025-11-29,[ANN] Apache Maven ACR Plugin 3.2.0 Released,1,pending,,
topic-449a449a951110d2,maven,2025-11-29,[ANN] Apache Maven Assembly Plugin 3.8.0 Released,1,pending,,
topic-5663af59aa7aca87,maven,2025-11-29,[ANN] Apache Maven DOAP Plugin 3.0.0-M1 Released,1,pending,,
topic-5667f0c2db1dabbc,maven,2025-11-29,[RESULT] [VOTE] Retire Maven Stage & Maven Verifier Plugins,1,pending,,
topic-73d04fc733ab8aa4,maven,2025-11-29,[RESULT] [VOTE] Release Apache Maven Assembly Plugin 3.8.0,1,pending,,
topic-75eb90d3fe154e65,maven,2025-11-29,RESULT] [VOTE] Release Apache Maven DOAP Plugin 3.0.0-M1,1,pending,,
topic-c0589c4957be63eb,maven,2025-11-29,[ANN] Apache Maven Resources Plugin 3.4.0 Released,2,pending,,
topic-00417634d6061bea,maven,2025-11-30,"[heads up] Maven 3.9.12 , Resolver 1.9.25",3,pending,,
topic-190a7a1ac61052b4,maven,2025-11-30,Maven (4) issues with Java Modules and their handling in the core,3,pending,,
topic-af811239881e5ce1,maven,2025-11-30,[VOTE] Release Apache Maven Release Plugin version 3.3.0 - respin,7,pending,,
topic-e7d53053e9c4b114,maven,2025-12-02,Aspiring Contributor for Maven & GSoC 2026,1,pending,,
topic-26ca270915b35a59,maven,2025-12-03,[RESULT] [VOTE] Release Apache Maven Release Plugin version 3.3.0,1,pending,,
topic-4999fa433f369d6a,maven,2025-12-03,[ANN] Apache Maven Release Plugin 3.3.0 Released,1,pending,,
topic-177c779030ff295e,maven,2025-12-05,Design Questions about Maven 4,2,pending,,
topic-441b902e390b4460,maven,2025-12-05,up-for-grabs shortlink after GitHub issues migration,5,pending,,
topic-849423358fc1451b,maven,2025-12-05,Maven Lockfiles (Trusted Checksums),7,pending,,
topic-d4acc3ede1c032af,maven,2025-12-06,[VOTE] Release Apache Maven Artifact Resolver version 1.9.25,6,pending,,
topic-de5c6416831e568b,maven,2025-12-08,"JDK 26 Feature Freeze, HTTP/3, and more Heads-Ups",1,pending,,
topic-2e6aa92727051370,maven,2025-12-09,[HEADS UP] Maven 4.x + Resolver 2.0.14,5,pending,,
topic-6e7a25eca8f6fdd6,maven,2025-12-09,[VOTE] Release Apache Maven Release Plugin version 3.3.1,6,pending,,
topic-967d8a160b60fe7f,maven,2025-12-09,[RESULT] [VOTE] Release Apache Maven Artifact Resolver version 1.9.25,1,pending,,
topic-e2d743fb63921495,maven,2025-12-09,CI Skip Breaking Change in maven-release-plugin 3.3.0,4,pending,,
topic-307a54321bcfc2bf,maven,2025-12-10,Request to enable GHA builds for s390x and ppc64le,10,pending,,
topic-8ad5c162aadbfd0f,maven,2025-12-12,[VOTE] Release Maven Resolver 2.0.14,6,pending,,
topic-6544d9ce6ec71cc3,maven,2025-12-13,[ANN] Apache Maven Release Plugin 3.3.1 Released,1,pending,,
topic-d2b8faa727841a4c,maven,2025-12-13,[RESULT] [VOTE] Release Apache Maven Release Plugin version 3.3.1,1,pending,,
topic-d8d09c95ac6a9c7c,maven,2025-12-13,[VOTE] Release Apache Maven version 3.9.12,10,pending,,
topic-0cb68c35d77b610e,maven,2025-12-15,[RESULT][VOTE] Release Maven Resolver 2.0.14,1,pending,,
topic-d7a7242249d6f43b,maven,2025-12-15,[ANN] Maven Resolver 2.0.14 released,1,pending,,
topic-c01c4a2004aa739a,maven,2025-12-16,[ANN] Apache Maven 3.9.12 released,2,pending,,
topic-e77eaf9b71b5ba54,maven,2025-12-16,[RESULT] [VOTE] Release Apache Maven version 3.9.12,1,pending,,
topic-3a9bf21dc183fd6c,maven,2025-12-20,[VOTE] Release Apache Maven Archiver version 3.6.6,4,pending,,
topic-e9ebd07b123b5da4,maven,2025-12-21,Maven dependencies and java 25 unamed class launch in core?,10,pending,,
topic-1a6f37107302f4bc,maven,2025-12-22,[VOTE] Release Apache Maven JDeprScan Plugin version 3.0.0,5,pending,,
topic-3b6e30be46c41e8b,maven,2025-12-22,[VOTE] Release Apache Maven JMod Plugin version 3.0.0,9,pending,,
topic-6221b3270b3dcda3,maven,2025-12-22,pull request 394 maven build cache,1,pending,,
topic-c4ecad3a1c4ce107,maven,2025-12-22,[VOTE] Release Apache Maven Scripting Plugin version 3.1.0,6,pending,,
topic-02ae8f5079c0d168,maven,2025-12-24,[ANN] Release Apache Maven Archiver version 3.6.6,1,pending,,
topic-f3f07fb8fd5d5708,maven,2025-12-24,[RESULT] [VOTE] Release Apache Maven Archiver version 3.6.6,1,pending,,
topic-408c2eac28d985dc,maven,2025-12-28,[RESULT] [VOTE] Release Apache Maven JDeprScan Plugin version 3.0.0,1,pending,,
topic-4f6dc7875a198fb0,maven,2025-12-28,[ANN] Release Apache Maven JMod Plugin version 3.0.0 Released,1,pending,,
topic-83c6724e00559323,maven,2025-12-28,[ANN] Release Apache Maven JDeprScan Plugin version 3.0.0,1,pending,,
topic-86dad6de9db4287f,maven,2025-12-28,[ANN] Release Apache Maven Scripting Plugin version 3.1.0 Released,1,pending,,
topic-95cb26f5874487c8,maven,2025-12-28,Alternate POM syntaxes?,2,pending,,
topic-9863ca2ea6b9db6d,maven,2025-12-28,[VOTE] Release Apache Maven JDeps Plugin version 3.2.0,2,pending,,
topic-b6a6d05a748b1369,maven,2025-12-28,[RESULT] [VOTE] Release Apache Maven Scripting Plugin version 3.1.0,1,pending,,
topic-ebaa9468a8691e34,maven,2025-12-28,[RESULT] [VOTE] Release Apache Maven JMod Plugin version 3.0.0,1,pending,,
topic-3991a591310e7776,tomcat,2023-01-01,Bug report for Tomcat 8 [2023/01/01],1,pending,,
topic-73a7648f18fd2d40,tomcat,2023-01-01,Bug report for Tomcat Native [2023/01/01],1,pending,,
topic-80771127525eefcf,tomcat,2023-01-01,Bug report for Taglibs [2023/01/01],1,pending,,
topic-c15e722f2031f95b,tomcat,2023-01-01,Bug report for Tomcat 9 [2023/01/01],1,pending,,
topic-dc4c531cec9a6b77,tomcat,2023-01-01,Bug report for Tomcat 10 [2023/01/01],1,pending,,
topic-f5ec5269472b98cc,tomcat,2023-01-01,Bug report for Tomcat Modules [2023/01/01],1,pending,,
topic-fdb19ff255a6e3ad,tomcat,2023-01-01,Bug report for Tomcat Connectors [2023/01/01],1,pending,,
topic-3cef9f5185518161,tomcat,2023-01-02,"[Bug 66406] JULI ClassLoaderLogManager creates multiple loggers named """"",5,pending,,
topic-4f670e71224c7b22,tomcat,2023-01-02,"[Bug 66406] New: JULI ClassLoaderLogManager creates multiple loggers named """"",1,pending,,
topic-74345a4f1512b139,tomcat,2023-01-03,[SECURITY] CVE-2022-45143 Apache Tomcat - JsonErrorReportValve injection,1,pending,,
topic-0f520ae42d823080,tomcat,2023-01-04,[Bug 66388] Classpath resource having a name containing a space can't be read anymore by ClassLoader.getResources(String name),1,pending,,
topic-1fe88d8b3cb5f6d8,tomcat,2023-01-04,[Bug 66409] Loading Resources with Blanks in Path Fails,1,pending,,
topic-f3a46afe17e2a29f,tomcat,2023-01-04,[Bug 66409] New: Loading Resources with Blanks in Path Fails,1,pending,,
topic-12adc89a430102eb,tomcat,2023-01-05,[Bug 66196] HTTP/1 connector doesn't blow-up when HTTP header contains non-ASCII characters,6,pending,,
topic-26ac126b12d11e80,tomcat,2023-01-05,[Bug 66381] Apache Tomcat on IRC: Refers to wrong channel and/or broken,1,pending,,
topic-b4af4e5609956c25,tomcat,2023-01-05,[Bug 66370] AccessControlException and default behavior change with org.apache.el.GET_CLASSLOADER_USE_PRIVILEGED,2,pending,,
topic-7f54477968ae9f25,tomcat,2023-01-06,January release plans,3,pending,,
topic-9ac36ea14bf5157c,tomcat,2023-01-06,Any graalvm diet planned?,1,pending,,
topic-be69d75f41f0eed2,tomcat,2023-01-06,Tomcat and JAX-RPC support,4,pending,,
topic-2740ebb303dbe9b8,tomcat,2023-01-08,Bug report for Tomcat Modules [2023/01/08],1,pending,,
topic-36a751a93dd6659d,tomcat,2023-01-08,Bug report for Tomcat 10 [2023/01/08],1,pending,,
topic-572526459dde98f3,tomcat,2023-01-08,Bug report for Tomcat 8 [2023/01/08],1,pending,,
topic-5f39cce73f2edcf0,tomcat,2023-01-08,Bug report for Taglibs [2023/01/08],1,pending,,
topic-a3cb2421064ef5ec,tomcat,2023-01-08,Bug report for Tomcat Connectors [2023/01/08],1,pending,,
topic-a44dfc698e141fd1,tomcat,2023-01-08,Bug report for Tomcat 9 [2023/01/08],1,pending,,
topic-bd6e4030567cef9b,tomcat,2023-01-08,Bug report for Tomcat Native [2023/01/08],1,pending,,
topic-4ae124ed1bd5f646,tomcat,2023-01-09,[VOTE] Release Apache Tomcat 10.1.5,6,pending,,
topic-e182cfb2ebc7ad34,tomcat,2023-01-09,[VOTE] Release Apache Tomcat 11.0.0-M2,8,pending,,
topic-fedecb3774323c28,tomcat,2023-01-09,[VOTE] Release Apache Tomcat 9.0.71,5,pending,,
topic-18a970081a4edb06,tomcat,2023-01-10,[Bug 66415] Request.java HTTP Post too large error is overwritten with reason UNKNOWN,1,pending,,
topic-921857369d05a971,tomcat,2023-01-10,[Bug 66415] New: Request.java HTTP Post too large error is overwritten with reason UNKNOWN,1,pending,,
topic-1abc1235e7c63ad1,tomcat,2023-01-11,Buildbot failure in  on tomcat-8.5.x,26,pending,,
topic-3cb5f5f2fc2bc312,tomcat,2023-01-11,[tomcat] branch main updated: Update testing/validation libraries,2,pending,,
topic-50aa6a662f292231,tomcat,2023-01-11,Buildbot failure in  on tomcat-11.0.x,141,pending,,
topic-5e8a8c8e92d56c38,tomcat,2023-01-11,[VOTE] Release Apache Tomcat 8.5.85,11,pending,,
topic-5f7e73f182b6c55d,tomcat,2023-01-11,Tomcat 11 - minimum Java version,27,pending,,
topic-ee0b56bdcf860654,tomcat,2023-01-11,Buildbot success in  on tomcat-8.5.x,28,pending,,
topic-f732d6c53b41ed39,tomcat,2023-01-11,Buildbot failure in  on tomcat-9.0.x,169,pending,,
topic-0199da3ba53a80fe,tomcat,2023-01-12,[VOTE] Release Apache Tomcat 8.5.85 (round 2),8,pending,,
topic-0258571282513a7d,tomcat,2023-01-12,[Bug 66420] Change in Tomcat 9.0.69 has caused regression issue with httpClient 4.5.13,5,pending,,
topic-1073bdeae62c103f,tomcat,2023-01-12,Buildbot failure in  on tomcat-10.1.x,101,pending,,
topic-6dc8daf7f181e3f0,tomcat,2023-01-12,[Bug 66419] Function with varargs argument fails for single argument,2,pending,,
topic-6f3e76cf6972392d,tomcat,2023-01-12,"CI, Java 17 and Javadoc",5,pending,,
topic-84313ccdee859d16,tomcat,2023-01-12,Verifying reproducible release builds,3,pending,,
topic-86c376a312e1da15,tomcat,2023-01-12,Buildbot success in  on tomcat-11.0.x,141,pending,,
topic-98a5c617fb93e821,tomcat,2023-01-12,[Bug 66420] New: Change in Tomcat 9.0.69 has caused regression issue with httpClient 4.5.13,1,pending,,
topic-b2d359adb9b02150,tomcat,2023-01-12,[Bug 66419] New: Function with varargs argument fails for single argument,1,pending,,
topic-ef043dc5e5d67e4f,tomcat,2023-01-12,Buildbot success in  on tomcat-9.0.x,168,pending,,
topic-f16e67d80a5eef76,tomcat,2023-01-12,Buildbot failure in on tomcat-11.0.x,25,pending,,
topic-f5515fe24dad512d,tomcat,2023-01-12,[Bug 65635] Methods to return auth errors,5,pending,,
topic-f904af1cef942497,tomcat,2023-01-12,SecurityManager removal,3,pending,,
topic-2896f02cbd9f7f10,tomcat,2023-01-13,Buildbot success in  on tomcat-10.1.x,101,pending,,
topic-45cccd30b5a468e7,tomcat,2023-01-13,[tomcat] branch main updated: Checkstyle checks for Javadoc += NonEmptyAtclauseDescription,1,pending,,
topic-5e490bbca811f9f9,tomcat,2023-01-13,[ANN] Apache Tomcat 9.0.71 available,1,pending,,
topic-cf3da1c7b7a206a9,tomcat,2023-01-13,[VOTE][RESULT] Release Apache Tomcat 10.1.5,4,pending,,
topic-ea0e57ecd635cc3d,tomcat,2023-01-13,[VOTE][RESULT] Release Apache Tomcat 9.0.71,1,pending,,
topic-47edb37766efb9a7,tomcat,2023-01-15,Bug report for Tomcat Modules [2023/01/15],1,pending,,
topic-6625f30cb362d68e,tomcat,2023-01-15,Bug report for Tomcat 8 [2023/01/15],1,pending,,
topic-ac2375c8758314d6,tomcat,2023-01-15,Bug report for Tomcat 10 [2023/01/15],1,pending,,
topic-ad96de3d09c102a2,tomcat,2023-01-15,Bug report for Taglibs [2023/01/15],1,pending,,
topic-b4e3dd3e6e2167a7,tomcat,2023-01-15,Bug report for Tomcat 9 [2023/01/15],1,pending,,
topic-e1e3bab34fe74bc0,tomcat,2023-01-15,Bug report for Tomcat Connectors [2023/01/15],1,pending,,
topic-edc02999e40ceed4,tomcat,2023-01-15,Bug report for Tomcat Native [2023/01/15],1,pending,,
topic-39ce54c0a98b5b8e,tomcat,2023-01-16,TC 8.5.85 TestSsl.testPost() fails for Java 1.7.0 with OpenSSL 3.1.0beta1,1,pending,,
topic-c9f1ca499cecd586,tomcat,2023-01-16,[tomcat] branch 10.1.x updated: Disable test for Java 16 onwards since performance is comparable,2,pending,,
topic-941be1762a76441c,tomcat,2023-01-17,Categorizing javadoc errors,2,pending,,
topic-04d1866c95d5c771,tomcat,2023-01-18,[VOTE][RESULT] Release Apache Tomcat 8.5.85 (round 2),1,pending,,
topic-8c1d6dfad563f600,tomcat,2023-01-18,[Bug 66429] New: Limit access to Examples and Documentation by localhost only,1,pending,,
topic-f36180e078c1c85b,tomcat,2023-01-18,[tomcat] branch main updated: Implement new methods for setting character encoding,1,pending,,
topic-02403495f5403022,tomcat,2023-01-19,[ANN] Apache Tomcat 8.5.84 available,2,pending,,
topic-5702066d2240b2dc,tomcat,2023-01-19,"Checkstyle, Javadoc and automatic formatting",2,pending,,
topic-1ab680ada97d4ce7,tomcat,2023-01-20,RFC 9218 priorities - back-port?,4,pending,,
topic-c7a62f4eb97d6fc2,tomcat,2023-01-20,[tomcat] branch main updated: Update the default HEAD response to exclude payload headers,3,pending,,
topic-fc2595b8d11fe504,tomcat,2023-01-21,[ANN] Apache Tomcat 8.5.85 available [CORRECTION],1,pending,,
topic-04e0b9322f72c63f,tomcat,2023-01-22,Bug report for Tomcat 9 [2023/01/22],1,pending,,
topic-4b8d9b94a93a8ceb,tomcat,2023-01-22,Bug report for Taglibs [2023/01/22],1,pending,,
topic-65583ebbec88ee5a,tomcat,2023-01-22,Bug report for Tomcat Connectors [2023/01/22],1,pending,,
topic-6d35df9fa4595e28,tomcat,2023-01-22,Bug report for Tomcat 8 [2023/01/22],1,pending,,
topic-75ff8cfe8451452f,tomcat,2023-01-22,Bug report for Tomcat Native [2023/01/22],1,pending,,
topic-9d49e723e21dddd4,tomcat,2023-01-22,[Bug 66438] New: Tomcat has broken module-info.class files,1,pending,,
topic-9f2d24254fb77468,tomcat,2023-01-22,Bug report for Tomcat 10 [2023/01/22],1,pending,,
topic-b7101e959d871ac1,tomcat,2023-01-22,Bug report for Tomcat Modules [2023/01/22],1,pending,,
topic-0fe8b15b794cc654,tomcat,2023-01-23,[Bug 66439] Update from 8.5.84 to 8.5.85 makes custom Valve dysfunctional,2,pending,,
topic-228de887af20d61d,tomcat,2023-01-23,[Bug 66438] Tomcat has broken module-info.class files,1,pending,,
topic-2751251eae6f24e6,tomcat,2023-01-23,[VOTE][RESULT] Release Apache Tomcat 11.0.0-M2,1,pending,,
topic-48a0e8823c17e6c5,tomcat,2023-01-23,[Bug 57830] Add support for ProxyProtocol,3,pending,,
topic-816de863bce678f5,tomcat,2023-01-23,"Java 17, MacOS and Apple silicon",1,pending,,
topic-b2155f7197213519,tomcat,2023-01-23,[ANN] Apache Tomcat 10.1.5 available,1,pending,,
topic-f9ecadf8b2512974,tomcat,2023-01-23,[Bug 66439] New: Update from 8.5.84 to 8.5.85 makes custom Valve dysfunctional,1,pending,,
topic-135b381b6cfb5fe6,tomcat,2023-01-24,[Bug 66441] Static field import failed on Expression Language lookup,4,pending,,
topic-24ac99977aa2ed42,tomcat,2023-01-24,[Bug 66441] New: Static field import failed on Expression Language lookup,1,pending,,
topic-8cf2d2b4c0ffb4f3,tomcat,2023-01-24,[tomcat] 02/02: LongAdder is a better choice for statistics collection,6,pending,,
topic-c917c75baffc6bbb,tomcat,2023-01-24,[Bug 66392] AccessLogValve's file encoding does not correspond to the documentation,1,pending,,
topic-24a59541a727ebd1,tomcat,2023-01-25,[Bug 66442] New: Data frame included in response for 204 No Content status,1,pending,,
topic-7ff5a02c248ee647,tomcat,2023-01-25,[Bug 66442] Data frame included in response for 204 No Content status,3,pending,,
topic-fb84ea2d5317de42,tomcat,2023-01-25,JDK 20 Rampdown Phase 2 & JMX Heads-up,3,pending,,
topic-24284ebd45c6e225,tomcat,2023-01-26,[tomcat] branch main updated: Regenerate with current jextract,1,pending,,
topic-e0b4fb6b489a8d62,tomcat,2023-01-27,[tomcat] 05/05: Redirect no longer required for root mapping,3,pending,,
topic-1ab0511b64d30ca3,tomcat,2023-01-29,Bug report for Tomcat Native [2023/01/29],1,pending,,
topic-2cf0b51e60491f1d,tomcat,2023-01-29,Bug report for Tomcat 8 [2023/01/29],1,pending,,
topic-558b517e9c3b39bb,tomcat,2023-01-29,Bug report for Tomcat 9 [2023/01/29],1,pending,,
topic-57da8ea54fd2c251,tomcat,2023-01-29,Bug report for Taglibs [2023/01/29],1,pending,,
topic-62d0557b50d5b623,tomcat,2023-01-29,Bug report for Tomcat Modules [2023/01/29],1,pending,,
topic-7de189f568d76e41,tomcat,2023-01-29,Bug report for Tomcat 10 [2023/01/29],1,pending,,
topic-e56958a5bdaa5891,tomcat,2023-01-29,Bug report for Tomcat Connectors [2023/01/29],1,pending,,
topic-064a034f6d8d2ebd,tomcat,2023-01-30,[Bug 66455] New: ava.lang.ClassCastException: class org.apache.coyote.http2.RecycledStream cannot be cast to class org.apache.coyote.http2.Stream,1,pending,,
topic-37cde3ddab03c357,tomcat,2023-01-30,[Bug 66455] java.lang.ClassCastException: class org.apache.coyote.http2.RecycledStream cannot be cast to class org.apache.coyote.http2.Stream,3,pending,,
topic-b81abfa34d8cf890,tomcat,2023-01-30,[tomcat] branch 9.0.x updated: Fix BZ 66455 - avoid ClassCastException when processing window update,3,pending,,
topic-6e4fe2512f8837af,tomcat,2023-01-31,[Bug 57129] Regression. Load WEB-INF/lib jarfiles in alphabetical order,6,pending,,
topic-e859e71f1bcde593,tomcat,2023-01-31,Issues playing around with digest.sh,2,pending,,
topic-e92cab25cb82a0bc,tomcat,2023-01-31,February release round,4,pending,,
topic-7d22b10491951385,tomcat,2023-02-01,[tomcat-native] branch 1.2.x updated: Update EOL info,1,pending,,
topic-e9c4793d1f7b6f4f,tomcat,2023-02-01,[tomcat-native] branch main updated: Update recommended APR version to 1.7.1,2,pending,,
topic-59727d5c1c0a6ed5,tomcat,2023-02-02,[tomcat] branch main updated: Restore ISE catching behavior,1,pending,,
topic-76a9fa52f451011b,tomcat,2023-02-04,Regarding IDE configuration files,4,pending,,
topic-2cacde9566afc109,tomcat,2023-02-05,Bug report for Tomcat 10 [2023/02/05],1,pending,,
topic-2fa44b48b9a5cde2,tomcat,2023-02-05,Bug report for Tomcat Connectors [2023/02/05],1,pending,,
topic-4e589b427ec80bd3,tomcat,2023-02-05,Bug report for Tomcat Modules [2023/02/05],1,pending,,
topic-4ed8d189f1c03098,tomcat,2023-02-05,Bug report for Tomcat 8 [2023/02/05],1,pending,,
topic-6f45f61354fb8bae,tomcat,2023-02-05,Bug report for Tomcat 9 [2023/02/05],1,pending,,
topic-915a68dd43f4d257,tomcat,2023-02-05,Bug report for Tomcat Native [2023/02/05],1,pending,,
topic-ec0895e6c3e0b7da,tomcat,2023-02-05,Bug report for Taglibs [2023/02/05],1,pending,,
topic-692832a48213f3db,tomcat,2023-02-08,[Bug 66470] Tomcat missing ip range for internalProxies,4,pending,,
topic-8922d41cd693c268,tomcat,2023-02-08,[Bug 66470] New: Tomcat missing ip range for internalProxies,1,pending,,
topic-b36f88bbdf930704,tomcat,2023-02-08,[VOTE] Release Apache Tomcat Native 2.0.3,13,pending,,
topic-ced106fe665f1bfe,tomcat,2023-02-08,[VOTE] Release Apache Tomcat Native 1.2.36,6,pending,,
topic-01d3340ebe369529,tomcat,2023-02-09,Tomcat 10.1.6,1,pending,,
topic-180ea1609b968c5f,tomcat,2023-02-09,[Bug 66471] JSessionId secure attribute missing with RemoteIpFilter and X-Forwarded-Proto set to https,5,pending,,
topic-d3da485b1a2c389b,tomcat,2023-02-09,[Bug 66471] New: JSessionId secure attribute missing with RemoteIpFilter and X-Forwarded-Proto set to https,1,pending,,
topic-e9b5b0e80e68921d,tomcat,2023-02-09,[tomcat] branch 10.1.x updated: Update objenesis and unboundid versions for IDE configs. Submitted by Bailey Brownie,1,pending,,
topic-f2d7f58682d85592,tomcat,2023-02-10,[tomcat] branch 10.1.x updated: Revert TestAsyncContextImpl.,1,pending,,
topic-f75d50c4cec1a7c7,tomcat,2023-02-10,"[GitHub] [tomcat] Madfarm opened a new pull request, #585: Update README.md",1,pending,,
topic-0d14b6c118ae22d2,tomcat,2023-02-12,Bug report for Tomcat Native [2023/02/12],1,pending,,
topic-1036d070bd4276e4,tomcat,2023-02-12,Bug report for Tomcat Modules [2023/02/12],1,pending,,
topic-13f42214d7c09f4c,tomcat,2023-02-12,Bug report for Taglibs [2023/02/12],1,pending,,
topic-16517b66b991cd9c,tomcat,2023-02-12,Bug report for Tomcat 9 [2023/02/12],1,pending,,
topic-74562047fcab9136,tomcat,2023-02-12,Bug report for Tomcat 8 [2023/02/12],1,pending,,
topic-77b9e650b9aec53a,tomcat,2023-02-12,Bug report for Tomcat 10 [2023/02/12],1,pending,,
topic-cedeafec005e557b,tomcat,2023-02-12,Bug report for Tomcat Connectors [2023/02/12],1,pending,,
topic-0380f43b571804e2,tomcat,2023-02-13,[VOTE][RESULT] Release Apache Tomcat Native 1.2.36,1,pending,,
topic-06f640fe77111e75,tomcat,2023-02-13,[Bug 66476] New: org.apache.tomcat.util.net.Acceptor.run Socket accept failed         java.io.IOException: Duplicate accept detected.,1,pending,,
topic-8b0b183b4168d098,tomcat,2023-02-13,[VOTE][RESULT] Release Apache Tomcat Native 2.0.3,1,pending,,
topic-b287f5d2c1f7dc9e,tomcat,2023-02-13,[ANN] Apache Tomcat Native 1.2.36 released,1,pending,,
topic-d05b56fdbf6a6b04,tomcat,2023-02-13,"[VOTE, slightly-off-topic] Release Apache Tomcat Native 2.0.3",2,pending,,
topic-d778c9aae58eaea0,tomcat,2023-02-13,[ANN] Apache Tomcat Native 2.0.3 released,1,pending,,
topic-d8a80bb4cc8b6ff5,tomcat,2023-02-14,"[Bug 65776] ""Duplicate accept detected"" error from a subsequent request with the same local port",2,pending,,
topic-e3323e279c724462,tomcat,2023-02-14,[Bug 66476] org.apache.tomcat.util.net.Acceptor.run Socket accept failed         java.io.IOException: Duplicate accept detected.,3,pending,,
topic-2a8016070d27146e,tomcat,2023-02-15,"Autocommit issue with JDK 1.8, Tomcat 9.0.60, ojdbc8.jar and Oracle DB 19c (19.14.0.0)",2,pending,,
topic-70470948e156c325,tomcat,2023-02-15,Query about support for OpenSSL 1.1.1,2,pending,,
topic-aaa628aef15ed752,tomcat,2023-02-15,[Bug 66429] Limit access to Examples and Documentation by localhost only,1,pending,,
topic-e4132f86e9f95267,tomcat,2023-02-15,JDK 20 Release Candidate and Deprecation,1,pending,,
topic-498c9a31f3ecdbfe,tomcat,2023-02-17,Test certs expired?,5,pending,,
topic-90061174035ca2ad,tomcat,2023-02-17,[tomcat] branch main updated: Many improvements.,3,pending,,
topic-9d04d71f9e159f0e,tomcat,2023-02-17,[VOTE] Release Apache Tomcat 11.0.0-M3,7,pending,,
topic-de892e3b01ec6e70,tomcat,2023-02-17,February release plans,3,pending,,
topic-45bf3cdb03b4ef47,tomcat,2023-02-18,[VOTE] Release Apache Tomcat 8.5.86,9,pending,,
topic-8c7a5ebe84c4298c,tomcat,2023-02-18,[VOTE] Release Apache Tomcat 9.0.72,7,pending,,
topic-09bbc812a49e60bb,tomcat,2023-02-19,Bug report for Tomcat Connectors [2023/02/19],1,pending,,
topic-3f78b46a897a5689,tomcat,2023-02-19,Bug report for Tomcat Modules [2023/02/19],1,pending,,
topic-4768dec33791cc23,tomcat,2023-02-19,Bug report for Taglibs [2023/02/19],1,pending,,
topic-6ac421077b31d1b0,tomcat,2023-02-19,[VOTE] Release Apache Tomcat 10.1.6,19,pending,,
topic-b488370ca8c5c403,tomcat,2023-02-19,Bug report for Tomcat Native [2023/02/19],1,pending,,
topic-c3514aa562ab3fae,tomcat,2023-02-19,Bug report for Tomcat 9 [2023/02/19],1,pending,,
topic-cb50fa39a62fad7a,tomcat,2023-02-19,Bug report for Tomcat 8 [2023/02/19],1,pending,,
topic-f568c691cba4cdca,tomcat,2023-02-19,Bug report for Tomcat 10 [2023/02/19],1,pending,,
topic-35f41da83b7cb7ad,tomcat,2023-02-20,[SECURITY] CVE-2023-24998 Apache Tomcat - FileUpload DoS with excessive parts,2,pending,,
topic-3b336f2750f68cf5,tomcat,2023-02-20,"[Bug 66482] New: Nio2 websocket timeout cause the response is no longer possible, always pending",1,pending,,
topic-944a6de29148d556,tomcat,2023-02-20,"[Bug 66482] Nio2 websocket timeout cause the response is no longer possible, always pending",7,pending,,
topic-b870675cc5386a3e,tomcat,2023-02-20,[Bug 64848] WsSession objects in OUTPUT_CLOSED state are implicitly held by waitingProcessors and GC cannot purge them from the JVM heap,3,pending,,
topic-259239676f22da74,tomcat,2023-02-22,"[Bug 66005] Apache crashes, if there is a tomcat server, which can not be resolved",19,pending,,
topic-99fc5f0da340cf6e,tomcat,2023-02-22,[tomcat] 03/06: A sub-set of JavaBeans support that does not depend on java.beans,1,pending,,
topic-243a5671a0ff5ae5,tomcat,2023-02-23,[VOTE][RESULT] Release Apache Tomcat 11.0.0-M3,1,pending,,
topic-27c87f4838dd9f69,tomcat,2023-02-23,svn propchange: r60269 - svn:log,1,pending,,
topic-2f23ee8a7ae85058,tomcat,2023-02-23,[VOTE][RESULT] Release Apache Tomcat 9.0.72,1,pending,,
topic-588c1caed8dd5616,tomcat,2023-02-23,[ANN] Apache Tomcat 9.0.72 available,3,pending,,
topic-663b0ceb6cf3b9a4,tomcat,2023-02-23,[ANN] Apache Tomcat 11.0.0-M3 (alpha) available,1,pending,,
topic-2771641ff42c0019,tomcat,2023-02-24,[VOTE][RESULT] Release Apache Tomcat 10.1.6,1,pending,,
topic-347af60345b1506f,tomcat,2023-02-24,[ANN] Apache Tomcat 8.5.86 available,1,pending,,
topic-41162f30d448cec4,tomcat,2023-02-24,[Bug 66488] MessageBytes#toBytesSimple overwrites request byte buffer,7,pending,,
topic-a5aed8ae119c4deb,tomcat,2023-02-24,[Bug 66488] New: MessageBytes#toBytesSimple overwrites request byte buffer,1,pending,,
topic-e92addd254a1358f,tomcat,2023-02-24,[ANN] Apache Tomcat 10.1.6 available,1,pending,,
topic-fffa87ce59337904,tomcat,2023-02-24,[VOTE][RESULT] Release Apache Tomcat 8.5.86,1,pending,,
topic-0019bc1e68e6d995,tomcat,2023-02-25,[tomcat] branch 10.1.x updated: Refactor to reduce native calls,2,pending,,
topic-83ebcf01e4f89371,tomcat,2023-02-25,[Bug 66491] New: NullPointerException when resolving webapp JARs as resources,1,pending,,
topic-b7cdb1d0367e0799,tomcat,2023-02-25,[Bug 66491] NullPointerException when resolving webapp JARs as resources,11,pending,,
topic-21731bf37a051b92,tomcat,2023-02-26,Bug report for Tomcat 8 [2023/02/26],1,pending,,
topic-48ef6faf10de3baa,tomcat,2023-02-26,Bug report for Tomcat 10 [2023/02/26],1,pending,,
topic-4b74aba5e619d653,tomcat,2023-02-26,Bug report for Tomcat 9 [2023/02/26],1,pending,,
topic-5638d9d1e14d1ca9,tomcat,2023-02-26,Bug report for Tomcat Modules [2023/02/26],1,pending,,
topic-7a0758c665d363fc,tomcat,2023-02-26,"[tomcat] branch main updated: Replace with JDK 1.8 Integer::compareUnsigned(int, int).",2,pending,,
topic-8525ab56f6326840,tomcat,2023-02-26,Bug report for Taglibs [2023/02/26],1,pending,,
topic-87647611e00c39f9,tomcat,2023-02-26,Bug report for Tomcat Native [2023/02/26],1,pending,,
topic-c92ac18d9069d7fa,tomcat,2023-02-26,Bug report for Tomcat Connectors [2023/02/26],1,pending,,
topic-030150403b0b5201,tomcat,2023-02-27,[VOTE] Release Apache Tomcat 9.0.73,6,pending,,
topic-08b12cc63cf31e6e,tomcat,2023-02-27,Loom research,7,pending,,
topic-1227cbc321881e3f,tomcat,2023-02-27,[tomcat] branch 10.1.x updated: Have 'pre-release' indicate the the release is in progress.,7,pending,,
topic-173b6394e881b52f,tomcat,2023-02-27,[VOTE] Release Apache Tomcat 11.0.0-M4,5,pending,,
topic-6cbaf7a90af31af5,tomcat,2023-02-27,[tomcat] branch main updated: Refactcor custom URL handler to use ServiceLoader,1,pending,,
topic-c4212ee240579100,tomcat,2023-02-27,[VOTE] Release Apache Tomcat 8.5.87,4,pending,,
topic-e69fdb7e8ec2b6c4,tomcat,2023-02-27,[VOTE] Release Apache Tomcat 10.1.7,8,pending,,
topic-a52f211aed107647,tomcat,2023-03-01,[Bug 66502] New: tomcat-jdbc ConnectionPool.returnConnection() accept closed connections,1,pending,,
topic-109b0f3de2565146,tomcat,2023-03-02,[Bug 65995] Change JavaScript MIME type from application/javascript to text/javascript,4,pending,,
topic-2b8ea5c31479f154,tomcat,2023-03-02,[Bug 66505] New: Calling [asyncPostProcess()] is not valid for a request with Async state [ERROR],1,pending,,
topic-2c2321fa5117ff4d,tomcat,2023-03-02,[Bug 66502] tomcat-jdbc ConnectionPool.returnConnection() accept closed connections,5,pending,,
topic-39d961a0e4412086,tomcat,2023-03-02,[tomcat] branch 9.0.x updated: Fix BZ 65995 - Use text/javascript rather than application/javascript,1,pending,,
topic-431911bddd018842,tomcat,2023-03-02,[tomcat] branch main updated: Improve JSON filter,3,pending,,
topic-b41c287d5f876c43,tomcat,2023-03-02,[Bug 66506] Information about Max Busy,1,pending,,
topic-bfef39d45aacc8cd,tomcat,2023-03-02,[Bug 66505] Calling [asyncPostProcess()] is not valid for a request with Async state [ERROR],4,pending,,
topic-d5cf8500ebdb083e,tomcat,2023-03-02,[Bug 66506] New: Information about Max Busy,1,pending,,
topic-ef38eba8950a637e,tomcat,2023-03-02,[Bug 66507] New: Catalina version command not honoring JAVA_OPTS variable,1,pending,,
topic-235233d026acb95a,tomcat,2023-03-03,[ANN] Apache Tomcat 9.0.73 available,1,pending,,
topic-46b45b18d8b039e0,tomcat,2023-03-03,[VOTE][RESULT] Release Apache Tomcat 9.0.73,1,pending,,
topic-3666ceb2ba56ddb5,tomcat,2023-03-04,[ANN] Apache Tomcat 10.1.7 available,1,pending,,
topic-63229270a19729c5,tomcat,2023-03-04,[VOTE][RESULT] Release Apache Tomcat 8.5.87,1,pending,,
topic-70a0459833e290ab,tomcat,2023-03-04,[Bug 66508] New: Tomcat after a GC pause causes the HTTP threads to be blocked to acquire a semaphore to process WebSockets connection closure.,1,pending,,
topic-72a9044f0493cc96,tomcat,2023-03-04,[VOTE][RESULT] Release Apache Tomcat 10.1.7,1,pending,,
topic-974e6223bb9c16e0,tomcat,2023-03-04,[Bug 66508] Tomcat after a GC pause causes the HTTP threads to be blocked to acquire a semaphore to process WebSockets connection closure.,23,pending,,
topic-daf411a9174bba88,tomcat,2023-03-04,[ANN] Apache Tomcat 8.5.87 available,1,pending,,
topic-5f5aae87e253ff56,tomcat,2023-03-05,Bug report for Tomcat Native [2023/03/05],1,pending,,
topic-60632f0a65f2f6fd,tomcat,2023-03-05,Bug report for Tomcat Connectors [2023/03/05],1,pending,,
topic-867feacf3c463c0e,tomcat,2023-03-05,Bug report for Tomcat 10 [2023/03/05],1,pending,,
topic-a851dd4e0c6d8163,tomcat,2023-03-05,Bug report for Tomcat Modules [2023/03/05],1,pending,,
topic-da04dd8c1aef165c,tomcat,2023-03-05,Bug report for Tomcat 8 [2023/03/05],1,pending,,
topic-fa816a519f4817f1,tomcat,2023-03-05,Bug report for Taglibs [2023/03/05],1,pending,,
topic-faedf24808933e2f,tomcat,2023-03-05,Bug report for Tomcat 9 [2023/03/05],1,pending,,
topic-07eefe765f69e9ef,tomcat,2023-03-06,[Bug 66511] GZipOutputFilter overwrites chunk instead of reading it,1,pending,,
topic-267641b644d27403,tomcat,2023-03-06,[Bug 66511] New: GZipOutputFilter overwrites chunk instead of reading it,1,pending,,
topic-351b52e42997ef51,tomcat,2023-03-06,[Bug 66512] File downloads render as empty if access to Tomcat based application is delegated via AJP,16,pending,,
topic-3caaf8b66bbcf9b3,tomcat,2023-03-06,[Bug 65901] HTTP 401 response for a HEAD request violates HTTP spec by including a body,4,pending,,
topic-430122e0ec06a5ad,tomcat,2023-03-06,[Bug 66513] Primary Key Violation using  PersistentManager + PersistentValves +,14,pending,,
topic-7150edf69f842e95,tomcat,2023-03-06,[Bug 66507] Catalina version command not honoring JAVA_OPTS variable,5,pending,,
topic-955501885467166e,tomcat,2023-03-06,[ANN] Apache Tomcat 11.0.0-M4 (alpha) available,1,pending,,
topic-97a9276d054afab5,tomcat,2023-03-06,[Bug 66513] New: Primary Key Violation using  PersistentManager + PersistentValves +,1,pending,,
topic-d0af16b7e14b1d87,tomcat,2023-03-06,Native Windows installer builds,3,pending,,
topic-d80271f697517e24,tomcat,2023-03-06,tomcat-native v2.0+ breaks unix domain socket support on java16-,5,pending,,
topic-e6a7e27e7d7b8945,tomcat,2023-03-06,[Bug 66512] New: File downloads render as empty if access to Tomcat based application is delegated via AJP,1,pending,,
topic-eb2044c84282b94b,tomcat,2023-03-06,[VOTE][RESULT] Release Apache Tomcat 11.0.0-M4,1,pending,,
topic-0402ad5283083476,tomcat,2023-03-07,"PersistentManager, PersistentValve, and DataSource/JDBCStore can cause PK violations",5,pending,,
topic-7fe2fc51a9f50052,tomcat,2023-03-07,[tomcat] branch main updated: Align with spec,9,pending,,
topic-bd0626213067558a,tomcat,2023-03-07,Connector Comparison in documentation - still needed?,2,pending,,
topic-f430bf668438d1cd,tomcat,2023-03-07,[tomcat] branch main updated: Fix BZ 66507 - Catalina version command not honoring JAVA_OPTS variable,2,pending,,
topic-412c14315dbf5b01,tomcat,2023-03-08,Rate Limiter Filter or Valve,5,pending,,
topic-4a721ea82bbe6d6b,tomcat,2023-03-08,[Bug 58489] QueryStatsComparator throws IllegalArgumentException: Comparison method violates its general contract!,1,pending,,
topic-14f8236b4b707d4f,tomcat,2023-03-09,Double-wrapping of byte-array in streams in DataSourceStore.java,2,pending,,
topic-e1473dea787d6a8a,tomcat,2023-03-09,Reduce default for maxParameterCount,26,pending,,
topic-e94619622f6cfb49,tomcat,2023-03-10,[Bug 66524] New: resource cache eviction is MRU not LRU,1,pending,,
topic-51e11f00138ccd41,tomcat,2023-03-11,[Bug 65770] Make keys reload automatically,9,pending,,
topic-6e984f3f0f5fcff4,tomcat,2023-03-11,[Bug 66524] resource cache eviction is MRU not LRU,5,pending,,
topic-07a9b5e95d0236b2,tomcat,2023-03-12,Bug report for Tomcat Connectors [2023/03/12],1,pending,,
topic-417412955f916ec7,tomcat,2023-03-12,Bug report for Taglibs [2023/03/12],1,pending,,
topic-4f0c379aaf7782c5,tomcat,2023-03-12,Bug report for Tomcat 9 [2023/03/12],1,pending,,
topic-6c6d19a0c9c666a0,tomcat,2023-03-12,Bug report for Tomcat 8 [2023/03/12],1,pending,,
topic-89d638786c591746,tomcat,2023-03-12,Bug report for Tomcat 10 [2023/03/12],1,pending,,
topic-add727d22097c5ab,tomcat,2023-03-12,Bug report for Tomcat Modules [2023/03/12],1,pending,,
topic-f28d675130d3dd8a,tomcat,2023-03-12,Bug report for Tomcat Native [2023/03/12],1,pending,,
topic-54e860628f75941b,tomcat,2023-03-13,[Bug 66527] New: Embedded Tomcat addWebApp docBase usage is inconsistent with JavaDoc,1,pending,,
topic-44e6cff1ef885196,tomcat,2023-03-14,[Bug 66527] Embedded Tomcat addWebApp docBase usage is inconsistent with JavaDoc,3,pending,,
topic-a9f51b57d38e4855,tomcat,2023-03-14,[tomcat] branch main updated: Support RFC 7616. Add support for multiple algorithms.,4,pending,,
topic-36a849e6dbee8cee,tomcat,2023-03-15,TestRewriteValve Fails When Specifying Custom Output Directory,7,pending,,
topic-1700b9c506f27390,tomcat,2023-03-16,[Bug 66530] New: ERR_HTTP2_SERVER_REFUSED_STREAM since 9.0.72,1,pending,,
topic-c93f162c186264d1,tomcat,2023-03-16,[Bug 66530] ERR_HTTP2_SERVER_REFUSED_STREAM since 9.0.72,3,pending,,
topic-21c17063d95eb997,tomcat,2023-03-17,[Bug 66533] New: Wrapping Requests or Responses in Valves is not possible,1,pending,,
topic-2a15243906ae0205,tomcat,2023-03-17,[Bug 66531] Threading model causes deadlocks,5,pending,,
topic-72ff531fce680018,tomcat,2023-03-17,[Bug 66533] Wrapping Requests or Responses in Valves is not possible,4,pending,,
topic-980453d2aa84ee92,tomcat,2023-03-17,[Bug 66531] New: Threading model causes deadlocks,1,pending,,
topic-57ccaf3147cc797c,tomcat,2023-03-19,Bug report for Taglibs [2023/03/19],1,pending,,
topic-6b56fa6a872d2906,tomcat,2023-03-19,Bug report for Tomcat 8 [2023/03/19],1,pending,,
topic-a5e6b0c2e827ddd7,tomcat,2023-03-19,Bug report for Tomcat Connectors [2023/03/19],1,pending,,
topic-b819abbd3751ac9b,tomcat,2023-03-19,Bug report for Tomcat 9 [2023/03/19],1,pending,,
topic-b94db0d2f79ef289,tomcat,2023-03-19,Bug report for Tomcat Modules [2023/03/19],1,pending,,
topic-ccd9a261f5f02844,tomcat,2023-03-19,Bug report for Tomcat 10 [2023/03/19],1,pending,,
topic-f1a7523f09d73a73,tomcat,2023-03-19,Bug report for Tomcat Native [2023/03/19],1,pending,,
topic-43b28177aa8f4974,tomcat,2023-03-20,[Bug 66535] FarmWarDeployer will fail to deploy a WAR file when maxvalidtime is less than the time it takes to transfer,4,pending,,
topic-a535c983c3a85f77,tomcat,2023-03-20,[Bug 66535] New: FarmWarDeployer will fail to deploy a WAR file when maxvalidtime is less than the time it takes to transfer,1,pending,,
topic-1fc21398f32c10b5,tomcat,2023-03-21,[Bug 66536] New: tagsfiles seem to be compiles with the wrong source encoding,1,pending,,
topic-df87e99502ba7543,tomcat,2023-03-21,[tomcat] branch main updated: Fix LambdaExpression to functional interface coercion,2,pending,,
topic-24b3f1a6785e79ac,tomcat,2023-03-22,[Bug 66536] tagsfiles seem to be compiled with the wrong source encoding,2,pending,,
topic-2c87ab22209d650e,tomcat,2023-03-22,[SECURITY] CVE-2023-28708 Apache Tomcat - Information Disclosure,1,pending,,
topic-348eb0f2916a85be,tomcat,2023-03-22,[Bug 66536] tagsfiles seem to be compiles with the wrong source encoding,1,pending,,
topic-6c2697d0ce50d2e7,tomcat,2023-03-22,Buildbot failure in on tomcat-10.1.x,6,pending,,
topic-7a61a0a984ce91be,tomcat,2023-03-23,[Bug 66541] CachedResource for OSGi URL resources changes URL hashing behavior & exacerbates DNS issues,11,pending,,
topic-8828032e53e6deb7,tomcat,2023-03-23,[Bug 66541] New: CachedResource for OSGi URL resources changes URL hashing behavior & exacerbates DNS issues,1,pending,,
topic-0ed3eb280bf8b61b,tomcat,2023-03-24,[Bug 66543] New: Misleading error log in fireRequestDestroyEvent,1,pending,,
topic-272dc3fbd5b7f142,tomcat,2023-03-24,[Bug 66542] JavaMail specification links are outdated in documentation,2,pending,,
topic-5f2e0f0d4e25e550,tomcat,2023-03-24,[Bug 66542] New: JavaMail specification links are outdated in documentation,1,pending,,
topic-c99410c3a53ffe6f,tomcat,2023-03-24,[Bug 66544] New: java.lang.ArrayIndexOutOfBoundsException @ rg.apache.coyote.http11.Http11Processor.service Error processing request,1,pending,,
topic-f46dacb8aa792233,tomcat,2023-03-24,"Getting listed under ""Compatible Implementations"" at Jakarta EE",2,pending,,
topic-7a8c1772e1da30a7,tomcat,2023-03-25,[Bug 66544] java.lang.ArrayIndexOutOfBoundsException @ rg.apache.coyote.http11.Http11Processor.service Error processing request,3,pending,,
topic-fdd97a68b8fc0821,tomcat,2023-03-25,[Bug 66543] Misleading error log in fireRequestDestroyEvent,2,pending,,
topic-241a37de545b7b11,tomcat,2023-03-26,Bug report for Tomcat Connectors [2023/03/26],1,pending,,
topic-25e87c1aa149450a,tomcat,2023-03-26,Bug report for Tomcat Modules [2023/03/26],1,pending,,
topic-3bb1d3ef5335f4b1,tomcat,2023-03-26,Bug report for Taglibs [2023/03/26],1,pending,,
topic-79802a042f3ffc87,tomcat,2023-03-26,Bug report for Tomcat 8 [2023/03/26],1,pending,,
topic-97be1f15b8b3ef61,tomcat,2023-03-26,Bug report for Tomcat 10 [2023/03/26],1,pending,,
topic-b7294be6e0731073,tomcat,2023-03-26,Bug report for Tomcat 9 [2023/03/26],1,pending,,
topic-dc307690523a9926,tomcat,2023-03-26,Bug report for Tomcat Native [2023/03/26],1,pending,,
topic-27ebec3a4e153488,tomcat,2023-03-28,"JDK 20 is now GA, JDK 21 Early-Access builds, and 2 important heads-up!",1,pending,,
topic-57ae512fc83dcf74,tomcat,2023-03-28,[Bug 66545] New: StandardRoot.createMainResourceSet() doesn't report permission issues,1,pending,,
topic-b47693d8c06087a2,tomcat,2023-03-28,"[GitHub] [tomcat] markt-asf opened a new pull request, #606: Further fix for BZ 66508",1,pending,,
topic-926a0f106844ed31,tomcat,2023-03-29,[Bug 66545] StandardRoot.createMainResourceSet() doesn't report permission issues,2,pending,,
topic-daa1463476cdefe0,tomcat,2023-03-29,A Message from the Board to PMC members,1,pending,,
topic-6a43083fe53fe64c,tomcat,2023-03-30,[Bug 66548] New: Tomcat does not validate value of Sec-Websocket-Key header,1,pending,,
topic-f33737a2620ee941,tomcat,2023-03-30,[Bug 66548] Tomcat does not validate value of Sec-Websocket-Key header,11,pending,,
topic-f864ead46057565c,tomcat,2023-03-30,Session serialization: clustering vs cross-restart persistance,3,pending,,
topic-6dddc5b027d1176a,tomcat,2023-03-31,"[tomcat] branch main updated: Revert ""Refactor AmbiguousBean test after seeing failures in CI""",1,pending,,
topic-c8b09cf26834dc37,tomcat,2023-03-31,[Bug 66549] New: Performance issue while accessing application between servers Application hosted on AIX to WINDOWS(Apache Tomcat Configured),1,pending,,
topic-f8196aaa2675a4cd,tomcat,2023-03-31,[Bug 66549] Performance issue while accessing application between servers Application hosted on AIX to WINDOWS(Apache Tomcat Configured),2,pending,,
topic-02129ba3379467ef,tomcat,2023-04-02,Bug report for Tomcat Connectors [2023/04/02],1,pending,,
topic-33e24709f6f6c0ac,tomcat,2023-04-02,Bug report for Tomcat 9 [2023/04/02],1,pending,,
topic-5f53626b2f9c90b7,tomcat,2023-04-02,Bug report for Taglibs [2023/04/02],1,pending,,
topic-7b946a34754aaf66,tomcat,2023-04-02,Bug report for Tomcat Native [2023/04/02],1,pending,,
topic-aa23bb93ae8776b9,tomcat,2023-04-02,Support of ReadListener for Reader?,3,pending,,
topic-d2ae8970768680b9,tomcat,2023-04-02,Bug report for Tomcat Modules [2023/04/02],1,pending,,
topic-e67c6c4b401bf03a,tomcat,2023-04-02,Bug report for Tomcat 8 [2023/04/02],1,pending,,
topic-fa28b04019a6fbaa,tomcat,2023-04-02,Bug report for Tomcat 10 [2023/04/02],1,pending,,
topic-d0f83a61fe97ca96,tomcat,2023-04-03,[tomcat] branch main updated: Import remm's fix for BZ 66545,2,pending,,
topic-6924f094cf3d8495,tomcat,2023-04-04,BZ 66508 and tagging progress update,9,pending,,
topic-1abe52f501ce7b46,tomcat,2023-04-05,[Bug 66554] New: tomcat shutdown error in log,1,pending,,
topic-2fff5747a36f3846,tomcat,2023-04-05,[Bug 66554] tomcat shutdown error in log,8,pending,,
topic-3de6d41622c1f8f5,tomcat,2023-04-05,[Bug 66556] New: Addind RemoteIpValve redirects the requests to http port instead of expected https.,1,pending,,
topic-4c13d12fdd8341c6,tomcat,2023-04-05,[Bug 66556] Addind RemoteIpValve redirects the requests to http port instead of expected https.,3,pending,,
topic-1f9304b82f244498,tomcat,2023-04-06,"[Bug 66557] Faulting application name: tomcat9.exe, version: 1.3.3.0, time stamp: 0x637e7ca5",3,pending,,
topic-936e4540a48f0a17,tomcat,2023-04-06,"[Bug 66557] New: Faulting application name: tomcat9.exe, version: 1.3.3.0, time stamp: 0x637e7ca5",1,pending,,
topic-e5a866592bf7a434,tomcat,2023-04-06,[tomcat] branch main updated: Initialize Random during server initialization,4,pending,,
topic-0062a485f32e0d5e,tomcat,2023-04-09,Bug report for Tomcat Connectors [2023/04/09],1,pending,,
topic-4ecd396b162b859d,tomcat,2023-04-09,Bug report for Tomcat 9 [2023/04/09],1,pending,,
topic-6fbc1850c44f745c,tomcat,2023-04-09,Bug report for Tomcat Native [2023/04/09],1,pending,,
topic-b0a7c519df06798c,tomcat,2023-04-09,Bug report for Taglibs [2023/04/09],1,pending,,
topic-b469a76f3d90a69a,tomcat,2023-04-09,Bug report for Tomcat 8 [2023/04/09],1,pending,,
topic-cd247eb63bad455e,tomcat,2023-04-09,Bug report for Tomcat Modules [2023/04/09],1,pending,,
topic-ed3327ec60b4345b,tomcat,2023-04-09,Bug report for Tomcat 10 [2023/04/09],1,pending,,
topic-9eee2364024500b8,tomcat,2023-04-11,[tomcat] branch main updated: Improve messages if JAVA_HOME / JRE_HOME not set correctly,3,pending,,
topic-1ad7b86555ecfa61,tomcat,2023-04-12,[VOTE] Release Apache Tomcat 11.0.0-M5,5,pending,,
topic-030ca45bb247cf72,tomcat,2023-04-13,Tomcat 10.1.8 and 8.5.88,3,pending,,
topic-40afe86431dc1c15,tomcat,2023-04-13,[VOTE] Release Apache Tomcat 9.0.74,6,pending,,
topic-521c27dd0c965a67,tomcat,2023-04-13,[Bug 66564] New: Improvements to WebResource Cache eviction,1,pending,,
topic-a63d54c3bf6319d5,tomcat,2023-04-14,[VOTE] Release Apache Tomcat 8.5.88,9,pending,,
topic-e27822ffd2744295,tomcat,2023-04-14,[VOTE] Release Apache Tomcat 10.1.8,6,pending,,
topic-2cc815896d44dea6,tomcat,2023-04-16,Bug report for Tomcat Connectors [2023/04/16],1,pending,,
topic-449638a58b28e153,tomcat,2023-04-16,Bug report for Tomcat 10 [2023/04/16],1,pending,,
topic-523314b5afc4597f,tomcat,2023-04-16,Bug report for Tomcat Native [2023/04/16],1,pending,,
topic-725cc6029d9fce27,tomcat,2023-04-16,Bug report for Taglibs [2023/04/16],1,pending,,
topic-bf313a06042bc9f7,tomcat,2023-04-16,Bug report for Tomcat 9 [2023/04/16],1,pending,,
topic-c8ba5e283f43387d,tomcat,2023-04-16,Bug report for Tomcat Modules [2023/04/16],1,pending,,
topic-eaebb5b35a19c67d,tomcat,2023-04-16,Bug report for Tomcat 8 [2023/04/16],1,pending,,
topic-83e282e183a5bc96,tomcat,2023-04-17,[Bug 66567] New: java.lang.IllegalArgumentException: URI is not absolute - Feature change or Regression ?,1,pending,,
topic-09b7e8884ab8cace,tomcat,2023-04-18,[Bug 66569] ServletContextListener errors are not reported,3,pending,,
topic-15afe12b75f4f428,tomcat,2023-04-18,[ANN] Apache Tomcat 9.0.74 available,2,pending,,
topic-4ca444d8f4c21618,tomcat,2023-04-18,[Bug 66569] New: ServletContextListener errors are not reported,1,pending,,
topic-705878df8e8507c7,tomcat,2023-04-18,[Bug 66567] java.lang.IllegalArgumentException: URI is not absolute - Feature change or Regression ?,6,pending,,
topic-7110055d3988e2b2,tomcat,2023-04-18,[VOTE][RESULT] Release Apache Tomcat 9.0.74,1,pending,,
topic-0c43670e4558a83c,tomcat,2023-04-19,[ANN] Apache Tomcat 8.5.88 available,1,pending,,
topic-245aca9800c3ed78,tomcat,2023-04-19,[tomcat] branch 8.5.x updated: Fix failures on Java 7 where SHA_512_256 is not available,2,pending,,
topic-35c1fda3b07149a9,tomcat,2023-04-19,[VOTE][RESULT] Release Apache Tomcat 8.5.88,1,pending,,
topic-4fadcd5a1fdfe65f,tomcat,2023-04-19,Checkstyle version for 8.5.x,2,pending,,
topic-5471b3a498c77df2,tomcat,2023-04-19,[tomcat] branch 8.5.x updated: Support RFC 7616. Add support for multiple algorithms.,2,pending,,
topic-58296a14c1f716c9,tomcat,2023-04-19,[VOTE][RESULT] Release Apache Tomcat 10.1.8,1,pending,,
topic-61ac83355e4614c1,tomcat,2023-04-19,[tomcat] branch 8.5.x updated: Align with 9.0.x,1,pending,,
topic-98cc66be4cf0c80d,tomcat,2023-04-19,[VOTE][RESULT] Release Apache Tomcat 11.0.0-M5,1,pending,,
topic-c24513e72ab244ea,tomcat,2023-04-19,[ANN] Apache Tomcat 10.1.8 available,1,pending,,
topic-d538b8346cdf4f69,tomcat,2023-04-19,New unit test failure for JDK21 EA (new charset),1,pending,,
topic-e2598f36173fcac6,tomcat,2023-04-19,[ANN] Apache Tomcat 11.0.0-M5 (alpha) available,1,pending,,
topic-20afb007bed7e4d6,tomcat,2023-04-20,[Bug 66575] New: Use of ByteBuffer.array() not guarded by hasArray(),1,pending,,
topic-50d87358b1d89ace,tomcat,2023-04-20,[Bug 66574] Deadlock in websocket code,11,pending,,
topic-6bf055ee361df141,tomcat,2023-04-20,[Bug 66574] New: Deadlock in websocket code,1,pending,,
topic-789e7d4f86a1c03f,tomcat,2023-04-20,[Bug 66575] Use of ByteBuffer.array() not guarded by hasArray(),6,pending,,
topic-fbeb81228b7b5e6c,tomcat,2023-04-20,sendfile and async?,3,pending,,
topic-7312b97b8232dadd,tomcat,2023-04-21,[tomcat] branch main updated: Avoid unchecked use of the backing array,1,pending,,
topic-f49378c4d8586d01,tomcat,2023-04-21,JsonAccessLogValve,2,pending,,
topic-1161c2f68953d5fb,tomcat,2023-04-23,Bug report for Tomcat 9 [2023/04/23],1,pending,,
topic-168ecf9504b1a619,tomcat,2023-04-23,Bug report for Tomcat Native [2023/04/23],1,pending,,
topic-50106afeca46ec60,tomcat,2023-04-23,Bug report for Taglibs [2023/04/23],1,pending,,
topic-66fa6d6aa1d5081e,tomcat,2023-04-23,Bug report for Tomcat 8 [2023/04/23],1,pending,,
topic-7a00182c9af5327c,tomcat,2023-04-23,Bug report for Tomcat Modules [2023/04/23],1,pending,,
topic-9851e5d9edbdd823,tomcat,2023-04-23,Bug report for Tomcat 10 [2023/04/23],1,pending,,
topic-ad5c9510cfe85fae,tomcat,2023-04-23,Bug report for Tomcat Connectors [2023/04/23],1,pending,,
topic-0044ddf6748b21fd,tomcat,2023-04-25,[tomcat] branch main updated: Fix checkstyle,1,pending,,
topic-1d80314b4fde198e,tomcat,2023-04-26,[VOTE] Apache Tomcat migration tool for Jakarta EE 1.0.7,7,pending,,
topic-15f597c079e9c432,tomcat,2023-04-27,"[Bug 66582] New: Can't reference static fields declared in interfaces in JSP pages: javax.el.ELException: The class [...] must be public, in an exported package (for Java 9+), non-abstract and not an interface",1,pending,,
topic-3960eb449ca3bb8b,tomcat,2023-04-27,[Bug 66581] Idle threads are never destroyed in org.apache.tomcat.websocket.AsyncChannelGroupUtil,3,pending,,
topic-431dcf7457817bf7,tomcat,2023-04-27,[Bug 66581] New: Idle threads are never destroyed in org.apache.tomcat.websocket.AsyncChannelGroupUtil,1,pending,,
topic-60a600b3c25bc8d8,tomcat,2023-04-27,[Bug 66564] Improvements to WebResource Cache eviction,1,pending,,
topic-672782339996d728,tomcat,2023-04-27,"[Bug 66582] Can't reference static fields declared in interfaces in JSP pages: javax.el.ELException: The class [...] must be public, in an exported package (for Java 9+), non-abstract and not an interface",2,pending,,
topic-c91bcce32b7133d6,tomcat,2023-04-27,Utility Executor,12,pending,,
topic-9bf01dfdb67c93ba,tomcat,2023-04-28,About StandardServer,2,pending,,
topic-f5f02ce9acb2361c,tomcat,2023-04-28,回复： About StandardServer,1,pending,,
topic-420bc5a03f75f310,tomcat,2023-04-29,"[GitHub] [tomcat] ChristopherSchultz commented on pull request #613: transferTo can transfer only part of the file, so need to loop",5,pending,,
topic-10f30cd2cb072154,tomcat,2023-04-30,Bug report for Tomcat 10 [2023/04/30],1,pending,,
topic-15d690d1144042c6,tomcat,2023-04-30,Bug report for Tomcat Modules [2023/04/30],1,pending,,
topic-1cfda2f2b3043a83,tomcat,2023-04-30,[Bug 66585] New: change ServletResponse.setContentLength() to long,1,pending,,
topic-296cde29842ffad0,tomcat,2023-04-30,[tomcat] branch main updated: Polish,4,pending,,
topic-390c066c6196a890,tomcat,2023-04-30,[Bug 66585] change ServletResponse.setContentLength() to long,2,pending,,
topic-781a4048ad5c6e79,tomcat,2023-04-30,Bug report for Tomcat Native [2023/04/30],1,pending,,
topic-7adc7b839ddb3320,tomcat,2023-04-30,Bug report for Tomcat 9 [2023/04/30],1,pending,,
topic-8b605447fcdb1e4d,tomcat,2023-04-30,Bug report for Tomcat Connectors [2023/04/30],1,pending,,
topic-9280dee86a3ae538,tomcat,2023-04-30,Bug report for Tomcat 8 [2023/04/30],1,pending,,
topic-cd7cf75b700c52fb,tomcat,2023-04-30,Bug report for Taglibs [2023/04/30],1,pending,,
topic-4a85d9207c976ef3,tomcat,2023-05-01,Unit tests TestAccessLogValve.java,1,pending,,
topic-93495892a6138306,tomcat,2023-05-02,[Bug 66589] New: Data frame included in response for 200 OK status with no body (content-length=0),1,pending,,
topic-968b4ca38a6c5b78,tomcat,2023-05-02,[VOTE][RESULT] Apache Tomcat migration tool for Jakarta EE 1.0.7,1,pending,,
topic-cf64302e167f12cd,tomcat,2023-05-02,[Bug 66589] Data frame included in response for 200 OK status with no body (content-length=0),6,pending,,
topic-38109ae9db372a55,tomcat,2023-05-03,[VOTE] Release Apache Tomcat 11.0.0-M6,10,pending,,
topic-cc107ddc19dc78d2,tomcat,2023-05-03,[Bug 66591] HttpResponse without any header generates corrupted AJP messages,8,pending,,
topic-e8d60d5f8d5c9fbc,tomcat,2023-05-03,Workaround for misbehaving ClassLoader,6,pending,,
topic-fc0b3b8fbb3e5d61,tomcat,2023-05-03,[Bug 66591] New: HttpResponse without any header generates corrupted AJP messages,1,pending,,
topic-17f6fc8eb3920d5e,tomcat,2023-05-04,[Bug 66592] New: Support for HTTPS proxy in websocket client,1,pending,,
topic-2dee01600de8c434,tomcat,2023-05-04,[junit] WARNING: Using incubator modules: jdk.incubator.foreign,2,pending,,
topic-76340615737ac893,tomcat,2023-05-04,[Bug 66593] New: Connector attribute allowHostHeaderMismatch=false fails to reject host header injection attacks,1,pending,,
topic-b18c73172fdfd819,tomcat,2023-05-04,[Bug 66592] Support for HTTPS proxy in websocket client,8,pending,,
topic-c9d6f2bec6506600,tomcat,2023-05-04,[tomcat] 02/02: Move management of utility executor from init/destroy to start/stop,7,pending,,
topic-cabead5b7efdc854,tomcat,2023-05-04,Java 21 and virtual threads,8,pending,,
topic-dbce85dafe0855e1,tomcat,2023-05-04,[VOTE] Release Apache Tomcat 9.0.75,8,pending,,
topic-4b3446a80256831d,tomcat,2023-05-05,[Bug 66593] Connector attribute allowHostHeaderMismatch=false fails to reject host header injection attacks,5,pending,,
topic-8e86f4efc2e4e282,tomcat,2023-05-05,"Java 21, virtual threads and ThreadLocals",4,pending,,
topic-03da42de1113a1db,tomcat,2023-05-07,Bug report for Tomcat Native [2023/05/07],1,pending,,
topic-061c2a8af71815d1,tomcat,2023-05-07,Bug report for Tomcat Connectors [2023/05/07],1,pending,,
topic-5ed508b9bcfd3709,tomcat,2023-05-07,Bug report for Tomcat Modules [2023/05/07],1,pending,,
topic-7d84f74d35b62352,tomcat,2023-05-07,Bug report for Tomcat 9 [2023/05/07],1,pending,,
topic-a00fe7c9f4651cec,tomcat,2023-05-07,Bug report for Tomcat 10 [2023/05/07],1,pending,,
topic-e039d67ee02117ff,tomcat,2023-05-07,Bug report for Tomcat 8 [2023/05/07],1,pending,,
topic-f57148de46358db6,tomcat,2023-05-07,Bug report for Taglibs [2023/05/07],1,pending,,
topic-1a3b1395ae030026,tomcat,2023-05-09,[VOTE] Release Apache Tomcat 10.1.9,12,pending,,
topic-1f8248a455c268fc,tomcat,2023-05-09,CommunityOverCode Asia 2023 is calling for Presentations!,1,pending,,
topic-3ecf059eba424e36,tomcat,2023-05-09,Tagging 10.1.x and 8.5.x,2,pending,,
topic-806c47e72f1393ac,tomcat,2023-05-09,[VOTE][RESULT] Release Apache Tomcat 11.0.0-M6,1,pending,,
topic-81145ad386e6511d,tomcat,2023-05-09,[OT] Re: CommunityOverCode Asia 2023 is calling for Presentations!,2,pending,,
topic-a4867860aaac9928,tomcat,2023-05-09,[ANN] Apache Tomcat 11.0.0-M6 (alpha) available,1,pending,,
topic-d25dcfffd25d8fa3,tomcat,2023-05-09,[VOTE] Release Apache Tomcat 8.5.89,26,pending,,
topic-fd2ca7ce1159cb51,tomcat,2023-05-09,"Call for Presentations, Community Over Code 2023",2,pending,,
topic-0d8600937207f9e2,tomcat,2023-05-10,[VOTE][RESULT] Release Apache Tomcat 9.0.75,1,pending,,
topic-f34f2432d008d138,tomcat,2023-05-10,[ANN] Apache Tomcat 9.0.75 available,1,pending,,
topic-d7c0dbe8a0244da9,tomcat,2023-05-12,[tomcat] branch 10.1.x updated: Back-port virtual thread support,1,pending,,
topic-b6e2333c1496892a,tomcat,2023-05-13,"[Bug 56438] If jar scan does not find context config or TLD config, log a message",3,pending,,
topic-6cf6d2f320c32a5f,tomcat,2023-05-14,Bug report for Taglibs [2023/05/14],1,pending,,
topic-767289612b4f7f48,tomcat,2023-05-14,Bug report for Tomcat 8 [2023/05/14],1,pending,,
topic-90bd07a07efc8556,tomcat,2023-05-14,Bug report for Tomcat 10 [2023/05/14],1,pending,,
topic-962e7604b5ec24ed,tomcat,2023-05-14,Bug report for Tomcat Modules [2023/05/14],1,pending,,
topic-a8b0ea52a9f64ccb,tomcat,2023-05-14,Bug report for Tomcat Connectors [2023/05/14],1,pending,,
topic-c598cda06d0d0f45,tomcat,2023-05-14,Bug report for Tomcat 9 [2023/05/14],1,pending,,
topic-c894a68ecfaadcf7,tomcat,2023-05-14,Bug report for Tomcat Native [2023/05/14],1,pending,,
topic-552d99c9b5f752b5,tomcat,2023-05-15,[Bug 66600] New: NPE in certain scenarios,1,pending,,
topic-9517879a48e1332d,tomcat,2023-05-15,JDK 21 EA builds 22 & Sequenced Collections Heads-up,1,pending,,
topic-ed9c4af2b07b704b,tomcat,2023-05-15,[Bug 66600] NPE in certain scenarios,1,pending,,
topic-7eb19d05854c9836,tomcat,2023-05-16,[Bug 66602] TCP abnormal shutdown during pressure testing based on HTTP2 (h2c),8,pending,,
topic-fa0806cf13a152a0,tomcat,2023-05-16,[Bug 66602] New: TCP abnormal shutdown during pressure testing based on HTTP2 (h2c),1,pending,,
topic-a7703a0c0f297095,tomcat,2023-05-17,[VOTE][RESULT] Release Apache Tomcat 10.1.9,1,pending,,
topic-232a6a06c6347f74,tomcat,2023-05-19,[ANN] Apache Tomcat 10.1.9 available,1,pending,,
topic-5a5c5109f18c9611,tomcat,2023-05-19,[Bug 66604] New: Tomcat 9.0.75 Linux process not getting stopped after running shutdown.sh,1,pending,,
topic-68a4f00ef1ee36ec,tomcat,2023-05-19,[VOTE][RESULT] Release Apache Tomcat 8.5.89,1,pending,,
topic-9757c5aa0050c527,tomcat,2023-05-19,[ANN] Apache Tomcat 8.5.89 available,1,pending,,
topic-98633be83458d521,tomcat,2023-05-20,[tomcat] branch main updated: Clear SocketWrapper reference to help GC,4,pending,,
topic-1e2f53698142edad,tomcat,2023-05-21,Bug report for Tomcat 9 [2023/05/21],1,pending,,
topic-5079dd66260992b8,tomcat,2023-05-21,"[Bug 66609] New: invalid XML in directory listing with file names containing ""&"" and ""'""",1,pending,,
topic-5c2769a4471df7d6,tomcat,2023-05-21,Bug report for Tomcat Native [2023/05/21],1,pending,,
topic-611a387186df0031,tomcat,2023-05-21,Bug report for Tomcat Modules [2023/05/21],1,pending,,
topic-6e64d3b6ab6c8c36,tomcat,2023-05-21,Bug report for Tomcat 10 [2023/05/21],1,pending,,
topic-7ff7e452d7b093ee,tomcat,2023-05-21,Bug report for Tomcat 8 [2023/05/21],1,pending,,
topic-b9b096d3a60d696f,tomcat,2023-05-21,Bug report for Taglibs [2023/05/21],1,pending,,
topic-be62dcaa1199428a,tomcat,2023-05-21,Bug report for Tomcat Connectors [2023/05/21],1,pending,,
topic-4bae5056c3600ce4,tomcat,2023-05-22,"[Bug 66609] invalid XML in directory listing with file names containing ""&"" and ""'""",6,pending,,
topic-4dda385a894855b2,tomcat,2023-05-22,[Bug 66604] Tomcat 9.0.75 Linux process not getting stopped after running shutdown.sh,1,pending,,
topic-6fc8ae0a674e997f,tomcat,2023-05-22,"[Bug 33535] invalid XML in directory listing with names containing ""&""",1,pending,,
topic-c8ae094ebce2dd9f,tomcat,2023-05-22,[SECURITY] CVE-2023-28709 Apache Tomcat - Fix for CVE-2023-24998 was incomplete,1,pending,,
topic-213ea9fb449677a1,tomcat,2023-05-23,"[Bug 66613] New: Developing wiki page: Unclear reference to ""service wrapper"" in Debugging",1,pending,,
topic-2fc37ca7b189ba3c,tomcat,2023-05-23,Panama support in Tomcat 11 (take 2),1,pending,,
topic-665ecb2e7a5e8315,tomcat,2023-05-23,RFC 9113 (HTTP/2) and HTTP upgrade to h2c,2,pending,,
topic-9006e89418d7aba0,tomcat,2023-05-24,"[Bug 66613] Developing wiki page: Unclear reference to ""service wrapper"" in Debugging",3,pending,,
topic-b45b7891f5464317,tomcat,2023-05-24,Timing for June releases,7,pending,,
topic-63fb3cb1f949bda1,tomcat,2023-05-26,PersistentValve removal ?,9,pending,,
topic-d94958f2409b2e13,tomcat,2023-05-26,"[Bug 66617] New: Developing wiki page: ""How do I configure Tomcat to support remote debugging?"" does not cover distributed shell scripts",1,pending,,
topic-f537c2cf3c0af946,tomcat,2023-05-26,"[Bug 66616] New: French: Misleading HTTP 401 error description (""La requête nécessite une authentification HTTP."")",1,pending,,
topic-0811a54f64f5c32a,tomcat,2023-05-28,Bug report for Tomcat Connectors [2023/05/28],1,pending,,
topic-12f02c56b3a84e1a,tomcat,2023-05-28,Bug report for Tomcat Native [2023/05/28],1,pending,,
topic-3eedbc8296b5f03e,tomcat,2023-05-28,Bug report for Tomcat Modules [2023/05/28],1,pending,,
topic-46d6af87f71b138d,tomcat,2023-05-28,[Bug 66618] add longDate element to XML in directory listing,1,pending,,
topic-5b55f823f89fe5bd,tomcat,2023-05-28,[Bug 66619] New: Cannot upload an image file from a deployed JSP page in Tomcat 10 (10.1.8),1,pending,,
topic-60282bf4feb92af3,tomcat,2023-05-28,Bug report for Tomcat 9 [2023/05/28],1,pending,,
topic-6885fc3d49cc2a47,tomcat,2023-05-28,Bug report for Tomcat 8 [2023/05/28],1,pending,,
topic-836925e504fec580,tomcat,2023-05-28,Bug report for Taglibs [2023/05/28],1,pending,,
topic-c54b82ebbe4a1eca,tomcat,2023-05-28,[Bug 66618] New: add longDate element to XML in directory listing,1,pending,,
topic-cc3b66aa6a5c0504,tomcat,2023-05-28,[Bug 66618] add longDate attribute to XML in directory listing,3,pending,,
topic-e2627c7a2c3d20b9,tomcat,2023-05-28,Bug report for Tomcat 10 [2023/05/28],1,pending,,
topic-47f0cfb35419e912,tomcat,2023-05-29,"[Bug 66616] French: Misleading HTTP 401 error description (""La requête nécessite une authentification HTTP."")",4,pending,,
topic-b7f7e96c00d0205a,tomcat,2023-05-29,[Bug 66619] Cannot upload an image file from a deployed JSP page in Tomcat 10 (10.1.8),1,pending,,
topic-d72adf1245a8c137,tomcat,2023-05-29,"[Bug 66617] Developing wiki page: ""How do I configure Tomcat to support remote debugging?"" does not cover distributed shell scripts",8,pending,,
topic-22b9ff33914c6828,tomcat,2023-05-30,[tomcat] branch main updated: Bump OpenSSL version number.,2,pending,,
topic-924acd620138b220,tomcat,2023-05-30,[VOTE] Release Apache Tomcat Native 1.2.37,9,pending,,
topic-d5ec4abfe19b07e7,tomcat,2023-05-30,[VOTE] Release Apache Tomcat Native 2.0.4,8,pending,,
topic-22744417d5b6c353,tomcat,2023-05-31,[Bug 66622] New: Enabling httpHeaderSecurity includes X-XSS-Protection the protection header which goes against Mozilla recommendations,1,pending,,
topic-350a1d57ce05919f,tomcat,2023-05-31,[Bug 66621] Bug in WebdavServlet?,1,pending,,
topic-53874939439f16cc,tomcat,2023-05-31,[Bug 66622] Enabling httpHeaderSecurity includes X-XSS-Protection the protection header which goes against Mozilla recommendations,2,pending,,
topic-ca1bb1cb4d49e8ba,tomcat,2023-05-31,[Bug 66621] New: Bug in WebdavServlet?,1,pending,,
topic-01e1ad6b5443d7b0,tomcat,2023-06-02,[ANN] Apache Tomcat Native 2.0.4 released,1,pending,,
topic-1276b80e0f705d8d,tomcat,2023-06-02,[VOTE] Release Apache Tomcat 8.5.90,6,pending,,
topic-170ac522005554cf,tomcat,2023-06-02,[VOTE] Release Apache Tomcat 11.0.0-M7,6,pending,,
topic-41e8f0a770186006,tomcat,2023-06-02,[VOTE] [RESULT] Release Apache Tomcat Native 1.2.37,1,pending,,
topic-7194d05564122184,tomcat,2023-06-02,[Bug 45014] Request and Response classes should have wrappers for use in Valves,1,pending,,
topic-a945489e93ff45f1,tomcat,2023-06-02,"Potentially useful filter for debugging, etc.",7,pending,,
topic-ab487578885e48cb,tomcat,2023-06-02,[ANN] Apache Tomcat Native 1.2.37 released,1,pending,,
topic-c2622d9a4f4f6c6c,tomcat,2023-06-02,[VOTE] [RESULT] Release Apache Tomcat Native 2.0.4,1,pending,,
topic-d0a53268d65ea96e,tomcat,2023-06-02,[VOTE] Release Apache Tomcat 10.1.10,11,pending,,
topic-0411a10569d35a2b,tomcat,2023-06-04,Bug report for Tomcat 9 [2023/06/04],1,pending,,
topic-44e323a206603dc2,tomcat,2023-06-04,Bug report for Tomcat Connectors [2023/06/04],1,pending,,
topic-46cefd0379595fd4,tomcat,2023-06-04,Bug report for Tomcat 8 [2023/06/04],1,pending,,
topic-6aadcbb641dace27,tomcat,2023-06-04,Bug report for Tomcat Native [2023/06/04],1,pending,,
topic-6e027409d8d2f7cb,tomcat,2023-06-04,Bug report for Tomcat 10 [2023/06/04],1,pending,,
topic-71f478ab666c3cfc,tomcat,2023-06-04,Bug report for Taglibs [2023/06/04],1,pending,,
topic-9dbebad0f465534e,tomcat,2023-06-04,Bug report for Tomcat Modules [2023/06/04],1,pending,,
topic-476e20e6ca3ddd67,tomcat,2023-06-05,[tomcat-native] branch main updated: native: Fix the build with rlibtool,4,pending,,
topic-8e63a946ccf55a74,tomcat,2023-06-05,[VOTE] Release Apache Tomcat 9.0.76,6,pending,,
topic-c273686563b8f398,tomcat,2023-06-05,"Call for Presentations, Community Over Code Asia 2023",1,pending,,
topic-9836dd3c40027d73,tomcat,2023-06-06,"[ANN] Community Over Code Conference NA 2023 in Halifax, Canada, 7-10 Oct 2023, CFP is OPEN!",1,pending,,
topic-09a6509e45de31e3,tomcat,2023-06-07,[Bug 66627] Regression due to MessageBytes refactoring,5,pending,,
topic-28daa691995987e2,tomcat,2023-06-07,confirm subscribe to dev@tomcat.apache.org,2,pending,,
topic-76b97d2ea3da4c4b,tomcat,2023-06-07,[Bug 66631] Consider moving module-info.class to META-INF/versions/9,4,pending,,
topic-94485e5e68bc575b,tomcat,2023-06-07,[Bug 66631] New: Consider moving module-info.class to META-INF/versions/9,1,pending,,
topic-c39b2d0bfd7e98cb,tomcat,2023-06-07,[Bug 66627] New: Regression due to MessageBytes refactoring,1,pending,,
topic-073a5ac04294f625,tomcat,2023-06-08,[ANN] Apache Tomcat 11.0.0-M7 (alpha) available,1,pending,,
topic-30e5f56149904dc2,tomcat,2023-06-08,[Bug 66634] Reference links contain incorrect version for Servlet API,4,pending,,
topic-7f849f8a17b42c3c,tomcat,2023-06-08,[Bug 66633] New: Inconsistent Java requirement compared to whichversion.html,1,pending,,
topic-89346c65717d5084,tomcat,2023-06-08,[Bug 66634] New: Reference links contain incorrect version for Servlet API,1,pending,,
topic-db433f0cf538c0b0,tomcat,2023-06-08,Tomcat 11 Release Date,1,pending,,
topic-df359997e9b05e02,tomcat,2023-06-08,[Bug 66633] Inconsistent Java requirement compared to whichversion.html,4,pending,,
topic-eef6992f65f062a5,tomcat,2023-06-08,[VOTE] [RESULT] Release Apache Tomcat 11.0.0-M7,1,pending,,
topic-fa1e0e2609801025,tomcat,2023-06-08,[tomcat] branch 9.0.x updated: Fix BZ 66548 - Add validation of Sec-Websocket-Key header,4,pending,,
topic-2a90edff4e59b2ab,tomcat,2023-06-09,[ANN] Apache Tomcat 9.0.76 available,1,pending,,
topic-4daca10ff5d0f86f,tomcat,2023-06-09,[Bug 56148] support (multiple) ocsp stapling,12,pending,,
topic-51d337877188b32f,tomcat,2023-06-09,Checkstyle isn't happy,5,pending,,
topic-7090ac554ab855aa,tomcat,2023-06-09,[VOTE][RESULT] Release Apache Tomcat 8.5.90,1,pending,,
topic-8e86b33d4e34d3d0,tomcat,2023-06-09,[VOTE][RESULT] Release Apache Tomcat 9.0.76,1,pending,,
topic-dfa3c6ce4d138133,tomcat,2023-06-09,[Bug 66635] AbstractEndpoint#logCertificate() prints incorrect information,5,pending,,
topic-ef073d0e9b1eef1d,tomcat,2023-06-09,[Bug 66635] New: AbstractEndpoint#logCertificate() prints incorrect information,1,pending,,
topic-0496792004ea9b7f,tomcat,2023-06-11,Bug report for Tomcat Modules [2023/06/11],1,pending,,
topic-0d4157f9b6615451,tomcat,2023-06-11,Bug report for Tomcat 8 [2023/06/11],1,pending,,
topic-1d68bbf836c2c9b0,tomcat,2023-06-11,Bug report for Tomcat Connectors [2023/06/11],1,pending,,
topic-333e80b848efb7a4,tomcat,2023-06-11,Bug report for Tomcat 9 [2023/06/11],1,pending,,
topic-7bb1ab74f1b3de12,tomcat,2023-06-11,Bug report for Tomcat Native [2023/06/11],1,pending,,
topic-d034b12fc75cf7f7,tomcat,2023-06-11,Bug report for Tomcat 10 [2023/06/11],1,pending,,
topic-d19e1d6e4ae4d87f,tomcat,2023-06-11,Bug report for Taglibs [2023/06/11],1,pending,,
topic-555fed6b7c181d30,tomcat,2023-06-12,[ANN] Apache Tomcat 10.1.10 available,1,pending,,
topic-6e4059410a539ad0,tomcat,2023-06-12,org.apache.catalina.connector.Request.getPathInfo() null,2,pending,,
topic-dd24d79943a2e5be,tomcat,2023-06-12,[ANN] Apache Tomcat 8.5.90 available,1,pending,,
topic-e64a361c64e406f5,tomcat,2023-06-13,[Bug 59232] Make the context name of an app available via JNDI,2,pending,,
topic-1c3f94f5aac56142,tomcat,2023-06-14,[Bug 66647] New: Analyze usefulness and consider deprecation of certificateChainFile in favor of certificateFile,1,pending,,
topic-dde5febbd41fe0f1,tomcat,2023-06-14,[Bug 66647] Analyze usefulness and consider deprecation of certificateChainFile in favor of certificateFile,2,pending,,
topic-f669a63f9f9d12c2,tomcat,2023-06-14,JDK 21 is in Rampdown / The importance of testing with Early-Access Builds,1,pending,,
topic-d252d8fd21b10e2e,tomcat,2023-06-15,"Tomcat 11, Java 21 and Windows 32-bit support",8,pending,,
topic-0559f72f9677635a,tomcat,2023-06-16,"Tomcat, Jakarta TCKs and Arquillian",9,pending,,
topic-a7b2c051dadf7fe0,tomcat,2023-06-16,TAC Applications for Community Over Code North America and Asia now open,1,pending,,
topic-ec294ef3c1c6ebbe,tomcat,2023-06-16,[Bug 66654] New: Setting displayname while using service.bat to install tomcat service,1,pending,,
topic-13bd4caf0cf7151a,tomcat,2023-06-17,"[Bug 60918] Process Send File releases the same Http11Processor in two threads, leading to java.lang.IllegalStateException: Unexpected state: headers already parsed. Buffer not recycled?",1,pending,,
topic-1b10f7d6da88f74d,tomcat,2023-06-18,Bug report for Tomcat 10 [2023/06/18],1,pending,,
topic-213c840d78578af6,tomcat,2023-06-18,Bug report for Tomcat Connectors [2023/06/18],1,pending,,
topic-c34d42a65eb24130,tomcat,2023-06-18,Bug report for Tomcat 9 [2023/06/18],1,pending,,
topic-d376ce2fd4c92401,tomcat,2023-06-18,Bug report for Tomcat Modules [2023/06/18],1,pending,,
topic-d6ca4070508118d0,tomcat,2023-06-18,Bug report for Taglibs [2023/06/18],1,pending,,
topic-e091d6914e56cdf6,tomcat,2023-06-18,Bug report for Tomcat 8 [2023/06/18],1,pending,,
topic-fb593d0dfb32361c,tomcat,2023-06-18,Bug report for Tomcat Native [2023/06/18],1,pending,,
topic-d5bab76821d1322e,tomcat,2023-06-19,[Bug 66658] New: Reference GitHub Actions and Docker Images by SHA,1,pending,,
topic-2133106d15e1fcdf,tomcat,2023-06-20,[Bug 66660] StaticMember doesn't support lazy hostname resolution (useful in K8s),24,pending,,
topic-44eb2de1f7d2c25b,tomcat,2023-06-20,[Bug 66659] New: Tomcat does not send FIN message upon request by client to close TCP connection,1,pending,,
topic-5fcf36bb23fd8a0e,tomcat,2023-06-20,Signature expiration on security.txt,2,pending,,
topic-bc7c1933d60a5a25,tomcat,2023-06-20,[Bug 66660] New: StaticMember doesn't support lazy hostname resolution (useful in K8s),1,pending,,
topic-0f19b0b99d188422,tomcat,2023-06-21,"[Bug 66662] New: Tomcat Digest Authenticator Valve attribute name ""algoirthms"" need to correct as it is misspelled",1,pending,,
topic-c35eb753918ab6e6,tomcat,2023-06-21,"[Bug 66662] Tomcat Digest Authenticator Valve attribute name ""algoirthms"" need to correct as it is misspelled",3,pending,,
topic-eb8fce7e03fe4785,tomcat,2023-06-21,[SECURITY] CVE-2023-34981 Apache Tomcat - Information disclosure,1,pending,,
topic-0351616d6bdaac52,tomcat,2023-06-22,[tomcat] branch tmp created (now e1875c1cae),1,pending,,
topic-4dc6488d719feb79,tomcat,2023-06-22,[tomcat] branch main updated: Refactor SimpleHTTPClient to read body as-is rather than via readLine(),4,pending,,
topic-56bfdbe265ffa8bf,tomcat,2023-06-22,[Bug 66666] Remove non-reachable functions from ssl.c,10,pending,,
topic-6cae61242c73df3f,tomcat,2023-06-22,[Bug 66665] Provide option to supply role mapping from a properties file,4,pending,,
topic-75c5f29161e85a84,tomcat,2023-06-22,[Bug 66666] New: Remove non-reachable functions from ssl.c,1,pending,,
topic-7a409434d65b9f71,tomcat,2023-06-22,[Bug 66665] New: Provide option to supply role mapping from a properties file,1,pending,,
topic-81af7986b7e794b9,tomcat,2023-06-22,[tomcat] branch main updated: Add control of byte decoding errors to ByteChunk and StringCache,5,pending,,
topic-8683c1889e4ef4cf,tomcat,2023-06-23,[Bug 66667] New: Take care of OpenSSL deprecated code,1,pending,,
topic-980ddc82733aff0a,tomcat,2023-06-23,[tomcat] branch main updated: Simplify reading of request body for x-www-form-urlencoded processing,2,pending,,
topic-eac000d7611c8122,tomcat,2023-06-23,[Bug 66667] Take care of OpenSSL deprecated code,2,pending,,
topic-294cfef7a64011eb,tomcat,2023-06-24,[Bug 66669] New: JVM crash in APR mode,1,pending,,
topic-b26346c132168d4a,tomcat,2023-06-24,[Bug 66669] JVM crash in APR mode,16,pending,,
topic-063a486802916bc2,tomcat,2023-06-25,Bug report for Tomcat 9 [2023/06/25],1,pending,,
topic-321d07f7719eeaf8,tomcat,2023-06-25,Bug report for Taglibs [2023/06/25],1,pending,,
topic-3cb46ace5388f1e7,tomcat,2023-06-25,Bug report for Tomcat 8 [2023/06/25],1,pending,,
topic-3ce63292b97c32d3,tomcat,2023-06-25,Bug report for Tomcat Modules [2023/06/25],1,pending,,
topic-50fcb75f2eeff298,tomcat,2023-06-25,Tomcat and filesystems,3,pending,,
topic-9cac0db88d80459b,tomcat,2023-06-25,Bug report for Tomcat 10 [2023/06/25],1,pending,,
topic-c617c7b66cb1a0e9,tomcat,2023-06-25,Bug report for Tomcat Native [2023/06/25],1,pending,,
topic-f7c9b46aeb1659e3,tomcat,2023-06-25,Bug report for Tomcat Connectors [2023/06/25],1,pending,,
topic-2b1e33261313dd1c,tomcat,2023-06-26,[tomcat] 05/05: Use consistent naming for i18n keys,1,pending,,
topic-2f4e0315b3481e6a,tomcat,2023-06-26,[Bug 66670] Add SSLHostConfig#certificateKeyPasswordFile,11,pending,,
topic-83fb0d99e0758e54,tomcat,2023-06-26,[tomcat-native] branch 1.2.x updated: Align default pass phrase prompt with HTTPd,9,pending,,
topic-ff32bd01096049bd,tomcat,2023-06-26,[Bug 66670] New: Add SSLHostConfig#certificateKeyPasswordFile,1,pending,,
topic-3d8c35bc9d92597c,tomcat,2023-06-28,[Bug 66659] Tomcat does not send FIN message upon request by client to close TCP connection,2,pending,,
topic-89f04c2d6458cc33,tomcat,2023-06-28,Final Reminder: Community Over Code call for presentations closing soon,1,pending,,
topic-50ad2b1ed3ac98a6,tomcat,2023-06-30,[Bug 66676] New: WebSocket session complains about closed state when calling close(),1,pending,,
topic-6787b16c51107bbc,tomcat,2023-06-30,[tomcat] branch main updated: Remove used property,3,pending,,
topic-082dcdf11f9aef7e,tomcat,2023-07-02,Bug report for Tomcat 10 [2023/07/02],1,pending,,
topic-0df2c9ac2490aefd,tomcat,2023-07-02,Bug report for Tomcat 8 [2023/07/02],1,pending,,
topic-54f023dc0ad8d2f8,tomcat,2023-07-02,Bug report for Tomcat Connectors [2023/07/02],1,pending,,
topic-5f7d64de237556b3,tomcat,2023-07-02,Bug report for Taglibs [2023/07/02],1,pending,,
topic-63a6b0c9acf7c58b,tomcat,2023-07-02,Bug report for Tomcat Modules [2023/07/02],1,pending,,
topic-a6d0555913bf44e3,tomcat,2023-07-02,Bug report for Tomcat Native [2023/07/02],1,pending,,
topic-b3faad6e7e7a725e,tomcat,2023-07-02,Bug report for Tomcat 9 [2023/07/02],1,pending,,
topic-948beffd867ed2d3,tomcat,2023-07-03,[Bug 66676] WebSocket session complains about closed state when calling close(),10,pending,,
topic-a943f0c8237f9a84,tomcat,2023-07-03,[VOTE] Release Apache Tomcat 11.0.0-M8,7,pending,,
topic-0a0db128481bea16,tomcat,2023-07-04,[VOTE] Release Apache Tomcat 9.0.78,6,pending,,
topic-594ce3b19079a8fe,tomcat,2023-07-04,[VOTE][CANCELLED] Release Apache Tomcat 11.0.0-M8,1,pending,,
topic-e485776afd0e85fc,tomcat,2023-07-04,[VOTE] Release Apache Tomcat 11.0.0-M9,5,pending,,
topic-ec5469147ece2bdd,tomcat,2023-07-04,[VOTE] Release Apache Tomcat 9.0.77,1,pending,,
topic-15ce14f72010c972,tomcat,2023-07-06,"[Bug 66680] New: [StandardSession] Misleading warning ""Cannot serialize Principal object for session""",1,pending,,
topic-30634284e831ebc8,tomcat,2023-07-06,[VOTE] Release Apache Tomcat 8.5.91,5,pending,,
topic-3379fd94d11c8aee,tomcat,2023-07-06,tomcat and httpd track before July 13th! Final Reminder: Community Over Code call for presentations closing soon,1,pending,,
topic-54e3e1eebf9d1721,tomcat,2023-07-06,[VOTE] Release Apache Tomcat 10.1.11,6,pending,,
topic-4f42ad649650713f,tomcat,2023-07-07,[Bug 66681] New: .getBasicRemote().flushBatch() causes NPE with PerMessageDeflate,1,pending,,
topic-8032b42e868d7864,tomcat,2023-07-07,Hide jakarta.annotations from tomcat-catalina?,5,pending,,
topic-8d035068c19191b9,tomcat,2023-07-07,[VOTE] Release Apache Tomcat 8.5.91 (unit test failure),3,pending,,
topic-fad9f6da83963f44,tomcat,2023-07-07,Plans for August releases,3,pending,,
topic-fec05ed0b1876d22,tomcat,2023-07-07,"[Bug 66680] [StandardSession] Misleading warning ""Cannot serialize Principal object for session""",6,pending,,
topic-39262c6735d13783,tomcat,2023-07-09,Bug report for Tomcat 10 [2023/07/09],1,pending,,
topic-40eca3dc17bc98f3,tomcat,2023-07-09,Bug report for Tomcat Native [2023/07/09],1,pending,,
topic-4bf3fb7c4525e7ce,tomcat,2023-07-09,Bug report for Tomcat Modules [2023/07/09],1,pending,,
topic-4d0e2b2d34e91142,tomcat,2023-07-09,Bug report for Tomcat 8 [2023/07/09],1,pending,,
topic-9278b8fa01b7d9dd,tomcat,2023-07-09,Bug report for Taglibs [2023/07/09],1,pending,,
topic-a52b4e469a085205,tomcat,2023-07-09,Bug report for Tomcat Connectors [2023/07/09],1,pending,,
topic-ccaf5f2570a88b40,tomcat,2023-07-09,Bug report for Tomcat 9 [2023/07/09],1,pending,,
topic-12803ef3cca6abe5,tomcat,2023-07-10,"[Bug 57367] If JAR scan experiences a stack overflow, give the URL from which each class in the loop was loaded in the complaint",2,pending,,
topic-1bc51edb1ec299c8,tomcat,2023-07-10,[VOTE][RESULT] Release Apache Tomcat 8.5.91,1,pending,,
topic-232d45a078c517bf,tomcat,2023-07-10,"[Bug 66683] New: org.apache.coyote.http11.Http11Processor.service Error parsing HTTP request header, Unexpected state: headers already parsed. Buffer not recycled?",1,pending,,
topic-27bc46705015ff3d,tomcat,2023-07-10,"[Bug 66683] org.apache.coyote.http11.Http11Processor.service Error parsing HTTP request header, Unexpected state: headers already parsed. Buffer not recycled?",4,pending,,
topic-3b852356eb860837,tomcat,2023-07-10,"[Bug 57872] Do not auto-switch session cookie to version=1 due to '/' in Path when running in ""strict compliance"" mode (Internet Explorer and rfc6265)",3,pending,,
topic-3e1764b44feef8fc,tomcat,2023-07-10,[Bug 56546] Improve thread trace logging in WebappClassLoader.clearReferencesThreads(),3,pending,,
topic-4a7a7213f5fde243,tomcat,2023-07-10,[VOTE][RESULT] Release Apache Tomcat 11.0.0-M9,1,pending,,
topic-57129a4eaab1965f,tomcat,2023-07-10,[Bug 55477] Add a solution to map a realm name to a security role,2,pending,,
topic-5ffb94ec630158c9,tomcat,2023-07-10,[Bug 55243] Add special search string for nested roles,2,pending,,
topic-67b95e8ee2371695,tomcat,2023-07-10,"[Bug 62214] The ""userSubtree=true"" and ""roleSubtree=true"" in JNDIRealm not working",2,pending,,
topic-74e53d28ba108c77,tomcat,2023-07-10,[Bug 55675] Checking and handling invalid configuration option values,2,pending,,
topic-8669b3028f7e285c,tomcat,2023-07-10,[Bug 55470] Help users for ClassNotFoundExceptions during startup [PATCH],3,pending,,
topic-95571b67e741ba93,tomcat,2023-07-10,[ANN] Apache Tomcat 8.5.91 available,1,pending,,
topic-a153a199a9a7b53f,tomcat,2023-07-10,[Bug 61877] use web.xml from CATALINA_HOME by default,3,pending,,
topic-bc964766b3dc1a31,tomcat,2023-07-10,[ANN] Apache Tomcat 9.0.78 available,1,pending,,
topic-c95c31ad3f5fb1a6,tomcat,2023-07-10,[Bug 63195] Add easy way to test RemoteIpValve works properly,4,pending,,
topic-cc4da7b4dc97c51b,tomcat,2023-07-10,[Bug 56713] Limit time that incoming request waits while webapp is reloading,2,pending,,
topic-d76af7c7985ff6d1,tomcat,2023-07-10,[Bug 57130] Allow digest.sh to accept password from a file or from stdin,4,pending,,
topic-dbfd191dfbdd1aae,tomcat,2023-07-10,[VOTE][RESULT] Release Apache Tomcat 9.0.78,1,pending,,
topic-e3ce00cb85d354cd,tomcat,2023-07-10,[Bug 56787] Simplified jndi name parsing,3,pending,,
topic-e78d81b738837309,tomcat,2023-07-10,[Bug 58052] RewriteValve: Implement additional RewriteRule directive capabilities,2,pending,,
topic-eb39854bcfec1978,tomcat,2023-07-10,[ANN] Apache Tomcat 10.1.11 available,1,pending,,
topic-f368f0e7f22296a8,tomcat,2023-07-10,[Bug 63080] Support rfc7239 Forwarded header,2,pending,,
topic-f7a7872dc109c6d8,tomcat,2023-07-10,[Bug 56166] Suggestions for exception handling (avoid potential bugs),2,pending,,
topic-f8acb2615d9fbb19,tomcat,2023-07-10,[VOTE][RESULT] Release Apache Tomcat 10.1.11,1,pending,,
topic-06d33f919ffc303a,tomcat,2023-07-11,[Bug 66684] New: SSL HandShake failed when crlFile linked to an empty file,1,pending,,
topic-23686b7de07a05b5,tomcat,2023-07-11,multipart streaming as fileupload native usage?,3,pending,,
topic-4881b7e1b6dd6299,tomcat,2023-07-11,[Bug 66686] New: Default value of maxParameterCount,1,pending,,
topic-4b4ffa5f2b1eb160,tomcat,2023-07-11,[Bug 66686] Default value of maxParameterCount,10,pending,,
topic-524bb3a94eb1868f,tomcat,2023-07-11,[Bug 66685] New: Tomcat URL not picking correct certificate,1,pending,,
topic-84ea3e62ced5b141,tomcat,2023-07-11,[Bug 66684] SSL HandShake failed when crlFile linked to an empty file,14,pending,,
topic-cba5837f5e736256,tomcat,2023-07-11,[ANN] Apache Tomcat 11.0.0-M9 (alpha) available,1,pending,,
topic-047f13208221c669,tomcat,2023-07-12,[Bug 66685] Tomcat URL not picking correct certificate,1,pending,,
topic-f9082ae7b01774a0,tomcat,2023-07-12,[Bug 66681] .getBasicRemote().flushBatch() causes NPE with PerMessageDeflate,2,pending,,
topic-96f5e13938c53225,tomcat,2023-07-14,[Bug 66689] https://bz.apache.org/bugzilla/,2,pending,,
topic-0fcd5b575eb43eea,tomcat,2023-07-16,Bug report for Tomcat 10 [2023/07/16],1,pending,,
topic-78910111b2bf488b,tomcat,2023-07-16,Bug report for Tomcat Modules [2023/07/16],1,pending,,
topic-813b2d3a3afc6753,tomcat,2023-07-16,Bug report for Tomcat 9 [2023/07/16],1,pending,,
topic-8b04ea001a613870,tomcat,2023-07-16,Bug report for Tomcat Connectors [2023/07/16],1,pending,,
topic-8edaf9efc4970cbf,tomcat,2023-07-16,Bug report for Taglibs [2023/07/16],1,pending,,
topic-b8075a4af40a2cef,tomcat,2023-07-16,Bug report for Tomcat Native [2023/07/16],1,pending,,
topic-c61a48eaf593db73,tomcat,2023-07-16,Bug report for Tomcat 8 [2023/07/16],1,pending,,
topic-b68f8b42d6527d36,tomcat,2023-07-17,OSGI Portable Java Contract Definitions for the Expression Language,3,pending,,
topic-87bd0b08f08d860e,tomcat,2023-07-19,[Bug 66706] New: The name of jar is different with the artifactId in the pom file,1,pending,,
topic-8904c50da42301c6,tomcat,2023-07-20,JNDIRealm not retrying connections on NamingException,4,pending,,
topic-4b40323828c846de,tomcat,2023-07-23,Bug report for Tomcat 10 [2023/07/23],1,pending,,
topic-4c434be18b449fb0,tomcat,2023-07-23,Bug report for Tomcat Connectors [2023/07/23],1,pending,,
topic-70d50331ca8b5e29,tomcat,2023-07-23,Bug report for Tomcat Native [2023/07/23],1,pending,,
topic-9cfa651f2226c8c1,tomcat,2023-07-23,Bug report for Taglibs [2023/07/23],1,pending,,
topic-ac1263d9ca6394bd,tomcat,2023-07-23,Bug report for Tomcat Modules [2023/07/23],1,pending,,
topic-db99b4b6c6a8ab90,tomcat,2023-07-23,Bug report for Tomcat 9 [2023/07/23],1,pending,,
topic-e71c53e5b369eec3,tomcat,2023-07-23,Bug report for Tomcat 8 [2023/07/23],1,pending,,
topic-f544cc7596c09126,tomcat,2023-07-24,[Bug 66658] Reference GitHub Actions and Docker Images by SHA,3,pending,,
topic-85440885b4d218b3,tomcat,2023-07-25,[Bug 66792] New: unpacked war application for virtual host fails,1,pending,,
topic-03590a36236f0fd5,tomcat,2023-07-26,"Virtual threads, synchronized and pinning",1,pending,,
topic-1fda624ab27acbaa,tomcat,2023-07-26,[Bug 66792] unpacked war application for virtual host fails,4,pending,,
topic-34f77abf1f4de1e6,tomcat,2023-07-27,[Bug 66706] The name of jar is different with the artifactId in the pom file,2,pending,,
topic-1038cf8867abe8e9,tomcat,2023-07-28,JDK 22 is in Rampdown Phase 2 | Annotation Processing Change Heads-up,2,pending,,
topic-025d91eb6caad703,tomcat,2023-07-30,Bug report for Tomcat Native [2023/07/30],1,pending,,
topic-3ac15931498bc1db,tomcat,2023-07-30,Bug report for Tomcat 9 [2023/07/30],1,pending,,
topic-4febdc6e00a851b7,tomcat,2023-07-30,Bug report for Tomcat 8 [2023/07/30],1,pending,,
topic-73484b60dce14b8d,tomcat,2023-07-30,Bug report for Tomcat 10 [2023/07/30],1,pending,,
topic-9d7190653c80c17c,tomcat,2023-07-30,Bug report for Tomcat Modules [2023/07/30],1,pending,,
topic-cfdf869adff32e9b,tomcat,2023-07-30,Bug report for Tomcat Connectors [2023/07/30],1,pending,,
topic-f837ccf68fb46d36,tomcat,2023-07-30,Bug report for Taglibs [2023/07/30],1,pending,,
topic-8dde69870fb41336,tomcat,2023-07-31,"[Bug 66822] ""BindException: Address already in use"" - pls say which ip/port is causing the problem",7,pending,,
topic-bb30fef40e3b291d,tomcat,2023-07-31,"[Bug 66822] New: ""BindException: Address already in use"" - pls say which ip/port is causing the problem",1,pending,,
topic-dc01d883f484a890,tomcat,2023-07-31,Need Tomcat Native release before August Tomcat releases,3,pending,,
topic-1ca83c03d39f0608,tomcat,2023-08-01,[VOTE] Release Apache Tomcat Native 2.0.5,6,pending,,
topic-a7440c5f20ab6f90,tomcat,2023-08-01,[Bug 66829] New: setclasspath.bat: troubles when _RUNJAVA contains spaces,1,pending,,
topic-0eb5f804d88aa3f0,tomcat,2023-08-02,[Bug 66834] New: Expression Language 6.0 should be updated to provide the new osgi.contract name for Expression Language 6.0,1,pending,,
topic-1d0621ab2b9abec4,tomcat,2023-08-02,[VOTE] Release Apache Tomcat Native 1.2.38,6,pending,,
topic-820b04b136a5cf0b,tomcat,2023-08-02,[tomcat-native] 01/01: Tag 2.0.5,2,pending,,
topic-4ee0f34b80cf71ca,tomcat,2023-08-03,[Bug 66834] Expression Language 6.0 should be updated to provide the new osgi.contract name for Expression Language 6.0,1,pending,,
topic-5c4b4f04f7ce4266,tomcat,2023-08-03,[Bug 66841] Memory leak from cancelled async http/2 streams,5,pending,,
topic-63f403f90cc07aac,tomcat,2023-08-03,[Bug 66841] New: Memory leak from cancelled async http/2 streams,1,pending,,
topic-70a9d366a152c54e,tomcat,2023-08-03,[Bug 66842] Http2AsyncUpgradeHandler does not update overhead count based on sent frames,2,pending,,
topic-865194547b933392,tomcat,2023-08-03,[Bug 66842] New: Http2AsyncUpgradeHandler does not update overhead count based on sent frames,1,pending,,
topic-b9d0c89d44830d72,tomcat,2023-08-03,[Bug 66829] setclasspath.bat: troubles when _RUNJAVA contains spaces,4,pending,,
topic-2e51c9555ea24236,tomcat,2023-08-04,[tomcat] branch main updated: Add JreCompat for Java 22,4,pending,,
topic-095942250344679d,tomcat,2023-08-06,Bug report for Tomcat 8 [2023/08/06],1,pending,,
topic-459f9b1d2e82c837,tomcat,2023-08-06,Bug report for Taglibs [2023/08/06],1,pending,,
topic-61212bf1957fbb7d,tomcat,2023-08-06,Bug report for Tomcat Connectors [2023/08/06],1,pending,,
topic-6e7ccb20c9255f6f,tomcat,2023-08-06,Bug report for Tomcat 10 [2023/08/06],1,pending,,
topic-b6e1c7388f442234,tomcat,2023-08-06,Bug report for Tomcat 9 [2023/08/06],1,pending,,
topic-d046ccae82cc5553,tomcat,2023-08-06,Bug report for Tomcat Native [2023/08/06],1,pending,,
topic-f5f6fcbe4730846a,tomcat,2023-08-06,Bug report for Tomcat Modules [2023/08/06],1,pending,,
topic-3a5a0622478285de,tomcat,2023-08-07,[VOTE][RESULT] Release Apache Tomcat Native 2.0.5,1,pending,,
topic-ab1f1f5239dbc86d,tomcat,2023-08-07,[VOTE][RESULT] Release Apache Tomcat Native 1.2.38,1,pending,,
topic-2379969d68f9eb1e,tomcat,2023-08-08,[VOTE] Release Apache Tomcat 10.1.12,4,pending,,
topic-653de46e88d120e2,tomcat,2023-08-08,[VOTE] Release Apache Tomcat 9.0.79,4,pending,,
topic-a4c8aeeb9eeebfea,tomcat,2023-08-08,Buildbot failure in on tomcat-9.0.x,2,pending,,
topic-b070dd2f5393702c,tomcat,2023-08-08,[tomcat-native] branch main updated: Remove unused libraries and add support for 'Hybrid CRT' technique.,4,pending,,
topic-becd62b1fe8e4244,tomcat,2023-08-08,[VOTE] Release Apache Tomcat 11.0.0-M10,5,pending,,
topic-38feb40913236eba,tomcat,2023-08-09,[VOTE] Release Apache Tomcat 8.5.92,4,pending,,
topic-7a11cfa6c1e55a52,tomcat,2023-08-09,Build errors,3,pending,,
topic-a617d41d969b4a80,tomcat,2023-08-09,[tomcat] branch main updated: Update Servlet API for parameter error handling changes,4,pending,,
topic-1d87d3c216d9aa29,tomcat,2023-08-10,[Bug 66875] New: Handling async error after spring already handled error,1,pending,,
topic-56ace09ce435e7f0,tomcat,2023-08-10,[Bug 66875] Handling async error after spring already handled error,14,pending,,
topic-7f261f065a36a865,tomcat,2023-08-10,[tomcat] branch main updated: Minor optimization,2,pending,,
topic-e9605c3cbf474da6,tomcat,2023-08-10,[PROPOSAL] Drop support for HTTP/2 server push,4,pending,,
topic-1d9171720ab9c1fa,tomcat,2023-08-13,Bug report for Tomcat Native [2023/08/13],1,pending,,
topic-36ccaafb1bedf05a,tomcat,2023-08-13,Bug report for Tomcat 9 [2023/08/13],1,pending,,
topic-5baeaa657b4edca1,tomcat,2023-08-13,Bug report for Tomcat 10 [2023/08/13],1,pending,,
topic-afc6c63bbf0b89b7,tomcat,2023-08-13,Bug report for Tomcat Modules [2023/08/13],1,pending,,
topic-ced9f5d5fa1b0fb8,tomcat,2023-08-13,Bug report for Tomcat 8 [2023/08/13],1,pending,,
topic-d75ab0d4c519f4cc,tomcat,2023-08-13,Bug report for Tomcat Connectors [2023/08/13],1,pending,,
topic-e869e482675b58b1,tomcat,2023-08-13,Bug report for Taglibs [2023/08/13],1,pending,,
topic-48b97f0eaa175ee5,tomcat,2023-08-14,[ANN] Apache Tomcat 10.1.12 available,1,pending,,
topic-566d9dbebbdf1fb8,tomcat,2023-08-14,[VOTE][RESULT] Release Apache Tomcat 8.5.92,1,pending,,
topic-6de68e9b7477080c,tomcat,2023-08-14,[ANN] Apache Tomcat 8.5.92 available,1,pending,,
topic-786eb8f764a0d76b,tomcat,2023-08-14,[VOTE][RESULT] Release Apache Tomcat 10.1.12,1,pending,,
topic-d30091c72734f374,tomcat,2023-08-14,[VOTE][RESULT] Release Apache Tomcat 11.0.0-M10,1,pending,,
topic-e9a77a3835e35ead,tomcat,2023-08-14,[ANN] Apache Tomcat 11.0.0-M10 (alpha) available,1,pending,,
topic-0e3dad703728c684,tomcat,2023-08-15,[VOTE][RESULT] Release Apache Tomcat 9.0.79,1,pending,,
topic-fda0f180752f197c,tomcat,2023-08-15,[ANN] Apache Tomcat 9.0.79 available,1,pending,,
topic-a3c6f7878a8a0a74,tomcat,2023-08-17,[tomcat] 03/03: Use application provided status code for error page if present,1,pending,,
topic-c7d4b56e3c903b4f,tomcat,2023-08-17,Mailing list threading improvements,1,pending,,
topic-1b6d96730500b9af,tomcat,2023-08-20,Bug report for Tomcat 9 [2023/08/20],1,pending,,
topic-3c3a5451b58aa04f,tomcat,2023-08-20,Bug report for Tomcat 10 [2023/08/20],1,pending,,
topic-6db3db2cf8035a7a,tomcat,2023-08-20,Bug report for Tomcat Native [2023/08/20],1,pending,,
topic-995504f5a1eda2e2,tomcat,2023-08-20,Bug report for Tomcat Connectors [2023/08/20],1,pending,,
topic-a9e4146c24b5d11c,tomcat,2023-08-20,Bug report for Tomcat Modules [2023/08/20],1,pending,,
topic-ba2d57a8f9c01b53,tomcat,2023-08-20,Bug report for Taglibs [2023/08/20],1,pending,,
topic-ba7a2ad8908afd31,tomcat,2023-08-20,Bug report for Tomcat 8 [2023/08/20],1,pending,,
topic-1f59cfe86d139748,tomcat,2023-08-21,Mailing list RSS feeds not working,4,pending,,
topic-f884c1eca7de5032,tomcat,2023-08-22,JDK 21 Release Candidates & JVM Language Summit,1,pending,,
topic-1787b91aa2339718,tomcat,2023-08-23,[VOTE] Release Apache Tomcat 10.1.13,5,pending,,
topic-9ec8f5e01d53cede,tomcat,2023-08-23,[VOTE] Release Apache Tomcat 11.0.0-M11,4,pending,,
topic-b07440d9bdd7d79a,tomcat,2023-08-23,[VOTE] Release Apache Tomcat 9.0.80,5,pending,,
topic-d544f66841becb23,tomcat,2023-08-23,[VOTE] Release Apache Tomcat 8.5.93,9,pending,,
topic-117c8f98a5f3b1f9,tomcat,2023-08-24,[tomcat] 01/02: Avoid protocol relative redirects,1,pending,,
topic-c3c41b081cafb378,tomcat,2023-08-24,[tomcat] branch 9.0.x updated: Temporary RM,1,pending,,
topic-c5aab55aa16c0777,tomcat,2023-08-24,"[Bug 67061] New: SSLVerifyClient=""optionalNoCA"" still not doing what it should",1,pending,,
topic-15857cc71b337942,tomcat,2023-08-25,[ANN] Apache Tomcat 11.0.0-M11 (alpha) available,1,pending,,
topic-6a6721f45e65dfc2,tomcat,2023-08-25,"[Bug 67065] New: Using ""::1"" to bind to all local addresses (IPV4 and IPV6)",1,pending,,
topic-854154b2d4ed6de7,tomcat,2023-08-25,[ANN] Apache Tomcat 10.1.13 available,1,pending,,
topic-94be676eb68c11b2,tomcat,2023-08-25,[VOTE][RESULT] Release Apache Tomcat 9.0.80,1,pending,,
topic-9963f899ed362cc1,tomcat,2023-08-25,"[Bug 67065] Using ""::1"" to bind to all local addresses (IPV4 and IPV6)",6,pending,,
topic-be7ed338b30ff322,tomcat,2023-08-25,[ANN] Apache Tomcat 8.5.93 available,1,pending,,
topic-d6d42e4c801bf3bf,tomcat,2023-08-25,[ANN] Apache Tomcat 9.0.80 available,1,pending,,
topic-d70b995e44b29b80,tomcat,2023-08-25,[VOTE][RESULT] Release Apache Tomcat 11.0.0-M11,1,pending,,
topic-dbdc9d21a13c0417,tomcat,2023-08-25,[VOTE][RESULT] Release Apache Tomcat 10.1.13,1,pending,,
topic-dd3d40fd79b1501d,tomcat,2023-08-25,[VOTE][RESULT] Release Apache Tomcat 8.5.93,1,pending,,
topic-e229519d3079f7a6,tomcat,2023-08-25,"[Bug 67061] SSLVerifyClient=""optionalNoCA"" still not doing what it should",4,pending,,
topic-e9c38fe8ab7ef70d,tomcat,2023-08-25,[SECURITY] CVE-2023-41080 Apache Tomcat - open redirect,1,pending,,
topic-33492f7bbeb313ba,tomcat,2023-08-27,Bug report for Tomcat Connectors [2023/08/27],1,pending,,
topic-50bf8442b5bf0b5f,tomcat,2023-08-27,Bug report for Taglibs [2023/08/27],1,pending,,
topic-9eec159be1b94ede,tomcat,2023-08-27,Bug report for Tomcat 8 [2023/08/27],1,pending,,
topic-a14897a8819ca60a,tomcat,2023-08-27,Bug report for Tomcat 10 [2023/08/27],1,pending,,
topic-a84187abf6db0e67,tomcat,2023-08-27,Bug report for Tomcat 9 [2023/08/27],1,pending,,
topic-b15097ae9c613791,tomcat,2023-08-27,Bug report for Tomcat Native [2023/08/27],1,pending,,
topic-b800fb32864ef858,tomcat,2023-08-27,Bug report for Tomcat Modules [2023/08/27],1,pending,,
topic-4bb038d662c7db4a,tomcat,2023-08-29,[Bug 67080] New: ImplicitObjectELResolverImpl.getValue() is slow,1,pending,,
topic-5cf95aa374e544d6,tomcat,2023-08-29,[Bug 67080] ImplicitObjectELResolverImpl.getValue() is slow,22,pending,,
topic-99517c4fdeae0a06,tomcat,2023-09-01,[Bug 64353] Add support for accessing server certificate from TLS context,1,pending,,
topic-31d96c6182a0020a,tomcat,2023-09-03,Bug report for Taglibs [2023/09/03],1,pending,,
topic-390ff0f3a52c7e1e,tomcat,2023-09-03,Bug report for Tomcat 10 [2023/09/03],1,pending,,
topic-5266e2c8f5d7dcdf,tomcat,2023-09-03,Bug report for Tomcat Modules [2023/09/03],1,pending,,
topic-8594ba8a79001c14,tomcat,2023-09-03,Bug report for Tomcat 9 [2023/09/03],1,pending,,
topic-87f5e06829a5aae2,tomcat,2023-09-03,Bug report for Tomcat Native [2023/09/03],1,pending,,
topic-b97f2dde83bb5e54,tomcat,2023-09-03,Bug report for Tomcat Connectors [2023/09/03],1,pending,,
topic-c6cdf01640879968,tomcat,2023-09-03,Bug report for Tomcat 8 [2023/09/03],1,pending,,
topic-2f18147bd2d9d4fb,tomcat,2023-09-04,[Bug 67198] AuthType not set if tomcatAuthentication is set to true or left empty,2,pending,,
topic-689478b5df29180b,tomcat,2023-09-04,[tomcat] branch main updated: Avoid deprecated OpenSSL APIs,1,pending,,
topic-7c06773ff7b34c12,tomcat,2023-09-04,[Bug 67198] New: AuthType not set if tomcatAuthentication is set to true or left empty,1,pending,,
topic-088b529c15b6c0c6,tomcat,2023-09-05,"[GitHub] [tomcat] iamjooon2 opened a new pull request, #652: Deleted needless brackets",5,pending,,
topic-387992634b7d8940,tomcat,2023-09-05,[Bug 63690] [HTTP/2] The socket [*] associated with this connection has been closed.,3,pending,,
topic-6d3fe761a3a1e79f,tomcat,2023-09-05,Syntax mod_jk changelog,4,pending,,
topic-81090a74b066b9e7,tomcat,2023-09-05,Buildbot retry in  on tomcat-9.0.x,1,pending,,
topic-a171acf3896f8b3f,tomcat,2023-09-05,[tomcat] branch main updated: Refactor Request::getSession() to invoke Request::getSession(false) internally. (#648),1,pending,,
topic-2d90b483626b9f76,tomcat,2023-09-06,[Bug 67235] New: NPE (NullPointerException) occurs in AsyncContextImpl.decrementInProgressAsyncCount after version 10.1.12.,1,pending,,
topic-65f48339d207c5a9,tomcat,2023-09-06,Tagging mod_jk,4,pending,,
topic-82b586f106d1f6fb,tomcat,2023-09-06,[tomcat-connectors] tag JK_1_2_49 created (now 3ad622409),4,pending,,
topic-a475d96ae9d5cf0d,tomcat,2023-09-06,[VOTE] Release Apache Tomcat Connectors (JK) 1.2.49,5,pending,,
topic-e2c6e5b700056463,tomcat,2023-09-06,[Bug 67235] NPE (NullPointerException) occurs in AsyncContextImpl.decrementInProgressAsyncCount after version 10.1.12.,9,pending,,
topic-fb66e68c8b27e769,tomcat,2023-09-07,[Bug 67293] New: WsRemoteEndpointImplBase throws IllegalStateException: WebSocket session has been closed,1,pending,,
topic-056fa153e175a5bb,tomcat,2023-09-08,Potential performance improvement,6,pending,,
topic-23cde1470e66810d,tomcat,2023-09-08,[Bug 67300] Suspected HTTP request smuggling vulnerability,1,pending,,
topic-43066c281fea0298,tomcat,2023-09-08,[Bug 67300] HTTP pipelining mistaken for request smuggling,1,pending,,
topic-9a8e0654219a8db4,tomcat,2023-09-08,[Bug 67300] New: Suspected HTTP request smuggling vulnerability,1,pending,,
topic-bab6ec4d57bc2757,tomcat,2023-09-08,[Bug 64570] Transaction not rollbacked if autocommit is false,3,pending,,
topic-f23bee1eceb4ead9,tomcat,2023-09-08,[tomcat] branch main updated: Avoid three possible NPEs,2,pending,,
topic-a355533a2dccb29b,tomcat,2023-09-09,[Bug 62814] Use readable names for cluster channel/map options in documentation AND sample configurations,6,pending,,
topic-0ad3163bab9d56d9,tomcat,2023-09-10,Bug report for Tomcat Connectors [2023/09/10],1,pending,,
topic-0b5121daab41236d,tomcat,2023-09-10,Bug report for Tomcat Modules [2023/09/10],1,pending,,
topic-6ee97743eaf203b2,tomcat,2023-09-10,Bug report for Tomcat 10 [2023/09/10],1,pending,,
topic-add9e5a49a485df3,tomcat,2023-09-10,[GitHub] [tomcat] rmaucher commented on pull request #669: Relocate the useCompression check and apply parts back to back,2,pending,,
topic-b2c220527366326a,tomcat,2023-09-10,Bug report for Tomcat 8 [2023/09/10],1,pending,,
topic-bb1837998ec6592e,tomcat,2023-09-10,Bug report for Taglibs [2023/09/10],1,pending,,
topic-ccac6b7f37153270,tomcat,2023-09-10,Bug report for Tomcat Native [2023/09/10],1,pending,,
topic-d83c5549b0b32963,tomcat,2023-09-10,Bug report for Tomcat 9 [2023/09/10],1,pending,,
topic-a6f91b0f2a539cbe,tomcat,2023-09-11,[VOTE][RESULT] Release Apache Tomcat Connectors (JK) 1.2.49,1,pending,,
topic-a9599a303adfc151,tomcat,2023-09-11,svn commit: r1912238 - in /tomcat/site/trunk: docs/migration-10.1.html xdocs/migration-10.1.xml,1,pending,,
topic-f6e33b6500a2526c,tomcat,2023-09-12,[ANN] Apache Tomcat Connectors 1.2.49 released,1,pending,,
topic-11bdd049b13516cf,tomcat,2023-09-13,[Bug 67376] New: isapi Redirector fails to connect tomcat 9.0.78,1,pending,,
topic-11e5d58594081806,tomcat,2023-09-13,[SECURITY] CVE-2023-41081 Apache Tomcat Connectors (mod_jk) Information Disclosure,1,pending,,
topic-4871a6aa0a1c96cf,tomcat,2023-09-13,[Bug 67370] New: isapi Redirector fails to connect tomcat 9.0.78,1,pending,,
topic-5c2a6bac1c138204,tomcat,2023-09-13,[Bug 67376] isapi Redirector fails to connect tomcat 9.0.78,1,pending,,
topic-972425a8e6aa8ebe,tomcat,2023-09-13,[tomcat] 02/03: Experimenting with Semgrep,4,pending,,
topic-adf58a10382bc43e,tomcat,2023-09-13,[Bug 67370] isapi Redirector fails to connect tomcat 9.0.78,2,pending,,
topic-455caf46ad1bc8fe,tomcat,2023-09-15,Tomcat's fork of Commons File Upload,6,pending,,
topic-1976d40bc1e2a6de,tomcat,2023-09-17,Bug report for Tomcat 9 [2023/09/17],1,pending,,
topic-40c348f0c2bfdf07,tomcat,2023-09-17,Bug report for Tomcat Connectors [2023/09/17],1,pending,,
topic-6ba6af4fe013f7dc,tomcat,2023-09-17,Bug report for Tomcat 10 [2023/09/17],1,pending,,
topic-81d3aa165c1fd90b,tomcat,2023-09-17,Bug report for Taglibs [2023/09/17],1,pending,,
topic-891a4d58b8cab56b,tomcat,2023-09-17,Bug report for Tomcat Modules [2023/09/17],1,pending,,
topic-baa96a43f310c0ca,tomcat,2023-09-17,Bug report for Tomcat Native [2023/09/17],1,pending,,
topic-f7a62645a923746b,tomcat,2023-09-17,Bug report for Tomcat 8 [2023/09/17],1,pending,,
topic-59750026283ad340,tomcat,2023-09-19,[Bug 67472] New: CorsFilter erroneously adds CORS headers in responses to Non-CORS requests,1,pending,,
topic-855f50ab5131d2b7,tomcat,2023-09-19,[tomcat] branch main updated: Avoid needless exception wrapping,2,pending,,
topic-c367f2e448716468,tomcat,2023-09-19,[tomcat] branch main updated: Tighten up readNotify and writeNotify,3,pending,,
topic-c168c83b8e504779,tomcat,2023-09-20,[Bug 67472] CorsFilter erroneously adds CORS headers in responses to Non-CORS requests,8,pending,,
topic-53be0a31032e9d1a,tomcat,2023-09-21,[tomcat] branch main updated: Avoid unlikely NPEs and add localization,1,pending,,
topic-7a757fb920abbb43,tomcat,2023-09-22,[tomcat] branch main updated: Move to correct section,2,pending,,
topic-4ba07ed015cc8530,tomcat,2023-09-23,[Bug 67293] WsRemoteEndpointImplBase throws IllegalStateException: WebSocket session has been closed,2,pending,,
topic-1eeaa97efeb2c4ad,tomcat,2023-09-24,Bug report for Taglibs [2023/09/24],1,pending,,
topic-2983af8c698da872,tomcat,2023-09-24,Bug report for Tomcat 9 [2023/09/24],1,pending,,
topic-44b2426e7066b2ae,tomcat,2023-09-24,Bug report for Tomcat Modules [2023/09/24],1,pending,,
topic-63de5b597460418d,tomcat,2023-09-24,Bug report for Tomcat 10 [2023/09/24],1,pending,,
topic-8265be68ba5cae9d,tomcat,2023-09-24,Bug report for Tomcat Connectors [2023/09/24],1,pending,,
topic-cf895a94f4cd9ead,tomcat,2023-09-24,Bug report for Tomcat Native [2023/09/24],1,pending,,
topic-e9d1b0d305a1ecad,tomcat,2023-09-24,Bug report for Tomcat 8 [2023/09/24],1,pending,,
topic-17774e4240873162,tomcat,2023-09-26,"certificateVerification=""optionalNoCA"" and OCSP validation.",2,pending,,
topic-4ca85da737baa438,tomcat,2023-09-26,Tomcat Native releases,2,pending,,
topic-8ba6bd6e5b11f7bf,tomcat,2023-09-26,[Bug 67518] openssl-msvcrt-1.1.1.patch does not cleanly apply to 1.1.1w,10,pending,,
topic-c23efd1df1abe397,tomcat,2023-09-26,[Bug 67518] New: openssl-msvcrt-1.1.1.patch does not cleanly apply to 1.1.1w,1,pending,,
topic-1b243b5dbdeaac8c,tomcat,2023-09-27,[tomcat] branch main updated: Refactor to remove syncs for upgraded connections statistics,2,pending,,
topic-8106bf96a8869def,tomcat,2023-09-27,[VOTE] Release Apache Tomcat Native 2.0.6,5,pending,,
topic-83ebe20bbf6e10bd,tomcat,2023-09-27,[Bug 66670] Add SSLHostConfig#certificateKeyPasswordFile and SSLHostConfig#certificateKeystorePasswordFile,7,pending,,
topic-3f370f15c820df37,tomcat,2023-09-28,[VOTE] Release Apache Tomcat Native 1.2.39,5,pending,,
topic-58df2b8e44ac30f6,tomcat,2023-09-28,[SECURITY] [CORRECTION] CVE-2023-41081 Apache Tomcat Connectors (mod_jk) Authentication Bypass,2,pending,,
topic-5a59d4e39f7e958f,tomcat,2023-09-28,[Bug 67538] New: Make use of Ant's <javaversion /> task to enfore the mininum Java build version,1,pending,,
topic-80c6c9665d1f980b,tomcat,2023-09-28,[Bug 67538] Make use of Ant's <javaversion /> task to enfore the mininum Java build version,7,pending,,
topic-1e41b0f396d4f1d0,tomcat,2023-09-29,[tomcat] branch main updated: Check GPG viability without actually creating a file.,4,pending,,
topic-883b6d1600d52132,tomcat,2023-09-29,[tomcat] branch main updated: Perform a simple gpg test at the beginning of the build to ensure that GPG will work later.,5,pending,,
topic-3e5b8457302d0524,tomcat,2023-10-01,Bug report for Tomcat Modules [2023/10/01],1,pending,,
topic-49d3e2e9b533feda,tomcat,2023-10-01,Bug report for Tomcat 9 [2023/10/01],1,pending,,
topic-7dff87bd52a9808b,tomcat,2023-10-01,Bug report for Tomcat 8 [2023/10/01],1,pending,,
topic-7f8453ba9ba4e910,tomcat,2023-10-01,Bug report for Tomcat Connectors [2023/10/01],1,pending,,
topic-a71216ff850c51fc,tomcat,2023-10-01,Bug report for Taglibs [2023/10/01],1,pending,,
topic-abefbf9588bfea88,tomcat,2023-10-01,Bug report for Tomcat 10 [2023/10/01],1,pending,,
topic-c1a249daa2b73bf0,tomcat,2023-10-01,Bug report for Tomcat Native [2023/10/01],1,pending,,
topic-5ecc4f10aac7303c,tomcat,2023-10-02,[Bug 67572] Failed to load JVM DLL,3,pending,,
topic-7d03a480053376c5,tomcat,2023-10-02,[Bug 67572] New: Failed to load JVM DLL,1,pending,,
topic-91360170394f6e42,tomcat,2023-10-02,[VOTE][RESULT] Release Apache Tomcat Native 2.0.6,1,pending,,
topic-a36f9c68bb448367,tomcat,2023-10-02,[ANN] Apache Tomcat Native 2.0.6 released,1,pending,,
topic-05ccfcc06e1d9fa5,tomcat,2023-10-03,Tomcat training noise,3,pending,,
topic-138994a6e0000ef2,tomcat,2023-10-03,[PR] Bump mustache from 2.3.0 to 4.2.0 [tomcat-training],1,pending,,
topic-1bc5fd8c3abcf96d,tomcat,2023-10-03,[PR] Bump express from 4.16.3 to 4.17.3 [tomcat-training],2,pending,,
topic-1beb6bae0f58c41d,tomcat,2023-10-03,[PR] Bump json-schema from 0.2.3 to 0.4.0 [tomcat-training],2,pending,,
topic-1fbe517b5e9a9453,tomcat,2023-10-03,[PR] Bump tough-cookie and node-sass [tomcat-training],2,pending,,
topic-3717fdf198543081,tomcat,2023-10-03,[PR] Bump grunt-contrib-qunit from 3.1.0 to 8.0.1 [tomcat-training],1,pending,,
topic-3ee256712457736b,tomcat,2023-10-03,[Bug 67582] How to increase website SEO rank on google.,1,pending,,
topic-448debf7c6373b64,tomcat,2023-10-03,[PR] Bump ini from 1.3.5 to 1.3.8 [tomcat-training],2,pending,,
topic-49cbd1d4b75a1a07,tomcat,2023-10-03,[PR] Bump grunt from 1.0.2 to 1.5.3 [tomcat-training],2,pending,,
topic-5861dbaffbf17bdd,tomcat,2023-10-03,[PR] Bump node-sass from 4.13.0 to 9.0.0 [tomcat-training],2,pending,,
topic-5bc52a5cbc9b14bd,tomcat,2023-10-03,[PR] Bump lodash from 3.7.0 to 4.17.21 [tomcat-training],2,pending,,
topic-5c1624c5f340a881,tomcat,2023-10-03,[VOTE][RESULT] Release Apache Tomcat Native 1.2.39,1,pending,,
topic-649ef416ae183088,tomcat,2023-10-03,[ANN] Apache Tomcat Native 1.2.39 released,1,pending,,
topic-6dba8cd4f4cb4256,tomcat,2023-10-03,[PR] Bump socket.io-parser from 2.3.1 to 3.3.3 [tomcat-training],3,pending,,
topic-72d37e36f065ce65,tomcat,2023-10-03,[PR] Bump socket.io from 2.3.0 to 4.7.2 [tomcat-training],2,pending,,
topic-740b0ebcc6db386a,tomcat,2023-10-03,[Bug 67591] erreur tomcat web interface (Manager web applications),6,pending,,
topic-7679286e645ea228,tomcat,2023-10-03,[PR] Bump grunt-contrib-uglify from 3.4.0 to 5.2.2 [tomcat-training],2,pending,,
topic-7cd0cbf7350973fa,tomcat,2023-10-03,[PR] Bump grunt-contrib-jshint from 2.1.0 to 3.2.0 [tomcat-training],1,pending,,
topic-926fe75e80eec104,tomcat,2023-10-03,[PR] Bump grunt-zip from 0.17.1 to 0.20.0 [tomcat-training],2,pending,,
topic-9c16fd46cc7f3369,tomcat,2023-10-03,[PR] Bump load-grunt-tasks from 4.0.0 to 5.1.0 [tomcat-training],1,pending,,
topic-9cdb61c092252ee1,tomcat,2023-10-03,[PR] Bump async from 1.5.2 to 2.6.4 [tomcat-training],3,pending,,
topic-a09be3ee61e12144,tomcat,2023-10-03,[PR] Bump extend from 3.0.1 to 3.0.2 [tomcat-training],1,pending,,
topic-a5f93db14e961a87,tomcat,2023-10-03,[PR] Bump engine.io from 1.8.5 to 3.6.1 [tomcat-training],3,pending,,
topic-b1c9363727875b1b,tomcat,2023-10-03,[Bug 67582] New: Prestige Park Ridge Bangalore,1,pending,,
topic-b8c7dfcea4356e40,tomcat,2023-10-03,[Bug 67591] New: erreur tomcat web interface (Manager web applications),1,pending,,
topic-bcef259bd6ab23d6,tomcat,2023-10-03,[PR] Bump ms from 0.7.1 to 2.0.0 [tomcat-training],2,pending,,
topic-c1079dd4afef035b,tomcat,2023-10-03,[PR] Bump debug from 2.2.0 to 2.6.9 [tomcat-training],2,pending,,
topic-c633530091d7f046,tomcat,2023-10-03,[PR] Bump express from 4.16.3 to 4.18.2 [tomcat-training],2,pending,,
topic-d26066fd13f2de17,tomcat,2023-10-03,[PR] Bump qs [tomcat-training],3,pending,,
topic-dab27491f5ac7fd5,tomcat,2023-10-03,[PR] Bump minimist from 0.0.8 to 1.2.8 [tomcat-training],2,pending,,
topic-dc34ad1059ec56ab,tomcat,2023-10-03,[Bug 67582] Prestige Park Ridge Bangalore,1,pending,,
topic-ddd3e3849145816c,tomcat,2023-10-03,[PR] Bump grunt-contrib-connect from 2.1.0 to 4.0.0 [tomcat-training],2,pending,,
topic-e215f50d8ce4f087,tomcat,2023-10-03,[PR] Bump grunt-cli from 1.3.2 to 1.4.3 [tomcat-training],1,pending,,
topic-e873bf7c25a6163c,tomcat,2023-10-03,[Bug 67582] How to increase website  SEO rank on google.,2,pending,,
topic-eda4a306fe64cd44,tomcat,2023-10-03,[PR] Bump decode-uri-component from 0.2.0 to 0.2.2 [tomcat-training],2,pending,,
topic-f56ac7343844d899,tomcat,2023-10-03,[PR] Bump grunt from 1.0.2 to 1.6.1 [tomcat-training],2,pending,,
topic-00258b0a409d8b17,tomcat,2023-10-04,[Bug 67606] Malformed JSP compilation,7,pending,,
topic-a39df8a653703646,tomcat,2023-10-04,[Bug 67606] New: Malformed JSP compilation,1,pending,,
topic-029b2c577d4c748b,tomcat,2023-10-05,[Bug 67611] BUILDING.txt contains broken link,3,pending,,
topic-0c088f49d0bd7019,tomcat,2023-10-05,build failure for 10.1.x,5,pending,,
topic-2b25d98ee6d980f2,tomcat,2023-10-05,[Bug 67615] New: Windows binary for version 2 has incorrect version suffix compared to the GNU autoconf version,1,pending,,
topic-6dfde7c5ba94c0fc,tomcat,2023-10-05,[Bug 67616] org/apache/tomcat/jni/SSL.java contains useless check for old OpenSSL version,1,pending,,
topic-871c2c0395db1596,tomcat,2023-10-05,[Bug 67616] New: org/apache/tomcat/jni/SSL.java contains useless check for old OpenSSL version,1,pending,,
topic-a6a584525216a7ca,tomcat,2023-10-05,[Bug 67611] New: BUILDING.txt contains broken link,1,pending,,
topic-bbdd96a6ab3fd51c,tomcat,2023-10-05,[Bug 67609] Incomplete OpenSSL error handling/reporting,8,pending,,
topic-bceb47734e425553,tomcat,2023-10-05,[Bug 67609] New: Incomplete OpenSSL error handling/reporting,1,pending,,
topic-bd33c0e44c815966,tomcat,2023-10-05,[Bug 67615] Windows binary for version 2 has incorrect version suffix compared to the GNU autoconf version,2,pending,,
topic-0f76675cc514b20a,tomcat,2023-10-06,[Bug 67628] OpenSSLCipherConfigurationParser#parse() produces misleading false positive cipher warnings,15,pending,,
topic-3280efdd0de08571,tomcat,2023-10-06,"[Bug 67626] New: multipart request parts require Content-Disposition: form-data, even when another multipart-subtype is used",1,pending,,
topic-4c1a44338a509813,tomcat,2023-10-06,"[Bug 67626] multipart request parts require Content-Disposition: form-data, even when another multipart-subtype is used",9,pending,,
topic-85ea53caecd1f771,tomcat,2023-10-06,[tomcat] branch main updated: Update future code,4,pending,,
topic-ec69676569e9135d,tomcat,2023-10-06,[Bug 67628] New: OpenSSLCipherConfigurationParser#parse() produces misleading false positive cipher warnings,1,pending,,
topic-158af94a845af9fd,tomcat,2023-10-08,Bug report for Tomcat 8 [2023/10/08],1,pending,,
topic-2b30be53765cba7e,tomcat,2023-10-08,Bug report for Tomcat Connectors [2023/10/08],1,pending,,
topic-5a9b0c6d163609d2,tomcat,2023-10-08,Bug report for Tomcat 9 [2023/10/08],1,pending,,
topic-6f6af6620e01660b,tomcat,2023-10-08,Bug report for Tomcat Native [2023/10/08],1,pending,,
topic-d5af676d5e807c8e,tomcat,2023-10-08,Bug report for Tomcat Modules [2023/10/08],1,pending,,
topic-deae19adc9b2957a,tomcat,2023-10-08,Bug report for Taglibs [2023/10/08],1,pending,,
topic-ebb52aea254babda,tomcat,2023-10-08,Bug report for Tomcat 10 [2023/10/08],1,pending,,
topic-3dfe79589d89ac3b,tomcat,2023-10-09,[VOTE] Release Apache Tomcat 8.5.94 [CORRECTION],11,pending,,
topic-9109a40cab3188f2,tomcat,2023-10-09,[VOTE] Release Apache Tomcat 11.0.0-M12,7,pending,,
topic-9bfa3f6f01f1f60c,tomcat,2023-10-09,[VOTE] Release Apache Tomcat 10.1.14,8,pending,,
topic-b141981afc5d2d23,tomcat,2023-10-09,[VOTE] Release Apache Tomcat 9.0.81,6,pending,,
topic-c69c8a607a157484,tomcat,2023-10-09,Alternative TLS 1.3 cipher suite names,2,pending,,
topic-d718502ed0c0fbc3,tomcat,2023-10-09,[VOTE] Release Apache Tomcat 8.5.94,2,pending,,
topic-f285725a7289980d,tomcat,2023-10-09,"[tomcat] branch main updated: Add experimental FilterValve, which allows a Filter to be run within the Valve chain.",1,pending,,
topic-0bdbf4f1f9d38e40,tomcat,2023-10-10,[SECURITY] CVE-2023-45648 Apache Tomcat - Request Smuggling,1,pending,,
topic-0f759e43471ce2d6,tomcat,2023-10-10,[Bug 67664] IllegalArgumentException in ConnectionPool.getProxyConstructor,6,pending,,
topic-10529e5a9f77fa32,tomcat,2023-10-10,[SECURITY] CVE-2023-42794 Apache Tomcat - denial of service,1,pending,,
topic-3007381878bda5b2,tomcat,2023-10-10,[VOTE][RESULT] Release Apache Tomcat 11.0.0-M12,1,pending,,
topic-38918ff33b1ded8a,tomcat,2023-10-10,[Bug 67666] TLSCertificateReloadListener does not detect all certificates to reload,5,pending,,
topic-3dbe9bc39996c954,tomcat,2023-10-10,[VOTE][RESULT] Release Apache Tomcat 10.1.14,1,pending,,
topic-3dc5ff2dc0c1e4df,tomcat,2023-10-10,[ANN] Apache Tomcat 8.5.94 available,1,pending,,
topic-3f2d63b59212a734,tomcat,2023-10-10,[ANN] Apache Tomcat 11.0.0-M12 (alpha) available,1,pending,,
topic-4cef97b4a487aa03,tomcat,2023-10-10,[Bug 67667] TLSCertificateReloadListener prints unreadable rendering for X509Certificate#getNotAfter(),1,pending,,
topic-62f03fc300ddfd0e,tomcat,2023-10-10,[Bug 67670] 20 seconds to download some JS files with 9.0.81,12,pending,,
topic-749f66eb748d6694,tomcat,2023-10-10,[Bug 67664] New: IllegalArgumentException in ConnectionPool.getProxyConstructor,1,pending,,
topic-8a29bfbcff404afb,tomcat,2023-10-10,[ANN] Apache Tomcat 9.0.81 available,1,pending,,
topic-9495f8d6fe4079a6,tomcat,2023-10-10,[Bug 67666] New: TLSCertificateReloadListener does not detect all certificates to reload,1,pending,,
topic-9da363f7f4ad020f,tomcat,2023-10-10,org.apache.tomcat.jdbc.pool.ConnectionPool interface?,5,pending,,
topic-a8f48ac0cc584b9b,tomcat,2023-10-10,[Bug 67670] New: 20 seconds to download some JS files with 9.0.81,1,pending,,
topic-bc490007b4e30df5,tomcat,2023-10-10,[SECURITY] CVE-2023-44487 Apache Tomcat - HTTP/2 DoS,1,pending,,
topic-c4722e5079fc123f,tomcat,2023-10-10,[VOTE][RESULT] Release Apache Tomcat 8.5.94,1,pending,,
topic-c7b5e02a32af6ea0,tomcat,2023-10-10,[SECURITY] CVE-2023-42795 Apache Tomcat - information disclosure,1,pending,,
topic-c95d2f6530b1bc61,tomcat,2023-10-10,[Bug 67667] TLSCertificateReloadListener prints unreadable rendering of X509Certificate#getNotAfter(),2,pending,,
topic-c9f743115db4ee89,tomcat,2023-10-10,[Bug 67667] New: TLSCertificateReloadListener prints unreadable rendering for X509Certificate#getNotAfter(),1,pending,,
topic-cf64ecd1aa312e16,tomcat,2023-10-10,[VOTE][RESULT] Release Apache Tomcat 9.0.81,1,pending,,
topic-d456aebdde670aac,tomcat,2023-10-10,[ANN] Apache Tomcat 10.1.14 available,1,pending,,
topic-e869be19f7ea8e8d,tomcat,2023-10-10,[PR] Fix NioChannel's toString() throwing NullPointerException in some cases [tomcat],17,pending,,
topic-25f4014b561b3b46,tomcat,2023-10-11,Re-tagging,5,pending,,
topic-3ef997f9a618dbed,tomcat,2023-10-11,[Bug 67678] New: Content-Encoding: gzip with Content-Length header present,1,pending,,
topic-6386229f06d65dbe,tomcat,2023-10-11,"[Bug 67685] New: Connector Compression adds unwanted ""Content-Length"" header with size of uncompressed response",1,pending,,
topic-66a2aeed02984667,tomcat,2023-10-11,[VOTE] Release Apache Tomcat 11.0.0-M13,7,pending,,
topic-8cdbd54757777780,tomcat,2023-10-11,[Bug 67675] Tomcat or Java do not read encrypted private keys with DES-EDE3-CBC by openssl-req(1),1,pending,,
topic-8f843e42824d6a55,tomcat,2023-10-11,[Bug 67678] Content-Encoding: gzip with Content-Length header present,2,pending,,
topic-9c3559c67a217b7c,tomcat,2023-10-11,[Bug 67683] New: C source code is compatible with OpenSSL 1.0.2,1,pending,,
topic-cbf61ce3ad886d09,tomcat,2023-10-11,[Bug 67675] New: Tomcat or Java do not read encrypted private keys with DES-EDE3-CBC by openssl-req(1),1,pending,,
topic-d0afd48cdbcacdd3,tomcat,2023-10-11,[Bug 67675] Tomcat and/or Java do not read encrypted private keys with DES-EDE3-CBC generated by openssl-req(1),32,pending,,
topic-e9d74c7b69a52ae1,tomcat,2023-10-11,[VOTE] Release Apache Tomcat 9.0.82,12,pending,,
topic-eb4bbf395f53d2b6,tomcat,2023-10-11,[Bug 67616] o.a.tomcat.jni.SSL contains useless check for old OpenSSL version,2,pending,,
topic-f74966890ebbe52f,tomcat,2023-10-11,"[Bug 67685] Connector Compression adds unwanted ""Content-Length"" header with size of uncompressed response",1,pending,,
topic-4916305e269d731d,tomcat,2023-10-12,[VOTE] Release Apache Tomcat 8.5.95,1,pending,,
topic-5f10982f0ba03069,tomcat,2023-10-12,[VOTE] Release Apache Tomcat 8.5.95 [CORRECTED],7,pending,,
topic-752510aa3d115865,tomcat,2023-10-12,[Bug 67697] Unable to use tomcat-jdbc 10.1.14,1,pending,,
topic-9b93e2b7db242054,tomcat,2023-10-12,[Bug 67697] New: Unable to use tomcat-jdbc 10.1.14,1,pending,,
topic-e4d40b828108ce23,tomcat,2023-10-12,[tomcat] branch main updated: BZ 67667: TLSCertificateReloadListener prints unreadable rendering of X509Certificate#getNotAfter(),3,pending,,
topic-fdb68f2c4f5a22e0,tomcat,2023-10-12,[VOTE] Release Apache Tomcat 10.1.15,6,pending,,
topic-fe4d22fecc7b14af,tomcat,2023-10-12,Which release artifact should we expect to be reproducible?,14,pending,,
topic-014d919f1ea138cf,tomcat,2023-10-13,[Bug 67731] New: Remove win-ipv6.patch,1,pending,,
topic-1ee05d83b1ba51f7,tomcat,2023-10-13,[ANN] Apache Tomcat 9.0.82 available,1,pending,,
topic-3a13bd517be611dc,tomcat,2023-10-13,[VOTE][RESULT] Release Apache Tomcat 9.0.82,1,pending,,
topic-6ef31638d8f32473,tomcat,2023-10-13,[Bug 67722] Tomcat 10 Http11AprProtocol Protocol handler instantiation failed,5,pending,,
topic-b429551a6ce36a4e,tomcat,2023-10-13,[Bug 67732] New: APR Deprecation Note in 10.1 doc is missing,1,pending,,
topic-cfe33572e51b2b43,tomcat,2023-10-13,[Bug 67731] Remove win-ipv6.patch,2,pending,,
topic-daf01f67af20ffe6,tomcat,2023-10-13,[PR] BZ 66670: Add SSLHostConfig#certificateKeyPasswordFile and SSLHostConfig#certificateKeystorePasswordFile [tomcat],21,pending,,
topic-e9b0f208bf4ac1e5,tomcat,2023-10-13,[Bug 67732] APR Deprecation Note in 10.1 doc is missing,2,pending,,
topic-28d5fc6a9b6495a0,tomcat,2023-10-14,"[PR] Before closing the database connection, roll back the transaction [tomcat]",3,pending,,
topic-4edddb59a7a12450,tomcat,2023-10-14,[ANN] Apache Tomcat 11.0.0-M13 (alpha) available,1,pending,,
topic-57e1b6c8dc45bd3b,tomcat,2023-10-14,[VOTE][RESULT] Release Apache Tomcat 11.0.0-M13,1,pending,,
topic-2cf987101817f0d0,tomcat,2023-10-15,[Bug 67757] New: tomcat-jdbc 10.1.14 - org.apache.tomcat.jdbc.pool.PooledConnection is not an interface,1,pending,,
topic-340331f2e30ceaba,tomcat,2023-10-15,[Bug 67757] tomcat-jdbc 10.1.14 - org.apache.tomcat.jdbc.pool.PooledConnection is not an interface,1,pending,,
topic-3df6b2da00499f26,tomcat,2023-10-15,Bug report for Tomcat Native [2023/10/15],1,pending,,
topic-437b7d06abdc0cc5,tomcat,2023-10-15,Bug report for Tomcat Connectors [2023/10/15],1,pending,,
topic-58f1b9f003d1946f,tomcat,2023-10-15,Bug report for Taglibs [2023/10/15],1,pending,,
topic-6cd381643e7ee6b6,tomcat,2023-10-15,Bug report for Tomcat 8 [2023/10/15],1,pending,,
topic-9517aa54b148b328,tomcat,2023-10-15,Bug report for Tomcat 10 [2023/10/15],1,pending,,
topic-96f8dd70154be2b5,tomcat,2023-10-15,Bug report for Tomcat Modules [2023/10/15],1,pending,,
topic-c684f6514e03c19d,tomcat,2023-10-15,Bug report for Tomcat 9 [2023/10/15],1,pending,,
topic-2c0e65bad1ff4407,tomcat,2023-10-16,Invalid CVE on sonatype?,3,pending,,
topic-2f0c871738f1ca26,tomcat,2023-10-16,[VOTE][RELEASE] Release Apache Tomcat 8.5.95,1,pending,,
topic-36bfdf0e9181afa2,tomcat,2023-10-16,[VOTE][RESULT] Release Apache Tomcat 10.1.15,1,pending,,
topic-3958d4575461668b,tomcat,2023-10-16,[ANN] Apache Tomcat 10.1.15 available,1,pending,,
topic-fb4d2202122bc942,tomcat,2023-10-16,[ANN] Apache Tomcat 8.5.95 available,1,pending,,
topic-69b808d2bc894288,tomcat,2023-10-17,[Bug 67783] New: Fault when starting tomcat with a pkcs12 keystore that contains the TrustedKeyUsage OID,1,pending,,
topic-6e9497dbd82c2258,tomcat,2023-10-17,[PR] Reinstantiate an updated patch for OpenSSL 1.1.1 on Windows [tomcat-native],9,pending,,
topic-f0995cdb422670f4,tomcat,2023-10-17,[PR] BZ 66670: Add SSLHostConfig#certificateKeyPasswordFile and SSLHostCon… [tomcat-native],5,pending,,
topic-20acedd909657a9c,tomcat,2023-10-18,[tomcat] branch main updated: Add JSON stats to the status servlet,2,pending,,
topic-83f92104b0bc3efd,tomcat,2023-10-18,[Bug 67818] New: SSLContext#setVerify() silently sets undocumented default verify paths,1,pending,,
topic-bd95eefdedf1f46c,tomcat,2023-10-18,[Bug 67818] SSL#setVerify()/SSLContext#setVerify() silently set undocumented default verify paths,3,pending,,
topic-e20a93f767ef833d,tomcat,2023-10-18,[Bug 67793] New: FORM authenticator does not remember original max inactive interval in all use-cases,1,pending,,
topic-ea1871b76a7e9207,tomcat,2023-10-18,Buildbot cancelled in  on tomcat-8.5.x,2,pending,,
topic-efa5f537b88b1ae8,tomcat,2023-10-18,[Bug 67818] SSLContext#setVerify() silently sets undocumented default verify paths,1,pending,,
topic-2c1995386580d87c,tomcat,2023-10-19,"[tomcat] branch main updated: Use a better ""move"" method.",1,pending,,
topic-638b516184b0b8cf,tomcat,2023-10-19,[Bug 67793] FORM authenticator does not remember original max inactive interval in all use-cases,14,pending,,
topic-bad7f93d5cf520e2,tomcat,2023-10-19,[PR] BZ 67818: SSL#setVerify()/SSLContext#setVerify() silently set undocum… [tomcat-native],5,pending,,
topic-c8eeef923b503a9a,tomcat,2023-10-19,[tomcat] branch main updated: Add charset,3,pending,,
topic-0f2ca00dc354e817,tomcat,2023-10-20,[Bug 67849] New: MIME type mapping for JavaScript is text/javascript instead of application/javascript,1,pending,,
topic-23d359ce3d0dbeec,tomcat,2023-10-20,[Bug 67849] MIME type mapping for JavaScript is text/javascript instead of application/javascript,2,pending,,
topic-552b271bec8dcc11,tomcat,2023-10-20,Non preview FFM (formerly known as Panama) API,5,pending,,
topic-dee7f050e5508708,tomcat,2023-10-20,"JDK 21 Is Now GA, a New VS Code Extension, and an Annotation Processing Heads-up",2,pending,,
topic-fc087472dc8e5b68,tomcat,2023-10-20,[PR] Added option to use custom SSLContext [tomcat],14,pending,,
topic-06ffad7e5f2348ad,tomcat,2023-10-22,Bug report for Tomcat Connectors [2023/10/22],1,pending,,
topic-0cc11677d60b0a94,tomcat,2023-10-22,Bug report for Tomcat Native [2023/10/22],1,pending,,
topic-0d23c16218b77fb0,tomcat,2023-10-22,Bug report for Tomcat Modules [2023/10/22],1,pending,,
topic-214c159cfdeeb3ca,tomcat,2023-10-22,Bug report for Tomcat 10 [2023/10/22],1,pending,,
topic-5154fc22a49d6aaf,tomcat,2023-10-22,Bug report for Taglibs [2023/10/22],1,pending,,
topic-57be82c25a5408f2,tomcat,2023-10-22,Bug report for Tomcat 9 [2023/10/22],1,pending,,
topic-a7c6feb0f1782b55,tomcat,2023-10-22,Bug report for Tomcat 8 [2023/10/22],1,pending,,
topic-299e83d6c4036292,tomcat,2023-10-23,[tomcat] branch main updated: Add more complex password picker,1,pending,,
topic-39d5bd75a4861b6d,tomcat,2023-10-23,[PR] Fix bz67675 [tomcat],9,pending,,
topic-96a061620fae8a93,tomcat,2023-10-23,[Bug 64826] libtcnative prompts for private key password in some situations,2,pending,,
topic-2823c774e61fd693,tomcat,2023-10-24,[PR] Update ssh key [tomcat-maven-plugin],1,pending,,
topic-3e65c241791a8c08,tomcat,2023-10-25,[Bug 67927] TLSCertificateReloadListener triggers race condition (?) in OpenSSL code which causes the JVM to die,18,pending,,
topic-9811cdfe461994d7,tomcat,2023-10-25,[tomcat] branch main updated: Correct exception message.,2,pending,,
topic-abf43fbd580652c4,tomcat,2023-10-25,[Bug 67783] Fault when starting tomcat with a pkcs12 keystore that contains the TrustedKeyUsage OID,1,pending,,
topic-c46127a9b944d29d,tomcat,2023-10-25,[Bug 67926] PEMFile prints unidentifiable string representation of ASN.1 OIDs,8,pending,,
topic-f02d8261177b5ba3,tomcat,2023-10-25,[Bug 67927] New: TLSCertificateReloadListener triggers race condition (?) in OpenSSL code which causes the JVM to die,1,pending,,
topic-fff9320420bd9400,tomcat,2023-10-25,[Bug 67926] New: PEMFile prints unidentifiable string representation of ASN.1 OIDs,1,pending,,
topic-426dec7ccd58368e,tomcat,2023-10-26,[PR] Add support for CIDR notation in `RemoteIpFilter` [tomcat],8,pending,,
topic-b24ab0e7392a38bf,tomcat,2023-10-26,[Bug 67932] New: module-info re-export other libraries,1,pending,,
topic-238febc112b49260,tomcat,2023-10-27,[Bug 67938] New: Tomcat mishandles large client hello messages,1,pending,,
topic-5d0fff12fa14e2c8,tomcat,2023-10-27,[tomcat] branch main updated: Add support to EL for Records,2,pending,,
topic-6b781182dc72dbc1,tomcat,2023-10-27,(tomcat) branch main updated: Fix resolver count,3,pending,,
topic-6dba791f40623937,tomcat,2023-10-27,[Bug 67934] APR connectors will fail to load when tcnative-1 and tcnative-2 are installed in parallel,2,pending,,
topic-7c090800c2a43745,tomcat,2023-10-27,Tomcat 9.0.74 change causes not honoring session timeout configured in tomcat web.xml for FORM Authentication,2,pending,,
topic-8f1861f855f388a0,tomcat,2023-10-27,[Bug 67938] Tomcat mishandles large client hello messages,6,pending,,
topic-a89920fb7621798a,tomcat,2023-10-27,[Bug 67934] New: APR connectors will fail to load when tcnative-1 and tcnative-2 are installed in parallel,1,pending,,
topic-034f3383d2445afb,tomcat,2023-10-28,[Bug 68000] New: rtttt,3,pending,,
topic-037ca1a19dfa7bcb,tomcat,2023-10-28,[Bug 67949] New: aaa,1,pending,,
topic-052b4ad82c5ec961,tomcat,2023-10-28,[Bug 68003] New: ggdf,1,pending,,
topic-07423b96d3de566a,tomcat,2023-10-28,[Bug 67954] New: aaaaaaaaaaaaaa12,1,pending,,
topic-1694ca49551ea139,tomcat,2023-10-28,[Bug 67971] New: aaaaaaaaaaaaaa12,1,pending,,
topic-1fd09e00acca1ffa,tomcat,2023-10-28,[Bug 67983] New: saaa,1,pending,,
topic-20ef4e0c0fb19d3f,tomcat,2023-10-28,[Bug 67999] New: errrr,1,pending,,
topic-222cfe21e88a19f4,tomcat,2023-10-28,[Bug 67993] New: eeee,1,pending,,
topic-252cd06861113de2,tomcat,2023-10-28,[Bug 67975] New: yuy,1,pending,,
topic-27a78d6ffa11a350,tomcat,2023-10-28,[Bug 67965] New: a,1,pending,,
topic-2e73d06ce17bf140,tomcat,2023-10-28,[Bug 67981] New: aaa,1,pending,,
topic-2f8227bd8f294cf0,tomcat,2023-10-28,[Bug 67947] New: a,1,pending,,
topic-30772920c9fc4715,tomcat,2023-10-28,[Bug 67951] New: aaaaaaaaaaaaaa12,1,pending,,
topic-364b4de44ce98f41,tomcat,2023-10-28,[Bug 68004] New: ffgghh,1,pending,,
topic-3cde12aa85e7b623,tomcat,2023-10-28,[Bug 67984] New: azaa,1,pending,,
topic-3e0b3a740565547a,tomcat,2023-10-28,[Bug 67973] New: tttt,1,pending,,
topic-3e2bd1850a408b19,tomcat,2023-10-28,[Bug 67958] New: aaaa,1,pending,,
topic-428ef3cba3c5e4b6,tomcat,2023-10-28,[Bug 67957] New: hhhh,1,pending,,
topic-49725d6997b79407,tomcat,2023-10-28,[Bug 67991] New: rrrr,1,pending,,
topic-4a7bb3e7603a8eff,tomcat,2023-10-28,[Bug 67968] New: aaaaaaaaaaaaaa12,1,pending,,
topic-4c6dc23d98695f94,tomcat,2023-10-28,[Bug 67998] New: rrt,1,pending,,
topic-53007c8368ccd1d0,tomcat,2023-10-28,[Bug 67996] New: rtt,1,pending,,
topic-55a2809f204866b9,tomcat,2023-10-28,[Bug 67989] New: trttt,1,pending,,
topic-55ba65a78409bc1a,tomcat,2023-10-28,[Bug 67997] New: uuuu,1,pending,,
topic-59d360af4100782c,tomcat,2023-10-28,[Bug 68005] New: yyyrty,1,pending,,
topic-5ae3c3450c79fd95,tomcat,2023-10-28,[Bug 67969] New: a,1,pending,,
topic-5c925771df1cacdd,tomcat,2023-10-28,[Bug 67963] New: aaaaaaaaaaaaaa12,1,pending,,
topic-606113fcbe1ee82e,tomcat,2023-10-28,[Bug 67962] New: dsdsdsddsdt,1,pending,,
topic-6b4eccb4886d2f3b,tomcat,2023-10-28,[Bug 67994] New: eeee,1,pending,,
topic-72da783a9ff4b225,tomcat,2023-10-28,[Bug 67964] New: aaaaaaaaaaaaaa12,1,pending,,
topic-78944063d403a475,tomcat,2023-10-28,[Bug 67952] New: aaa,1,pending,,
topic-7a58f16c9afe0896,tomcat,2023-10-28,[Bug 67985] New: azaa,1,pending,,
topic-7d8af417644b6a35,tomcat,2023-10-28,[Bug 67953] New: aaaaaaaaaaaaaa12a,1,pending,,
topic-827db537eaa450b3,tomcat,2023-10-28,[Bug 67992] New: eee,1,pending,,
topic-9130361ab6b6771d,tomcat,2023-10-28,[Bug 67980] New: aaa,1,pending,,
topic-91c120fbaf344147,tomcat,2023-10-28,[Bug 67986] New: azaa,1,pending,,
topic-925810a342ea7429,tomcat,2023-10-28,[Bug 67990] New: tttr,1,pending,,
topic-92e024c0115392d0,tomcat,2023-10-28,[Bug 67978] New: fff,1,pending,,
topic-92f4b0d013bdf5ac,tomcat,2023-10-28,[Bug 67982] New: aaaa,1,pending,,
topic-95101ef8725a8ec0,tomcat,2023-10-28,[Bug 67995] New: ttyyy,1,pending,,
topic-98432c56eb1ac31e,tomcat,2023-10-28,[Bug 67955] New: dsdsdsddsdt,1,pending,,
topic-a06baa16a3ac96b3,tomcat,2023-10-28,[Bug 67970] New: aaaaaaaaaaaaaa12,1,pending,,
topic-aac9b19a5de83648,tomcat,2023-10-28,[Bug 67950] New: aaa,1,pending,,
topic-ab8819eb2c048b40,tomcat,2023-10-28,[Bug 67979] New: azaa,1,pending,,
topic-ae5751c71438ff2f,tomcat,2023-10-28,[Bug 67956] New: aaaa,1,pending,,
topic-b52fa28566a7629b,tomcat,2023-10-28,[Bug 67988] New: ttt,1,pending,,
topic-bf96f23e01dc2f73,tomcat,2023-10-28,[Bug 67977] New: gggf,1,pending,,
topic-c0776f99f47c6609,tomcat,2023-10-28,[Bug 67960] New: aza,1,pending,,
topic-c1f77043a6329ec2,tomcat,2023-10-28,[Bug 67967] New: aaaaaaaaaaaaaa12,1,pending,,
topic-c4a04ad68efdf3e7,tomcat,2023-10-28,[Bug 67987] New: azaa,1,pending,,
topic-d446c0dc0fa2953f,tomcat,2023-10-28,[Bug 67972] New: dsdsdsddsdt,1,pending,,
topic-d58c4d5f9845b1cf,tomcat,2023-10-28,[Bug 68001] New: rrrrr,1,pending,,
topic-d6fb4340e59dd5e6,tomcat,2023-10-28,[Bug 67974] New: dfff,1,pending,,
topic-dc35d2e1bf3b551f,tomcat,2023-10-28,[Bug 68002] New: rdrrt,1,pending,,
topic-dddff2ed8c946478,tomcat,2023-10-28,[Bug 67966] New: dsdsdsddsdt,1,pending,,
topic-e40b8217b5727be0,tomcat,2023-10-28,[Bug 67961] New: azzz,1,pending,,
topic-f31c026d440bede2,tomcat,2023-10-28,[Bug 67948] New: a,1,pending,,
topic-f4131716665b4655,tomcat,2023-10-28,[Bug 67959] New: aaaaaaaaaaaaaa12,1,pending,,
topic-ffd70b021aa0cb8a,tomcat,2023-10-28,[Bug 67976] New: fff,1,pending,,
topic-169b558387d02239,tomcat,2023-10-29,Bug report for Taglibs [2023/10/29],1,pending,,
topic-238e9956d9fc2fac,tomcat,2023-10-29,Bug report for Tomcat Modules [2023/10/29],1,pending,,
topic-6c1c13650fa8869e,tomcat,2023-10-29,Bug report for Tomcat 8 [2023/10/29],1,pending,,
topic-88e0181729a05f0f,tomcat,2023-10-29,Bug report for Tomcat Native [2023/10/29],1,pending,,
topic-8d94ca27cbe03382,tomcat,2023-10-29,Bug report for Tomcat Connectors [2023/10/29],1,pending,,
topic-e3472074db4d6454,tomcat,2023-10-29,Bug report for Tomcat 9 [2023/10/29],1,pending,,
topic-f01b241521bddeb3,tomcat,2023-10-29,Bug report for Tomcat 10 [2023/10/29],1,pending,,
topic-0a62d3c09ac7aaa8,tomcat,2023-10-30,[PR] BZ 67926: PEMFile prints unidentifiable string representation of ASN.1 OIDs [tomcat],14,pending,,
topic-262507b4cee0035e,tomcat,2023-10-30,(tomcat-native) branch main updated: BZ 67818: SSL#setVerify()/SSLContext#setVerify() silently set undocumented default verify paths,4,pending,,
topic-32b0ebca8c6efbef,tomcat,2023-10-30,[Bug 68026] org.apache.tomcat.buf.MessageBytes.toString() is no longuer cached,9,pending,,
topic-81a6cce9d96e845e,tomcat,2023-10-30,Call for Presentations now open: Community over Code EU 2024,2,pending,,
topic-dbecb7ce0a51484b,tomcat,2023-10-30,[Bug 68026] New: org.apache.tomcat.buf.MessageBytes.toString() is no longuer cached,1,pending,,
topic-745236d961655e86,tomcat,2023-10-31,[Bug 68035] New: Deploying a directory from Host appBase fails,1,pending,,
topic-c679f53e84901c56,tomcat,2023-10-31,[Bug 68037] New: Async Servlet implementation doesn't allow setting a response status,1,pending,,
topic-e413e60461b79e35,tomcat,2023-10-31,[Bug 68037] Async Servlet implementation doesn't allow setting a response status,8,pending,,
topic-1edb6baa1c62a00a,tomcat,2023-11-01,[PR] Fix explicit chunked encoding specification [tomcat],4,pending,,
topic-bfab61017111246f,tomcat,2023-11-01,(tomcat) branch main updated: Line length,1,pending,,
topic-e6561e976a8569e2,tomcat,2023-11-01,[Bug 67932] module-info re-export other libraries,1,pending,,
topic-0d47f073a17034da,tomcat,2023-11-02,[Bug 68054] DirResourcesSet: getCanonicalPath is very slow in windows,4,pending,,
topic-262ad7ac00805354,tomcat,2023-11-02,BND 7.0.0 requires Java 17,5,pending,,
topic-3c9848e901e55c1b,tomcat,2023-11-02,[Bug 68054] New: DirResourcesSet: getCanonicalPath is very slow in windows,1,pending,,
topic-4e17ea5fc49b3ecd,tomcat,2023-11-02,[Bug 68035] Deploying a directory from Host appBase fails,7,pending,,
topic-e67aba63e9a0af3f,tomcat,2023-11-02,(tomcat) branch main updated: Fix BZ 67929 - TLS config reload can trigger JVM crash,2,pending,,
topic-9ec270dda1b0705e,tomcat,2023-11-03,(tomcat) branch main updated: Update BND to 7.0.0,7,pending,,
topic-a482dfe8116d9766,tomcat,2023-11-03,[Bug 68068] New: Hotspot in Ast*Nodes: itable method calls,1,pending,,
topic-ada04f85fd1c5bf9,tomcat,2023-11-03,Concerning OpenSSL main (raised in BZ 67628),1,pending,,
topic-0b4be672505905aa,tomcat,2023-11-05,Bug report for Taglibs [2023/11/05],1,pending,,
topic-182ed31ba3be0dc4,tomcat,2023-11-05,Bug report for Tomcat Connectors [2023/11/05],1,pending,,
topic-32a8b7cae8e8dbeb,tomcat,2023-11-05,Bug report for Tomcat 9 [2023/11/05],1,pending,,
topic-3fac87b889a59950,tomcat,2023-11-05,Bug report for Tomcat Native [2023/11/05],1,pending,,
topic-4959a2f62cbab9aa,tomcat,2023-11-05,Bug report for Tomcat 8 [2023/11/05],1,pending,,
topic-69b67d6ce81f5761,tomcat,2023-11-05,Bug report for Tomcat Modules [2023/11/05],1,pending,,
topic-91f2aeefafcac69b,tomcat,2023-11-05,Bug report for Tomcat 10 [2023/11/05],1,pending,,
topic-674596c12b32a50d,tomcat,2023-11-06,[Bug 68068] Hotspot in Ast*Nodes: itable method calls,6,pending,,
topic-712c56dcb8325d23,tomcat,2023-11-06,[Bug 65111] Possible memory leak in AprEndpoint - socketBufferHandler is not cleared,1,pending,,
topic-86482b9f7fb50174,tomcat,2023-11-06,[Bug 68089] New: ApplicationHttpRequest.getSpecial() and removeSpecial() use linear scans,1,pending,,
topic-71ae2c7dbc799b49,tomcat,2023-11-07,[Bug 68089] ApplicationHttpRequest.getSpecial() and removeSpecial() use linear scans,14,pending,,
topic-7e33dc00118162f1,tomcat,2023-11-07,[Bug 68092] New: Failed to connect database after upgrading to tomcat-8.5.94 in linux,1,pending,,
topic-b715b9084742f742,tomcat,2023-11-07,[PR] Added support for JDBC 4.3 beginRequest and endRequest methods. [tomcat],4,pending,,
topic-c430ca2efc5eded2,tomcat,2023-11-07,[Bug 68092] Failed to connect database after upgrading to tomcat-8.5.94 in linux,4,pending,,
topic-4504affcd61008f4,tomcat,2023-11-08,[Bug 68105] Required fix for hsts on tomcat 7.0.57,3,pending,,
topic-73d493b549c0585d,tomcat,2023-11-08,[Bug 2651] the mailer - tags reply no error,1,pending,,
topic-e9b1ac6e4c5bda72,tomcat,2023-11-08,[Bug 68105] New: Required fix for hsts on tomcat 7.0.57,1,pending,,
topic-ea83ce5395a07ae2,tomcat,2023-11-08,Tagging and code signing,5,pending,,
topic-22a2c64f92b9da7e,tomcat,2023-11-09,[Bug 68117] Latest development in native/apache-2.0/Makefile.in causes linking problem,3,pending,,
topic-455bb05acc19efd6,tomcat,2023-11-09,[Bug 68119] New: Significant overhead in javax.el.CompositeELResolver.convertToType,1,pending,,
topic-4a09a68ef13b3dab,tomcat,2023-11-09,[Bug 68117] New: Latest development in native/apache-2.0/Makefile.in causes linking problem,1,pending,,
topic-6d4e84120ac61342,tomcat,2023-11-09,(tomcat) 04/04: Ignore x86 binary for Tomcat 11.0.x,1,pending,,
topic-7432e39fcebda2e8,tomcat,2023-11-09,[VOTE] Release Apache Tomcat 9.0.83,5,pending,,
topic-7fda616357d30df7,tomcat,2023-11-09,[Bug 63023] Provide a way to load SecurityProviders into the system classloader compatible with Java 9+,1,pending,,
topic-a67a2a2b70f8543a,tomcat,2023-11-09,(tomcat) branch main updated: Reproducible build fixes,2,pending,,
topic-ad90c359e0fdda72,tomcat,2023-11-09,[VOTE] Release Apache Tomcat 11.0.0-M14,10,pending,,
topic-b572b5436c7e8003,tomcat,2023-11-09,(tomcat) 01/01: Tag 11.0.0-M14,2,pending,,
topic-efe588729bcb91d0,tomcat,2023-11-09,Unexpected error running unit tests in 8.5.x,2,pending,,
topic-16ef0ec7d920d607,tomcat,2023-11-10,Release build JDK,2,pending,,
topic-2e69a315638161ba,tomcat,2023-11-10,(tomcat-connectors) branch main updated: BZ 68117: Fix typo and escaping in libtool flag introduced in 1.2.49.,2,pending,,
topic-5a51c153ab18ffdb,tomcat,2023-11-10,[VOTE] Release Apache Tomcat 8.5.99,8,pending,,
topic-9ddfb57dc10f9d9e,tomcat,2023-11-10,[VOTE] Release Apache Tomcat 8.5.96,7,pending,,
topic-c1d53a5d3b4a1b33,tomcat,2023-11-10,"[VOTE] Release Apache Tomcat 8.5.99... er, .96",1,pending,,
topic-d537358af35caef1,tomcat,2023-11-10,[VOTE] Release Apache Tomcat 10.1.16,7,pending,,
topic-14d9a5f7b1547766,tomcat,2023-11-11,Running TC 10.1 unit tests with Java 11?,2,pending,,
topic-51171c95ee6315de,tomcat,2023-11-11,[Bug 68124] New: Outdated sample.war artifact,1,pending,,
topic-1f129674dd9fdc96,tomcat,2023-11-12,Bug report for Tomcat 9 [2023/11/12],1,pending,,
topic-3e487ee8846c6154,tomcat,2023-11-12,Bug report for Tomcat 8 [2023/11/12],1,pending,,
topic-4a19ecf16e08ccfc,tomcat,2023-11-12,Bug report for Tomcat Native [2023/11/12],1,pending,,
topic-86cf18868d93c8e1,tomcat,2023-11-12,Bug report for Taglibs [2023/11/12],1,pending,,
topic-9cc5234f16c1b70a,tomcat,2023-11-12,Bug report for Tomcat 10 [2023/11/12],1,pending,,
topic-a1e06551c289e6fd,tomcat,2023-11-12,Bug report for Tomcat Modules [2023/11/12],1,pending,,
topic-ecb53a25908bc36d,tomcat,2023-11-12,Bug report for Tomcat Connectors [2023/11/12],1,pending,,
topic-18eafc853189501a,tomcat,2023-11-14,[VOTE][RESULT] Release Apache Tomcat 10.1.16,1,pending,,
topic-191b8f7bfd4345fe,tomcat,2023-11-14,[VOTE][RESULT] Release Apache Tomcat 8.5.96,2,pending,,
topic-525c638be70000e9,tomcat,2023-11-14,Tomcat 8.5.x and repeatable builds,5,pending,,
topic-936913204b2a61a9,tomcat,2023-11-14,[ANN] Apache Tomcat 10.1.16 available,1,pending,,
topic-d632c170550b2d79,tomcat,2023-11-14,[ANN] Apache Tomcat 8.5.96 available,1,pending,,
topic-7cb155518e870157,tomcat,2023-11-15,[VOTE][RESULT] Release Apache Tomcat 9.0.83,1,pending,,
topic-7f264736e886241e,tomcat,2023-11-15,[VOTE][RESULT] Release Apache Tomcat 11.0.0-M14,1,pending,,
topic-a32b720b39b71462,tomcat,2023-11-15,[ANN] Apache Tomcat 11.0.0-M14 (alpha) available,1,pending,,
topic-bb33f7bfaaac8918,tomcat,2023-11-15,unable to start the tomcat 11 after successful build,2,pending,,
topic-fcf666156efafe3d,tomcat,2023-11-15,[ANN] Apache Tomcat 9.0.83 available,1,pending,,
topic-2aca42029cd03218,tomcat,2023-11-17,[I] Request to support ear file type as archive file [tomcat-jakartaee-migration],3,pending,,
topic-e649a3bd92893bac,tomcat,2023-11-17,[PR] #49 support ear file type as archive file [tomcat-jakartaee-migration],1,pending,,
topic-899e7bfddab39aed,tomcat,2023-11-18,[PR] Add support for RequestBoudaries in DBCP [tomcat],4,pending,,
topic-43fe30a4e71f6a80,tomcat,2023-11-19,Bug report for Tomcat 9 [2023/11/19],1,pending,,
topic-4688afe18f0da3c8,tomcat,2023-11-19,Bug report for Taglibs [2023/11/19],1,pending,,
topic-7822af184438f061,tomcat,2023-11-19,Bug report for Tomcat 10 [2023/11/19],1,pending,,
topic-9de4470cd3a44e35,tomcat,2023-11-19,Bug report for Tomcat Native [2023/11/19],1,pending,,
topic-d1c414aa7254bad6,tomcat,2023-11-19,Bug report for Tomcat 8 [2023/11/19],1,pending,,
topic-f5ea5fc8064ca8c5,tomcat,2023-11-19,Bug report for Tomcat Modules [2023/11/19],1,pending,,
topic-f9fb2ed5b0bc078b,tomcat,2023-11-19,Bug report for Tomcat Connectors [2023/11/19],1,pending,,
topic-2c36f309fa06f8c1,tomcat,2023-11-20,[Bug 68124] Outdated sample.war artifact,1,pending,,
topic-3d234d13918c717b,tomcat,2023-11-20,"[PR] Making sure that stop is not ""blocked"" by the check() in HostConfig [tomcat]",2,pending,,
topic-7bfc6a3b725bd53e,tomcat,2023-11-20,[PR] Bump derby from 10.4.2.0 to 10.14.2.0 in /standard-examples [tomcat-taglibs-standard],2,pending,,
topic-d30a7a7d9bc68849,tomcat,2023-11-20,[PR] Bump derby from 10.4.2.0 to 10.14.2.0 in /standard-test [tomcat-taglibs-standard],2,pending,,
topic-d969079ca98aaffe,tomcat,2023-11-25,(tomcat) 03/08: Code clean - formatting. No functional change.,7,pending,,
topic-205316a85ca86985,tomcat,2023-11-26,Bug report for Taglibs [2023/11/26],1,pending,,
topic-3b81e64ce4340be4,tomcat,2023-11-26,[Bug 68228] 9.0.83 no more allows setting a status code on a read exception,3,pending,,
topic-42b0038d2cab4bf5,tomcat,2023-11-26,Bug report for Tomcat 10 [2023/11/26],1,pending,,
topic-4fb32fb344250c13,tomcat,2023-11-26,Bug report for Tomcat 8 [2023/11/26],1,pending,,
topic-6b1ee6e906bf28d5,tomcat,2023-11-26,Bug report for Tomcat Native [2023/11/26],1,pending,,
topic-8a803d03dcf6a1b1,tomcat,2023-11-26,Bug report for Tomcat Connectors [2023/11/26],1,pending,,
topic-99b130f3d93d0392,tomcat,2023-11-26,Bug report for Tomcat 9 [2023/11/26],1,pending,,
topic-baee135a2fd1ac80,tomcat,2023-11-26,[Bug 68228] New: 9.0.83 no more allows setting a status code on a ReadException,1,pending,,
topic-dc616b97be4f5224,tomcat,2023-11-26,Bug report for Tomcat Modules [2023/11/26],1,pending,,
topic-e49f8126e20d7406,tomcat,2023-11-26,[Bug 68227] New: AsyncListener::onComplete is not called on network error if error listener calls dispatch,1,pending,,
topic-60a59cb4d7d8d3a4,tomcat,2023-11-27,[Bug 68119] Significant overhead in javax.el.CompositeELResolver.convertToType,4,pending,,
topic-64084dfc23bad667,tomcat,2023-11-27,(tomcat) 04/04: Fix BZ 68119 - Refactor for improved performance during type conversion,2,pending,,
topic-b0d2ab48787ec574,tomcat,2023-11-28,[SECURITY] CVE-2023-46589 Apache Tomcat - Request Smuggling,1,pending,,
topic-6277d52ddd879efa,tomcat,2023-11-30,[Bug 68228] Status code can no longer be set after a read exception occurs in 9.0.83 or later,3,pending,,
topic-708145b3d59c7bd0,tomcat,2023-11-30,[Bug 68228] Status code can no longer be set after a read exception in 9.0.83 or later,1,pending,,
topic-bd040170866c3f4b,tomcat,2023-11-30,[PR] Update README.md [tomcat],1,pending,,
topic-d52a3fecd814a562,tomcat,2023-11-30,svn commit: r1914238 - in /tomcat/site/trunk: docs/index.html docs/upgrading.html xdocs/stylesheets/project.xml xdocs/upgrading.xml,2,pending,,
topic-d8d880dd01ecaa7f,tomcat,2023-11-30,[Bug 68227] AsyncListener::onComplete is not called on network error if error listener calls dispatch,3,pending,,
topic-117194ad0526e2a6,tomcat,2023-12-03,Bug report for Tomcat Connectors [2023/12/03],1,pending,,
topic-3d5360d8e5c38b2c,tomcat,2023-12-03,Bug report for Tomcat 10 [2023/12/03],1,pending,,
topic-50e7d34a5c56d9d1,tomcat,2023-12-03,Bug report for Taglibs [2023/12/03],1,pending,,
topic-65999e9153a365af,tomcat,2023-12-03,Bug report for Tomcat Native [2023/12/03],1,pending,,
topic-9a15a7e0d295c0e2,tomcat,2023-12-03,Bug report for Tomcat 8 [2023/12/03],1,pending,,
topic-9ee614c6e8e1aac3,tomcat,2023-12-03,Bug report for Tomcat Modules [2023/12/03],1,pending,,
topic-d26c600eba0175aa,tomcat,2023-12-03,Bug report for Tomcat 9 [2023/12/03],1,pending,,
topic-2bdf87c53df733aa,tomcat,2023-12-04,(tomcat) branch main updated: Update jextract,1,pending,,
topic-7787b64747232e9a,tomcat,2023-12-04,[PR] PDS-4683 upgrade tomcat for security reasons [tomcat-maven-plugin],1,pending,,
topic-acf20165f2e3345e,tomcat,2023-12-04,(tomcat) branch main updated: Refactor long running tests to improve parallelism,2,pending,,
topic-745a534f3a7e96e0,tomcat,2023-12-05,[Bug 68295] New: Connection has already been closed - Tomcat connection pool,1,pending,,
topic-81774a84870c54ae,tomcat,2023-12-05,Tine to tag,4,pending,,
topic-c507a4dceb0ed104,tomcat,2023-12-05,(tomcat) 02/02: Improve performance of HTTP/2 tests,2,pending,,
topic-15058b9959b27cd7,tomcat,2023-12-07,[VOTE] Release Apache Tomcat 8.5.97,7,pending,,
topic-2cac5f465a05e55e,tomcat,2023-12-07,[Bug 68312] New: Virtual threads with Http11Nio2Protocol,1,pending,,
topic-311edf4456b3d60c,tomcat,2023-12-07,[VOTE] Release Apache Tomcat 9.0.84,6,pending,,
topic-72ffa11f6bb7c45f,tomcat,2023-12-07,[Bug 68312] Virtual threads with Http11Nio2Protocol,5,pending,,
topic-7d055287f34a4c90,tomcat,2023-12-07,[VOTE] Release Apache Tomcat 11.0.0-M15,7,pending,,
topic-9e62c7c029d196f6,tomcat,2023-12-07,(tomcat) tag 10.1.17 deleted (was 69757db4c5),1,pending,,
topic-2446382f9e811fe0,tomcat,2023-12-08,[OT] Re: [VOTE] Release Apache Tomcat 10.1.17,1,pending,,
topic-72e6846c1f54c02a,tomcat,2023-12-08,(tomcat) branch 10.1.x updated: Improvements to French translations. (remm),1,pending,,
topic-857d84260a75bd00,tomcat,2023-12-08,Annoyances with Eclipse JDT compiler,2,pending,,
topic-8724bd84c69a58d6,tomcat,2023-12-08,[VOTE] Release Apache Tomcat 10.1.17,10,pending,,
topic-8f8da05262f33005,tomcat,2023-12-08,[tomcat] branch main updated: Add message when not using Java 22 for release,4,pending,,
topic-04d97f047784c1c9,tomcat,2023-12-10,Bug report for Tomcat 10 [2023/12/10],1,pending,,
topic-2c49bd62d7dd97de,tomcat,2023-12-10,Bug report for Tomcat Connectors [2023/12/10],1,pending,,
topic-2ce5b679eb142e55,tomcat,2023-12-10,Bug report for Tomcat Native [2023/12/10],1,pending,,
topic-41adfec3735d273d,tomcat,2023-12-10,"[I] How can I know the migrated jar is actually ""touched"" or not after running MigrationCLI [tomcat-jakartaee-migration]",4,pending,,
topic-5b242750263a9b2e,tomcat,2023-12-10,Bug report for Tomcat 8 [2023/12/10],1,pending,,
topic-6834499198e04733,tomcat,2023-12-10,[Bug 68321] New: Same LifecycleException exception is logged many times,1,pending,,
topic-75c6ebbb76743bf4,tomcat,2023-12-10,Bug report for Tomcat Modules [2023/12/10],1,pending,,
topic-c39cbd538009513f,tomcat,2023-12-10,Bug report for Tomcat 9 [2023/12/10],1,pending,,
topic-f2f6608af3e02081,tomcat,2023-12-10,Bug report for Taglibs [2023/12/10],1,pending,,
topic-6c19130eaf9d4c3a,tomcat,2023-12-11,[Bug 60126] The code of method invoke0(JspWriter) is exceeding the 65535 bytes limit,2,pending,,
topic-733c8ea52590bdab,tomcat,2023-12-11,"""Secure"" parsing of XML",2,pending,,
topic-05c379510a49cb7f,tomcat,2023-12-12,Apache Tomcat 10.1.17 Available,1,pending,,
topic-187e5a1756c4044a,tomcat,2023-12-12,[VOTE][RESULT] Release Apache Tomcat 8.5.97,1,pending,,
topic-6459b8a071682762,tomcat,2023-12-12,[VOTE][RESULT] Release Apache Tomcat 10.1.17,1,pending,,
topic-7135412edc4f4a74,tomcat,2023-12-12,[ANN] Apache Tomcat 9.0.84 available,1,pending,,
topic-8f83e08ca0d4ce70,tomcat,2023-12-12,[VOTE][RESULT] Release Apache Tomcat 9.0.84,2,pending,,
topic-a2851cddbff5133a,tomcat,2023-12-12,[VOTE][RESULT] Release Apache Tomcat 11.0.0-M15,1,pending,,
topic-e29987000a266c75,tomcat,2023-12-12,[ANN] Apache Tomcat 11.0.0-M15 (alpha) available,1,pending,,
topic-fc0c47ed7929261e,tomcat,2023-12-12,[ANN] Apache Tomcat 8.5.97 available,1,pending,,
topic-05c658484626457a,tomcat,2023-12-13,[Bug 68295] Connection has already been closed - Tomcat connection pool,2,pending,,
topic-356091635f70c5b1,tomcat,2023-12-13,Practical use of CsrfPreventionFilter,4,pending,,
topic-dd3afca318eb307e,tomcat,2023-12-13,JDK 22 Feature Freeze!,1,pending,,
topic-19cf38d065bfff0d,tomcat,2023-12-15,[PR] Dir redirect use301 [tomcat],1,pending,,
topic-4a69aa351d2e4698,tomcat,2023-12-15,[PR] Csrf filter improvements [tomcat],52,pending,,
topic-a88ebdfe6b81902a,tomcat,2023-12-15,(tomcat) branch main updated: Make Host header / request line consistency check case insensitive,2,pending,,
topic-970fcc23dcc578df,tomcat,2023-12-16,[Bug 68348] New: Support for Partitioned cookie attribute,1,pending,,
topic-f11ba5ea47923e18,tomcat,2023-12-16,[PR] [WIP] initial implementation of webresource based on path API [tomcat],2,pending,,
topic-042e06c08487279f,tomcat,2023-12-17,Bug report for Tomcat Connectors [2023/12/17],1,pending,,
topic-069a17bbc6d5d166,tomcat,2023-12-17,Bug report for Tomcat 9 [2023/12/17],1,pending,,
topic-37763caafee95093,tomcat,2023-12-17,Bug report for Tomcat 8 [2023/12/17],1,pending,,
topic-6261da25b5112ddb,tomcat,2023-12-17,Bug report for Tomcat Modules [2023/12/17],1,pending,,
topic-9933f1750b2c1d65,tomcat,2023-12-17,Bug report for Tomcat Native [2023/12/17],1,pending,,
topic-b099c1468ef6c839,tomcat,2023-12-17,Bug report for Taglibs [2023/12/17],1,pending,,
topic-d012d2012f2f173b,tomcat,2023-12-17,Backporting patch for CVE-2023-46589 to Tomcat 8.0.14,9,pending,,
topic-d588d60cbfb8044a,tomcat,2023-12-17,Bug report for Tomcat 10 [2023/12/17],1,pending,,
topic-41b89363c11e7756,tomcat,2023-12-19,[Bug 68321] Same LifecycleException exception is logged many times,1,pending,,
topic-a940548d1e056e51,tomcat,2023-12-19,TCK servlet TCK 6.0,12,pending,,
topic-cd69123cb400520a,tomcat,2023-12-20,(tomcat) branch main updated: Fix NIO2 and virtual threads (NIO2 requires ExecutorService),2,pending,,
topic-f8801633ca23df3b,tomcat,2023-12-20,[Bug 68378] New: Add MIME type mapping for *.mjs (JavaScript module),1,pending,,
topic-8c9ca29e9336ad4a,tomcat,2023-12-22,Meet our keynote speakers and register to Community Over Code EU!,1,pending,,
topic-098c7428223820a8,tomcat,2023-12-24,Bug report for Tomcat Modules [2023/12/24],1,pending,,
topic-2739a94079057cfd,tomcat,2023-12-24,Bug report for Tomcat 9 [2023/12/24],1,pending,,
topic-2a804d64dc7f1fc8,tomcat,2023-12-24,Bug report for Tomcat Connectors [2023/12/24],1,pending,,
topic-4c7ef9a622bc54a2,tomcat,2023-12-24,Bug report for Tomcat 8 [2023/12/24],1,pending,,
topic-6980ca2e2ba08d6a,tomcat,2023-12-24,Bug report for Tomcat Native [2023/12/24],1,pending,,
topic-ec43ebca46f2b9ba,tomcat,2023-12-24,Bug report for Tomcat 10 [2023/12/24],1,pending,,
topic-f17981b8bdd7ab1b,tomcat,2023-12-24,Bug report for Taglibs [2023/12/24],1,pending,,
topic-f7c3902261b88392,tomcat,2023-12-25,ClassNotFoundException listeners.ContextListener in IDE,5,pending,,
topic-c647d96a1fb3327b,tomcat,2023-12-26,I have just created a pull request for 8.5.x branch but that is invisible,3,pending,,
topic-e68153cd03ac953e,tomcat,2023-12-30,[Bug 68430] William Zhao,2,pending,,
topic-fbffb72f1d4d7bc0,tomcat,2023-12-30,[Bug 68430] New: William Zhao,1,pending,,
topic-12cd277eb625a942,tomcat,2023-12-31,Bug report for Taglibs [2023/12/31],1,pending,,
topic-42b68be0ee936562,tomcat,2023-12-31,Bug report for Tomcat Connectors [2023/12/31],1,pending,,
topic-45bfae466a47d72b,tomcat,2023-12-31,Bug report for Tomcat 8 [2023/12/31],1,pending,,
topic-5f416dc96bf44c1e,tomcat,2023-12-31,Bug report for Tomcat 9 [2023/12/31],1,pending,,
topic-7edfebfe16806d12,tomcat,2023-12-31,Bug report for Tomcat 10 [2023/12/31],1,pending,,
topic-8e03adcc98c61f76,tomcat,2023-12-31,Bug report for Tomcat Native [2023/12/31],1,pending,,
topic-fa2002c9baf8ca7a,tomcat,2023-12-31,[Bug 67683] C source code is not compatible with OpenSSL 1.0.2,4,pending,,
topic-ffb3a7ffd817b3bb,tomcat,2023-12-31,Bug report for Tomcat Modules [2023/12/31],1,pending,,
topic-20ba75f40d39a2c0,tomcat,2024-01-02,"[Bug 68436] Hide ""Not loading a JDBC driver as driverClassName property is null"" warning",3,pending,,
topic-7aa9c5bfbcdfaefc,tomcat,2024-01-02,[I] Support jspf as text file type [tomcat-jakartaee-migration],3,pending,,
topic-b3d2ca6ca948d3e2,tomcat,2024-01-02,"[Bug 68436] New: Hide ""Not loading a JDBC driver as driverClassName property is null"" warning",1,pending,,
topic-c11d4b2922a9cec6,tomcat,2024-01-02,January releases,5,pending,,
topic-cd0317bd9ae550b0,tomcat,2024-01-02,[Bug 68348] Support for Partitioned cookie attribute,8,pending,,
topic-fe45c99bf4dcc7eb,tomcat,2024-01-02,[Bug 68378] Add MIME type mapping for *.mjs (JavaScript module),1,pending,,
topic-2755a65e4f34f9f7,tomcat,2024-01-03,(tomcat) branch main updated (786285c1ae -> 442b0d38ea),1,pending,,
topic-683b285411891acc,tomcat,2024-01-04,[VOTE] Release Apache Tomcat 11.0.0-M16,11,pending,,
topic-1c9e34f8ac492144,tomcat,2024-01-05,Supposed to provide performance at daemon thread in tomcat,20,pending,,
topic-4c2072bf854fc425,tomcat,2024-01-05,[Bug 68449] New: session.maxInactiveInterval() is not working for SSO Users.,1,pending,,
topic-90f3932fd6f7f2b1,tomcat,2024-01-05,[VOTE] Release Apache Tomcat 9.0.85,4,pending,,
topic-b4c30d5f970b94c8,tomcat,2024-01-05,[VOTE] Release Apache Tomcat 10.1.18,8,pending,,
topic-bdedc0b8fb6e9a0b,tomcat,2024-01-05,[VOTE] Release Apache Tomcat 8.5.98,9,pending,,
topic-0c0e047264d6b485,tomcat,2024-01-06,[Bug 68449] session.maxInactiveInterval() is not working for SSO Users.,6,pending,,
topic-0e65ec22fd1424dc,tomcat,2024-01-07,Bug report for Tomcat Modules [2024/01/07],1,pending,,
topic-19221393fee8e146,tomcat,2024-01-07,Bug report for Tomcat 9 [2024/01/07],1,pending,,
topic-432d11fb5dd9422f,tomcat,2024-01-07,Bug report for Tomcat 10 [2024/01/07],1,pending,,
topic-4c4fe6c2cb71cec0,tomcat,2024-01-07,Bug report for Tomcat 8 [2024/01/07],1,pending,,
topic-959449b83c68df94,tomcat,2024-01-07,Bug report for Tomcat Native [2024/01/07],1,pending,,
topic-aacc4eec1ae7d4fc,tomcat,2024-01-07,Bug report for Tomcat Connectors [2024/01/07],1,pending,,
topic-c11bd777d391a7e1,tomcat,2024-01-07,(tomcat) 11/12: Results depend on timing so group this with the performance tests,1,pending,,
topic-c6483118474f4757,tomcat,2024-01-07,[PR] Fix websocket processor leaks when WsSession expires and server send … [tomcat],1,pending,,
topic-cb093c8b61428ee0,tomcat,2024-01-07,Bug report for Taglibs [2024/01/07],1,pending,,
topic-d08a01e99044d0d9,tomcat,2024-01-07,(tomcat) 09/12: This is a performance test - use correct naming,2,pending,,
topic-0857e9c9deef02b8,tomcat,2024-01-09,[VOTE][RESULT] Release Apache Tomcat 9.0.85,1,pending,,
topic-154dafc307d188f5,tomcat,2024-01-09,[VOTE][RESULT] Release Apache Tomcat 10.1.18,1,pending,,
topic-4d48d49886ad9192,tomcat,2024-01-09,[ANN] Apache Tomcat 11.0.0-M16 (alpha) available,1,pending,,
topic-4d82f92174a159c9,tomcat,2024-01-09,[ANN] Apache Tomcat 9.0.85 available,1,pending,,
topic-6236d6cfe0b2c420,tomcat,2024-01-09,Apache Tomcat 8.5.98 Available,1,pending,,
topic-72cd753707cfe82f,tomcat,2024-01-09,[VOTE][RESULT] Release Apache Tomcat 11.0.0-M16,1,pending,,
topic-e53a35986140d7e2,tomcat,2024-01-09,Apache Tomcat 10.1.18 Available,1,pending,,
topic-f2ee9b7ffd1daef8,tomcat,2024-01-09,6 TCK remaining failing tests,4,pending,,
topic-f99c7da55147a833,tomcat,2024-01-12,New GitHub repository,1,pending,,
topic-1577d604c1ac36a5,tomcat,2024-01-13,Tomcat Security Day - June 6 - Bratislava,1,pending,,
topic-f827353f3fb37c88,tomcat,2024-01-13,[Bug 68474] New: Expertize,2,pending,,
topic-0739661f5f4d9306,tomcat,2024-01-14,Bug report for Tomcat Modules [2024/01/14],1,pending,,
topic-1e125b0467bac4da,tomcat,2024-01-14,Bug report for Tomcat 9 [2024/01/14],1,pending,,
topic-2015168444c43ffa,tomcat,2024-01-14,Bug report for Taglibs [2024/01/14],1,pending,,
topic-8fd08ed18467d3aa,tomcat,2024-01-14,Bug report for Tomcat 10 [2024/01/14],1,pending,,
topic-e7b3058d8b1bea44,tomcat,2024-01-14,Bug report for Tomcat Connectors [2024/01/14],1,pending,,
topic-eba6a3a37d73793c,tomcat,2024-01-14,Bug report for Tomcat 8 [2024/01/14],1,pending,,
topic-f34f08e81c3a26ad,tomcat,2024-01-14,Bug report for Tomcat Native [2024/01/14],1,pending,,
topic-306d05e67d7c4772,tomcat,2024-01-15,[PR] Remove org.apache.catalina.ssi from tomcat-embed-core.jar.tmp.bnd [tomcat],3,pending,,
topic-638353a3a946ac2c,tomcat,2024-01-15,[Bug 68480] Add cipher alias for TLSv1.3,3,pending,,
topic-9a32cf3b80b38ab8,tomcat,2024-01-15,(tomcat-tck) branch main created (now 4d1b1e7),1,pending,,
topic-e8e4e807f02e760b,tomcat,2024-01-15,(tomcat) branch main updated: Fix logic bug spotted by Coverity Scan,2,pending,,
topic-eddf5b0d95b59203,tomcat,2024-01-15,Tomcat 10.1.x uploaded to Coverity for analysis,3,pending,,
topic-f003eaf9e8e981f3,tomcat,2024-01-15,[Bug 68480] New: Add cipher alias for TLSv1.3,1,pending,,
topic-017ee5163b8d1e39,tomcat,2024-01-16,[PR] Bump org.apache.tomcat:tomcat-catalina from 10.1.15 to 10.1.16 in /modules/owb [tomcat],3,pending,,
topic-4e06f4e8e5e0c42b,tomcat,2024-01-16,[PR] Update README.md [tomcat-tck],1,pending,,
topic-8b7e8120612b187d,tomcat,2024-01-16,sample example attached for previous threads,1,pending,,
topic-9eae6fbc602a9677,tomcat,2024-01-16,Clarify channelStartOptions (SimpleTcpCluster) documentation,1,pending,,
topic-a43bc57da5b9fd26,tomcat,2024-01-16,Jakarta EE 11 may be changing minimum Java version to 17,12,pending,,
topic-a2f03d33fbd0c2c7,tomcat,2024-01-17,[Bug 68495] New: Unable to find match between the canonical context and the URI presented by the user agent,1,pending,,
topic-aa52bd4e5fd2f4cc,tomcat,2024-01-17,[Bug 68493] NoSuchMethodException: java.lang.foreign.MemorySegment.getString(long) is thrown during the application start using java 21,4,pending,,
topic-ccf32448cd911156,tomcat,2024-01-17,[Bug 68495] Unable to find match between the canonical context and the URI presented by the user agent,15,pending,,
topic-ed92bc1f22abb110,tomcat,2024-01-17,[Bug 68493] New: NoSuchMethodException: java.lang.foreign.MemorySegment.getString(long) is thrown during the application start using java 21,1,pending,,
topic-fe29c4ec26150824,tomcat,2024-01-17,Add warning & prevent search indexing of EOL documentation,1,pending,,
topic-1062f3aebdad8f3f,tomcat,2024-01-18,[PR] Fix HTTP/2 support wording in HTTP docs [tomcat],2,pending,,
topic-93534a82cfcba1dc,tomcat,2024-01-18,[PR] Fix websocket processor leaks when WsSession expires and server sends close message by WsBackgroundThread [tomcat],10,pending,,
topic-a0d8d6af5f47fbb8,tomcat,2024-01-18,Consultation on disabling insecure HTTP requests in Tomcat,3,pending,,
topic-a28a28ba10fccc8c,tomcat,2024-01-18,[Bug 68500] New: occur a security vulnerable SSL connection(TLS1.1) when send a packet for heartbeat in k8s tribes,1,pending,,
topic-a7e08a92f297e6f3,tomcat,2024-01-18,TestSsl.testClientInitiatedRenegotiation fails for TC 9 and 8.5,5,pending,,
topic-b4b1688748d7b72a,tomcat,2024-01-18,[Bug 68500] occur a security vulnerable SSL connection(TLS1.1) when send a packet for heartbeat in k8s tribes,3,pending,,
topic-661d205d7876d497,tomcat,2024-01-19,(tomcat) branch 10.1.x updated: Fix backport of BZ 66508 regression fix,4,pending,,
topic-9ab64bf41a67c083,tomcat,2024-01-19,[SECURITY] CVE-2024-21733 Apache Tomcat - Information Disclosure,2,pending,,
topic-1afedd0cd8859e8e,tomcat,2024-01-21,Bug report for Tomcat Modules [2024/01/21],1,pending,,
topic-28a9a280623d6d28,tomcat,2024-01-21,Bug report for Tomcat 9 [2024/01/21],1,pending,,
topic-2eb74daee712f603,tomcat,2024-01-21,Bug report for Tomcat Connectors [2024/01/21],1,pending,,
topic-2edf3a1746305056,tomcat,2024-01-21,[bug] websocket generics?,5,pending,,
topic-577b294263de5a78,tomcat,2024-01-21,Bug report for Tomcat Native [2024/01/21],1,pending,,
topic-958e182d71c29aa8,tomcat,2024-01-21,Bug report for Tomcat 10 [2024/01/21],1,pending,,
topic-b214c06e29ab5541,tomcat,2024-01-21,Bug report for Taglibs [2024/01/21],1,pending,,
topic-e97b56b8c7bd6857,tomcat,2024-01-21,Bug report for Tomcat 8 [2024/01/21],1,pending,,
topic-18de1c1c8bf508bb,tomcat,2024-01-22,[Bug 68518] New: Tomcat Windows Service fails when running in OpenJDK 11,1,pending,,
topic-b0ff1a81e2dc8647,tomcat,2024-01-22,[Bug 68518] Tomcat Windows Service fails when running in OpenJDK 11,3,pending,,
topic-154e6b7cbffc203d,tomcat,2024-01-24,[Bug 68533] New: Failed to load resource: net::ERR_HTTP2_PROTOCOL_ERROR,1,pending,,
topic-6b9ec84ee4b4c879,tomcat,2024-01-25,[PR] Update to use JakartaExpressionLanguage osgi.contract [tomcat],3,pending,,
topic-02cc6e0e7dddfc8b,tomcat,2024-01-26,[Bug 68546] New: Performance optimization in PageContextImpl.getELContext(),1,pending,,
topic-76351bd15afb5d22,tomcat,2024-01-26,[I] Workaround for JDK-8303866 makes migrated jar incompatible with latest JDK releases [tomcat-jakartaee-migration],3,pending,,
topic-a9e7a50803152d35,tomcat,2024-01-26,JDK 22 RDP2 & Deprecate sun.misc.Unsafe Memory-Access Methods…,2,pending,,
topic-b0e220ff5854b3ab,tomcat,2024-01-26,[Bug 68546] Performance optimization in PageContextImpl.getELContext(),12,pending,,
topic-b174a7ec60c07b3c,tomcat,2024-01-27,[Bug 68533] Failed to load resource: net::ERR_HTTP2_PROTOCOL_ERROR,3,pending,,
topic-06509b326145946c,tomcat,2024-01-28,Bug report for Taglibs [2024/01/28],1,pending,,
topic-5558099c34ece9d6,tomcat,2024-01-28,Bug report for Tomcat Connectors [2024/01/28],1,pending,,
topic-68554004c7047604,tomcat,2024-01-28,Bug report for Tomcat 8 [2024/01/28],1,pending,,
topic-c185ee5ff04f2c8d,tomcat,2024-01-28,Bug report for Tomcat 10 [2024/01/28],1,pending,,
topic-c8913b086d812a9b,tomcat,2024-01-28,Bug report for Tomcat 9 [2024/01/28],1,pending,,
topic-cf38d8210ed41f91,tomcat,2024-01-28,Bug report for Tomcat Modules [2024/01/28],1,pending,,
topic-dc804a73178bd050,tomcat,2024-01-28,Bug report for Tomcat Native [2024/01/28],1,pending,,
topic-1101e349ab5659c1,tomcat,2024-01-29,[Bug 68555] Errors encountered after upgrading version 7.0.57 to 9.0.14,1,pending,,
topic-1c90a4ae1fe0554d,tomcat,2024-01-29,[Bug 68559] BadRequestException doesn't send back a 400 when using Async servlets,10,pending,,
topic-43488546a91c9989,tomcat,2024-01-29,Merging PR for Csrf improvements,1,pending,,
topic-8a870d1a4d076e4e,tomcat,2024-01-29,[Bug 68555] New: Errors encountered after upgrading version 7.0.57 to 9.0.14,1,pending,,
topic-bf3b2df6c7b3dad9,tomcat,2024-01-29,[Bug 68559] New: BadRequestException doesn't send back a 400 when using Async servlets,1,pending,,
topic-df5853c32de497dc,tomcat,2024-01-29,[Bug 68558] New: Redundant calls to ByteChunk.toString(),1,pending,,
topic-114fadf57cd9927c,tomcat,2024-02-01,Time for a migration tool release,1,pending,,
topic-6d8d5f67602337da,tomcat,2024-02-01,February 2024 releases,3,pending,,
topic-50001ba80cc975ae,tomcat,2024-02-02,[Bug 68572] New: migration tool does not conver xmlrpc-server3.0.jar to be jakarta compliant,1,pending,,
topic-d6ded562472e96c0,tomcat,2024-02-02,[VOTE] Apache Tomcat migration tool for Jakarta EE 1.0.8,6,pending,,
topic-7e567d9c9da79b7a,tomcat,2024-02-03,Community over Code EU 2024 Travel Assistance Applications now open!,1,pending,,
topic-ade065480e8f4172,tomcat,2024-02-03,(tomcat-native) tag 2.0.7 created (now ca59e88dc),1,pending,,
topic-25930ba9a9830c48,tomcat,2024-02-04,Bug report for Tomcat 8 [2024/02/04],1,pending,,
topic-2ad00a3563c530f1,tomcat,2024-02-04,[VOTE] Release Apache Tomcat Native 2.0.7,4,pending,,
topic-8da768668eba6c55,tomcat,2024-02-04,Bug report for Tomcat 10 [2024/02/04],1,pending,,
topic-8fad933124b4571e,tomcat,2024-02-04,Bug report for Taglibs [2024/02/04],1,pending,,
topic-a37a06c6f0586493,tomcat,2024-02-04,Bug report for Tomcat Connectors [2024/02/04],1,pending,,
topic-abac09830fc58bbf,tomcat,2024-02-04,Bug report for Tomcat Native [2024/02/04],1,pending,,
topic-b570835b27923af6,tomcat,2024-02-04,(tomcat) 02/03: Remove unused code,1,pending,,
topic-c3846003b538f0dc,tomcat,2024-02-04,Bug report for Tomcat 9 [2024/02/04],1,pending,,
topic-c4d572a806f4bc08,tomcat,2024-02-04,Bug report for Tomcat Modules [2024/02/04],1,pending,,
topic-c517230523c5b54f,tomcat,2024-02-04,Moving to Tomcat Native 1.3.x,14,pending,,
topic-7cdf9468c0c20cc6,tomcat,2024-02-05,(tomcat-native) branch 1.3.x created (now de94af367),2,pending,,
topic-83dc531782b11b66,tomcat,2024-02-05,Buildbot failure in on tomcat-8.5.x,2,pending,,
topic-ad2f6805669090f8,tomcat,2024-02-05,[VOTE] Release Apache Tomcat Native 1.3.0,6,pending,,
topic-e18b99efc62ca81e,tomcat,2024-02-05,(tomcat-native) 03/03: Consistent formatting. Add missing entries. Add version to title.,2,pending,,
topic-09d4885c12bcebb8,tomcat,2024-02-06,[Bug 68572] migration tool does not conver xmlrpc-server3.0.jar to be jakarta compliant,2,pending,,
topic-2bb52c8ce87441db,tomcat,2024-02-06,[VOTE][RESULT] Apache Tomcat migration tool for Jakarta EE 1.0.8,1,pending,,
topic-6d72050da4e2a7c3,tomcat,2024-02-06,[Bug 68558] Redundant calls to ByteChunk.toString(),12,pending,,
topic-966268be04372d02,tomcat,2024-02-06,[Bug 68593] New: Request Context is replaced after restoreRequest(),1,pending,,
topic-d4e46101cfbb97f6,tomcat,2024-02-06,[Bug 68593] Request Context is replaced after restoreRequest(),3,pending,,
topic-2759d73272bb313c,tomcat,2024-02-07,[Bug 68596] New: Remaining overhead in javax.el.CompositeELResolver.convertToType,1,pending,,
topic-4309b5cc71240d89,tomcat,2024-02-07,"[PR] Add a fallback when people use Parameters class concurrently, to avoid lost params [tomcat]",2,pending,,
topic-98e4868fe65484f5,tomcat,2024-02-07,[PR] Decode and normalize URIs before processing them [tomcat],7,pending,,
topic-e6f6c25dce622952,tomcat,2024-02-07,[Bug 68596] Remaining overhead in javax.el.CompositeELResolver.convertToType,9,pending,,
topic-152f863897117a28,tomcat,2024-02-08,[VOTE][RESULT] Release Apache Tomcat Native 2.0.7,3,pending,,
topic-2771acc704549c85,tomcat,2024-02-08,Test stability and tagging delayed,9,pending,,
topic-5c8db0a133274ca1,tomcat,2024-02-08,[Bug 68603] Request Context path and Query param gets replaced,17,pending,,
topic-d4d0874f6124aedb,tomcat,2024-02-08,[Bug 68599] New: migration tool  jakartaee-migration-1.0.7 does not convert xmlrpc-server-3.1.3.jar,1,pending,,
topic-e194c1a24c0e1ee2,tomcat,2024-02-08,[Bug 68599] migration tool  jakartaee-migration-1.0.7 does not convert xmlrpc-server-3.1.3.jar,1,pending,,
topic-ebc376a1573732e9,tomcat,2024-02-08,[Bug 68603] New: Request Context path and Query param gets replaced,1,pending,,
topic-f6f8dd8a6d9240ce,tomcat,2024-02-08,[Bug 68597] New: hannover messe,1,pending,,
topic-bbeb7c3dc27cf48e,tomcat,2024-02-09,(tomcat) 04/04: Reduce changes of crash on Library shutdown with OpenSSL connections,2,pending,,
topic-f813156dec20ac3e,tomcat,2024-02-09,(tomcat) branch main updated: Jextract library load refinements,1,pending,,
topic-43aa264cfc965f96,tomcat,2024-02-10,Assist in build for successful build,2,pending,,
topic-0944e3bf03d67f1a,tomcat,2024-02-11,Bug report for Taglibs [2024/02/11],1,pending,,
topic-480bba99fa003014,tomcat,2024-02-11,Bug report for Tomcat 8 [2024/02/11],1,pending,,
topic-665e1d2ba6e68915,tomcat,2024-02-11,Bug report for Tomcat Native [2024/02/11],1,pending,,
topic-7bea8ff924d7227e,tomcat,2024-02-11,Bug report for Tomcat Connectors [2024/02/11],1,pending,,
topic-8825964b51d435ed,tomcat,2024-02-11,Bug report for Tomcat Modules [2024/02/11],1,pending,,
topic-dd31841913854d11,tomcat,2024-02-11,Bug report for Tomcat 9 [2024/02/11],1,pending,,
topic-f436b2ad30d307a8,tomcat,2024-02-11,Bug report for Tomcat 10 [2024/02/11],1,pending,,
topic-4e606e9597604873,tomcat,2024-02-12,(tomcat) 05/05: Need for force GC to avoid duplicate clean-up (which triggers a crash),1,pending,,
topic-760c244ba7aa22eb,tomcat,2024-02-12,[VOTE][RESULT] Release Apache Tomcat Native 1.3.0,1,pending,,
topic-cb34dcc4a2a5ef48,tomcat,2024-02-12,(tomcat) 02/02: Reduce changes of crash on Library shutdown with OpenSSL connections,2,pending,,
topic-f274cf3746dd9dff,tomcat,2024-02-12,(tomcat) 01/02: Re-order so library isn't reported as running after it is terminated,1,pending,,
topic-f8304644fdc4adbc,tomcat,2024-02-12,Required build version(s),2,pending,,
topic-46fbc17fe146f75a,tomcat,2024-02-13,February release tagging,12,pending,,
topic-8475c00457e770f5,tomcat,2024-02-13,[ANN] Apache Tomcat Native 1.3.0 released,1,pending,,
topic-ac68d1aa14bfb7ef,tomcat,2024-02-13,[ANN] Apache Tomcat Native 2.0.7 released,1,pending,,
topic-e0daae7639c6258e,tomcat,2024-02-13,[VOTE] Release Apache Tomcat 11.0.0-M17,6,pending,,
topic-21a20786a3c26084,tomcat,2024-02-14,[VOTE] Release Apache Tomcat 10.1.19,6,pending,,
topic-b7e13626d6dd2790,tomcat,2024-02-14,(tomcat) branch main updated: Add support for JSON responses to request header example.,1,pending,,
topic-dd9a807124a1cad0,tomcat,2024-02-14,[VOTE] Release Apache Tomcat 9.0.86,7,pending,,
topic-06ee9bc12ee331af,tomcat,2024-02-15,[PR] super super [tomcat],2,pending,,
topic-268c8d29e68d4210,tomcat,2024-02-15,[Bug 68631] Observing org.apache.catalina.connector.ClientAbortException: java.net.SocketTimeoutException,7,pending,,
topic-3342fb0f11272c79,tomcat,2024-02-15,[PR] 20.0.0/super tomcat [tomcat],4,pending,,
topic-4a130d2a365e52ea,tomcat,2024-02-15,[Bug 68631] New: Observing org.apache.catalina.connector.ClientAbortException: java.net.SocketTimeoutException,1,pending,,
topic-a60bf6db4ee555a2,tomcat,2024-02-15,[PR] 20.1.0/super tomcat [tomcat],1,pending,,
topic-b275359a814b1177,tomcat,2024-02-15,Multiple PRs for 'super tomcat',3,pending,,
topic-c52e434c20e4efb6,tomcat,2024-02-15,[PR] super tomcat [tomcat],12,pending,,
topic-dbf36bc94dfa81be,tomcat,2024-02-15,[PR] Super-Tomcat [tomcat],3,pending,,
topic-de220c3a2b18f0ed,tomcat,2024-02-15,[PR] fix README.md [tomcat],2,pending,,
topic-537c968adeea0644,tomcat,2024-02-16,QUIC over TCP,2,pending,,
topic-919cc2322fdb0899,tomcat,2024-02-16,10.1.19: sporadic NullPointerException in org.apache.tomcat.websocket.TestWsSessionSuspendResume.testSuspendThenClose(),5,pending,,
topic-d13e1e87ba8c4ccb,tomcat,2024-02-16,[Bug 68634] New: Forwards using custom response classes do not wait for session replication,1,pending,,
topic-db29e3ec41e7f2dc,tomcat,2024-02-16,[Bug 68634] Forwards using custom response classes do not wait for session replication,5,pending,,
topic-0fa1efb278f005cc,tomcat,2024-02-18,Bug report for Tomcat Connectors [2024/02/18],1,pending,,
topic-5d17173a09dba421,tomcat,2024-02-18,Bug report for Tomcat Modules [2024/02/18],1,pending,,
topic-7af9c563b5766a81,tomcat,2024-02-18,Bug report for Taglibs [2024/02/18],1,pending,,
topic-c6e6b6c4732f3b75,tomcat,2024-02-18,Bug report for Tomcat Native [2024/02/18],1,pending,,
topic-cbd7c902562081a9,tomcat,2024-02-18,Bug report for Tomcat 8 [2024/02/18],1,pending,,
topic-e6daf35e2aa82d42,tomcat,2024-02-18,Bug report for Tomcat 9 [2024/02/18],1,pending,,
topic-f03a90eb07265e6c,tomcat,2024-02-18,Bug report for Tomcat 10 [2024/02/18],1,pending,,
topic-265f74349835af23,tomcat,2024-02-19,[ANN] Apache Tomcat 11.0.0-M17 (alpha) available,1,pending,,
topic-5ea5c719d489c6a2,tomcat,2024-02-19,[VOTE][RESULT] Release Apache Tomcat 11.0.0-M17,1,pending,,
topic-7a1376636f252323,tomcat,2024-02-19,[ANN] Apache Tomcat 9.0.86 available,1,pending,,
topic-83d0203e4a8ef2cc,tomcat,2024-02-19,[VOTE][RESULT] Release Apache Tomcat 8.5.99,1,pending,,
topic-baa3b6746f5da1e8,tomcat,2024-02-19,[ANN] Apache Tomcat 8.5.99 Available,1,pending,,
topic-d392b2ceebbd76db,tomcat,2024-02-19,[VOTE][RESULT] Release Apache Tomcat 9.0.86,1,pending,,
topic-e5e9ff1505f65a9c,tomcat,2024-02-19,[ANN] Apache Tomcat 10.1.19 Available,1,pending,,
topic-e891c1f2a4605fb9,tomcat,2024-02-19,[VOTE][RESULT] Release Apache Tomcat 10.1.19,1,pending,,
topic-bc31bcfd77e0c354,tomcat,2024-02-20,JDK 22 Release Candidates & Virtual Threads pinning heads-up,2,pending,,
topic-d0e69c7c70aa7ab8,tomcat,2024-02-20,Community Over Code Asia 2024 Travel Assistance Applications now open!,1,pending,,
topic-8af08be5cafba958,tomcat,2024-02-21,[PR] Bump org.apache.commons:commons-compress from 1.25.0 to 1.26.0 [tomcat-jakartaee-migration],2,pending,,
topic-07d453b575e7528a,tomcat,2024-02-22,Tomcat 8.5.99 artifacts not in Maven central,4,pending,,
topic-104db3f5128f3158,tomcat,2024-02-23,[Bug 68664] CVE-2024-22029  Incorrect default permissions vulnerability,2,pending,,
topic-5288a1571d7b4da0,tomcat,2024-02-23,[Bug 68663] CVE-2024-22029  Incorrect default permissions vulnerability,2,pending,,
topic-935d973478e66e7d,tomcat,2024-02-23,FFM in Tomcat 10.1,8,pending,,
topic-93653f5048696d10,tomcat,2024-02-23,[Bug 68664] New: CVE-2024-22029  Incorrect default permissions vulnerability,1,pending,,
topic-b8ea99488d4b4b3a,tomcat,2024-02-23,[Bug 68663] New: CVE-2024-22029  Incorrect default permissions vulnerability,1,pending,,
topic-1a85f9e766493d01,tomcat,2024-02-25,Bug report for Tomcat 8 [2024/02/25],1,pending,,
topic-1b9b9d44a7347c67,tomcat,2024-02-25,Bug report for Tomcat 9 [2024/02/25],1,pending,,
topic-53502df480fc3d72,tomcat,2024-02-25,Bug report for Tomcat Modules [2024/02/25],1,pending,,
topic-5385a04c663c7e25,tomcat,2024-02-25,Bug report for Taglibs [2024/02/25],1,pending,,
topic-8e2acb2c167b4a78,tomcat,2024-02-25,Bug report for Tomcat 10 [2024/02/25],1,pending,,
topic-d43d97449bec6457,tomcat,2024-02-25,Bug report for Tomcat Connectors [2024/02/25],1,pending,,
topic-d60ea86f82553754,tomcat,2024-02-25,Bug report for Tomcat Native [2024/02/25],1,pending,,
topic-58faf7459f536b46,tomcat,2024-02-26,[PR] Attempt to protect against asynchronous thread safety violations [tomcat],5,pending,,
topic-5d362e648da8a135,tomcat,2024-02-26,[Bug 68677] no support for enviroment variables/request attributes,11,pending,,
topic-e3573151ba2ae2d7,tomcat,2024-02-26,[PR] Remove duplicate cipher element from unimplemented set in TesterOpenSSL.java [tomcat],3,pending,,
topic-e848f7cb55b2c32e,tomcat,2024-02-26,[Bug 68677] New: no support for enviroment variables/request attributes,1,pending,,
topic-3497ae25c543fe54,tomcat,2024-02-27,March releases,8,pending,,
topic-a7dd82a5684f84fc,tomcat,2024-02-28,(tomcat) branch main updated: Performance tweaks for filter chain,2,pending,,
topic-ce338dd9668fd7a0,tomcat,2024-02-28,Add support for HTTP connectors to accept REMOTE_USER information from a proxy?,3,pending,,
topic-e8177ca6de4a8a0e,tomcat,2024-02-28,[PR] Avoid performance issues that may arise when the array is large. [tomcat],3,pending,,
topic-0f0ba16d284dfaa0,tomcat,2024-02-29,[Bug 68692] New: Http11Nio2Protocol not using provided executor,1,pending,,
topic-164f578e3d0c4661,tomcat,2024-02-29,[Bug 68692] Http11Nio2Protocol not using provided executor,3,pending,,
topic-6e09faaf9d984b18,tomcat,2024-02-29,svn commit: r1916061 - in /tomcat/site/trunk/docs/tck: ./ el-6.0.0-tomcat-11.0.0-M18-SNAPSHOT.txt,1,pending,,
topic-d17329efe16bccbe,tomcat,2024-02-29,[PR] Remove duplicate if statements from the OutputBuffer.close() method [tomcat],1,pending,,
topic-9c8fe21d0b57e43c,tomcat,2024-03-01,[PR] remove unnecessary code in InputBuffer.available() [tomcat],2,pending,,
topic-2f21907ecca7d0c3,tomcat,2024-03-02,[Bug 68696] New: Tomcat throws ClientAbortException: java.io.IOException: Broken pipe even the client request is complete successfully,1,pending,,
topic-356834efba503414,tomcat,2024-03-02,Sporadic Failures in org.apache.coyote.http2.TestRfc9218,7,pending,,
topic-6eb961202e9629b0,tomcat,2024-03-02,[Bug 68696] Tomcat throws ClientAbortException: java.io.IOException: Broken pipe even the client request is complete successfully,1,pending,,
topic-10de7c9fc4348528,tomcat,2024-03-03,Bug report for Tomcat Connectors [2024/03/03],1,pending,,
topic-1ea858ca3fa71023,tomcat,2024-03-03,Bug report for Tomcat 8 [2024/03/03],1,pending,,
topic-61d571de649875c3,tomcat,2024-03-03,Bug report for Tomcat Native [2024/03/03],1,pending,,
topic-7f35d81ac41bd138,tomcat,2024-03-03,Bug report for Tomcat 9 [2024/03/03],1,pending,,
topic-bf9c776354fb729c,tomcat,2024-03-03,Bug report for Taglibs [2024/03/03],1,pending,,
topic-d5af9d41551ebf28,tomcat,2024-03-03,Bug report for Tomcat Modules [2024/03/03],1,pending,,
topic-f4b84a3d8496c69e,tomcat,2024-03-03,Bug report for Tomcat 10 [2024/03/03],1,pending,,
topic-64892eb06cb8870c,tomcat,2024-03-05,[PR] Update MERGE.txt [tomcat],1,pending,,
topic-e759f440d1259ed7,tomcat,2024-03-05,[Bug 68711] New: Elan Imperial 82: Prime Commercial Spaces in Gurgaon - Invest for Success,1,pending,,
topic-e7c1270205b9531f,tomcat,2024-03-05,[Bug 68711] Elan Imperial 82: Prime Commercial Spaces in Gurgaon - Invest for Success,1,pending,,
topic-bcc776d9c66a6b96,tomcat,2024-03-06,(tomcat) 03/03: Add new suspendWrappedResponseAfterForward,1,pending,,
topic-cde41d032433740a,tomcat,2024-03-06,[Bug 68720] New: Troubleshooting Tomcat: Addressing Compression Issues with Firefox 'NS_ERROR_NET_PARTIAL_TRANSFER' Error,1,pending,,
topic-f5a69a3f7131d3ce,tomcat,2024-03-06,Planning for 8.5.final,2,pending,,
topic-b66a19084b32b997,tomcat,2024-03-07,[PR] removed  null eval statement code if os400 [tomcat],1,pending,,
topic-c0507257cda1a82a,tomcat,2024-03-07,[Bug 68721] New: WebappClassLoaderBase fails with duplicate class definition,1,pending,,
topic-fbabd7e5066609e2,tomcat,2024-03-07,[Bug 68721] WebappClassLoaderBase fails with duplicate class definition,2,pending,,
topic-1f0b59dac3c3f9ec,tomcat,2024-03-08,"(tomcat) branch main updated: Add new valveSkip flag, also fix no rewrite rule match",2,pending,,
topic-e41f31b51da7c4c6,tomcat,2024-03-08,Very sporadic test failures in org.apache.catalina.core.TestAsyncContextImpl for TC 8.5 and 9,4,pending,,
topic-67fae179d97c4cc3,tomcat,2024-03-09,[VOTE] Release Apache Tomcat 11.0.0-M18,6,pending,,
topic-26538898b357a7d5,tomcat,2024-03-10,[Bug 68742] New: SingleSignOn session invalidation logic fallacy results in 408 request timed out.,1,pending,,
topic-41e59af69364b7fd,tomcat,2024-03-10,Bug report for Taglibs [2024/03/10],1,pending,,
topic-4a6fd02076c01cc1,tomcat,2024-03-10,Bug report for Tomcat 8 [2024/03/10],1,pending,,
topic-5a5c3c3015e6ad28,tomcat,2024-03-10,Bug report for Tomcat Native [2024/03/10],1,pending,,
topic-a0e12c423c4e85e7,tomcat,2024-03-10,[Bug 68743] New: NIIM #1 Computer Training Institute Gorakhpur,1,pending,,
topic-da0edd6b790361f9,tomcat,2024-03-10,Bug report for Tomcat Connectors [2024/03/10],1,pending,,
topic-e1f828667d6b4e89,tomcat,2024-03-10,Bug report for Tomcat 10 [2024/03/10],1,pending,,
topic-e74139b5bb110a6c,tomcat,2024-03-10,Bug report for Tomcat 9 [2024/03/10],1,pending,,
topic-ff779410901f827c,tomcat,2024-03-10,Bug report for Tomcat Modules [2024/03/10],1,pending,,
topic-087547cfd5762aa2,tomcat,2024-03-11,[VOTE] Release Apache Tomcat 9.0.87,6,pending,,
topic-11c8c2338f15f0d6,tomcat,2024-03-11,[Bug 56614] Add a switch to ignore annotations detection on tag instances for performance reason,1,pending,,
topic-172ed0338196684d,tomcat,2024-03-11,Drop jspxml.dtd and jspxml.xsd,1,pending,,
topic-77e1bf4af9d72b14,tomcat,2024-03-11,[Bug 58072] ECDH curve selection,1,pending,,
topic-89188369f793051c,tomcat,2024-03-11,[Bug 56398] Support Arquillian-based unit testing,1,pending,,
topic-95f8821adda536e8,tomcat,2024-03-11,[Bug 60997] Enhance SemaphoreValve to support denied status and path matching,2,pending,,
topic-cd3a97aefde657ee,tomcat,2024-03-11,[Bug 56402] Add support for HTTP Upgrade to AJP components,1,pending,,
topic-924ff0586494cf5d,tomcat,2024-03-12,(tomcat) 02/02: Add checking for the age of the Tomcat version running and warn if it's getting old.,7,pending,,
topic-0213dba779b8b779,tomcat,2024-03-13,Requesting as I had been agreed to commit from a contributor role,8,pending,,
topic-267185f018ba198b,tomcat,2024-03-13,[SECURITY] CVE-2024-24549 Apache Tomcat - Denial of Service,1,pending,,
topic-26b26f784ce74a95,tomcat,2024-03-13,[SECURITY] CVE-2024-23672 Apache Tomcat - Denial of Service,1,pending,,
topic-0e5bc80f962ec75c,tomcat,2024-03-14,[VOTE][RESULT} Release Apache Tomcat 11.0.0-M18,1,pending,,
topic-1b2a0804991b7e6f,tomcat,2024-03-14,[ANN] Apache Tomcat 11.0.0-M18 (alpha) available,1,pending,,
topic-8e7e444bf50dc054,tomcat,2024-03-14,[VOTE][RESULT] Release Apache Tomcat 9.0.87,1,pending,,
topic-9410b50864f76b1f,tomcat,2024-03-14,[ANN] Apache Tomcat 9.0.87 available,1,pending,,
topic-f7a7f519cb8265fe,tomcat,2024-03-14,(tomcat-tck) 02/04: Update to 11.0.0-M18 release and EL API 6.0.0,1,pending,,
topic-08d0356514488ff7,tomcat,2024-03-15,Welcome note,1,pending,,
topic-380e505bf2686bd3,tomcat,2024-03-15,[PR] Unify comma-separated-value code and optimize the implementation [tomcat],7,pending,,
topic-63ac1ed6d3087470,tomcat,2024-03-15,Plans for 10.1.x and 8.5.x release?,4,pending,,
topic-07ccff6ef3b75902,tomcat,2024-03-16,(tomcat) 01/04: Correct section title,1,pending,,
topic-e32ebc1532de3dc7,tomcat,2024-03-16,[PR] support tomcat 8.5 [tomcat-maven-plugin],1,pending,,
topic-1d7736a83c13f5c3,tomcat,2024-03-17,Bug report for Tomcat 10 [2024/03/17],1,pending,,
topic-31d89b938bb28370,tomcat,2024-03-17,Bug report for Tomcat Native [2024/03/17],1,pending,,
topic-4d3292cf4d995bf7,tomcat,2024-03-17,Bug report for Tomcat Modules [2024/03/17],1,pending,,
topic-6a2fc00b39b4e36c,tomcat,2024-03-17,Bug report for Tomcat Connectors [2024/03/17],1,pending,,
topic-6ad711ed91978b87,tomcat,2024-03-17,Bug report for Taglibs [2024/03/17],1,pending,,
topic-94bfb3fdc0bcb4d9,tomcat,2024-03-17,Bug report for Tomcat 9 [2024/03/17],1,pending,,
topic-d9a7cfc7293d5078,tomcat,2024-03-17,Bug report for Tomcat 8 [2024/03/17],1,pending,,
topic-1657ca4f921cacc0,tomcat,2024-03-18,(tomcat) branch main updated: IDE says this is no longer required,3,pending,,
topic-462169759e4b4c16,tomcat,2024-03-19,[VOTE] Release Apache Tomcat 8.5.100,9,pending,,
topic-9a2c8f53919735f9,tomcat,2024-03-19,[VOTE] Release Apache Tomcat 10.1.20,8,pending,,
topic-b6b5b6d6575ed50f,tomcat,2024-03-19,"[PR] Sort the resource list,Ensure consistency in the order of loading res… [tomcat]",5,pending,,
topic-3a41ec292ab6d5e6,tomcat,2024-03-20,Observability of virtual threads,13,pending,,
topic-40ca5180ffd0b484,tomcat,2024-03-22,Instruct the tomcat source builders before the build process for tomcat source 8.5.100,4,pending,,
topic-75366df177ed8d35,tomcat,2024-03-22,(tomcat) branch main updated: Use server's ClassLoader instead of application's when loading XMLInputFactory.,5,pending,,
topic-219af2cbee267f64,tomcat,2024-03-24,Bug report for Tomcat 10 [2024/03/24],1,pending,,
topic-25e1d2bd07d359e8,tomcat,2024-03-24,HTTP / 3 protocol updates,4,pending,,
topic-2b31f71f29385492,tomcat,2024-03-24,Bug report for Tomcat 9 [2024/03/24],1,pending,,
topic-511778223e13ffee,tomcat,2024-03-24,Bug report for Taglibs [2024/03/24],1,pending,,
topic-bb8b33682ebb8dff,tomcat,2024-03-24,Bug report for Tomcat Connectors [2024/03/24],1,pending,,
topic-bc4770d16ce285c6,tomcat,2024-03-24,Bug report for Tomcat Modules [2024/03/24],1,pending,,
topic-dfab9f4ab6527d57,tomcat,2024-03-24,Bug report for Tomcat 8 [2024/03/24],1,pending,,
topic-e8c5e7f46242c39c,tomcat,2024-03-24,Bug report for Tomcat Native [2024/03/24],1,pending,,
topic-4dd5db68042629d0,tomcat,2024-03-25,(tomcat) branch main updated: Set context CL before calling XMLInputFactory.newFactory,2,pending,,
topic-5f5104040778d7b2,tomcat,2024-03-25,[VOTE][RESULT] Release Apache Tomcat 8.5.100,1,pending,,
topic-9d2729aa1be15294,tomcat,2024-03-25,[Bug 68826] New: Tomcat fails on startup with signed jar with logging.properties inside,1,pending,,
topic-9fd7451663af6749,tomcat,2024-03-25,[Bug 68826] Tomcat fails on startup with signed jar with logging.properties inside,2,pending,,
topic-bda8d154c358136d,tomcat,2024-03-25,[ANN] Apache Tomcat 10.1.20 Available,1,pending,,
topic-cfe87b608c0185a2,tomcat,2024-03-25,[VOTE][RESULT] Release Apache Tomcat 10.1.20,1,pending,,
topic-e0f88777d37953a5,tomcat,2024-03-25,[ANN] Apache Tomcat 8.5.100 Available,1,pending,,
topic-7416b5c290420f90,tomcat,2024-03-27,Stop releasing Tomcat 9 or adding back Tomcat 10.0?,17,pending,,
topic-ea14f7948a8f5f40,tomcat,2024-03-27,Community Over Code NA 2024 Travel Assistance Applications now open!,1,pending,,
topic-a238e6ad1ac8d01f,tomcat,2024-03-30,Thanks for the work on reproducible builds,1,pending,,
topic-b1af61c867d3494d,tomcat,2024-03-30,CommunityOverCode Asia 2024 is calling for Presentations!,1,pending,,
topic-13332be60213da28,tomcat,2024-03-31,Bug report for Taglibs [2024/03/31],1,pending,,
topic-3bbd51a36112ec23,tomcat,2024-03-31,Bug report for Tomcat Modules [2024/03/31],1,pending,,
topic-656fb0635fad0749,tomcat,2024-03-31,Bug report for Tomcat Native [2024/03/31],1,pending,,
topic-69dd02a0f79afc6e,tomcat,2024-03-31,Bug report for Tomcat 10 [2024/03/31],1,pending,,
topic-6b6e322e93833e59,tomcat,2024-03-31,Bug report for Tomcat 8 [2024/03/31],1,pending,,
topic-a8b3df7aba255c7a,tomcat,2024-03-31,Bug report for Tomcat Connectors [2024/03/31],1,pending,,
topic-b2ac0c81ef212261,tomcat,2024-03-31,Bug report for Tomcat 9 [2024/03/31],1,pending,,
topic-2d3c474364bbdc95,tomcat,2024-04-02,[PR] Changed simple synchronization to ReentrantReadWriteLock [tomcat],4,pending,,
topic-44ccb0b3edd8d33a,tomcat,2024-04-02,Java 22 is GA + Heads-up!,1,pending,,
topic-1f852606581e5cb2,tomcat,2024-04-03,Community over Code EU 2024: Start planning your trip!,1,pending,,
topic-eb447ecf4a40d8fc,tomcat,2024-04-03,Participate in the ASF 25th Anniversary Campaign,1,pending,,
topic-05c45eaab75d0be4,tomcat,2024-04-04,(tomcat) branch main updated: Further locking harmonizations for main components,2,pending,,
topic-a88408cc5060e7ab,tomcat,2024-04-04,[Bug 68858] version.sh only working if tomcat is stopped,2,pending,,
topic-f9d6198d18fbc7f2,tomcat,2024-04-04,[Bug 68858] New: version.sh only working if tomcat is stopped,1,pending,,
topic-1bd7ae63c14610e2,tomcat,2024-04-05,April releases,6,pending,,
topic-2c98582f1d47592f,tomcat,2024-04-05,(tomcat) 01/06: Remove unused code - thanks to UCDetector,4,pending,,
topic-9c2f70dbc13e511b,tomcat,2024-04-05,[Bug 68862] New: InputBuffer#handleReadException breaks FailedRequestFilter,1,pending,,
topic-0e24d724f345790d,tomcat,2024-04-06,[Bug 68866] WebSocket reading,1,pending,,
topic-5529992a16fbbf2e,tomcat,2024-04-06,[Bug 68868] New: Log rotation in a Spring Boot application leaves threads in timed_waiting state,1,pending,,
topic-adffa459742a6aff,tomcat,2024-04-06,[Bug 68866] New: WebSocket reading,1,pending,,
topic-2b714180c2950a6d,tomcat,2024-04-07,[Bug 68868] Log rotation in a Spring Boot application leaves threads in timed_waiting state,3,pending,,
topic-336ce7d05fcb66fd,tomcat,2024-04-07,Bug report for Tomcat Connectors [2024/04/07],1,pending,,
topic-3c266b9e7c027ca8,tomcat,2024-04-07,[PR] Sessioncounter [tomcat],5,pending,,
topic-4dc5edee65c61417,tomcat,2024-04-07,Bug report for Taglibs [2024/04/07],1,pending,,
topic-5617e6d0f160eac7,tomcat,2024-04-07,Bug report for Tomcat Native [2024/04/07],1,pending,,
topic-794dbc64c1b39a1a,tomcat,2024-04-07,[Bug 68871] New: getRemoteAddr does not work anymore!,1,pending,,
topic-86de83152d2a1abf,tomcat,2024-04-07,Bug report for Tomcat 10 [2024/04/07],1,pending,,
topic-a863672128ff4717,tomcat,2024-04-07,Bug report for Tomcat 8 [2024/04/07],1,pending,,
topic-afe9ec4f98c53a60,tomcat,2024-04-07,Bug report for Tomcat 9 [2024/04/07],1,pending,,
topic-f766c76ee1e42228,tomcat,2024-04-07,Bug report for Tomcat Modules [2024/04/07],1,pending,,
topic-fec66619d6ba2792,tomcat,2024-04-07,[Bug 68871] getRemoteAddr does not work anymore!,2,pending,,
topic-2c05a5c5f48e63f9,tomcat,2024-04-08,[Bug 68742] SingleSignOn session invalidation logic fallacy results in 408 request timed out.,3,pending,,
topic-01f22e37fb51d3cb,tomcat,2024-04-09,[VOTE] Release Apache Tomcat 11.0.0-M19,6,pending,,
topic-04dccd918a486579,tomcat,2024-04-09,[Bug 68876] New: serverStartup.pdf missing sources,1,pending,,
topic-1ddd115c6ebb5fc4,tomcat,2024-04-09,[VOTE] Release Apache Tomcat 10.1.21,3,pending,,
topic-2586b01eb9b7d6e4,tomcat,2024-04-09,Does Tomcat 8.5.90 and newer versions no longer support Java 1.7?,2,pending,,
topic-eb115a5f9e9b7a87,tomcat,2024-04-09,[VOTE] Release Apache Tomcat 9.0.88,5,pending,,
topic-fa3005d73c1a569e,tomcat,2024-04-09,[Bug 68862] InputBuffer#handleReadException breaks FailedRequestFilter,7,pending,,
topic-13c0e0d9d7a4b2e8,tomcat,2024-04-10,"[Bug 68878] New: Tomcat feints death, there is no ClientPoller thread in the stack information",1,pending,,
topic-dcdd188905c51e04,tomcat,2024-04-10,[VOTE][CANCELLED] Release Apache Tomcat 10.1.21,2,pending,,
topic-eda19acf9a0067bf,tomcat,2024-04-10,[VOTE] Release Apache Tomcat 10.1.22,9,pending,,
topic-4644740c922b11ea,tomcat,2024-04-11,[PR] Bump org.apache.tomcat:tomcat-coyote from 9.0.83 to 9.0.86 in /modules/openssl-java17 [tomcat],2,pending,,
topic-4c2fedd3f36dfca8,tomcat,2024-04-11,[Bug 68884] New: Delayed HTTP Traffic Processing After Mass Websocket Disconnect/Reconnect,1,pending,,
topic-50acf8d7c7e68529,tomcat,2024-04-11,[PR] Bump org.apache.tomcat:tomcat-coyote from 9.0.83 to 9.0.86 in /modules/openssl-java21 [tomcat],2,pending,,
topic-5d5adfe12f7953cd,tomcat,2024-04-11,[Bug 68884] Delayed HTTP Traffic Processing After Mass Websocket Disconnect/Reconnect,9,pending,,
topic-610720c0bfaefdf3,tomcat,2024-04-11,[PR] Bump org.apache.tomcat:tomcat-coyote from 11.0.0-M14 to 11.0.0-M17 in /modules/openssl-foreign [tomcat],2,pending,,
topic-9f218e57515109ae,tomcat,2024-04-11,[PR] Simplify usage of custom ssl configuration [tomcat],16,pending,,
topic-d63d70c243e21854,tomcat,2024-04-11,(tomcat) branch 10.1.x updated: Add native access to the scripts,3,pending,,
topic-e1b9458b53b49bcf,tomcat,2024-04-11,[PR] Bump org.apache.tomcat:tomcat-websocket from 11.0.0-M16 to 11.0.0-M17 in /modules/stuffed [tomcat],2,pending,,
topic-2dc9b7215b7c4262,tomcat,2024-04-12,[PR] fix CVE-2024-23672 [tomcat],4,pending,,
topic-a4880dd61bd07389,tomcat,2024-04-12,[Bug 68889] New: README.md refers to superseded Tomcat 10.0 version,1,pending,,
topic-c232f7b6c414fe95,tomcat,2024-04-12,[Bug 68890] Several JSPs in the manage application have contradicting encoding,5,pending,,
topic-d8442600866c31aa,tomcat,2024-04-12,[Bug 68889] README.md refers to superseded Tomcat 10.0 version,2,pending,,
topic-de68f0db9a768432,tomcat,2024-04-12,[Bug 68890] New: Several JSPs in the manage application have contradicting encoding,1,pending,,
topic-52d61346b0f239ff,tomcat,2024-04-14,[Bug 68895] webdeveloper,1,pending,,
topic-6b496d9744c24d1a,tomcat,2024-04-14,Bug report for Tomcat Modules [2024/04/14],1,pending,,
topic-7550400248148d50,tomcat,2024-04-14,Bug report for Tomcat 8 [2024/04/14],1,pending,,
topic-7f78884e4fa82cc2,tomcat,2024-04-14,Bug report for Tomcat Native [2024/04/14],1,pending,,
topic-c8bdb5aaa74befa3,tomcat,2024-04-14,Bug report for Tomcat 10 [2024/04/14],1,pending,,
topic-cd2ce5aaf9a35451,tomcat,2024-04-14,Bug report for Tomcat 9 [2024/04/14],1,pending,,
topic-df2090bb8b943067,tomcat,2024-04-14,Bug report for Taglibs [2024/04/14],1,pending,,
topic-e149821a17f4f5c6,tomcat,2024-04-14,Bug report for Tomcat Connectors [2024/04/14],1,pending,,
topic-e16784367dc40aec,tomcat,2024-04-14,[Bug 68895] New: webdeveloper,1,pending,,
topic-0203b1abad042481,tomcat,2024-04-15,[VOTE][CANCELLED] Release Apache Tomcat 10.1.22,1,pending,,
topic-5359822afcaf736f,tomcat,2024-04-15,APPROVE MY ICLA,4,pending,,
topic-004c563926e99783,tomcat,2024-04-16,[ANN] Apache Tomcat 9.0.88 available,1,pending,,
topic-1ef9fd59542875b6,tomcat,2024-04-16,[Bug 68901] Coyote is hardcoded to drop connections on 400|408|411|414|500|503|501 which should be configurable for application level errors to prevent expensive TLS handshake/resumption on reconnect,6,pending,,
topic-241261f5f8dcca6c,tomcat,2024-04-16,[VOTE][RESULT] Release Apache Tomcat 9.0.88,1,pending,,
topic-272bb573ee77a739,tomcat,2024-04-16,Base64 and BASIC authentication,3,pending,,
topic-2b37db9b4b71160d,tomcat,2024-04-16,[VOTE] Release Apache Tomcat 10.1.23,17,pending,,
topic-3ea7e70fea838412,tomcat,2024-04-16,[Bug 68901] New: Coyote is hardcoded to drop connections on 400|408|411|414|500|503|501 which should be configurable for application level errors to prevent expensive TLS handshake/resumption on reconnect,1,pending,,
topic-8f8591694ab31ac6,tomcat,2024-04-16,jakartaee/servlet pom.xml,6,pending,,
topic-971245fe3ed4e1c7,tomcat,2024-04-16,[ANN] Apache Tomcat 11.0.0-M19 (alpha) available,1,pending,,
topic-e77b30bba01ba09a,tomcat,2024-04-16,[VOTE][RESULT] Release Apache Tomcat 11.0.0-M19,1,pending,,
topic-22287b5fa88c923e,tomcat,2024-04-17,[Bug 68876] serverStartup.pdf missing sources,4,pending,,
topic-2b47c3ee58df5888,tomcat,2024-04-17,[Bug 68911] New: Newly introduced ConfigurationSource doesn't respect environment variables,1,pending,,
topic-33a3fc9e1f4fde8b,tomcat,2024-04-17,"[Bug 68908] New: Tomcat feints death, there is no ClientPoller thread in the stack information",1,pending,,
topic-4b999747e79b24d9,tomcat,2024-04-17,[Bug 68910] Improve LibreSSL version check in tcnative.m4,6,pending,,
topic-7e57ba1157581c1b,tomcat,2024-04-17,[Bug 68911] Newly introduced ConfigurationSource doesn't respect environment variables,13,pending,,
topic-858047c2ea843e9c,tomcat,2024-04-17,[PR] Re-adding support for fractional seconds in access log [tomcat],11,pending,,
topic-8777e8d9cec041db,tomcat,2024-04-17,[Bug 68909] JSP compilation error due to classpath problems,10,pending,,
topic-91d74585f9cc6db4,tomcat,2024-04-17,[Bug 68910] New: Improve LibreSSL version check in tcnative.m4,1,pending,,
topic-a616a13e21babed5,tomcat,2024-04-17,"[Bug 64839] HTTP2: Exception in thread ""http-nio-x.y.z-1090-ClientPoller"" java.lang.NullPointerException",1,pending,,
topic-acc5d53b69cd17b7,tomcat,2024-04-17,[Bug 68909] New: JSP compilation error due to classpath problems,1,pending,,
topic-b7dd1d869ccb094a,tomcat,2024-04-17,"[Bug 68878] Tomcat feints death, there is no ClientPoller thread in the stack information",1,pending,,
topic-e46dd568420ef54c,tomcat,2024-04-17,[I] activemq 5.16.x not working after converting javax to jakarta using tomcat transformer [tomcat-jakartaee-migration],6,pending,,
topic-efafe383ff6b4a0c,tomcat,2024-04-17,Some remarks on panama libssl loading,9,pending,,
topic-f5f6774587406a06,tomcat,2024-04-17,"[Bug 68908] Tomcat feints death, there is no ClientPoller thread in the stack information",2,pending,,
topic-2c76aedb71e32235,tomcat,2024-04-18,Unit tests using tcnative/panama [Was: [Bug 68910] Improve LibreSSL version check in tcnative.m4],2,pending,,
topic-b53c5806f9b8e9a4,tomcat,2024-04-18,"Panama modules: inconsistency between 9.0.x, 10.1.x and main?",2,pending,,
topic-d78cda56d79de417,tomcat,2024-04-18,(tomcat) branch main updated: Don't create a StringBuilder object until we know we have at least one Cookie value to log.,4,pending,,
topic-1a824cdfbf05f771,tomcat,2024-04-19,[PR] Add support for timescales with time-taken access log token. [tomcat],6,pending,,
topic-300a2d2138bdc8d9,tomcat,2024-04-19,Reminder: Community Over Code Asia 2024 CFP closes on Apr 22nd,1,pending,,
topic-3630d9fb4c9680e0,tomcat,2024-04-19,[Bug 68919] Make Tomcat return 503 on stopped web applications,8,pending,,
topic-58b6d2f3f066a0bb,tomcat,2024-04-19,(tomcat) 02/02: Re-factor ElapsedTimeElement to use a customizable Style,3,pending,,
topic-a890f65796a60e70,tomcat,2024-04-19,[Bug 68919] New: Make Tomcat return 503 on stopped web applications,1,pending,,
topic-a9f97177c7a81542,tomcat,2024-04-19,(tomcat) branch main updated: Fix disastrous cookie-logging patch.,3,pending,,
topic-373c7a8523e2a8f3,tomcat,2024-04-21,Bug report for Tomcat Modules [2024/04/21],1,pending,,
topic-909aca9ea72cd9e5,tomcat,2024-04-21,Bug report for Tomcat Native [2024/04/21],1,pending,,
topic-934e5d49dfccb953,tomcat,2024-04-21,Bug report for Tomcat Connectors [2024/04/21],1,pending,,
topic-c63720ffa61b9ae6,tomcat,2024-04-21,Bug report for Tomcat 10 [2024/04/21],1,pending,,
topic-ca8c4bed5fd8bd78,tomcat,2024-04-21,Bug report for Tomcat 9 [2024/04/21],1,pending,,
topic-e30a2417b113992e,tomcat,2024-04-21,Bug report for Taglibs [2024/04/21],1,pending,,
topic-f868c4f8c1f2433b,tomcat,2024-04-21,Bug report for Tomcat 8 [2024/04/21],1,pending,,
topic-1b2c4d59369070fe,tomcat,2024-04-22,[Bug 68928] Apache httpd not starting with mod_jk 1.2.49 after upgrade to SLES 15 SP5,2,pending,,
topic-202abd5dc56c2d27,tomcat,2024-04-22,[Bug 68932] Occasional 404 or 500 errors,11,pending,,
topic-44f072688adfd624,tomcat,2024-04-22,[Bug 68928] New: Apache httpd not starting with mod_jk 1.2.49 after upgrade to SLES 15 SP5,1,pending,,
topic-cccfcff9137aab94,tomcat,2024-04-22,[Bug 68932] New: Occasional 404 or 500 errors,1,pending,,
topic-022f168a294cd658,tomcat,2024-04-23,[Bug 68934] Log events which exceed Connector parameter limits such as maxConnections,1,pending,,
topic-08f1b170ff481358,tomcat,2024-04-23,[VOTE][RESULT] Release Apache Tomcat 10.1.23,1,pending,,
topic-095da350c4a38a24,tomcat,2024-04-23,[ANN] Apache Tomcat 10.1.23 Available,1,pending,,
topic-87dd5ba981bbc5b0,tomcat,2024-04-23,[Bug 68934] Add logginge for set Connector parameter limits such as maxConnections,1,pending,,
topic-a4c812dc5476d37e,tomcat,2024-04-23,[Bug 68938] New: ScriptEngine engine is null,1,pending,,
topic-d70669cd4b864a1a,tomcat,2024-04-23,[Bug 68938] ScriptEngine engine is null,3,pending,,
topic-ea54fd5542442ad2,tomcat,2024-04-23,[Bug 68934] New: Add logginge for set Connector parameter limits such as maxConnections,1,pending,,
topic-04d648689fb788d0,tomcat,2024-04-24,Refactoring heads up,4,pending,,
topic-08130a4727da23e8,tomcat,2024-04-24,[Bug 68941] New: ServletFileUpload missing in tomcat-coyote.jar,1,pending,,
topic-2368d925387cfb10,tomcat,2024-04-24,[Bug 68941] ServletFileUpload missing in tomcat-coyote.jar,2,pending,,
topic-4d0abb266d5bbfe6,tomcat,2024-04-25,[Bug 68947] `tomcat-embed-core` `10.1.23` requires Java 11 but includes Java 22 sources,10,pending,,
topic-5f9b2cfee337931b,tomcat,2024-04-25,[Bug 68947] New: `tomcat-embed-core` `10.1.23` requires Java 11 but includes Java 21 sources,1,pending,,
topic-c5ebcebbcaedb523,tomcat,2024-04-25,[Bug 68947] `tomcat-embed-core` `10.1.23` requires Java 11 but includes Java 21 sources,1,pending,,
topic-f25743e5d9ebf11d,tomcat,2024-04-26,(tomcat) branch 10.1.x updated: Fix disastrous cookie-logging patch.,1,pending,,
topic-0726c5e2e99fb482,tomcat,2024-04-28,Bug report for Tomcat Connectors [2024/04/28],1,pending,,
topic-3c864ff77d8aec70,tomcat,2024-04-28,Bug report for Tomcat 8 [2024/04/28],1,pending,,
topic-3f4a759619ac78a4,tomcat,2024-04-28,Bug report for Tomcat Native [2024/04/28],1,pending,,
topic-7904a5cf16f8dee6,tomcat,2024-04-28,Bug report for Tomcat Modules [2024/04/28],1,pending,,
topic-ae1dcbaec7e0400d,tomcat,2024-04-28,Bug report for Tomcat 9 [2024/04/28],1,pending,,
topic-e622131197afcfd6,tomcat,2024-04-28,Bug report for Tomcat 10 [2024/04/28],1,pending,,
topic-f8e7134fc228211d,tomcat,2024-04-28,Bug report for Taglibs [2024/04/28],1,pending,,
topic-49c6235fe77bf68d,tomcat,2024-04-29,[Bug 68958] New: Make connection close configurable on status codes set by the application,1,pending,,
topic-c1536d7dee09d33c,tomcat,2024-04-29,(tomcat) branch main updated: Refactor storage of trailer fields to use MimeHeaders,1,pending,,
topic-88465de0856f5f8f,tomcat,2024-04-30,[Bug 68958] Make connection close configurable on status codes set by the application,1,pending,,
topic-f3d15cb911777f0c,tomcat,2024-05-02,Tagging May releases,2,pending,,
topic-2a8ed931a6a5fe8c,tomcat,2024-05-03,[VOTE] Release Apache Tomcat 9.0.89,7,pending,,
topic-4470344f22975013,tomcat,2024-05-03,[PR] it will drop first header if any header cause exceptio during process [tomcat],2,pending,,
topic-794aae409f634d7b,tomcat,2024-05-03,[PR] remove obsolete JMX bean attributes [tomcat],2,pending,,
topic-8bb610b08081fb62,tomcat,2024-05-03,Our ASN.1 parser,4,pending,,
topic-c313a6049dec9710,tomcat,2024-05-03,[Bug 68972] New: Prevent the web application's ClassLoader from being pinned by the JSP compiler if an application uses a custom XMLInputFactory.,1,pending,,
topic-cde7cafb7cd27bd1,tomcat,2024-05-03,[PR] Extend Asn1Parser to parse UTF8Strings [tomcat],2,pending,,
topic-d42d31af089e25a6,tomcat,2024-05-03,[VOTE] Release Apache Tomcat 11.0.0-M20,5,pending,,
topic-f7708de4143df663,tomcat,2024-05-03,[Bug 68972] Prevent the web application's ClassLoader from being pinned by the JSP compiler if an application uses a custom XMLInputFactory.,1,pending,,
topic-0ee168bbfb613baa,tomcat,2024-05-05,Bug report for Tomcat 10 [2024/05/05],1,pending,,
topic-26f861a339dbc7e5,tomcat,2024-05-05,Bug report for Taglibs [2024/05/05],1,pending,,
topic-7f192617085b4d7b,tomcat,2024-05-05,Bug report for Tomcat Modules [2024/05/05],1,pending,,
topic-8750988395605790,tomcat,2024-05-05,Bug report for Tomcat Connectors [2024/05/05],1,pending,,
topic-8b35875ceb488ac0,tomcat,2024-05-05,Bug report for Tomcat Native [2024/05/05],1,pending,,
topic-bb4f680e0190515e,tomcat,2024-05-05,Bug report for Tomcat 9 [2024/05/05],1,pending,,
topic-cc113e70bbd51c9a,tomcat,2024-05-05,Bug report for Tomcat 8 [2024/05/05],1,pending,,
topic-1678f2a39e326dba,tomcat,2024-05-07,Passing down arbitrary auth attributes down to Realm#authenticate(),6,pending,,
topic-16a3b23de24efde3,tomcat,2024-05-07,[VOTE][RESULT] Release Apache Tomcat 9.0.89,1,pending,,
topic-7aafffbee17a1a94,tomcat,2024-05-07,[ANN] Apache Tomcat 9.0.89 available,1,pending,,
topic-39bafdf46758e8d1,tomcat,2024-05-08,[ANN] Apache Tomcat 11.0.0-M20 (alpha) available,1,pending,,
topic-46e824c5cc8e4db8,tomcat,2024-05-08,[VOTE][RESULT] Release Apache Tomcat 11.0.0-M20,1,pending,,
topic-58e314291c20d5f3,tomcat,2024-05-09,[VOTE] Release Apache Tomcat 10.1.24,9,pending,,
topic-1a958ade8b3e7bb9,tomcat,2024-05-12,Bug report for Tomcat 10 [2024/05/12],1,pending,,
topic-21449144929ca775,tomcat,2024-05-12,Bug report for Tomcat 9 [2024/05/12],1,pending,,
topic-8b89ed6433463627,tomcat,2024-05-12,Bug report for Tomcat 8 [2024/05/12],1,pending,,
topic-9a598e65a90685f6,tomcat,2024-05-12,Bug report for Taglibs [2024/05/12],1,pending,,
topic-a36498a39d3a062e,tomcat,2024-05-12,Bug report for Tomcat Connectors [2024/05/12],1,pending,,
topic-a4a54305a45aac88,tomcat,2024-05-12,Bug report for Tomcat Modules [2024/05/12],1,pending,,
topic-c4ce820695ccac0f,tomcat,2024-05-12,Bug report for Tomcat Native [2024/05/12],1,pending,,
topic-c238da5e47ca7a0b,tomcat,2024-05-13,[Bug 32896] Invalid endsWith function,1,pending,,
topic-d7c6cfeb9482b727,tomcat,2024-05-13,[ANN] Apache Tomcat 10.1.24 Available,1,pending,,
topic-e191288c3a3eadfd,tomcat,2024-05-13,[VOTE][RESULT] Release Apache Tomcat 10.1.24,1,pending,,
topic-8888206548d174bf,tomcat,2024-05-14,[PR] adds missing quotation mark - makes changelog.xml parsable again [tomcat],3,pending,,
topic-a7c30d54bbbfa62e,tomcat,2024-05-14,Community over Code EU 2024: The countdown has started!,1,pending,,
topic-e5fbea2abfafdbef,tomcat,2024-05-14,[tcnative] switch from using ERR_error_string to ERR_error_string_n,5,pending,,
topic-3350f5a8b65cdd32,tomcat,2024-05-15,[tcnative] Should we make DEBUG builds available for Windows?,4,pending,,
topic-3b798fb233bd7e58,tomcat,2024-05-15,"[tcnative] Home page lists 2.0.6 as latest release, points to 2.0.7 download",2,pending,,
topic-f727e20de20fcc8c,tomcat,2024-05-15,[tcnative] jnilib.c: tcn_new_array* do not call EnsureLocalCapacity,3,pending,,
topic-076536617e95924f,tomcat,2024-05-16,[Bug 69016] New: HttpURLConnection getOutputStream createCapacityException,1,pending,,
topic-0f864fb232a42f4c,tomcat,2024-05-16,(tomcat-native) branch main updated: Ensure local reference capacity is available for array allocations.,4,pending,,
topic-c0a6f5f99c5b5169,tomcat,2024-05-16,(tomcat-native) branch main updated: Use ERR_error_string_n instead of ERR_error_string.,1,pending,,
topic-c466c5f7ef5559cd,tomcat,2024-05-16,[Bug 69016] HttpURLConnection getOutputStream createCapacityException,8,pending,,
topic-9b99ac7ebf1bfec0,tomcat,2024-05-17,[PR] Improve the SSLValve so it is able to handle the ssl_client_escaped_cert header from Nginx [tomcat],1,pending,,
topic-17183b75deea94f0,tomcat,2024-05-19,Bug report for Tomcat 8 [2024/05/19],1,pending,,
topic-3d85b5d20649670d,tomcat,2024-05-19,Bug report for Tomcat 10 [2024/05/19],1,pending,,
topic-4f96e7d90c26ede7,tomcat,2024-05-19,Bug report for Tomcat Modules [2024/05/19],1,pending,,
topic-92d7a808aa940842,tomcat,2024-05-19,Bug report for Taglibs [2024/05/19],1,pending,,
topic-a6bef0eade7bcde2,tomcat,2024-05-19,Bug report for Tomcat Native [2024/05/19],1,pending,,
topic-e12e45b2b79bbdf5,tomcat,2024-05-19,Bug report for Tomcat Connectors [2024/05/19],1,pending,,
topic-f5285b028397da77,tomcat,2024-05-19,Bug report for Tomcat 9 [2024/05/19],1,pending,,
topic-3cc692cd046227ac,tomcat,2024-05-21,"[PR] Add ""Changes in 1.3.x"" section [tomcat-native]",1,pending,,
topic-3ea98bb9b5313775,tomcat,2024-05-21,[Bug 69031] New: Not Implemented 501 by truncated method name,1,pending,,
topic-72e86385ffd8ae3b,tomcat,2024-05-21,https://cwiki.apache.org/confluence/display/TOMCAT,2,pending,,
topic-c310d28c0634c3c3,tomcat,2024-05-21,ServiceBindingPropertySource,8,pending,,
topic-e000afab766a279f,tomcat,2024-05-21,[PR] Openssl changelog update [tomcat-native],1,pending,,
topic-1e0c52bcffde4195,tomcat,2024-05-22,WebDAV and Microsoft clients,7,pending,,
topic-d9b5d88fec76b2c3,tomcat,2024-05-22,[Bug 69031] Not Implemented 501 by truncated method name,12,pending,,
topic-103fca6d3a8e4df1,tomcat,2024-05-23,(tomcat) branch main updated: Add support for shallow copies when using WebDAV,2,pending,,
topic-37ddcc4f70138d49,tomcat,2024-05-24,(tomcat) branch main updated: Fix javadoc,1,pending,,
topic-01a51c71d36c2058,tomcat,2024-05-26,Bug report for Tomcat 8 [2024/05/26],1,pending,,
topic-8e2b0434555340c2,tomcat,2024-05-26,Bug report for Tomcat Native [2024/05/26],1,pending,,
topic-aed18ae242851a82,tomcat,2024-05-26,Bug report for Taglibs [2024/05/26],1,pending,,
topic-b5fd4c3566209a02,tomcat,2024-05-26,Bug report for Tomcat 10 [2024/05/26],1,pending,,
topic-e504fd53e2fc721c,tomcat,2024-05-26,Bug report for Tomcat 9 [2024/05/26],1,pending,,
topic-eed97913768dea33,tomcat,2024-05-26,Bug report for Tomcat Connectors [2024/05/26],1,pending,,
topic-ef973bc99559f872,tomcat,2024-05-26,Bug report for Tomcat Modules [2024/05/26],1,pending,,
topic-2836768d2f2cec54,tomcat,2024-05-31,(tomcat-native) branch 1.1.x updated: Use ERR_error_string_n instead of ERR_error_string.,5,pending,,
topic-82a709d252e6fd93,tomcat,2024-05-31,[PR] chore: fix some misaligned whitespace in web.xml [tomcat],1,pending,,
topic-af4087fa953e64e0,tomcat,2024-05-31,[Bug 69068] ReadListener#onError not called on read exception during async processing,5,pending,,
topic-c0e48599c5e63500,tomcat,2024-05-31,[PR] Fix ide-support for idea [tomcat],27,pending,,
topic-c1063cee94d8ad00,tomcat,2024-05-31,[PR] Update recommended Tomcat native version to 1.3.0 [tomcat],1,pending,,
topic-c6af12fcd34e5f8b,tomcat,2024-05-31,[PR] Remove redundancy in BUILDING.txt [tomcat],1,pending,,
topic-e1f201470a66190a,tomcat,2024-05-31,[PR] Support jar resources in bloom filter [tomcat],7,pending,,
topic-0dd7e72bf1328ec1,tomcat,2024-06-02,Bug report for Tomcat 9 [2024/06/02],1,pending,,
topic-40d9696d214ae080,tomcat,2024-06-02,Bug report for Tomcat 8 [2024/06/02],1,pending,,
topic-64ed4fa8fc90aef8,tomcat,2024-06-02,Bug report for Tomcat 10 [2024/06/02],1,pending,,
topic-7756c28fe297cb3f,tomcat,2024-06-02,Bug report for Tomcat Connectors [2024/06/02],1,pending,,
topic-8c9664e2eb014ea2,tomcat,2024-06-02,Bug report for Tomcat Modules [2024/06/02],1,pending,,
topic-ee2c790375fe6ffc,tomcat,2024-06-02,Bug report for Tomcat Native [2024/06/02],1,pending,,
topic-ef139722867e447d,tomcat,2024-06-02,Bug report for Taglibs [2024/06/02],1,pending,,
topic-16407313c6a23737,tomcat,2024-06-04,"[I] Unable to install Tomcat 9 - **""Package 'tomcat9' has no installation candidate""** || Ubuntu 24.04 LTS [tomcat-jakartaee-migration]",4,pending,,
topic-4fe774ab92578996,tomcat,2024-06-04,"[Bug 69103] New: Cometa Networks, a joint venture set up by three technology",2,pending,,
topic-a1daab072e8620f8,tomcat,2024-06-04,[Bug 57665] support x-forwarded-host,23,pending,,
topic-e28d465f07731a02,tomcat,2024-06-04,"[Bug 69103] Cometa Networks, a joint venture set up by three technology",2,pending,,
topic-e2f74e94fe493af8,tomcat,2024-06-04,[Bug 61542] Apache Tomcat Remote Code Execution via JSP Upload bypass,18,pending,,
topic-ef751196ce4568db,tomcat,2024-06-04,[Bug 62705] tomcat 8.5.33+ requires jdk 9,4,pending,,
topic-f8b97d8e3b003e79,tomcat,2024-06-04,Extracting Panama code from coyote?,2,pending,,
topic-145dc4b17f82fd35,tomcat,2024-06-05,[PR] Fix property ant.tstamp.now.iso ignored when building Tomcat JDBC poo… [tomcat],5,pending,,
topic-274c8ef605bf9519,tomcat,2024-06-05,[Bug 69113] New: Write For Us: Architecture,1,pending,,
topic-6ac646f529f3e7b9,tomcat,2024-06-05,[Bug 69114] Write For Us: Architecture,2,pending,,
topic-b974a875ae3dee27,tomcat,2024-06-05,[Bug 69113] Write For Us: Architecture,3,pending,,
topic-ff4d0b4567ebc0dc,tomcat,2024-06-05,[Bug 69114] New: Write For Us: Architecture,1,pending,,
topic-240d2fb036b24e9d,tomcat,2024-06-06,[Bug 69120] SPAM SPAM SPAM SPAM,1,pending,,
topic-46d4ac3671be4dec,tomcat,2024-06-06,[Bug 69119] New: https://cbrg.info/class-schedule/,1,pending,,
topic-59083fa5225a4316,tomcat,2024-06-06,[PROPOSAL] Enable SecureLifecycleListener by default,9,pending,,
topic-85435e986355aaf6,tomcat,2024-06-06,[Bug 69120] New: https://surahalmulk.net/,1,pending,,
topic-a52b3d0dea6b6183,tomcat,2024-06-06,[Bug 69120] https://surahalmulk.net/,1,pending,,
topic-a95452a493b1e5cd,tomcat,2024-06-06,[Bug 69119] https://cbrg.info/class-schedule/,2,pending,,
topic-ba0a1c6eddc629a8,tomcat,2024-06-06,[Bug 69119] SPAM SPAM SPAM SPAM,2,pending,,
topic-c6999888f84cbf1a,tomcat,2024-06-06,[PROPOSAL] Tomcat 10: Remove Server-Side Includes (SSI),7,pending,,
topic-ce3b91f9b67d326c,tomcat,2024-06-06,[PROPOSAL] Remove JSP file from ROOT web application,7,pending,,
topic-e6399bb9c974965f,tomcat,2024-06-06,[Bug 69118] New: https://virgool.io/nipotomarket,1,pending,,
topic-e8774c7c4eae9324,tomcat,2024-06-06,[PROPOSAL] Tomcat 10: Remove CGI Servlet,3,pending,,
topic-ff1756f00708b192,tomcat,2024-06-06,[PROPOSAL] Implement additional security checks in SecurityLifecycleListener,3,pending,,
topic-01d022ad2d4a2b1a,tomcat,2024-06-07,[Bug 69122] we always use the newest Software Engineering idea,1,pending,,
topic-2272511525010b00,tomcat,2024-06-07,[Bug 69125] Century Silicon City,4,pending,,
topic-294e6ff09baa6cdb,tomcat,2024-06-07,[Bug 69122] New: we always use the newest Software Engineering idea,1,pending,,
topic-356e69831052f1dc,tomcat,2024-06-07,[Bug 69124] https://www.ninjaiptv.fr,1,pending,,
topic-36ec870b1a1499f4,tomcat,2024-06-07,[Bug 69125] New: Century Silicon City,1,pending,,
topic-563704dec13825b5,tomcat,2024-06-07,Notes from Tomcat security day,2,pending,,
topic-710a93393a9dd505,tomcat,2024-06-07,Security mechanisms to counter spam,6,pending,,
topic-8f424fa5a4cfd6e0,tomcat,2024-06-07,[Bug 69121] New: Async requests are being forwarded to the default error page when the connection with the server is lost,1,pending,,
topic-92250ef8099ea861,tomcat,2024-06-07,[Bug 69124] SPAM SPAM SPAM SPAM,1,pending,,
topic-a0e8519c42d158c0,tomcat,2024-06-07,"[Bug 69120] Read, Learn and Explore: Windows",1,pending,,
topic-ba33cb1a08226868,tomcat,2024-06-07,[Bug 69124] New: https://www.ninjaiptv.fr,1,pending,,
topic-f7c57f48d6683131,tomcat,2024-06-07,[Bug 69125] SPAM SPAM SPAM SPAM,2,pending,,
topic-b2e13f8280f49faa,tomcat,2024-06-08,[Bug 69129] New: Upgrade to Tomcat 10.1 breaks deployments with reverse proxies,1,pending,,
topic-cce1d1339ba3b230,tomcat,2024-06-08,"[Bug 61773] When more than 10000 times of HTTPS websocket, Tomcat cannot respond to requesting HTTPS requests",2,pending,,
topic-13b197d6ba8ee0f0,tomcat,2024-06-09,Bug report for Tomcat 9 [2024/06/09],1,pending,,
topic-26ee639aad385b55,tomcat,2024-06-09,Bug report for Tomcat Native [2024/06/09],1,pending,,
topic-5bcb4f1c44330365,tomcat,2024-06-09,Bug report for Tomcat 10 [2024/06/09],1,pending,,
topic-cdeab4cb2e408ed3,tomcat,2024-06-09,Bug report for Tomcat 8 [2024/06/09],1,pending,,
topic-d0ed96b5b12f8260,tomcat,2024-06-09,Bug report for Tomcat Connectors [2024/06/09],1,pending,,
topic-e3ac3ecd0824e422,tomcat,2024-06-09,Bug report for Tomcat Modules [2024/06/09],1,pending,,
topic-f9e70c4c75e35e44,tomcat,2024-06-09,Bug report for Taglibs [2024/06/09],1,pending,,
topic-c960b5d79f556d22,tomcat,2024-06-10,Tagging June releases,5,pending,,
topic-f40cf7d0f5260846,tomcat,2024-06-10,JDK 23 Feature Freeze / New Loom EA builds,1,pending,,
topic-3922012cf8da6f8f,tomcat,2024-06-11,BND 7 and multi release JARs,4,pending,,
topic-65e985a3e8735933,tomcat,2024-06-11,"[Bug 69131] New: allowCorsPreflight=""filter"" does not work with filter mappings other than ""/*"" for the CorsFilter",1,pending,,
topic-85f34b05c7e97553,tomcat,2024-06-11,[PR] Fix typo in Czech translation [tomcat],2,pending,,
topic-b54ca458812fac7d,tomcat,2024-06-11,"(tomcat) branch main updated: Add RealmBase.getPrincipal(GSSName, GSSCredential, GSSContext)",4,pending,,
topic-d9e62d40c59c5e29,tomcat,2024-06-11,"[Bug 69131] allowCorsPreflight=""filter"" does not work with filter mappings other than ""/*"" for the CorsFilter",8,pending,,
topic-da411ffad2f7b7bd,tomcat,2024-06-11,[Bug 69130] New: nenetv,2,pending,,
topic-023f21b033dd6c79,tomcat,2024-06-12,[Bug 69132] SPAM SPAM SPAM SPAM,1,pending,,
topic-59572f322a9dd574,tomcat,2024-06-12,[PR] Configurable HTML subtitle in Manager web application [tomcat],2,pending,,
topic-6b5d484cb246764c,tomcat,2024-06-12,[Bug 69132] New: Improvements in security features and configurations,1,pending,,
topic-71ce7e1891bf82f6,tomcat,2024-06-12,[PR] Make ConnectionHandler accessible through API from AbstractProtocol to ultimately acess RequestGroupInfo [tomcat],3,pending,,
topic-80f2b96df1e3da1d,tomcat,2024-06-12,[Bug 69121] Async requests are being forwarded to the default error page when the connection with the server is lost,14,pending,,
topic-94f33274c301c775,tomcat,2024-06-12,[Bug 69133] Add property for max queue size to AbstractProtocol,3,pending,,
topic-e59c72469af85ddd,tomcat,2024-06-12,[Bug 69133] New: Add property for max queue size to AbstractProtocol,1,pending,,
topic-fbfbb02da1a091e0,tomcat,2024-06-12,[Bug 69129] Upgrade to Tomcat 10.1 breaks deployments with reverse proxies,1,pending,,
topic-4500facf7713ee38,tomcat,2024-06-13,[Bug 69135] New: Tag files doing relative file include does not works in case tag is in jar,1,pending,,
topic-d680717d258a8d5f,tomcat,2024-06-13,[Bug 69135] Tag files doing relative file include does not works in case tag is in jar,7,pending,,
topic-143d3587dcfeb998,tomcat,2024-06-14,[VOTE] Release Apache Tomcat 10.1.25,8,pending,,
topic-1f4ca7c4728b2005,tomcat,2024-06-14,[VOTE] Release Apache Tomcat 9.0.90,16,pending,,
topic-3d02be8f9c648f23,tomcat,2024-06-14,[PR] Rename method `getUseVirtualThreads` to `isUseVirtualThreads` [tomcat],5,pending,,
topic-6dce42bc328bf1e0,tomcat,2024-06-14,Nexus: Staging Completed,4,pending,,
topic-8ef651dfd5de6a5e,tomcat,2024-06-14,(tomcat) branch main updated: Port tweak to avoid counting down if not initialized,1,pending,,
topic-d1427a197c6bfa24,tomcat,2024-06-14,(tomcat) branch main updated: Restore warning to use only this listener with Server,1,pending,,
topic-f379d63f3090c9be,tomcat,2024-06-14,[VOTE] Release Apache Tomcat 11.0.0-M21,5,pending,,
topic-9ab8dd8283ff1e96,tomcat,2024-06-15,[Bug 69136] New: easy home furniture,1,pending,,
topic-d26f97bc66910c42,tomcat,2024-06-15,[Bug 69136] easy home furniture,1,pending,,
topic-22cd7eac4c891c38,tomcat,2024-06-16,Bug report for Tomcat Connectors [2024/06/16],1,pending,,
topic-48e3474adb802875,tomcat,2024-06-16,Bug report for Tomcat Modules [2024/06/16],1,pending,,
topic-4d722a2a4bfb148b,tomcat,2024-06-16,Bug report for Tomcat 9 [2024/06/16],1,pending,,
topic-513b6491f7c7c495,tomcat,2024-06-16,Bug report for Tomcat 8 [2024/06/16],1,pending,,
topic-6d1abc865d845f6b,tomcat,2024-06-16,Bug report for Tomcat Native [2024/06/16],1,pending,,
topic-82cfc3adffc685ad,tomcat,2024-06-16,Bug report for Tomcat 10 [2024/06/16],1,pending,,
topic-fa0d3dfaf3b57e31,tomcat,2024-06-16,Bug report for Taglibs [2024/06/16],1,pending,,
topic-2613205d81b91490,tomcat,2024-06-17,[Bug 69138] http://pmegploan.org.in,1,pending,,
topic-324434faf5494b83,tomcat,2024-06-17,[Bug 69137] https://paryasfoundation.com/nasha-mukti-kendra-in-chandigarh/,1,pending,,
topic-4b7424d7962b11c8,tomcat,2024-06-17,[Bug 69138] New: http://pmegploan.org.in,1,pending,,
topic-4ec319cbabb0fc31,tomcat,2024-06-17,[Bug 69137] New: https://paryasfoundation.com/nasha-mukti-kendra-in-chandigarh/,1,pending,,
topic-17293a5ba02799f9,tomcat,2024-06-18,[Bug 69140] New: REGRESSION in change from Base64 from apache commons to java class,1,pending,,
topic-4f04ae63287afd49,tomcat,2024-06-18,[ANN] Apache Tomcat 11.0.0-M21 (beta) available,1,pending,,
topic-6e2c62b4750c573b,tomcat,2024-06-18,[Bug 69139] New: Buy Double Bed Frame Sydney,1,pending,,
topic-b18973954e210ca5,tomcat,2024-06-18,jakarta.el.TestImportHandlerStandardPackages fails for JDK 23,1,pending,,
topic-c42004f86a37021d,tomcat,2024-06-18,panama test TestOpenSSLConf.testOpenSSLConfCmdCipher() failing,4,pending,,
topic-d3bb4c5422eb872d,tomcat,2024-06-18,[VOTE][RESULT] Release Apache Tomcat 11.0.0-M21,1,pending,,
topic-efc4a0000bcdfe0b,tomcat,2024-06-18,[Bug 69139] Buy Double Bed Frame Sydney,1,pending,,
topic-f937350d24bd0ca3,tomcat,2024-06-18,TestDataSourceUserDatabase and TestDataSourceRealm need Java 17,5,pending,,
topic-0d920b03e374f6dc,tomcat,2024-06-19,[Bug 69066] SPNEGOAuthenticator not working afte switching to java.util.Base64,1,pending,,
topic-45081d8349729476,tomcat,2024-06-19,[Bug 69141] New: https://woodlandhillsmedicaltransport.com/,1,pending,,
topic-48040bab3a393e76,tomcat,2024-06-19,[ANN] Apache Tomcat 10.1.25 Available,1,pending,,
topic-4dcb3d632a4858cf,tomcat,2024-06-19,[ANN] Apache Tomcat 9.0.90 available,1,pending,,
topic-5787c6fcc6af9cd7,tomcat,2024-06-19,[VOTE][RESULT] Release Apache Tomcat 9.0.90,1,pending,,
topic-57f19133dc70961d,tomcat,2024-06-19,[Bug 69142] New: FileResourceSet allocates unnecessary Strings,1,pending,,
topic-a02d59ae834555e3,tomcat,2024-06-19,[Bug 69141] SPAM SPAM SPAM SPAM,1,pending,,
topic-d09cf4b04ba397d4,tomcat,2024-06-19,[VOTE][RESULT] Release Apache Tomcat 10.1.25,1,pending,,
topic-d2a6378ec4d89648,tomcat,2024-06-19,[Bug 69142] FileResourceSet allocates unnecessary Strings,4,pending,,
topic-e2d4a06633a510f6,tomcat,2024-06-19,[Bug 69141] https://woodlandhillsmedicaltransport.com/,1,pending,,
topic-eb792cdc7f200092,tomcat,2024-06-19,[Bug 69140] REGRESSION in change from Base64 from apache commons to java class,5,pending,,
topic-ef7a9b5b483c6b2d,tomcat,2024-06-19,(tomcat) branch main updated: Clear error earlier,3,pending,,
topic-0bca225bf7672bb0,tomcat,2024-06-21,[Bug 69148] New: SEVERE: Unable to process Jar entry,1,pending,,
topic-1728067c68ae4eb8,tomcat,2024-06-21,Clarifications and Suggestions on Tomcat Native Binary Distributions,5,pending,,
topic-23cbe957171717bc,tomcat,2024-06-21,[Bug 69145] https://lotterycorner.com/ga,1,pending,,
topic-58f45df14e975695,tomcat,2024-06-21,[Bug 69145] New: https://lotterycorner.com/ga,1,pending,,
topic-6d291ccb082f8c0f,tomcat,2024-06-21,[Bug 69145] SPAM SPAM SPAM SPAM,1,pending,,
topic-7c2ef5d77174987a,tomcat,2024-06-21,[Bug 69146] https://lotterycorner.com/ga,1,pending,,
topic-8e5f3edb9557cd91,tomcat,2024-06-21,[Bug 69146] SPAM SPAM SPAM SPAM,1,pending,,
topic-dc5d67fae0b7a0bc,tomcat,2024-06-21,[Bug 69146] New: https://lotterycorner.com/ga,1,pending,,
topic-23351a4213d638a9,tomcat,2024-06-23,Bug report for Tomcat 9 [2024/06/23],1,pending,,
topic-3222bc80588bcd6e,tomcat,2024-06-23,Bug report for Taglibs [2024/06/23],1,pending,,
topic-4ce7470dc770d9c3,tomcat,2024-06-23,Bug report for Tomcat Modules [2024/06/23],1,pending,,
topic-5fb530a8998e52fa,tomcat,2024-06-23,Bug report for Tomcat 10 [2024/06/23],1,pending,,
topic-758641b1e5a2401c,tomcat,2024-06-23,Bug report for Tomcat 8 [2024/06/23],1,pending,,
topic-80d3c38a45fa77c3,tomcat,2024-06-23,Bug report for Tomcat Native [2024/06/23],1,pending,,
topic-e557dfd81af92725,tomcat,2024-06-23,Bug report for Tomcat Connectors [2024/06/23],1,pending,,
topic-31c04c1881363313,tomcat,2024-06-24,[Bug 69148] SEVERE: Unable to process Jar entry,3,pending,,
topic-379115d41f2af379,tomcat,2024-06-24,[PR] Increase test coverage of WsServerContainer [tomcat],3,pending,,
topic-3a1cc4828866f6d2,tomcat,2024-06-24,[Bug 69150] Tomcat JVM Crashing with Temurin jdk-21.0.2,2,pending,,
topic-3c741a187cec4527,tomcat,2024-06-24,[Bug 69150] New: Tomcat JVM Crashing with Temurin jdk-21.0.2,1,pending,,
topic-7c40ca6d6168da87,tomcat,2024-06-24,[Bug 69151] New: closing head and body disappear during compilation from jsp to java / class file,1,pending,,
topic-9a75d1990620420d,tomcat,2024-06-24,[Bug 69151] closing head and body disappear during compilation from jsp to java / class file,6,pending,,
topic-27f15ebfd72de1f5,tomcat,2024-06-25,[Bug 69152] La Sneaker Store,3,pending,,
topic-586a9e90ad3dbeaa,tomcat,2024-06-25,[Bug 69152] SPAM SPAM SPAM SPAM,1,pending,,
topic-ce64d388a11ae18f,tomcat,2024-06-25,[Bug 69152] New: La Sneaker Store,1,pending,,
topic-4d9b773e57c4e58c,tomcat,2024-06-26,(tomcat) branch main updated: Fix line endings (should be LF in source control),1,pending,,
topic-cefb656a9af80d5b,tomcat,2024-06-27,(tomcat) branch main updated: Remove cglib dependency,1,pending,,
topic-85bf5e0203b49a00,tomcat,2024-06-28,(tomcat) branch main updated: Try to adjust for Windows,2,pending,,
topic-32ed6c32d94669c8,tomcat,2024-06-30,Bug report for Tomcat Native [2024/06/30],1,pending,,
topic-40e4a46606c07d61,tomcat,2024-06-30,Bug report for Tomcat 10 [2024/06/30],1,pending,,
topic-878209b39bcf44f3,tomcat,2024-06-30,Bug report for Tomcat 8 [2024/06/30],1,pending,,
topic-92c74b715799dc1a,tomcat,2024-06-30,Bug report for Tomcat 9 [2024/06/30],1,pending,,
topic-a25df2add702c435,tomcat,2024-06-30,Bug report for Tomcat Connectors [2024/06/30],1,pending,,
topic-a7e3b1ce35358c47,tomcat,2024-06-30,Bug report for Taglibs [2024/06/30],1,pending,,
topic-d458eef6ca75c113,tomcat,2024-06-30,Bugzilla weekly emails,2,pending,,
topic-d621c194509d46de,tomcat,2024-06-30,Bug report for Tomcat Modules [2024/06/30],1,pending,,
topic-cea2c812eddeb6d2,tomcat,2024-07-01,(tomcat) branch main updated: Remove MacOS workaround,2,pending,,
topic-0e6d449a5571ebdc,tomcat,2024-07-02,[VOTE] Release Apache Tomcat 11.0.0-M22,5,pending,,
topic-a6ed4cdf881b7035,tomcat,2024-07-02,[VOTE] Release Apache Tomcat 9.0.91,5,pending,,
topic-d3fa88e8c02353ec,tomcat,2024-07-02,Tagging 11.0.x,2,pending,,
topic-fc7c24cade00eac5,tomcat,2024-07-02,(tomcat) branch main updated: Attempt to fix unit tests on MacOS,1,pending,,
topic-062e33caea1bdb37,tomcat,2024-07-03,[Bug 55788] TagPlugins should key on tag QName rather than implementation class,2,pending,,
topic-0631575be87fe756,tomcat,2024-07-03,[ANN] New committer: Chuck Caldarale,2,pending,,
topic-32915cd7d1e45297,tomcat,2024-07-03,"[Bug 56300] [Tribes] No useful examples, lack of documentation",2,pending,,
topic-3598cfa30eb67427,tomcat,2024-07-03,[Bug 65809] Reduce memory footprint for long-lasting WebSocket server connections,2,pending,,
topic-4fac478bfe0019e8,tomcat,2024-07-03,"[Bug 57701] Implement ""[Redeploy]"" button for a web application",2,pending,,
topic-606eadb6c05a0644,tomcat,2024-07-03,[Bug 63167] Network Requirements To Resolve No Members Active In Cluster Group,2,pending,,
topic-643f0d756367de32,tomcat,2024-07-03,[PR] Fix problem with concurrent access to different ConnectionPool instances [tomcat],5,pending,,
topic-66cd3d7d887e54d8,tomcat,2024-07-03,"[Bug 69164] Exception ""java.lang.IllegalArgumentException"", due to: The Unicode character [木] outside the permitted range of 0 to 255",5,pending,,
topic-682fa91361d61110,tomcat,2024-07-03,[Bug 58935] Re-deploy from war without deleting context,2,pending,,
topic-74e6d0cf5a245f95,tomcat,2024-07-03,[SECURITY] CVE-2024-34750 Apache Tomcat - Denial of Service,1,pending,,
topic-a58447b2c6b01f56,tomcat,2024-07-03,[Bug 60849] Tomcat NIO Connector not able to handle SSL renegotiation handshake exception,2,pending,,
topic-b37c1bf149d92cb3,tomcat,2024-07-03,[Bug 57827] Enable adding/removing of members via jmx in a static-membership cluster,2,pending,,
topic-bed03472dfb66ebd,tomcat,2024-07-03,"[Bug 69164] New: Exception ""java.lang.IllegalArgumentException"", due to: The Unicode character [木] outside the permitted range of 0 to 255",1,pending,,
topic-cd94f542a7cb3df5,tomcat,2024-07-03,[Bug 57486] Improve reuse of ProtectedFunctionMapper instances in generated JSP,2,pending,,
topic-d4b7e6acdff4e80f,tomcat,2024-07-03,[PR] javax2jakarta has been included in Fedora [tomcat-jakartaee-migration],1,pending,,
topic-f5e01fecbbc1deac,tomcat,2024-07-03,[Bug 57421] Farming default directories,2,pending,,
topic-6ce1eede85882cfa,tomcat,2024-07-04,Unit test failures for 11.0.0-M22 on JDK 24 EA 4,1,pending,,
topic-f0716be0245f238e,tomcat,2024-07-04,OpenSSL alternatives using FFM,4,pending,,
topic-1914fb8fe42b7655,tomcat,2024-07-05,[PR] Merged two loops into one to simplify the logic [tomcat],3,pending,,
topic-28c309cc2711f977,tomcat,2024-07-05,[ANN] New committer: Dimitris Soumis,10,pending,,
topic-5c16c29e5d8eb438,tomcat,2024-07-05,"[Bug 69167] New: Is tomcat10.1 impacted with these vulnerabilities (CVE-2024-5535, CVE-2024-4603, CVE-2024-2511)",1,pending,,
topic-7f0847fcb0c8a007,tomcat,2024-07-05,(tomcat-native) branch main updated: Fix broken XML,1,pending,,
topic-9cdeb2086753ccb1,tomcat,2024-07-05,[ANN] Apache Tomcat 11.0.0-M22 (beta) available,1,pending,,
topic-a6ecfe9ed8825e13,tomcat,2024-07-05,[VOTE][RESULT] Release Apache Tomcat 11.0.0-M22,1,pending,,
topic-dadc9ef7d6638ec2,tomcat,2024-07-05,(tomcat) branch main updated: Re-draw first of six sequence diagrams showing how Tomcat starts.,1,pending,,
topic-dadff541b7c059f7,tomcat,2024-07-05,"[Bug 69167] Is tomcat10.1 impacted with these vulnerabilities (CVE-2024-5535, CVE-2024-4603, CVE-2024-2511)",2,pending,,
topic-73b1bb58ef538d70,tomcat,2024-07-07,Bug report for Tomcat 8 [2024/07/07],1,pending,,
topic-763ec8db584c7a0a,tomcat,2024-07-07,[VOTE] Release Apache Tomcat 10.1.26,6,pending,,
topic-7da3a503a6bb9c2f,tomcat,2024-07-07,Bug report for Taglibs [2024/07/07],1,pending,,
topic-82b72085e005b454,tomcat,2024-07-07,Bug report for Tomcat 9 [2024/07/07],1,pending,,
topic-c5d13bebfed8c0af,tomcat,2024-07-07,Bug report for Tomcat Modules [2024/07/07],1,pending,,
topic-ceeea894945328e1,tomcat,2024-07-07,Bug report for Tomcat 10 [2024/07/07],1,pending,,
topic-d2f8a7b4ef3b6cc1,tomcat,2024-07-07,Bug report for Tomcat Connectors [2024/07/07],1,pending,,
topic-d3abf40e25095f66,tomcat,2024-07-07,Bug report for Tomcat Native [2024/07/07],1,pending,,
topic-2a81334b8103aec2,tomcat,2024-07-08,[VOTE][RESULT] Release Apache Tomcat 9.0.91,1,pending,,
topic-33ca297521255fe4,tomcat,2024-07-08,[Bug 69171] Brigade Citrine,1,pending,,
topic-3f1d4153bb5875d6,tomcat,2024-07-08,[Bug 69171] SPAM SPAM SPAM SPAM,1,pending,,
topic-b830c56b5859d62e,tomcat,2024-07-08,[Bug 69171] New: Brigade Citrine,1,pending,,
topic-b86a729321811210,tomcat,2024-07-08,[PR] Bump org.apache.tomcat:tomcat-coyote from 11.0.0-M18 to 11.0.0-M21 in /modules/openssl-foreign [tomcat],2,pending,,
topic-f097b274d6f71da2,tomcat,2024-07-08,[ANN] Apache Tomcat 9.0.91 available,1,pending,,
topic-0a46684e7f379c5f,tomcat,2024-07-09,[Bug 69175] New: https://eikomp.com/,1,pending,,
topic-0a7edf868017d4bc,tomcat,2024-07-09,"[PR] Update, refactor and polish instructions of the documentation. [tomcat-native]",1,pending,,
topic-0b96ba417da5e192,tomcat,2024-07-09,[Bug 69175] SPAM SPAM SPAM SPAM,1,pending,,
topic-189f2b64c6e4dea6,tomcat,2024-07-09,[Bug 69176] SPAM SPAM SPAM SPAM,1,pending,,
topic-39f75962c0a32134,tomcat,2024-07-09,[Bug 69174] New: Prestige Oakville New Home Plan,1,pending,,
topic-5efb409c13018922,tomcat,2024-07-09,[Bug 69176] New: https://eikomp.com/,1,pending,,
topic-7dcf3967b7de44af,tomcat,2024-07-09,[Bug 69174] Prestige Oakville New Home Plan,1,pending,,
topic-bc16957fd1bdf59a,tomcat,2024-07-09,[Bug 69174] SPAM SPAM SPAM SPAM,1,pending,,
topic-1bb2aae24e94d078,tomcat,2024-07-10,[Bug 69180] Windows Tomcat service crashes in certain cases,16,pending,,
topic-6509ed4a47acde83,tomcat,2024-07-10,[Bug 69180] New: Windows Tomcat service crashes in certain cases,1,pending,,
topic-40491af7709fb409,tomcat,2024-07-11,[Bug 69184] SPAM SPAM SPAM SPAM,1,pending,,
topic-4069e24127cb240c,tomcat,2024-07-11,[Bug 69182] New: Tomcat doesn't seem to call SSLEngine.closeInbound when the HTTPS client disconnects,1,pending,,
topic-599b6d963afeeaf8,tomcat,2024-07-11,[PR] fix typos [tomcat],2,pending,,
topic-5f69e25284dfb1cf,tomcat,2024-07-11,[Bug 69182] Tomcat doesn't seem to call SSLEngine.closeInbound when the HTTPS client disconnects,6,pending,,
topic-66b8fd30e8e4bc39,tomcat,2024-07-11,[Bug 69184] New: FEDUS,1,pending,,
topic-6c0edc03cb1b1759,tomcat,2024-07-11,[PR] Add OpenSSL FFM code [tomcat],2,pending,,
topic-07e5e133d472ef49,tomcat,2024-07-12,[Bug 69187] New: Gogoanime,1,pending,,
topic-16a8bcda1ed00901,tomcat,2024-07-12,[Bug 69189] New: https://digitalnexio.com/,1,pending,,
topic-2965a8c1f5042a2f,tomcat,2024-07-12,[VOTE][RESULT] Release Apache Tomcat 10.1.26,1,pending,,
topic-836dab7d13595b7d,tomcat,2024-07-12,[Bug 69188] New: anime,1,pending,,
topic-a67b9245bd499f0c,tomcat,2024-07-12,[Bug 69187] SPAM SPAM SPAM SPAM,1,pending,,
topic-a8fdb9b5b5b88608,tomcat,2024-07-12,[Bug 69190] SPAM SPAM SPAM SPAM,1,pending,,
topic-affa75746b877d01,tomcat,2024-07-12,[ANN] Apache Tomcat 10.1.26 Available,1,pending,,
topic-b7cdedd5ed27c567,tomcat,2024-07-12,[Bug 69189] SPAM SPAM SPAM SPAM,2,pending,,
topic-bc8063c2599820b0,tomcat,2024-07-12,[VOTE] Release Apache Tomcat 10.1.26 (need more votes),1,pending,,
topic-be6e1091f6618efd,tomcat,2024-07-12,[Bug 69188] SPAM SPAM SPAM SPAM,1,pending,,
topic-ef601c5119d829a9,tomcat,2024-07-12,[Bug 69189] https://digitalnexio.com/,1,pending,,
topic-fcbb705e2e5cdb67,tomcat,2024-07-12,[Bug 69190] New: https://buystealthaccount.com/,1,pending,,
topic-11ef95eebd775e07,tomcat,2024-07-13,[Bug 69192] New: ALEXISTOGEL,1,pending,,
topic-46cff1be2a676566,tomcat,2024-07-13,[Bug 69191] New: CDI Injection does not work properly,1,pending,,
topic-6175c94a863c32b0,tomcat,2024-07-13,[Bug 69191] CDI Injection does not work properly,2,pending,,
topic-96595a9ae5fe9618,tomcat,2024-07-13,[Bug 69192] SPAM SPAM SPAM SPAM,2,pending,,
topic-d1de771ed0f2e8b1,tomcat,2024-07-13,[Bug 69192] ALEXISTOGEL,1,pending,,
topic-3a183ffc82929784,tomcat,2024-07-14,Bug report for Tomcat 10 [2024/07/14],1,pending,,
topic-4aa3b8f20b293a8e,tomcat,2024-07-14,Bug report for Tomcat Native [2024/07/14],1,pending,,
topic-648b2386066f56a0,tomcat,2024-07-14,Bug report for Tomcat 9 [2024/07/14],1,pending,,
topic-8e831e2079b38206,tomcat,2024-07-14,Bug report for Tomcat 8 [2024/07/14],1,pending,,
topic-d7cbe645b8557475,tomcat,2024-07-14,Bug report for Tomcat Modules [2024/07/14],1,pending,,
topic-dfb1e9a926c483e2,tomcat,2024-07-14,Bug report for Taglibs [2024/07/14],1,pending,,
topic-e63898f343cd840a,tomcat,2024-07-14,Bug report for Tomcat Connectors [2024/07/14],1,pending,,
topic-1c84c19275191102,tomcat,2024-07-15,[Bug 69195] custom 400 error redirect not  working in tomcat 9,7,pending,,
topic-a28c60a3374df1a2,tomcat,2024-07-15,[Bug 69195] New: custom 400 error redirect not  working in tomcat 9,1,pending,,
topic-ed8b73af2eeb4b11,tomcat,2024-07-15,[Bug 69196] New: About Masuklinkdewi.com: Your Ultimate Online Resource Hub  Masuklinkdewi.com is a very versatile website that offers online services and resources. It avails relevant information and tools that enhance the experiences of its users online. This site is ve,1,pending,,
topic-30c9de8a17d94d01,tomcat,2024-07-16,[Bug 69200] New: Fethiye Tour,1,pending,,
topic-329d18dd2811f78f,tomcat,2024-07-16,[Bug 69202] SPAM SPAM SPAM SPAM,3,pending,,
topic-57a2234c680534e2,tomcat,2024-07-16,[I] test [tomcat-jakartaee-migration],2,pending,,
topic-5aade9d834c14024,tomcat,2024-07-16,[Bug 69202] New: Android Game Modifier Software,1,pending,,
topic-6dc2c0845ec91c6f,tomcat,2024-07-16,[Bug 69201] SPAM SPAM SPAM SPAM,1,pending,,
topic-9db84ecd5ed0c006,tomcat,2024-07-16,(tomcat) branch main updated: Fix regression calling add-osgi,4,pending,,
topic-b67d7d40b76f9087,tomcat,2024-07-16,[Bug 69200] SPAM SPAM SPAM SPAM,1,pending,,
topic-d2b1ff02b8822aaf,tomcat,2024-07-16,[Bug 69202] Android Game Modifier Software,1,pending,,
topic-e2ad4c064a546beb,tomcat,2024-07-16,[Bug 69201] New: fethiye activities,1,pending,,
topic-e6a2789b88f0b579,tomcat,2024-07-16,[Bug 69200] Fethiye Tour,1,pending,,
topic-4ce3df4cae8fef5c,tomcat,2024-07-17,Short and long term plans for Tomcat Native,10,pending,,
topic-4cf642961cf13878,tomcat,2024-07-17,[VOTE] Release Apache Tomcat Native 2.0.8,5,pending,,
topic-5f324a95019f49b3,tomcat,2024-07-17,[Bug 69204] New: alexistogel,1,pending,,
topic-15bd5316c26156c4,tomcat,2024-07-18,[VOTE] Release Apache Tomcat Native 1.3.1,5,pending,,
topic-35de14c258aee054,tomcat,2024-07-18,[Bug 69205] New: usautogear,1,pending,,
topic-418e192c905e7803,tomcat,2024-07-18,[Bug 69207] SPAM SPAM SPAM SPAM,1,pending,,
topic-559e76e84aba1e67,tomcat,2024-07-18,[Bug 69206] jdbc-pool is not returning the proxied Statement from a ResultSet,4,pending,,
topic-56601588ced739a2,tomcat,2024-07-18,[Bug 56596] OpenSSL 1.0.1g is vulnerable to a man-in-the-middle attack,3,pending,,
topic-6ca77810661246ea,tomcat,2024-07-18,[PR] Handle osgi headers correctly [tomcat-jakartaee-migration],4,pending,,
topic-b2117e24ce8538ab,tomcat,2024-07-18,[Bug 63362] GlobalRequestProcessor statistics in MBean does not count Websocket communication,3,pending,,
topic-b89883bb3101d44d,tomcat,2024-07-18,[Bug 69207] New: https://thepixellabmodapk.com/insurance/,1,pending,,
topic-cc32641f43d24647,tomcat,2024-07-18,(tomcat-native) branch 1.3.x updated: Align with 9.0.x,2,pending,,
topic-d6cff98b1147958b,tomcat,2024-07-18,[Bug 69205] usautogear,1,pending,,
topic-dbbcf7004ff4a178,tomcat,2024-07-18,[Bug 69206] New: jdbc-pool is not returning the proxied Statement from a ResultSet,1,pending,,
topic-05ee41d164625822,tomcat,2024-07-19,[Bug 69208] Submit report bug,1,pending,,
topic-1027bb59e2ffeeff,tomcat,2024-07-19,[Bug 69208] SPAM SPAM SPAM SPAM,1,pending,,
topic-bdd1dce2121f3116,tomcat,2024-07-19,(tomcat) 06/07: Add HTTP/2 support for early hints,2,pending,,
topic-ce4b706dcfa87cff,tomcat,2024-07-19,(tomcat) 03/09: Refactor writing of the status code,1,pending,,
topic-d6709298ec07d8fc,tomcat,2024-07-19,[Bug 69208] New: Submit report bug,1,pending,,
topic-6a41936a7f22e36e,tomcat,2024-07-20,[Bug 69210] New: debug message no longer appearing when Cors filter failure is detected,1,pending,,
topic-c06d14eddfc5cade,tomcat,2024-07-20,[Bug 69210] debug message no longer appearing when Cors filter failure is detected,1,pending,,
topic-4a383b036a9901ed,tomcat,2024-07-22,JDK 23 RDP2 | Removal of the legacy COMPAT locale provider and more heads-up!,1,pending,,
topic-4f114e787c2b2260,tomcat,2024-07-22,TCK CI runs,9,pending,,
topic-6c2c3045503e9ecb,tomcat,2024-07-22,[Bug 69214] New: CORSFilter prevent requests with POST method with no content type,1,pending,,
topic-7cb4222b6507d256,tomcat,2024-07-22,[Bug 69213] New: https://www.rajasthancabs.co.in/rajasthan-taxi-services.php,1,pending,,
topic-99dbdd6d00cb5c19,tomcat,2024-07-22,[Bug 69214] CORSFilter prevent requests with POST method with no content type,3,pending,,
topic-01a6cd1972caf984,tomcat,2024-07-23,[Bug 65347] The equals method from statements generated by the StatementFacade throws both Illegal Argument Exception and NullPointerExceptions,1,pending,,
topic-1f72dba5e5681ded,tomcat,2024-07-23,[Bug 69216] New: META-INT/services is missing from tomcat-embed-el,1,pending,,
topic-62bf72cd6cfc9ea6,tomcat,2024-07-23,[Bug 69216] META-INF/services is missing from tomcat-embed-el,5,pending,,
topic-832899a547f89977,tomcat,2024-07-23,[PR] Correctly Proxy Statement returned from ResultSet [tomcat],11,pending,,
topic-fe752c9105505bca,tomcat,2024-07-23,Performance improvements for HTTP/2,6,pending,,
topic-6dd610b3aa860c4c,tomcat,2024-07-24,[VOTE][RESULT] Release Apache Tomcat Native 1.3.1,1,pending,,
topic-bbeb7382bb6cf95e,tomcat,2024-07-24,[ANN] Apache Tomcat Native 1.3.1 released,1,pending,,
topic-d71b46216400c76f,tomcat,2024-07-24,[Bug 69218] New: Sattva Lumina Apartments,1,pending,,
topic-d7ceedb2570d9291,tomcat,2024-07-24,[ANN] Apache Tomcat Native 2.0.8 released,1,pending,,
topic-e289089b27ccf7ed,tomcat,2024-07-24,[VOTE][RESULT] Release Apache Tomcat Native 2.0.8,1,pending,,
topic-e6519579f1a5e8a7,tomcat,2024-07-24,[Bug 69218] Sattva Lumina Apartments,1,pending,,
topic-1c33367ea01884ca,tomcat,2024-07-25,Simplifying JreCompat,6,pending,,
topic-1d408604e3a0432c,tomcat,2024-07-25,[PR] Update RUNNING.txt [tomcat],5,pending,,
topic-6682a85d1a4a4868,tomcat,2024-07-25,(tomcat) 01/03: Add JreCompat support for Subject.callAs(),4,pending,,
topic-2232031122b2a810,tomcat,2024-07-26,[Bug 69224] SPAM SPAM SPAM SPAM,4,pending,,
topic-2c5ed5de089bed06,tomcat,2024-07-26,[Bug 69223] New: Sui Northern Gas (SNGPL) Duplicate Bill Checking Online,1,pending,,
topic-967b7d976c8c68a3,tomcat,2024-07-26,[Bug 69222] jakarta.el.ExpressionFactory service descriptor missing,1,pending,,
topic-a94246df2e475cdc,tomcat,2024-07-26,[Bug 69224] New: Best Smartphones Under 40000 to Buy on 12.12 Sale (2023),1,pending,,
topic-bf327512d266f5ae,tomcat,2024-07-26,[Bug 69223] SPAM SPAM SPAM SPAM,6,pending,,
topic-d2c398d8f8e92ca3,tomcat,2024-07-26,[Bug 69224] Best Smartphones Under 40000 to Buy on 12.12 Sale (2023),1,pending,,
topic-e7ab0e18acf4db5c,tomcat,2024-07-26,[Bug 69222] New: jakarta.el.ExpressionFactory service descriptor missing,1,pending,,
topic-43417af4d1a39b6c,tomcat,2024-07-27,[Bug 69227] New: https://bluewingsedu.com,1,pending,,
topic-84ded62debc7714f,tomcat,2024-07-27,[Bug 69227] https://bluewingsedu.com,4,pending,,
topic-b39eaf5909b4deac,tomcat,2024-07-27,Requesting the confirmation,3,pending,,
topic-0866e678bb6a5c3d,tomcat,2024-07-29,[Bug 69228] Tomcat occasionally return 404 html page,5,pending,,
topic-125ae9d012f322c2,tomcat,2024-07-29,Tagging August releases,1,pending,,
topic-cea95ffed9758254,tomcat,2024-07-29,[Bug 69228] New: Tomcat occasionally return 404 html page,1,pending,,
topic-e55c9d041361d891,tomcat,2024-07-29,[VOTE] Release Apache Tomcat 11.0.0-M23,10,pending,,
topic-527e3cf24c66df2a,tomcat,2024-07-30,[Bug 69234] New: Parallel deployment not working with tomcat 11,1,pending,,
topic-60d2a4bff0da9885,tomcat,2024-07-30,[VOTE] Release Apache Tomcat 10.1.27,8,pending,,
topic-62071da5b4680080,tomcat,2024-07-30,[Bug 69232] Servlet API jar is not BND,1,pending,,
topic-6bb93cded013d464,tomcat,2024-07-30,[Bug 69232] New: Servlet API jar is not BND,1,pending,,
topic-d1260ea2807df677,tomcat,2024-07-30,[VOTE] Release Apache Tomcat 9.0.92,11,pending,,
topic-bd0c238c82831e2d,tomcat,2024-07-31,[Bug 69234] Parallel deployment not working with tomcat 11,5,pending,,
topic-36e83cfcb40287e5,tomcat,2024-08-01,[Bug 69236] New: JDBC interceptor reset method oerdering,1,pending,,
topic-76c3d621f98c5554,tomcat,2024-08-01,Sporadic http2 test failures,6,pending,,
topic-e6a54207495f0b45,tomcat,2024-08-01,[Bug 69236] JDBC interceptor reset method call ordering,1,pending,,
topic-009f94ef75211aca,tomcat,2024-08-02,[VOTE] Release Apache Tomcat 10.1.28,6,pending,,
topic-12fd755f954105ec,tomcat,2024-08-02,"[PR] refactor: standardize the HTML, CSS and JSP in the webapps folder. [tomcat]",1,pending,,
topic-3edb995dd9b82dbd,tomcat,2024-08-02,[VOTE] Release Apache Tomcat 9.0.93,8,pending,,
topic-4f30f90131308044,tomcat,2024-08-02,[VOTE][CANCELLED] Release Apache Tomcat 10.1.27,1,pending,,
topic-9aecfaf090fb4368,tomcat,2024-08-02,[VOTE][CANCELLED] Release Apache Tomcat 11.0.0-M23,1,pending,,
topic-9d3a184655ebe622,tomcat,2024-08-02,[VOTE] Release Apache Tomcat 11.0.0-M24,10,pending,,
topic-cce5d567899ad38f,tomcat,2024-08-02,[PR] Introduce Tomcat Source-to-Image (S2I) [tomcat],3,pending,,
topic-b45b9662a81ad787,tomcat,2024-08-04,New contributor please welcome,2,pending,,
topic-1cd2d7dc8af3e1ba,tomcat,2024-08-06,AW: TLD scanner and debug logging,1,pending,,
topic-2807df6a84655b0b,tomcat,2024-08-06,[VOTE][RESULT] Release Apache Tomcat 11.0.0-M24,1,pending,,
topic-34fa2a36c9eb1946,tomcat,2024-08-06,[ANN] Apache Tomcat 11.0.0-M24 (beta) available,1,pending,,
topic-5a54eb9c81910511,tomcat,2024-08-06,[Bug 69245] New: Tomcat.addWebapp() doesn't expire sessions after Tomcat.start(),1,pending,,
topic-6715dbe42dd1ed20,tomcat,2024-08-06,[ANN] Apache Tomcat 10.1.28 Available,1,pending,,
topic-76ea6ff2f4b677e7,tomcat,2024-08-06,[ANN] Apache Tomcat 9.0.93 available,1,pending,,
topic-a3c8d4750bb90d46,tomcat,2024-08-06,[VOTE][RESULT] Release Apache Tomcat 9.0.93,1,pending,,
topic-a578dc085014f248,tomcat,2024-08-06,[VOTE][RESULT] Release Apache Tomcat 10.1.28,1,pending,,
topic-ca96f52dcf9caaa0,tomcat,2024-08-06,[Bug 69245] Tomcat.addWebapp() doesn't expire sessions after Tomcat.start(),11,pending,,
topic-d3d3e8b6ae30b356,tomcat,2024-08-06,[PR] correct typos [tomcat-connectors],5,pending,,
topic-e588ca860a3b77dc,tomcat,2024-08-06,TLD scanner and debug logging,5,pending,,
topic-1c35994bc1abf173,tomcat,2024-08-07,[Bug 64775] mod_jk is sending both Content-Length and Transfer-Encoding,1,pending,,
topic-25c2153927779339,tomcat,2024-08-07,[Bug 63808] the fact that JkMount makes other directives ineffective is undocumented,1,pending,,
topic-34851c0d9730b618,tomcat,2024-08-07,[Bug 65488] Destroy method is not being called during Failover configuration,1,pending,,
topic-46a755577aeab54f,tomcat,2024-08-07,[Bug 68720] Troubleshooting Tomcat: Addressing Compression Issues with Firefox 'NS_ERROR_NET_PARTIAL_TRANSFER' Error,5,pending,,
topic-54e99bb0f144e64e,tomcat,2024-08-07,(tomcat) branch main updated (5aa3aaf72d -> 3e80377f3b),1,pending,,
topic-5972920358fd6390,tomcat,2024-08-07,[Bug 57402] Provide correlation ID between mod_jk log and access log,1,pending,,
topic-6d900d3e71178220,tomcat,2024-08-07,[Bug 56576] Websocket support,1,pending,,
topic-99f52802e8c4057d,tomcat,2024-08-07,[Bug 69248] New: Empower Your Career with MBark,1,pending,,
topic-d6db4d4bbd70ec66,tomcat,2024-08-07,[PR] native/common/jk_global.h: fix compilation on musl [tomcat-connectors],2,pending,,
topic-e78ea8514992adfe,tomcat,2024-08-07,[Bug 69247] New: Enter MBark!,1,pending,,
topic-1ca9c81ab56092c9,tomcat,2024-08-08,[Bug 69254] Hunter Valley Wine Tours,1,pending,,
topic-46ae8f253814dd02,tomcat,2024-08-08,[VOTE] Release Apache Tomcat Connectors (JK) 1.2.50,6,pending,,
topic-e34b7ec364ccc23d,tomcat,2024-08-08,[Bug 69254] New: Hunter Valley Wine Tours,1,pending,,
topic-1a9bbae182b6edea,tomcat,2024-08-09,[Bug 69255] New: SQL Connection throws java.lang.reflect.UndeclaredThrowableException instead of SQLException,1,pending,,
topic-40287a62bb0339ad,tomcat,2024-08-09,[PR] Unwrap InvocationTargetException from underlying statement execution [tomcat],6,pending,,
topic-89d29d632c12a721,tomcat,2024-08-09,[Bug 69255] SQL Connection throws java.lang.reflect.UndeclaredThrowableException instead of SQLException,1,pending,,
topic-a17c411c8c543b77,tomcat,2024-08-12,[VOTE][RESULT] Release Apache Tomcat Connectors (JK) 1.2.50,1,pending,,
topic-ae03cdd4d360af0c,tomcat,2024-08-12,Create a Tomcat 12 branch?,5,pending,,
topic-d7891cb5b671d221,tomcat,2024-08-12,(tomcat) 02/02: Regenerate with latest JavaCC (7.0.13),1,pending,,
topic-1b8289b887dba98e,tomcat,2024-08-13,Retirement of people.a.o,2,pending,,
topic-368844dba32928b2,tomcat,2024-08-13,[ANN] Apache Tomcat Connectors 1.2.50 released,1,pending,,
topic-5dceb829349c296e,tomcat,2024-08-13,[PR] Make status code configurable [tomcat],7,pending,,
topic-0baa4416d741a72d,tomcat,2024-08-14,[Bug 69262] New: Application can fail to start if both jakarta.el::jakarta.el-api and org.apache.tomcat.embed::tomcat-embed-el are on the classpath,1,pending,,
topic-96dcc634c06afec2,tomcat,2024-08-14,[Bug 69262] Application can fail to start if both jakarta.el::jakarta.el-api and org.apache.tomcat.embed::tomcat-embed-el are on the classpath,5,pending,,
topic-aeb7df66693bd52d,tomcat,2024-08-14,Cookie parsing and upcoming updates to RFC6265,15,pending,,
topic-4a464cf46fd3c1f0,tomcat,2024-08-16,[Bug 69268] New: Oklahoma's Trusted Roofing Partner,1,pending,,
topic-9eb50ebe5f6b9aa9,tomcat,2024-08-16,[Bug 69268] Oklahoma's Trusted Roofing Partner,1,pending,,
topic-c298181712ce421d,tomcat,2024-08-19,[Bug 69270] The integration of Tomcat 8.5.99 and above versions with spring-boot-starter-web 2.0.6.RELEASE version resulted in a deadlock situation,2,pending,,
topic-eb64e6448cc60033,tomcat,2024-08-19,[Bug 69270] New: The integration of Tomcat 8.5.99 and above versions with spring-boot-starter-web 2.0.6.RELEASE version resulted in a deadlock situation,1,pending,,
topic-fadae9e63d775316,tomcat,2024-08-19,svn commit: r1920023 - in /tomcat/site/trunk: docs/security-model.html xdocs/security-model.xml,11,pending,,
topic-25f32de5d56e55cb,tomcat,2024-08-20,[Bug 69276] New: 9.0.93 includes tomcat-coyote-ffm.jar which requires Java 22+,1,pending,,
topic-8f6af319c274e7ad,tomcat,2024-08-20,[Bug 69276] 9.0.93 includes tomcat-coyote-ffm.jar which requires Java 22+,3,pending,,
topic-33c9c8ba7a02a910,tomcat,2024-08-21,[Bug 69281] New: https://fleetcontainers.com.au/shipping-containers-tasmania/,1,pending,,
topic-3435702a4286004c,tomcat,2024-08-21,"[Bug 69279] Calling stored procedure via MyBatis now throws SqlException with message ""ResultSet closed.""",2,pending,,
topic-3d72cae5e4ac129c,tomcat,2024-08-21,"[Bug 69283] Default value shows null when executes System.getProperty(""org.apache.catalina.connector.RECYCLE_FACADES"") in Tomcat 9.0.90",1,pending,,
topic-6ba8e11364a92adc,tomcat,2024-08-21,[Bug 69281] SPAM SPAM SPAM SPAM,2,pending,,
topic-a7e88d9912a3f06c,tomcat,2024-08-21,"[Bug 69283] New: Default value shows null when executes System.getProperty(""org.apache.catalina.connector.RECYCLE_FACADES"") in Tomcat 9.0.90",1,pending,,
topic-a8be5b0bccfc14a3,tomcat,2024-08-21,"[Bug 69279] New: Calling stored procedure via MyBatis now throws SqlException with message ""ResultSet closed.""",1,pending,,
topic-f838d56adb34889c,tomcat,2024-08-21,[PR] Fix proxying null value result set [tomcat],2,pending,,
topic-0d2bea2ec7dcd5bc,tomcat,2024-08-23,[Bug 69285] Performance improvement to ApplicationHttpRequest.parseParameters(),7,pending,,
topic-3129c717e252d043,tomcat,2024-08-23,[Bug 69285] New: Performance improvement to ApplicationHttpRequest.parseParameters(),1,pending,,
topic-546540f37a91849d,tomcat,2024-08-23,JDK 23 Release Candidates | Restrictive JAXP Configuration Heads-up,1,pending,,
topic-89f98166602d364e,tomcat,2024-08-23,(tomcat) branch main updated: Expected behaviour has been clarified when writing >= c-l bytes to body,2,pending,,
topic-0d3e33cf6f35903e,tomcat,2024-08-24,[Bug 69286] SPAM SPAM SPAM SPAM,3,pending,,
topic-7c8be41281c943d3,tomcat,2024-08-24,[Bug 69286] New: Opatoto Bandar Link Terbaik Manjur Sekali,1,pending,,
topic-b8cf5f2d34332e04,tomcat,2024-08-24,[Bug 69286] Opatoto Bandar Link Terbaik Manjur Sekali,1,pending,,
topic-066524d66d0be794,tomcat,2024-08-25,[Bug 69287] New: https://www.lme.com.tr,1,pending,,
topic-c2b66e7055e563f4,tomcat,2024-08-25,[Bug 69287] https://www.lme.com.tr,4,pending,,
topic-c76d447803956a2c,tomcat,2024-08-25,[QUESTION] Purchase UML tool using Google security funding,16,pending,,
topic-1e82756bd57b829d,tomcat,2024-08-26,[Bug 69289] Crystal Meth: Wat U Moet Weten,1,pending,,
topic-c84da41123624afa,tomcat,2024-08-26,[Bug 69289] New: Crystal Meth: Wat U Moet Weten,1,pending,,
topic-e2cceab7c41c4f21,tomcat,2024-08-26,[Bug 69289] SPAM SPAM SPAM SPAM,2,pending,,
topic-8d4684a082eaa612,tomcat,2024-08-27,[PR] review my code [tomcat],2,pending,,
topic-153790267aceacf7,tomcat,2024-08-28,[PR]  Add 11.0.x branch to GitHub actions CI [tomcat],1,pending,,
topic-3c9b5979c4bd6658,tomcat,2024-08-28,[Bug 69293] New: Cannot start Apache,1,pending,,
topic-ab366c3614e2718e,tomcat,2024-08-28,[Bug 69295] https://socialosso.com/,1,pending,,
topic-cb2ff1a0ede53133,tomcat,2024-08-28,[Bug 69295] New: https://socialosso.com/,1,pending,,
topic-f59a7413f08fe6ed,tomcat,2024-08-28,[Bug 69293] Cannot start Apache,2,pending,,
topic-a78429a55fd004e5,tomcat,2024-08-29,[Bug 69299] New: Distribute Tomcat Native via Maven central,1,pending,,
topic-12a279898cc1ee02,tomcat,2024-08-30,[Bug 69301] New: wrong headers in access log http2 with trailers,1,pending,,
topic-3152e29e400a7787,tomcat,2024-08-30,[Bug 69302] New: ReadListener#onError not called on read exception during async processing with read timeout,1,pending,,
topic-6d57c1c896fe45c5,tomcat,2024-08-30,[Bug 69301] wrong headers in access log http2 with trailers,2,pending,,
topic-7ebe96fa32635274,tomcat,2024-09-01,(tomcat) branch 9.0.x updated: Fix imports,1,pending,,
topic-582011edfa2739ff,tomcat,2024-09-02,[Bug 69302] ReadListener#onError not called on read exception during async processing with read timeout,4,pending,,
topic-509d7a86a4cc6d89,tomcat,2024-09-03,(tomcat) branch main updated: Add instructions to edit via POPEditor.com to all translated files,3,pending,,
topic-6cae9881e10d72a2,tomcat,2024-09-03,[PR] i18n zh translation improvement for 9.0.x [tomcat],4,pending,,
topic-b39e5109c6afd29b,tomcat,2024-09-03,Buildbot failure in  on tomcat-12.0.x,64,pending,,
topic-df9bbbda7e9c2570,tomcat,2024-09-03,Tagging the September releases and 11.0.x stability,3,pending,,
topic-840cc32a8220df33,tomcat,2024-09-04,Buildbot success in  on tomcat-12.0.x,64,pending,,
topic-09f4ef55c157be98,tomcat,2024-09-05,[Bug 69299] Distribute Tomcat Native via Maven central,1,pending,,
topic-0e06176a700f2c6c,tomcat,2024-09-05,[Bug 69307] SPAM SPAM SPAM SPAM,1,pending,,
topic-3488d05e1b3cc146,tomcat,2024-09-05,[VOTE] Release Apache Tomcat 9.0.94,6,pending,,
topic-60c49d2e477e28bd,tomcat,2024-09-05,[Bug 69306] New: SEO Expert,1,pending,,
topic-dcac30a53a5d273a,tomcat,2024-09-05,[VOTE] Release Apache Tomcat 11.0.0-M25,7,pending,,
topic-f0a2d3d0bbfbcf25,tomcat,2024-09-05,[Bug 69307] New: Professional Pest Control Services in Dubai--Almanama,1,pending,,
topic-982d7638ab821dc2,tomcat,2024-09-06,"(tomcat) branch 9.0.x updated: Add lifecycle events, correct activation, use aliases correctly",2,pending,,
topic-b1af6670b6ffbd21,tomcat,2024-09-06,(tomcat) branch main updated: Add lifecycle event detail for Server,3,pending,,
topic-b2b9c6ee1ad1d429,tomcat,2024-09-06,[Bug 69309] New: Document Translation And Apostille Services,1,pending,,
topic-c4348ba6025d5781,tomcat,2024-09-06,[Bug 69309] Document Translation And Apostille Services,1,pending,,
topic-e431184e0f963907,tomcat,2024-09-06,[VOTE] Release Apache Tomcat 10.1.29,6,pending,,
topic-09d755a82f090bbe,tomcat,2024-09-09,[Bug 69312] Prestige Raintree Park top selling project,1,pending,,
topic-87646c13f79a8886,tomcat,2024-09-09,(tomcat) branch main updated: Use constant,1,pending,,
topic-93f79cc9717ee62b,tomcat,2024-09-09,[Bug 69312] New: Prestige Raintree Park top selling project,1,pending,,
topic-f0ea6125b3a6d4f6,tomcat,2024-09-09,[PR] Update Http11Processor.java [tomcat],4,pending,,
topic-41c5c678556bb6d1,tomcat,2024-09-10,[VOTE][RESULT] Release Apache Tomcat 11.0.0-M25,1,pending,,
topic-48d5f320185a7ba2,tomcat,2024-09-10,Architecture UML diagrams - startup,2,pending,,
topic-870e031034f1e12a,tomcat,2024-09-10,[VOTE][RESULT] Release Apache Tomcat 9.0.94,1,pending,,
topic-d0f976eb89fb42ae,tomcat,2024-09-10,[VOTE][RESULT] Release Apache Tomcat 10.1.29,2,pending,,
topic-31113a0552d93b1a,tomcat,2024-09-11,[Bug 69316] FastHttpDateFormat#getCurrentDate(): returns inaccurate date string.,2,pending,,
topic-6845efc17745fc80,tomcat,2024-09-11,[ANN] Apache Tomcat 11.0.0-M25 (beta) available,1,pending,,
topic-7cc2d9fd738e5e5d,tomcat,2024-09-11,[ANN] Apache Tomcat 10.1.29 Available,1,pending,,
topic-84644c724987d03f,tomcat,2024-09-11,[ANN] Apache Tomcat 9.0.94 available,1,pending,,
topic-94467bbfb469137d,tomcat,2024-09-11,[PR] fix bz #69316 FastHttpDateFormat - getCurrentDate() returns inaccurate result [tomcat],19,pending,,
topic-a25bf0204814742f,tomcat,2024-09-11,[Bug 69318] New: Why assetdeals is the best real estate constuant company in gurugram,1,pending,,
topic-d0cb9ec4fb753342,tomcat,2024-09-11,[Bug 69316] New: FastHttpDateFormat#getCurrentDate(): returns inaccurate date string.,1,pending,,
topic-d2254a227c41a7de,tomcat,2024-09-11,[PR] Resize elements array and update index in SynchronizedStack#setLimit when needed [tomcat],5,pending,,
topic-e01e10bb76568dd8,tomcat,2024-09-11,[PR] Bump postcss from 8.4.7 to 8.4.31 [tomcat-training],1,pending,,
topic-f32c0a5294498d45,tomcat,2024-09-11,[Bug 69318] Why assetdeals is the best real estate constuant company in gurugram,1,pending,,
topic-0389b741287c82dd,tomcat,2024-09-12,[Bug 69320] New: ERR_HTTP2_PROTOCOL_ERROR,1,pending,,
topic-62ed82840623203a,tomcat,2024-09-12,[PR] Add ParameterLimitValve to enforce request parameter limits for specific URLs [tomcat],8,pending,,
topic-ba1101e2dc20aff3,tomcat,2024-09-12,[PR] Tests the compatibility with rewrite from httpd for non existent headers [tomcat],3,pending,,
topic-bd94ffd5fee0e739,tomcat,2024-09-12,Future of JNI in Tomcat,7,pending,,
topic-bf50d8634ffc576b,tomcat,2024-09-12,Possible HTTP/2 regression in Sept releases,1,pending,,
topic-d0efec96520fa18e,tomcat,2024-09-12,[Bug 69320] ERR_HTTP2_PROTOCOL_ERROR,26,pending,,
topic-624a39fbf90a3b54,tomcat,2024-09-13,[VOTE] Release Apache Tomcat 9.0.95,6,pending,,
topic-640fe8c576466b1e,tomcat,2024-09-13,[VOTE] Release Apache Tomcat 11.0.0-M26,5,pending,,
topic-743c291dfccb5b79,tomcat,2024-09-13,"[ANN] Apache Tomcat: HTTP/2 regression in 11.0.0-M25, 10.1.29, 9.0.94",1,pending,,
topic-184207e53e4a2d5d,tomcat,2024-09-14,[VOTE] Release Apache Tomcat 10.1.30,7,pending,,
topic-48a214361780647b,tomcat,2024-09-15,[Bug 69325] Tomcat not allowing CRLF characters in Request headers,3,pending,,
topic-d6d2b41d3d49a2c0,tomcat,2024-09-15,[Bug 69325] New: Tomcat not allowing CRLF characters in Request headers,1,pending,,
topic-07547e8d83f6bc68,tomcat,2024-09-16,[VOTE][RESULT] Release Apache Tomcat 11.0.0-M26,1,pending,,
topic-3eea05bf540bfdd0,tomcat,2024-09-16,(tomcat) branch 11.0.x updated: Missing end tag,1,pending,,
topic-c6694f2818fd4890,tomcat,2024-09-16,[ANN] Apache Tomcat 11.0.0-M26 (beta) available,1,pending,,
topic-0c9115ad7dbc3436,tomcat,2024-09-17,[Bug 43632] NullPointerException in x:transform,1,pending,,
topic-2355d103679dadae,tomcat,2024-09-17,[Bug 43647] Content-Type changes unexpectedly from text/html to text/plain,1,pending,,
topic-4c9950c3494f8cfb,tomcat,2024-09-17,Nexus: Promotion Completed,1,pending,,
topic-6f88ac19b3983054,tomcat,2024-09-17,[Bug 43640] Move the tests package to JUnit,1,pending,,
topic-77da1208f9b2a9b8,tomcat,2024-09-17,[ANN] Apache Tomcat 10.1.30 Available,1,pending,,
topic-7cc64c1d9748da6e,tomcat,2024-09-17,[VOTE][RESULT] Release Apache Tomcat 10.1.30,1,pending,,
topic-9ea939d829acff52,tomcat,2024-09-17,[VOTE][RESULT] Release Apache Tomcat 9.0.95,1,pending,,
topic-b2b82c1ee35e556c,tomcat,2024-09-17,(tomcat) branch 11.0.x updated: Ensure ServerAuthModule.initialize() is called with simple registration,1,pending,,
topic-b55d0df894db30ad,tomcat,2024-09-17,[ANN] Apache Tomcat 9.0.95 available,1,pending,,
topic-842044c5aecc5918,tomcat,2024-09-18,[PR] 9.xwang [tomcat],2,pending,,
topic-0a24a0edab305e79,tomcat,2024-09-19,Jakarta Authentication TCK,1,pending,,
topic-b10e5c6c01546224,tomcat,2024-09-19,[Bug 69331] New: NullPointerException (HttpServlet.java:559),1,pending,,
topic-25025b82357b2df5,tomcat,2024-09-20,[Bug 62761] CORS filter example in docs not working in versions since 9.0.9,3,pending,,
topic-25d7eda9e5d58523,tomcat,2024-09-20,[Bug 69333] New: Unnecessary code in generated JSPs,1,pending,,
topic-61cedffdaeea1c10,tomcat,2024-09-20,[PR] Fix: evict cached MBean when bean descriptor content changed to ensure ManagedBean#getMBeanInfo result is correct. [tomcat],5,pending,,
topic-74e95ed8ece1b37b,tomcat,2024-09-20,[Bug 69333] Unnecessary code in generated JSPs,16,pending,,
topic-9286e4a68a3a8d4e,tomcat,2024-09-20,[Bug 69331] NullPointerException (HttpServlet.java:559),4,pending,,
topic-9a0ac065e038c6af,tomcat,2024-09-23,[SECURITY] CVE-2024-46544 Apache mod_jk - Information Disclosure / Denial of Service,1,pending,,
topic-a5216ed98b86d8c5,tomcat,2024-09-23,Coyote Request getRequestId(),6,pending,,
topic-b86becac3b4a7f9a,tomcat,2024-09-23,[SECURITY] CVE-2024-38286 Apache Tomcat - Denial of Service,3,pending,,
topic-335de7bf7afa0f6e,tomcat,2024-09-24,[Bug 69339] ClassFormatException in Java11 while compiling JSP pages,6,pending,,
topic-6f38f7d651b5b886,tomcat,2024-09-24,[Bug 69337] New: Your City Wire - Where the world meets!,1,pending,,
topic-9d515e08612d0aa8,tomcat,2024-09-24,[Bug 69339] New: ClassFormatException in Java11 while compiling JSP pages,1,pending,,
topic-abd34b989f4bab84,tomcat,2024-09-24,[Bug 69338] New: Overhead in El processing (AST*),1,pending,,
topic-c710f17ac3151b62,tomcat,2024-09-24,[Bug 69338] Overhead in El processing (AST*),8,pending,,
topic-f4f54d41e75089d1,tomcat,2024-09-26,Buildbot failure in on tomcat-12.0.x,13,pending,,
topic-29c7a2847aca8e2b,tomcat,2024-09-27,[Bug 69347] SPAM SPAM SPAM SPAM,3,pending,,
topic-772e6dc1e4c1bcef,tomcat,2024-09-27,[PR] Unit test ensuring that the Expires and Date headers use GMT [tomcat],1,pending,,
topic-a828c8ae512dd54c,tomcat,2024-09-27,[Bug 69347] New: https://www.ninjacart.com/,1,pending,,
topic-c6e5c5905a203c6d,tomcat,2024-09-27,[Bug 69348] New: Optimizable memory allocation in ELContext,1,pending,,
topic-e780fd9b8c3886c2,tomcat,2024-09-27,[Bug 69348] Optimizable memory allocation in ELContext,4,pending,,
topic-89804cc574d7431b,tomcat,2024-09-28,[Bug 69349] SPAM SPAM SPAM SPAM,1,pending,,
topic-be00f578e0b43a21,tomcat,2024-09-28,[Bug 69349] Https not working,3,pending,,
topic-c426c83c869869b8,tomcat,2024-09-28,[Bug 69349] New: Https not working,1,pending,,
topic-42350e7496db365b,tomcat,2024-09-29,[Bug 69353] New: https://surahalmulk.net/,1,pending,,
topic-747bdc2f74c1fd73,tomcat,2024-09-29,[Bug 69353] SPAM SPAM SPAM SPAM,1,pending,,
topic-c2879dba473a4f99,tomcat,2024-09-29,[Bug 69353] https://surahalmulk.net/,1,pending,,
topic-ed3ef7a1cae078e2,tomcat,2024-09-29,[Bug 69353] Review My Website and Suggest me some Changes.,10,pending,,
topic-0cdda504f8876b17,tomcat,2024-09-30,[Bug 69355] New: an enhanced exact rate limit control mechanism,1,pending,,
topic-dd9ce9df3a2626ac,tomcat,2024-09-30,[Bug 69355] an enhanced exact rate limit control mechanism,7,pending,,
topic-0494f736dfe494b8,tomcat,2024-10-01,Plans for 11.0.x,5,pending,,
topic-33097e7d31dfc585,tomcat,2024-10-02,[Bug 69363] New: WebdavServlet#parseProperties() incorrectly calculates href,1,pending,,
topic-4ce90a4a8de4b47a,tomcat,2024-10-02,[Bug 69361] Make error list report in WebdavServlet to be sent in processing order,8,pending,,
topic-61b577a84a31cdbc,tomcat,2024-10-02,[Bug 69361] New: Make error list report in WebdavServlet to be sent in processing order,1,pending,,
topic-65181d5fb454c604,tomcat,2024-10-02,(tomcat) branch main updated: BZ 69360: Inconsistent DELETE behavior between DefaultServlet and WebdavServlet,9,pending,,
topic-661e2aa32048aac8,tomcat,2024-10-02,[Bug 69365] New: Expose option for WebResource to determine it is read-only/read-write for DefaultServlet/WebdavServlet,1,pending,,
topic-710004c77e26e37a,tomcat,2024-10-02,(tomcat) 01/01: Added optional X-Request-Id to RemoteIpFilter,1,pending,,
topic-72fb69fc3e41525a,tomcat,2024-10-02,[Bug 69362] Recursive nested collection DELETE not reflected in multi-status report from WebdavServlet,20,pending,,
topic-7c0932331c103ff6,tomcat,2024-10-02,[Bug 69360] Inconsistent DELETE behavior between DefaultServlet and WebdavServlet,9,pending,,
topic-7cadd86eaaa79809,tomcat,2024-10-02,[Bug 69364] New: Godrej Neopolis Apartments,1,pending,,
topic-82c7b885eabb86a7,tomcat,2024-10-02,[Bug 69362] New: Recursive nested collection DELETE not reflected in multi-status report from WebdavServlet,1,pending,,
topic-8b48d91614093286,tomcat,2024-10-02,(tomcat) branch main updated: Update ByteBuddy to 1.15.3,1,pending,,
topic-8c4cee93d01db8da,tomcat,2024-10-02,(tomcat) branch main updated: Make WebdavServlet properly return the Allow header on NOT_ALLOWED status,2,pending,,
topic-99c517ca3e6d787e,tomcat,2024-10-02,[Bug 69363] WebdavServlet#parseProperties() incorrectly calculates href,8,pending,,
topic-9b04a070266aa491,tomcat,2024-10-02,[Bug 69365] Expose option for WebResource to determine it is read-only/read-write for DefaultServlet/WebdavServlet,8,pending,,
topic-ca0407aa8509e2c4,tomcat,2024-10-02,[Bug 69359] WebdavServlet duplicates getRelativePath() method from super class with incorrect Javadoc,4,pending,,
topic-cf2b8182426752b0,tomcat,2024-10-02,[Bug 69364] SPAM SPAM SPAM SPAM,1,pending,,
topic-d9c06da43d936515,tomcat,2024-10-02,[Bug 69360] New: Inconsistent DELETE behavior between DefaultServlet and WebdavServlet,1,pending,,
topic-f5007d158d5e068c,tomcat,2024-10-02,[Bug 69359] New: WebdavServlet duplicates getRelativePath() method from super class with incorrect Javadoc,1,pending,,
topic-145911c045596c91,tomcat,2024-10-03,[Bug 69372] Make DefaultServlet's HTML listing file size rendering better (autoscale),1,pending,,
topic-1bb9dddfca80cf92,tomcat,2024-10-03,[Bug 69368] New: Godrej Neopolis,1,pending,,
topic-51755f6b6b1c04b4,tomcat,2024-10-03,[Bug 69370] New: DefaultServlet's listing uses incorrect labels,1,pending,,
topic-58948e2c0cb206b4,tomcat,2024-10-03,[VOTE] Release Apache Tomcat 10.1.31,9,pending,,
topic-590ef4c20fffd192,tomcat,2024-10-03,[Bug 69370] DefaultServlet's listing uses incorrect labels,4,pending,,
topic-6553d9a93e3623aa,tomcat,2024-10-03,[Bug 69371] New: DefaultServlet's HTML listing renders incomplete paths for directory and its parent,1,pending,,
topic-656fec3e21c2e86c,tomcat,2024-10-03,[Bug 69374] Properly separate between table header and body in DefaultServlet's listing,2,pending,,
topic-689fed371f6cc94d,tomcat,2024-10-03,[VOTE] Release Apache Tomcat 9.0.96,8,pending,,
topic-6e607c998595b667,tomcat,2024-10-03,[VOTE] Release Apache Tomcat 11.0.0,14,pending,,
topic-742dda75f31dba73,tomcat,2024-10-03,[Bug 69373] New: Make DefaultServlet's HTML listing file last modified rendering better (flexible),1,pending,,
topic-9ba26349cccff19d,tomcat,2024-10-03,[Bug 69371] DefaultServlet's HTML listing renders incomplete paths for directory and its parent,6,pending,,
topic-a436eb316859688d,tomcat,2024-10-03,[Bug 69373] Make DefaultServlet's HTML listing file last modified rendering better (flexible),3,pending,,
topic-b64ea9aba45fc91c,tomcat,2024-10-03,[Bug 69368] Godrej Neopolis,1,pending,,
topic-c1bb2173e3785b0b,tomcat,2024-10-03,[Bug 69374] New: Properly separate between table header and body in DefaultServlet's listing,1,pending,,
topic-f7ffc73c87fda95b,tomcat,2024-10-03,[Bug 69372] New: Make DefaultServlet's HTML listing file size rendering better (autoscale),1,pending,,
topic-291898fe6835760a,tomcat,2024-10-04,[Bug 69376] New: vanilla newyork,1,pending,,
topic-2c15e76f88cc4de8,tomcat,2024-10-04,[Bug 69375] New: herbaltea teablend driedfruitsnacks,1,pending,,
topic-47a528b4309d8f70,tomcat,2024-10-04,[Bug 69375] SPAM SPAM SPAM SPAM,2,pending,,
topic-48215dddc36b91f9,tomcat,2024-10-04,[Bug 69377] New: JSP optimization via custom code generation,1,pending,,
topic-7d1c99ec707b6ba1,tomcat,2024-10-04,[Bug 69375] herbaltea teablend driedfruitsnacks,2,pending,,
topic-e7a7e28a78d148a3,tomcat,2024-10-04,[Bug 69376] vanilla newyork,2,pending,,
topic-9e93ccc162f8df41,tomcat,2024-10-05,[Bug 69370] DefaultServlet's HTML listing uses incorrect labels,2,pending,,
topic-0e23138c51b8add3,tomcat,2024-10-06,(tomcat) branch main updated: Allow different implementations for RateLimitFilter,4,pending,,
topic-b4feef67312bd9e0,tomcat,2024-10-06,(tomcat) branch 11.0.x updated: Improve HTML output of <code>DefaultServlet,5,pending,,
topic-be0b42ed676d4f10,tomcat,2024-10-06,(tomcat) branch main updated: Security related filter so invalid config should be fatal,1,pending,,
topic-1b9c0f2587e7acc1,tomcat,2024-10-07,[Bug 69379] HEAD request behavior change does no adhere to RFC 9110,9,pending,,
topic-39a44360ef130c8b,tomcat,2024-10-07,[Bug 69382] Inefficient code generated for <jsp:include>,6,pending,,
topic-4b744f97f4849e28,tomcat,2024-10-07,[Bug 69381] New: Excess object copying while evaluating reflective method calls,1,pending,,
topic-54016b99526dc588,tomcat,2024-10-07,[Bug 69380] New: Tomcat 8.5.100 Core Binary Distrubution software download links are broken,1,pending,,
topic-64aa03e66d962e80,tomcat,2024-10-07,[Bug 69380] Tomcat 8.5.100 Core Binary Distrubution software download links are broken,5,pending,,
topic-84a68ddd628881c5,tomcat,2024-10-07,[Bug 69379] New: HEAD request behavior change does no adhere to RFC 9110,1,pending,,
topic-8610de5621bda524,tomcat,2024-10-07,Playing with 103 Early Hints,5,pending,,
topic-8fa0ef47333e73c5,tomcat,2024-10-07,(tomcat) branch 11.0.x updated: RateLimitFilter code cleanup per commit feedback,2,pending,,
topic-ad87612827af9761,tomcat,2024-10-07,[Bug 69382] New: Inefficient code generated for <jsp:include>,1,pending,,
topic-3c06ecd3eb604862,tomcat,2024-10-08,[ANN] Apache Tomcat 9.0.96 available,6,pending,,
topic-48f97daf9dd50aad,tomcat,2024-10-08,[VOTE][RESULT] Release Apache Tomcat 9.0.96,1,pending,,
topic-b514b2bc7876378d,tomcat,2024-10-08,Notes from today's Tomcat 12 panel discussion at CoC Denver,5,pending,,
topic-015f12b4a21e35ed,tomcat,2024-10-09,[ANN] Apache Tomcat 11.0.0 Available,1,pending,,
topic-0877be38e5b18fa6,tomcat,2024-10-09,[PR] BZ69355:  ExactRateLimiter [tomcat],11,pending,,
topic-0d5de52ff41affe3,tomcat,2024-10-09,[Bug 69386] Pre-compiled JSPs result in NoSuchMethodError with latest upgrade,4,pending,,
topic-1380fd6d3cbe2220,tomcat,2024-10-09,[VOTE][RESULT] Release Apache Tomcat 10.1.31,1,pending,,
topic-62a0e11fde04720d,tomcat,2024-10-09,[VOTE][RESULT] Release Apache Tomcat 11.0.0,1,pending,,
topic-6a91d3f9398bd2db,tomcat,2024-10-09,svn commit: r1921212 - in /tomcat/site/trunk: docs/index.html xdocs/index.xml,1,pending,,
topic-7f0a47b7fae9b342,tomcat,2024-10-09,[PR] Allow applications to trigger sending of 103 early hints [tomcat],17,pending,,
topic-a29cd46ed9639684,tomcat,2024-10-09,[PR] Added optional X-Request-Id to RemoteIpFilter [tomcat],1,pending,,
topic-abbe3d9ca0c05d3f,tomcat,2024-10-09,[Bug 69377] JSP optimization via custom code generation,21,pending,,
topic-b584d5d78f00cff8,tomcat,2024-10-09,[ANN] Apache Tomcat 10.1.31 Available,1,pending,,
topic-c0f42d8b1962eaaf,tomcat,2024-10-09,[Bug 69386] New: Pre-compiled JSPs result in NoSuchMethodError with latest upgrade,1,pending,,
topic-f997eaf022dc8019,tomcat,2024-10-09,[PR] BZ69355: RateLimitFilter2 with FixedWindowRateLimiter [tomcat],3,pending,,
topic-1ff372ac11a978f7,tomcat,2024-10-10,(tomcat) branch 10.1.x updated: BZ 69370: DefaultServlet's HTML listing uses incorrect labels,2,pending,,
topic-270ed2958f330671,tomcat,2024-10-10,"[Bug 69388] New: At Lovenotes Films, We Believe Capturing timeless moments of love and joy, I specialize in crafting exquisite wedding photography that tells your unique story in every frame. Best Wedding Photographer Candid Wedding Photographer.",1,pending,,
topic-4d4f90d7b7feab51,tomcat,2024-10-10,[Bug 69387] SPAM SPAM SPAM SPAM,1,pending,,
topic-580c5fe447aa44ec,tomcat,2024-10-10,[Bug 69387] The Ultimate Mumbai Escort Service Experience: A Blend of Glamour and Discretion,2,pending,,
topic-59cd44a42a3ea580,tomcat,2024-10-10,[PR] BZ 69370: DefaultServlet's HTML listing uses incorrect labels [tomcat],2,pending,,
topic-9bb7a460e16810a2,tomcat,2024-10-10,(tomcat) branch 11.0.x updated: BZ 69370: DefaultServlet's HTML listing uses incorrect labels,3,pending,,
topic-a1315874ddb207bf,tomcat,2024-10-10,[Bug 69387] New: The Ultimate Mumbai Escort Service Experience: A Blend of Glamour and Discretion,1,pending,,
topic-c4c39161f38a0641,tomcat,2024-10-10,"[Bug 69388] At Lovenotes Films, We Believe Capturing timeless moments of love and joy, I specialize in crafting exquisite wedding photography that tells your unique story in every frame. Best Wedding Photographer Candid Wedding Photographer.",1,pending,,
topic-f73d9af122082efb,tomcat,2024-10-10,[PR] Report HTTP/2 header parsing errors earlier [tomcat],4,pending,,
topic-450546db480cf195,tomcat,2024-10-11,[PR] Test if a custom 404 page is configured but the error jsp redirects to the project root [tomcat],2,pending,,
topic-4dccd8929cb80617,tomcat,2024-10-11,(tomcat) 02/06: Update Jasper to compile to Java 21 by default,4,pending,,
topic-b08d55c4e332a12a,tomcat,2024-10-11,"[Bug 69389] New: Misleading german localization error for the message with the key ""jarScan.classloaderFail""",1,pending,,
topic-bda36a8843a75a13,tomcat,2024-10-11,"[Bug 69389] Misleading german localization error for the message with the key ""jarScan.classloaderFail""",2,pending,,
topic-162a5f2056a51875,tomcat,2024-10-14,[Bug 69381] Excess object copying while evaluating reflective method calls,6,pending,,
topic-8fd645bef4439555,tomcat,2024-10-14,[Bug 69394] Breaking-change in jasper releaseTag method,1,pending,,
topic-99cbf917386f835c,tomcat,2024-10-14,[Bug 69394] New: Breaking-change in jasper releaseTag method,1,pending,,
topic-df5164affd8ce594,tomcat,2024-10-14,(tomcat) branch main updated: Update Byte Buddy to 1.15.4,1,pending,,
topic-25af9f88391ae178,tomcat,2024-10-15,[Bug 69395] New: Empty JDBC URI when using a jdbc connection pool,1,pending,,
topic-5250e4dbef59800d,tomcat,2024-10-15,[Bug 69399] Tag.release called between reuses,1,pending,,
topic-6a8dfb6ff61d094b,tomcat,2024-10-15,[Bug 69399] Tag.release() called between reuses,8,pending,,
topic-b64ca36113c5a696,tomcat,2024-10-15,[Bug 69398] New: Excess object allocation in PageContextImpl,1,pending,,
topic-ba9db7080afef748,tomcat,2024-10-15,[Bug 69399] New: JspRuntimeLibrary.releaseTag not called anymore when enablePooling=false,1,pending,,
topic-dbe4c8cc517a2168,tomcat,2024-10-15,[Bug 69399] JspRuntimeLibrary.releaseTag not called anymore when enablePooling=false,2,pending,,
topic-5f94f291bc0616c5,tomcat,2024-10-16,[PR] Anchor fixes in docs [tomcat],4,pending,,
topic-afe832438711b5c9,tomcat,2024-10-16,WebDAV lock null and RFC 4918,8,pending,,
topic-287b79252c66de06,tomcat,2024-10-17,[PR] Initial suport for Tomact9 - Tc9.x [tomcat-maven-plugin],3,pending,,
topic-36b1a966e667c098,tomcat,2024-10-18,[Bug 69403] java.lang.NoSuchMethodError: 'void org.apache.jasper.runtime.JspRuntimeLibrary.releaseTag',2,pending,,
topic-7d449103854d68e3,tomcat,2024-10-18,"[Bug 69405] Vague error message: ""A filter or servlet of the current chain does not support asynchronous operations""",4,pending,,
topic-d0af769f004a71a9,tomcat,2024-10-18,[Bug 69403] New: java.lang.NoSuchMethodError: 'void org.apache.jasper.runtime.JspRuntimeLibrary.releaseTag',1,pending,,
topic-e7bf0abde2857491,tomcat,2024-10-18,"[Bug 69405] New: Vague error message: ""A filter or servlet of the current chain does not support asynchronous operations""",1,pending,,
topic-7829f7b39125cf87,tomcat,2024-10-19,[PR] 10.0.x [tomcat],1,pending,,
topic-2e9f1bbc98a5b89b,tomcat,2024-10-21,[PR] Adding connectionUploadTimeout default value to http.xml [tomcat],1,pending,,
topic-408e4bd68c8e3cdd,tomcat,2024-10-21,[Bug 69395] Empty JDBC URI when using a jdbc connection pool,9,pending,,
topic-8f796ba57d634cb9,tomcat,2024-10-21,[Bug 69406] New: StringInterpreterEnum rethrows IllegalArgumentException for invalid enum,1,pending,,
topic-b24182e7a29f721e,tomcat,2024-10-21,[Bug 69046] Implement PROPPATCH for WebDAV Servlet,1,pending,,
topic-cc2a041a3881240a,tomcat,2024-10-21,[Bug 69406] StringInterpreterEnum rethrows IllegalArgumentException for invalid enum,3,pending,,
topic-dd648d40a109149b,tomcat,2024-10-21,Tomcat 12 and Virtual Threads,3,pending,,
topic-14717df885d8e27e,tomcat,2024-10-22,[PR] Reducing memory usage while evaluating reflective EL expressions [tomcat],15,pending,,
topic-306d896a16e6c1b7,tomcat,2024-10-22,(tomcat) branch main updated: Return immediately if the request is invalid,1,pending,,
topic-706f538dfd4ffe44,tomcat,2024-10-22,(tomcat) branch main updated: Remove unnecessary code. lock cannot be null here,2,pending,,
topic-0b10f9c7ffe2d862,tomcat,2024-10-24,[PR] webdav lock and unlock: ensure response must not be cached [tomcat],11,pending,,
topic-20c21490ea8f1126,tomcat,2024-10-24,[Bug 69409] New: Leather clothing for men and women,1,pending,,
topic-5212e09b29d84a01,tomcat,2024-10-24,[PR] Improve mod_jk makefiles [tomcat-connectors],5,pending,,
topic-e1cc95743075c6c5,tomcat,2024-10-24,(tomcat) branch main updated: Create a HttpParser if none is found,5,pending,,
topic-e4ef08b91d37a818,tomcat,2024-10-24,[PR] Tomcat-jdbc causes problem with graalvm [tomcat],1,pending,,
topic-5650498adb5a1605,tomcat,2024-10-25,(tomcat) 02/02: Cache class loader non-found resources,1,pending,,
topic-ae77db34e176c241,tomcat,2024-10-25,"[PR] servlet profile added, covers javax.servlet only [tomcat-jakartaee-migration]",5,pending,,
topic-744fe0abc5c86324,tomcat,2024-10-26,"JDK 23 is GA, JDK 24 EA builds",1,pending,,
topic-9ae89aa2394e8fcf,tomcat,2024-10-28,[Bug 69415] New: ExpiresFilter incorrectly caches responses that are explicitly declared as not cacheable,1,pending,,
topic-ad7b2eff20ee7de8,tomcat,2024-10-28,[PR] BZ69355: ExactRateLimiter [tomcat],8,pending,,
topic-eac2c3454eeec99a,tomcat,2024-10-28,[Bug 69415] ExpiresFilter incorrectly caches responses that are explicitly declared as not cacheable,2,pending,,
topic-4bc9ce7179c51456,tomcat,2024-10-29,Tomcat 9.0.96 - Page title / title tag issue,6,pending,,
topic-63ae08dac340205c,tomcat,2024-10-29,[Bug 69419] Redundant code execution in nested ApplicationHttpRequest.setAttribute(),8,pending,,
topic-67024923abe31708,tomcat,2024-10-29,[Bug 69419] New: Redundant code execution in nested ApplicationHttpRequest,1,pending,,
topic-0dedf8bd7f05dabb,tomcat,2024-10-30,Nio2Endpoint creates SSL engines without populating remote IP and port,2,pending,,
topic-21847483bed5d02c,tomcat,2024-10-30,JSP EL performance,1,pending,,
topic-205b29721e97cc73,tomcat,2024-10-31,[Bug 69398] Excess object allocation in PageContextImpl,1,pending,,
topic-21b39794dd9f86f3,tomcat,2024-11-01,[Bug 69425] New: website mail sent problem,1,pending,,
topic-25c1415f84868999,tomcat,2024-11-01,[Bug 69425] website mail sent problem,1,pending,,
topic-5037a4568b8e5a69,tomcat,2024-11-01,[PR] ExpiresFilter enhance should-not-cacheable verification [tomcat],4,pending,,
topic-54dd7829e6c679e6,tomcat,2024-11-01,[Bug 69426] New: JCE cannot authenticate the provider BC,1,pending,,
topic-aaa1abe8c091352f,tomcat,2024-11-01,[Bug 69422] New: tomcat 9.0.82 upgrade to tomcat 9.0.96 ncountered a problem JspTagExceptio,1,pending,,
topic-b9464aa949b34e3a,tomcat,2024-11-01,[Bug 69424] Landing page,1,pending,,
topic-d4f5ae38594e7396,tomcat,2024-11-01,[Bug 69422] tomcat 9.0.82 upgrade to tomcat 9.0.96 ncountered a problem JspTagExceptio,2,pending,,
topic-e45b5a9a7a48ebc0,tomcat,2024-11-01,[Bug 69424] New: Landing page,1,pending,,
topic-f5f352cfc2193619,tomcat,2024-11-01,[Bug 69424] SPAM SPAM SPAM SPAM,3,pending,,
topic-380a84a302539e07,tomcat,2024-11-04,[Bug 69426] JCE cannot authenticate the provider BC,4,pending,,
topic-5c582fd9d7154618,tomcat,2024-11-04,[Bug 69429] New: Memory optimization to AstMethodParameters.getParameters(),1,pending,,
topic-b48ef60e7e3e8995,tomcat,2024-11-04,"[PR] follow rfc spec: 422 - SC_UNPROCESSABLE_ENTITY, Abuse 418 [tomcat]",1,pending,,
topic-bf0dace9ef079bf2,tomcat,2024-11-04,[Bug 69429] Memory optimization to AstMethodParameters.getParameters(),4,pending,,
topic-4e2c12cd4c7d7444,tomcat,2024-11-05,[PR] Bug/bug 55470 class not found exception during startup patch [tomcat],3,pending,,
topic-aedefee9c45f376f,tomcat,2024-11-05,[PR] Tiny typo adjustment [tomcat],2,pending,,
topic-30868e489af7a789,tomcat,2024-11-06,[VOTE] Release Apache Tomcat 11.0.1,9,pending,,
topic-5b0e8e025631854c,tomcat,2024-11-06,[VOTE] Release Apache Tomcat 9.0.97,6,pending,,
topic-661b936516f9c145,tomcat,2024-11-06,[Bug 69431] New: Apache Tomcat 9.0.96 JSTL unexpected behavior in c:out,1,pending,,
topic-e79c7b6a39efadca,tomcat,2024-11-06,[Bug 69431] Apache Tomcat 9.0.96 JSTL unexpected behavior in c:out,2,pending,,
topic-29c0312b104927e7,tomcat,2024-11-07,[VOTE] Release Apache Tomcat 10.1.33,8,pending,,
topic-33f23c11c2da15fb,tomcat,2024-11-07,[VOTE] Release Apache Tomcat 10.1.32,2,pending,,
topic-99238d402abb5afa,tomcat,2024-11-07,[Bug 69435] New: managing development projects in Thailand,1,pending,,
topic-b2f8ead08ffe18e1,tomcat,2024-11-07,[VOTE][CANCELED] Release Apache Tomcat 10.1.32,1,pending,,
topic-1968cf77c36ba6dc,tomcat,2024-11-08,[Bug 69437] New: Game Vault Download,1,pending,,
topic-4a70993a6c018d85,tomcat,2024-11-08,[Bug 69437] SPAM SPAM SPAM,2,pending,,
topic-ad2b3ff06bb12e0c,tomcat,2024-11-08,[Bug 69437] Game Vault Download,1,pending,,
topic-287a0061c26e04a5,tomcat,2024-11-09,[VOTE][RESULT] Release Apache Tomcat 9.0.97,1,pending,,
topic-290cf79ea9779e84,tomcat,2024-11-09,On our reproducible builds,10,pending,,
topic-9c5d49a619218c31,tomcat,2024-11-09,[ANN] Apache Tomcat 9.0.97 available,1,pending,,
topic-2cdce8b750e31f19,tomcat,2024-11-10,[VOTE][RESULT],1,pending,,
topic-bb660d99d5cd6097,tomcat,2024-11-10,[ANN] Apache Tomcat 11.0.1 Available,1,pending,,
topic-f360c65bd1cd6703,tomcat,2024-11-10,[Bug 69438] New: A spelling mistake in server status,1,pending,,
topic-fbf77b0b2ceea2b5,tomcat,2024-11-10,[Bug 69438] A spelling mistake in server status,1,pending,,
topic-02148fa9095585a1,tomcat,2024-11-11,[VOTE][RESULT] Release Apache Tomcat 10.1.33,1,pending,,
topic-09472cc341376ca4,tomcat,2024-11-11,[PR] fix message parameters - expiresFilter.skippedStatusCode [tomcat],3,pending,,
topic-548e6dd3bba44442,tomcat,2024-11-11,svn commit: r1921844 - /tomcat/site/trunk/xdocs/migration-9.xml,2,pending,,
topic-5dc5efcb81724360,tomcat,2024-11-11,Issue with Unauthorized Requests Handling in Tomcat,1,pending,,
topic-bf025594c80d13da,tomcat,2024-11-11,[ANN] Apache Tomcat 10.1.33 Available,2,pending,,
topic-10f495c7fcd3533c,tomcat,2024-11-12,[Bug 69441] New: https://nordic-iptv.tech/,1,pending,,
topic-5674dfe939d521ef,tomcat,2024-11-12,[Bug 69441] https://nordic-iptv.tech/,1,pending,,
topic-71465df35de3210d,tomcat,2024-11-12,[Bug 69440] New: https://iptv-telewizja.com/,1,pending,,
topic-ae7ad035b7a9bd44,tomcat,2024-11-12,Reg:- EOF exception in DEBUG mode,4,pending,,
topic-ba84e11220c93601,tomcat,2024-11-12,[Bug 69440] https://iptv-telewizja.com/,1,pending,,
topic-e2d6e7f995a884dc,tomcat,2024-11-12,[Bug 69439] New: ExpiresFilter - improper handling of conflicting cache-control directives,1,pending,,
topic-a906b9845c5e3eec,tomcat,2024-11-13,(tomcat) branch main updated: Add option to serve resources from subpath only with WebDAV Servlet,3,pending,,
topic-3e4877e0b8170a9b,tomcat,2024-11-14,[Bug 69444] New: jakarta.servlet.error.message request attribute should be empty string instead of null,1,pending,,
topic-a04f4c4bcc341329,tomcat,2024-11-14,[Bug 69442] New: Case sensitivity of http content-type,1,pending,,
topic-c1a405576afb2cfb,tomcat,2024-11-14,[Bug 69444] jakarta.servlet.error.message request attribute should be empty string instead of null,7,pending,,
topic-faa33b0a385e969d,tomcat,2024-11-14,[Bug 69442] Case sensitivity of http content-type,10,pending,,
topic-2d281cacef362dbb,tomcat,2024-11-15,[Bug 69445] New: Website Optimization - Doutor Octopus,1,pending,,
topic-3fe08000e048df1e,tomcat,2024-11-15,[Bug 69445] Website Optimization - Doutor Octopus,1,pending,,
topic-7df83799048c85ca,tomcat,2024-11-15,[Bug 69446] New: HttpServlet doPut - storage exhausted without maxFileSize limitation,1,pending,,
topic-7f947bbc0f60ad50,tomcat,2024-11-15,[Bug 69447] New: Tomcat 9.0.97 fails to load classes due to the newly added ConcurrentLruCache,1,pending,,
topic-e97a35ef1c3c359d,tomcat,2024-11-15,[PR] Partial put - enhance content range verification [tomcat],5,pending,,
topic-f082d5255fddbcbc,tomcat,2024-11-15,[Bug 69446] HttpServlet doPut - storage exhausted without maxFileSize limitation,4,pending,,
topic-021c4b1a37d912b8,tomcat,2024-11-18,[Bug 69456] New: We are launching A Fortune teller. That will tells your Fortune in Just one click. If you want to check your Fortune please Visit on our website: Crystal Ball Online,1,pending,,
topic-2ede8efa8848a901,tomcat,2024-11-18,[Bug 69457] New: We have launched a Button to help you in making your Decision Better and Soon. If you want to check your answer in Yes/No please Visit on our Official Website: The Yes No Button,1,pending,,
topic-2f09ddf9b986a1c6,tomcat,2024-11-18,(tomcat) branch main updated: Avoid quotes for numbers in JSON from status servlet,1,pending,,
topic-4123f40e2eba27e6,tomcat,2024-11-18,[Bug 69458] New: We have launched a Button to help you in making your Decision Better and Soon. If you want to check your answer in Yes/No please Visit on our Official Website: Bluey Yes No Button,1,pending,,
topic-4351cf1560dd5fae,tomcat,2024-11-18,[PR] fix multipart/byteranges response body - length attri of ContentRange [tomcat],2,pending,,
topic-4741c49eb7e3ddf6,tomcat,2024-11-18,[Bug 69454] New: We are launching A Fortune teller. That will tells your Fortune in Just one click. If you want to check your Fortune please Visit on our website: AI Magic 8 Ball Online,1,pending,,
topic-54f99bb2535186e6,tomcat,2024-11-18,[Bug 69455] New: We are launching A Fortune teller. That will tells your Fortune in Just one click. If you want to check your Fortune please Visit on our website: Vintage Magic 8 Ball Online,1,pending,,
topic-610aa42445663c13,tomcat,2024-11-18,[SECURITY] CVE-2024-52318 Apache Tomcat - XSS in generated JSPs,1,pending,,
topic-946e791707169abf,tomcat,2024-11-18,[SECURITY] CVE-2024-52316 Apache Tomcat - Authentication Bypass,1,pending,,
topic-c54e81f7b39c8991,tomcat,2024-11-18,[Bug 69447] Tomcat 9.0.97 fails to load classes due to the newly added ConcurrentLruCache,8,pending,,
topic-d69b3196d6478aa1,tomcat,2024-11-18,[Bug 69451] New: We are launching A Fortune teller. That will tells your Fortune in Just one click. If you want to check your Fortune please Visit on our website: Magic 8 Ball Oracle Online,1,pending,,
topic-ee640e331248f443,tomcat,2024-11-18,[SECURITY] CVE-2024-52317 Apache Tomcat - Request and/or response mix-up,2,pending,,
topic-5335d4350cf599cd,tomcat,2024-11-19,[PR] send 416 error to overlapping ranges request [tomcat],8,pending,,
topic-b3d1d2977a16568f,tomcat,2024-11-19,[PR] Bump org.apache.tomcat:tomcat-catalina from 11.0.0-M22 to 11.0.0 in /modules/stuffed [tomcat],2,pending,,
topic-21e3864add64c80b,tomcat,2024-11-20,[Bug 69466] New: Content-Length removal from HEAD response should not be mandatory,1,pending,,
topic-23f621bef8069788,tomcat,2024-11-20,[PR] bz69439 - fix: improper handling of conflicting cache-control directives [tomcat],2,pending,,
topic-61dd70e7a4b13832,tomcat,2024-11-20,(tomcat) branch main updated: Add strong ETag support,1,pending,,
topic-75a1f6875faca667,tomcat,2024-11-20,[Bug 69439] ExpiresFilter - improper handling of conflicting cache-control directives,1,pending,,
topic-b1a298911f9838e3,tomcat,2024-11-20,[Bug 69465] New: [GraalVM 21] Fix warnings during native image compilation,1,pending,,
topic-25e2b7fd1f69d2d9,tomcat,2024-11-21,[Bug 69468] Uploaded file is corrupted when using HTTP 2 and JSSE,3,pending,,
topic-272d5713cc47d12d,tomcat,2024-11-21,[Bug 69469] New: Servlets can not set certain headers in responses to HEAD requests,1,pending,,
topic-30489fd2b52f5846,tomcat,2024-11-21,[Bug 69469] Servlets can not set certain headers in responses to HEAD requests,1,pending,,
topic-322830efbe41749d,tomcat,2024-11-21,Tomcat 9 has an issue with closing the abandoned connections (if configured) since Tomcat 9.0.42,7,pending,,
topic-559ff79c3e2a74a8,tomcat,2024-11-21,[Bug 69468] New: Uploaded file is corrupted when using HTTP 2 and JSSE,1,pending,,
topic-a74af99ef8f09c2f,tomcat,2024-11-21,[Bug 69466] Content-Length removal from HEAD response should not be mandatory,5,pending,,
topic-050840877b53d179,tomcat,2024-11-22,[I] Transforming entity-mappings xml files [tomcat-jakartaee-migration],5,pending,,
topic-4fd8f5ab6980df3d,tomcat,2024-11-22,[PR] Http11Processor minor change  - magic int 103 to HttpServletResponse.SC_EARLY_HINTS [tomcat],2,pending,,
topic-69071dacd033bacf,tomcat,2024-11-22,[PR] enhanced http11 early hints behavior [tomcat],1,pending,,
topic-7a0916f44189ca18,tomcat,2024-11-22,[Bug 69471] CloseNowException logged in ApplicationDispatcher,2,pending,,
topic-ae60bdcfea006ff1,tomcat,2024-11-22,[PR] revoke early hints support on HTTP 1.1 [tomcat],5,pending,,
topic-c3db2b6061b3b74b,tomcat,2024-11-22,[Bug 69471] New: CloseNowException logged in ApplicationDispatcher,1,pending,,
topic-efcbb9738403c7a8,tomcat,2024-11-22,[PR] enhanced http/2 early hints behavior [tomcat],11,pending,,
topic-651436222ee9a4fb,tomcat,2024-11-25,[PR] bz69442: Content type testcase [tomcat],2,pending,,
topic-2392664c67e9e61c,tomcat,2024-11-27,[Bug 69478] Cookie setSecure and setHttpOnly ignore argument,3,pending,,
topic-367420e04289c89c,tomcat,2024-11-27,[Bug 69477] Wrong 'allowedInternalProxies' param name in the Remote IP Filter documentation,2,pending,,
topic-4fab875131f3c2b8,tomcat,2024-11-27,[PR] Fix unsetting of httpOnly and secure flag [tomcat],2,pending,,
topic-4fb39004b2139e2d,tomcat,2024-11-27,"[Bug 69479] New: The HTTP2 header data is confused in H2C, resulting in parsing failure",1,pending,,
topic-9541996c67cd0c72,tomcat,2024-11-27,[PR] BZ 69477: Wrong 'allowedInternalProxies' param name in the Remote IP Filter documentation  [tomcat],2,pending,,
topic-e5e58205f608e7dd,tomcat,2024-11-27,"[Bug 69479] The HTTP2 header data is confused in H2C, resulting in parsing failure",16,pending,,
topic-f4936494b297d509,tomcat,2024-11-27,[Bug 69477] New: Wrong 'allowedInternalProxies' param name in the Remote IP Filter documentation,1,pending,,
topic-f8bbb1c5896ba125,tomcat,2024-11-27,"[PR] RateLimitFilter - enhance exposeHeaders to support ""ietf rate limit h… [tomcat]",2,pending,,
topic-fc4d030fea8bdfd8,tomcat,2024-11-27,[Bug 69476] New: receives unexpected 500 error when upload incomplete content less than content-length header announced,1,pending,,
topic-ff830aca9e2fcdcc,tomcat,2024-11-27,[Bug 69476] receives unexpected 500 error when upload incomplete content less than content-length header announced,2,pending,,
topic-ffe37332fbf5b0ee,tomcat,2024-11-27,[Bug 69478] New: Cookie setSecure and setHttpOnly ignore argument,1,pending,,
topic-476509c5db0dd384,tomcat,2024-11-28,[PR] fix typo [tomcat],3,pending,,
topic-70631ca2cc54f781,tomcat,2024-11-28,[PR] minor update on .gitignore [tomcat],5,pending,,
topic-72604294b1657301,tomcat,2024-11-28,Plans for 11.0.2,2,pending,,
topic-baac61acf483b948,tomcat,2024-11-28,(tomcat) branch main updated: Avoid conflicts over derby.log when tests are run in parallel,5,pending,,
topic-e584bbd84ff90860,tomcat,2024-11-28,[Bug 349] Suport for relative URLS in XSL taglib BugRat Report#627,3,pending,,
topic-fcbd7be247d09a0c,tomcat,2024-11-28,Feature: Tomcat queue waiting time,7,pending,,
topic-056e23ec31300d89,tomcat,2024-11-29,[Bug 65391] Additional user attributes queried by (some) realms,3,pending,,
topic-20a6b9f74a90fc4d,tomcat,2024-11-29,[PR] Reject Range-Request if those ranges are not strictly in ascending order [tomcat],7,pending,,
topic-808a2816a8230923,tomcat,2024-11-29,(tomcat) Opportunities for contribution,3,pending,,
topic-e01080659d316c2b,tomcat,2024-11-29,[Bug 69465] [GraalVM 21] Fix warnings during native image compilation,1,pending,,
topic-62dd8034dbf55080,tomcat,2024-12-02,(tomcat) branch main updated: Try and fix CI failures,1,pending,,
topic-c0a8f7dd9e44327e,tomcat,2024-12-02,JDBCAccessLogValve,5,pending,,
topic-1bebfba4a1aed2b2,tomcat,2024-12-03,Multi-Range requests (was: (tomcat) branch main updated: Reject Range-Request if those ranges are not strictly in ascending order (#791)),2,pending,,
topic-69ec926cba74899d,tomcat,2024-12-03,[PR] fix incomplete chunked request body in testcase [tomcat],1,pending,,
topic-a070eb6e313f65de,tomcat,2024-12-03,(tomcat) branch main updated: Drop JDBCAccessLogValve,2,pending,,
topic-a7da011b712d2493,tomcat,2024-12-03,(tomcat) branch 9.0.x updated: Limit to 10 attributes. Add option to delete attribute.,2,pending,,
topic-b9e537d88ff52443,tomcat,2024-12-03,"[PR] fix incorrect partial content response to HEAD request with-Range-header, or from Not-accept-range server [tomcat]",10,pending,,
topic-c85cc531ce2baba6,tomcat,2024-12-03,Do you get any issues with POEditor,3,pending,,
topic-2d141bd2b4415da8,tomcat,2024-12-04,Multi-Range requests,1,pending,,
topic-34cd202dcda4be80,tomcat,2024-12-04,(tomcat) branch main updated: Remove remaining references to JDBCAccessLogValve,1,pending,,
topic-e396df666d3bec1e,tomcat,2024-12-04,[Bug 69486] New: Destroy data in memory completely after the request-response service is finished,1,pending,,
topic-fd4192ec43c3104e,tomcat,2024-12-04,[Bug 69486] Destroy data in memory completely after the request-response service is finished,12,pending,,
topic-06ca086ed4f8ddc1,tomcat,2024-12-05,[PR] Use UTF-8 for logging in Http11InputBuffer [tomcat],4,pending,,
topic-2957168b3b48f8a3,tomcat,2024-12-05,[VOTE] Release Apache Tomcat 11.0.2,6,pending,,
topic-62e74e96172e4b58,tomcat,2024-12-05,[VOTE] Release Apache Tomcat 9.0.98,8,pending,,
topic-994328fc3d73dbe3,tomcat,2024-12-05,[VOTE] Release Apache Tomcat 10.1.34,13,pending,,
topic-ce4de393bd4615cd,tomcat,2024-12-05,(tomcat) branch 9.0.x updated: Add assume,1,pending,,
topic-4dae6f6e0073a2ac,tomcat,2024-12-09,[ANN] Apache Tomcat 11.0.2 Available,1,pending,,
topic-5b428f7dcded49c8,tomcat,2024-12-09,[VOTE][RESULT] Release Apache Tomcat 11.0.2,1,pending,,
topic-7c67f040f4f940c3,tomcat,2024-12-09,[Bug 69491] New: no pgp signature file for x32 or x64 binary downloads of Tomcat 10.1.33,1,pending,,
topic-95c5ae9a8e8773d0,tomcat,2024-12-09,[VOTE][RESULT] Release Apache Tomcat 10.1.34,1,pending,,
topic-a5c691dc76821e0e,tomcat,2024-12-09,[ANN] Apache Tomcat 9.0.98 available,1,pending,,
topic-a7569658aad67e37,tomcat,2024-12-09,[VOTE][RESULT] Release Apache Tomcat 9.0.98,1,pending,,
topic-f89f4cb536e038df,tomcat,2024-12-09,[ANN] Apache Tomcat 10.1.34 Available,2,pending,,
topic-c2f30808f8c2b62e,tomcat,2024-12-10,[Bug 69492] New: Unexpected preconditions evaluation result when multiple If-XXX header fields present or other method rather than GET/HEAD,1,pending,,
topic-eaf52e9b40a0f8e5,tomcat,2024-12-10,[Bug 69492] Unexpected preconditions evaluation result when multiple If-XXX header fields present or other method rather than GET/HEAD,2,pending,,
topic-f78e0a2c0bd5f171,tomcat,2024-12-10,"[PR] fix BZ69492, Conditional requests comply rfc9110 [tomcat]",12,pending,,
topic-42deb5613ba181cc,tomcat,2024-12-11,[PR] CSS updating: tomcat.css I updated the file [tomcat],1,pending,,
topic-524723a57db2afaa,tomcat,2024-12-11,[PR] enable preconditions evaluation during doPut / doDelete [tomcat],3,pending,,
topic-6c217dc651c98ea5,tomcat,2024-12-11,[Bug 69493] Free AI Tools,1,pending,,
topic-822dac3eafb93164,tomcat,2024-12-11,[Bug 69493] New: Free AI Tools,1,pending,,
topic-8c00e51f2e6ff2e9,tomcat,2024-12-11,[PR] links updates [tomcat],4,pending,,
topic-a092204d6383fbcd,tomcat,2024-12-11,(tomcat) branch main updated: Improve HTTP If headers processing according to RFC 9110,4,pending,,
topic-f5dac5f38a15287b,tomcat,2024-12-11,[PR] search button upgrading [tomcat],5,pending,,
topic-d85b4e9b287ca4a6,tomcat,2024-12-12,Test cases for RFC 9110 Section 13,2,pending,,
topic-17de44537a42b714,tomcat,2024-12-13,JDK 24 Feature Freeze | Permanently Disabling the Security Manager,1,pending,,
topic-29c712df5cde204e,tomcat,2024-12-13,[Bug 69495] SPAM SPAM SPAM SPAM,1,pending,,
topic-e2be42f0b09a09f6,tomcat,2024-12-13,[Bug 69495] New: https://sodephomnay.org/,1,pending,,
topic-f8adbf1db6284cb9,tomcat,2024-12-13,[Bug 69495] https://sodephomnay.org/,2,pending,,
topic-41a9e4eb72f4e053,tomcat,2024-12-14,[Bug 69491] no pgp signature file for x32 or x64 binary downloads of Tomcat 10.1.33,1,pending,,
topic-5bac411e5c49ab9f,tomcat,2024-12-14,[Bug 69500] New: Some Apps re not working in my MAC,1,pending,,
topic-4bf991c312df2639,tomcat,2024-12-16,[PR] tiny doc adj [tomcat],1,pending,,
topic-a0d365528da72f81,tomcat,2024-12-16,[PR] enhancement: RateLimitFilter - Provides an exact rate limiting mechanism [tomcat],10,pending,,
topic-f8ca643442988816,tomcat,2024-12-16,[PR] all buttons designs [tomcat],2,pending,,
topic-005775adac6f38ce,tomcat,2024-12-17,[SECURITY] CVE-2024-54677 Apache Tomcat - DoS in examples web application,1,pending,,
topic-411466420e9a3171,tomcat,2024-12-17,"[PR] prefer central repo, disable releases for asf-snapshots [tomcat-tck]",3,pending,,
topic-529b14310a60fab0,tomcat,2024-12-17,[Bug 69503] New: ee,1,pending,,
topic-a18b4143ae5b3ab0,tomcat,2024-12-17,[Bug 69502] New: ee,1,pending,,
topic-b8de278891d8ae78,tomcat,2024-12-17,"[Bug 69504] CoyoteAdapter recycle request/response objects in ""log()"" method even if they are came from outside.",5,pending,,
topic-b9e59e007a50b48d,tomcat,2024-12-17,"[Bug 69504] New: CoyoteAdapter recycle request/response objects in ""log()"" method even if they are came from outside.",1,pending,,
topic-e4e14513e6d278c0,tomcat,2024-12-17,[Bug 69503] SPAM SPAM SPAM SPAM,1,pending,,
topic-e4f77b9596b43cdd,tomcat,2024-12-17,[SECURITY] CVE-2024-50379 Apache Tomcat - RCE via write-enabled default servlet,1,pending,,
topic-ea3befd815f81047,tomcat,2024-12-17,[Bug 69503] ee,1,pending,,
topic-f09c3436aaa5b03d,tomcat,2024-12-17,[Bug 69502] SPAM SPAM SPAM SPAM,1,pending,,
topic-6447cc158248fa43,tomcat,2024-12-18,"[PR] for delete failure case, respond with SC_CONFLICT rather than SC_METHOD_NOT_ALLOWED [tomcat]",4,pending,,
topic-36ccd0b80786b36a,tomcat,2024-12-19,"[Bug 69506] New: Mohit Tandon Chicago illinois USA- A Best Medical Doctor, Entrepreneur",1,pending,,
topic-ea7216f0f46d58a0,tomcat,2024-12-19,[Bug 69506] SPAM SPAM SPAM SPAM,1,pending,,
topic-61e1c362c0940f38,tomcat,2024-12-20,[SECURITY] CVE-2024-56337 Apache Tomcat - RCE via write-enabled default servlet - CVE-2024-50379 mitigation was incomplete,1,pending,,
topic-01e819345f4b8229,tomcat,2024-12-21,[Bug 69508] New: <jsp:include> in some circumstances produces malformed url,1,pending,,
topic-1db62998a0b696fd,tomcat,2024-12-21,[Bug 69507] https://celebritynetworthy.com/,1,pending,,
topic-5c3c488615f0f5c3,tomcat,2024-12-21,[Bug 69507] New: https://celebritynetworthy.com/,1,pending,,
topic-0483a5a1e0882ed2,tomcat,2024-12-23,[Bug 69508] <jsp:include> in some circumstances produces malformed url,4,pending,,
topic-a1d9afcdd6be3eee,tomcat,2024-12-29,[Bug 69515] New: Toxinfreeglow7,1,pending,,
topic-e8fe589b2d25eabb,tomcat,2024-12-29,[Bug 69515] SPAM SPAM SPAM SPAM,1,pending,,
topic-08f5cb7315d770ad,tomcat,2024-12-31,[Bug 69517] SPAM SPAM SPAM SPAM,1,pending,,
topic-0c176ad49e1da19c,tomcat,2024-12-31,[Bug 69518] New: Toxinfreeglow7,1,pending,,
topic-4146ae2fac75698b,tomcat,2024-12-31,[Bug 69518] Toxinfreeglow7,1,pending,,
topic-4968276a13fbcf2f,tomcat,2024-12-31,[Bug 69516] Hunter Valley Wine Tours,1,pending,,
topic-98112790d722a9b4,tomcat,2024-12-31,[Bug 69518] SPAM SPAM SPAM SPAM,1,pending,,
topic-a5ff8cd9bda23bdf,tomcat,2024-12-31,[Bug 69516] SPAM SPAM SPAM SPAM,1,pending,,
topic-bc547f10b32740bb,tomcat,2024-12-31,[Bug 69517] New: Website Update,1,pending,,
topic-fd0af273d043fe44,tomcat,2024-12-31,[Bug 69516] New: Hunter Valley Wine Tours,1,pending,,
topic-490eda21e86f9260,tomcat,2025-01-01,[Bug 69519] New: Starlink Packers and Movers Kondapur Hyderabad,1,pending,,
topic-ab4c4a2e4b797a00,tomcat,2025-01-01,[Bug 69519] Starlink Packers and Movers Kondapur Hyderabad,1,pending,,
topic-c2daa1417187fb09,tomcat,2025-01-03,(tomcat) branch main updated: Use a single copyright date range.,1,pending,,
topic-339ad8da6ad74fc5,tomcat,2025-01-04,[Bug 69521] Supporting for Korean Characters.,6,pending,,
topic-fecefb3c88aee14e,tomcat,2025-01-04,[Bug 69521] New: Supporting for Korean Characters.,1,pending,,
topic-235eb392920689c3,tomcat,2025-01-06,[Bug 69526] Certificate renewal issue while uplifting tomcat from 10.1.16 to 10.1.17,3,pending,,
topic-f9e948fdb7d1ccf4,tomcat,2025-01-06,[Bug 69526] New: Certificate renewal issue while uplifting tomcat from 10.1.16 to 10.1.17,1,pending,,
topic-273190c304a341bb,tomcat,2025-01-07,[Bug 69528] New: archiveIndexStrategy=bloom causes class from multi-release jar to not be found,1,pending,,
topic-2b233d4d412d8592,tomcat,2025-01-07,[PR] matchExcludesAgainstPathName not match with absolutePath and no rewrite file if not changed [tomcat-jakartaee-migration],3,pending,,
topic-652011d1198e8a26,tomcat,2025-01-07,[Bug 69527] New: Resource missing caused by mishandling of the cachedContentLength value.,1,pending,,
topic-73452c1925a42186,tomcat,2025-01-07,[I] Migration of defaultNamespaceRemap / com.sun.xml.bind references [tomcat-jakartaee-migration],4,pending,,
topic-a779b3752c984feb,tomcat,2025-01-07,(tomcat) branch main updated: BZ69521: Allow more non latin languages in EL,2,pending,,
topic-c6bc9b0acaa116e2,tomcat,2025-01-07,[Bug 69527] Resource missing caused by mishandling of the cachedContentLength value in tomcat cache,21,pending,,
topic-f308e409f5d53a61,tomcat,2025-01-07,[Bug 69527] Resource missing caused by mishandling of the cachedContentLength value.,1,pending,,
topic-1092a922f71edf97,tomcat,2025-01-08,[PR] Bump org.apache.commons:commons-compress from 1.26.2 to 1.27.1 [tomcat-jakartaee-migration],1,pending,,
topic-389bdac7f4672bd4,tomcat,2025-01-08,[PR] Bump org.jacoco:jacoco-maven-plugin from 0.8.11 to 0.8.12 [tomcat-jakartaee-migration],1,pending,,
topic-45ba119cd868565f,tomcat,2025-01-08,[PR] Bump commons-io:commons-io from 2.16.1 to 2.18.0 [tomcat-jakartaee-migration],1,pending,,
topic-50423ef0135fe88f,tomcat,2025-01-08,[Bug 69528] archiveIndexStrategy=bloom causes class from multi-release jar to not be found,3,pending,,
topic-8500322124b26ea3,tomcat,2025-01-08,[PR] Bump org.apache.bcel:bcel from 6.9.0 to 6.10.0 [tomcat-jakartaee-migration],1,pending,,
topic-9e1214b4e3fee1a0,tomcat,2025-01-08,[PR] Bump org.apache.ant:ant from 1.10.14 to 1.10.15 [tomcat-jakartaee-migration],1,pending,,
topic-f4af168ed4b913f7,tomcat,2025-01-08,[VOTE] Apache Tomcat migration tool for Jakarta EE 1.0.9,6,pending,,
topic-17a98bdcc2baf0d5,tomcat,2025-01-09,[Bug 69531] SPAM SPAM SPAM SPAM,2,pending,,
topic-5b3de438d73720d2,tomcat,2025-01-09,[Bug 69530] Major different between 10.1.31 and 10.1.34 (class file doLock Method),9,pending,,
topic-77f876c0cac889ec,tomcat,2025-01-09,[Bug 69531] SPAM SPAM SPAM,1,pending,,
topic-a38317442a032a56,tomcat,2025-01-09,[Bug 69531] New: https://godseye.in/,1,pending,,
topic-a65b19f0681d261d,tomcat,2025-01-09,(tomcat) branch main updated: Refactor so the buffered data is used directly rather than copied,10,pending,,
topic-c7922220acb09d78,tomcat,2025-01-09,[Bug 69530] New: Major different between 10.1.31 and 10.1.34 (class file doLock Method),1,pending,,
topic-01e72c7573410c89,tomcat,2025-01-10,[Bug 69532] New: Performance optimization in Util.getExpressionFactory(),1,pending,,
topic-62f0efc808f6bf57,tomcat,2025-01-10,(tomcat) branch main updated: Clear reference to stream in HPack decoder once headers are processed,2,pending,,
topic-1134e0609feeade9,tomcat,2025-01-11,[Bug 69534] SPAM SPAM SPAM SPAM,1,pending,,
topic-8902bfd31f1fe136,tomcat,2025-01-11,[Bug 69534] Toxinfreeglow7,1,pending,,
topic-89ff9af1ce950c70,tomcat,2025-01-11,[Bug 69533] New: Toxinfreeglow7,1,pending,,
topic-a7aea37b2308a99a,tomcat,2025-01-11,[Bug 69533] Toxinfreeglow7,1,pending,,
topic-b120b606cee37dee,tomcat,2025-01-11,[Bug 69534] New: Toxinfreeglow7,1,pending,,
topic-c296eda867ad50dd,tomcat,2025-01-11,[Bug 69533] SPAM SPAM SPAM SPAM,1,pending,,
topic-c9b8e9430a204acf,tomcat,2025-01-13,[PR] fix BZ 69446 - Propagate maxSwallowSize to enforce partial PUT request target file size [tomcat],3,pending,,
topic-edd2cf163b52a87b,tomcat,2025-01-13,(tomcat) branch main updated: Avoid caching bogus 0 content length,1,pending,,
topic-2e9cca1926e6a3dd,tomcat,2025-01-14,[PR] Fix BZ69508 - Javasource generator - explicitly set literal false when call printParams to process jsp include page [tomcat],3,pending,,
topic-11e74ff28cf21474,tomcat,2025-01-15,"[Bug 69537] New: Lead the Future of Business with a DBA from King’s Business School, UAE",1,pending,,
topic-c1ee54bfd5ff45d8,tomcat,2025-01-15,[PR] Webdav special path handling fix [tomcat],4,pending,,
topic-de3c38b7219307f6,tomcat,2025-01-15,[Bug 69537] SPAM SPAM SPAM SPAM,1,pending,,
topic-f6f977242362fbed,tomcat,2025-01-15,"[Bug 69537] Lead the Future of Business with a DBA from King’s Business School, UAE",1,pending,,
topic-21981f7738c6040f,tomcat,2025-01-16,[Bug 69532] Performance optimization in Util.getExpressionFactory(),10,pending,,
topic-3a4588080133311b,tomcat,2025-01-16,[PR] webdav testcase for special path [tomcat],3,pending,,
topic-b49dc4aac7386a5e,tomcat,2025-01-16,(tomcat) branch main updated: More accurate check for WEB-INF and META-INF,1,pending,,
topic-bd242a522773ac24,tomcat,2025-01-16,(tomcat) branch 9.0.x updated: Automate protection for CVE-2024-56337,2,pending,,
topic-1e306178cca1dbd8,tomcat,2025-01-17,(tomcat) branch main updated: Improve EL Identifier tests,1,pending,,
topic-379b9d68f4b15d2a,tomcat,2025-01-17,(tomcat) branch 9.0.x updated: Fix logic issue,1,pending,,
topic-459beb1e1f87cf7c,tomcat,2025-01-17,[PR] Fix memory leak in CrawlerSessionManagerValve [tomcat],2,pending,,
topic-46823444d3f36f04,tomcat,2025-01-17,[Bug 69539] New: Zero content length can be return with many concurrent requests,1,pending,,
topic-d8f8d7e017534385,tomcat,2025-01-17,[Bug 69539] Zero content length can be return with many concurrent requests,4,pending,,
topic-20082ddf59ee5b5c,tomcat,2025-01-18,[Bug 69540] https://macbookrepairsdubai.ae,1,pending,,
topic-a13e9d821b378d12,tomcat,2025-01-18,[Bug 69540] New: https://macbookrepairsdubai.ae,1,pending,,
topic-a387777390c19fda,tomcat,2025-01-18,[Bug 69540] SPAM SPAM SPAM SPAM,2,pending,,
topic-00eec02bdf8eea12,tomcat,2025-01-21,"[PR] for delete failure case, send Allow header at same time with sc  Method not allowed [tomcat]",1,pending,,
topic-a699d75cc9c90f3e,tomcat,2025-01-21,[ANN] Apache Tomcat Migration tool for Jakarta EE 1.0.9,1,pending,,
topic-da1878229f7a0123,tomcat,2025-01-21,[VOTE][RESULT] Apache Tomcat migration tool for Jakarta EE 1.0.9,1,pending,,
topic-71e39a3b01f5ff9a,tomcat,2025-01-22,Request dispatcher decoding and normalization,2,pending,,
topic-bbfad5c26b97d7ab,tomcat,2025-01-22,[Bug 69545] Issue Posting a huge content with header transfer-encoding chunked not working from 10.1.29 version of tomcat in spring cloud gateway application using reactive webflux,16,pending,,
topic-f5ac9b9c3509d7bd,tomcat,2025-01-22,[Bug 69545] New: Issue Posting a huge content with header transfer-encoding chunked not working from 10.1.29 version of tomcat in spring cloud gateway application using reactive webflux,1,pending,,
topic-5eec8a81db934420,tomcat,2025-01-23,[PR] Ensure partial put data range not exceed ContentRange declared [tomcat],6,pending,,
topic-00c344725497a59c,tomcat,2025-01-25,[Bug 69548] New: http://homeaserepairs.com,1,pending,,
topic-bb0dcaf1aa64926a,tomcat,2025-01-25,[Bug 69548] http://homeaserepairs.com,2,pending,,
topic-f3e7f4e727c59364,tomcat,2025-01-25,[Bug 69548] SPAM SPAM SPAM SPAM,1,pending,,
topic-541b2db9e701c244,tomcat,2025-01-28,[Bug 69552] New: Performance regression in MessageBytes.toBytes() when using non-default charset,1,pending,,
topic-58b9a40b288647d8,tomcat,2025-01-28,[Bug 69551] SPAM SPAM SPAM SPAM,1,pending,,
topic-7eddebf7a741eff1,tomcat,2025-01-28,[Bug 69552] Performance regression in MessageBytes.toBytes() when using non-default charset,9,pending,,
topic-a24f950cba5b7460,tomcat,2025-01-28,[Bug 69551] New: Prestige Suncrest Apartments,1,pending,,
topic-af1b66201ee463f2,tomcat,2025-01-28,[Bug 69551] Prestige Suncrest Apartments,2,pending,,
topic-00cb199ee8222b8d,tomcat,2025-01-29,[PR] log ip [tomcat],5,pending,,
topic-0d6a8e89003f44c9,tomcat,2025-01-29,"[Bug 69553] Visit Your Dream is a trusted tour operator for Char Dham Yatra, offering seamless packages to Badrinath, Kedarnath, Yamunotri, and Gangotri with safe transport, quality stays, and expert guidance for a hassle-free pilgrimage.",1,pending,,
topic-1a4f1619b2a0c97b,tomcat,2025-01-29,[Bug 69556] SPAM SPAM SPAM SPAM,2,pending,,
topic-36d1d89b1c545029,tomcat,2025-01-29,[Bug 69556] New: https://safehealthpharmacy.com,1,pending,,
topic-44404cc8a9607710,tomcat,2025-01-29,[Bug 69556] https://safehealthpharmacy.com,1,pending,,
topic-c04e53922f0ba975,tomcat,2025-01-29,[PR] Forward toString in MessageBytes toStringType [tomcat],5,pending,,
topic-e376facc3837b78e,tomcat,2025-01-29,(tomcat) branch main updated: Work around available tricks,4,pending,,
topic-e3961d3b0f7b4240,tomcat,2025-01-29,"[Bug 69553] New: Visit Your Dream is a trusted tour operator for Char Dham Yatra, offering seamless packages to Badrinath, Kedarnath, Yamunotri, and Gangotri with safe transport, quality stays, and expert guidance for a hassle-free pilgrimage.",1,pending,,
topic-5822dbbe23b624bc,tomcat,2025-01-30,[PR] Invoke toStringType instead of toString in MimeHeaders [tomcat],2,pending,,
topic-b4e15be3e53fe5a9,tomcat,2025-01-30,Tomcat 9 extended support,13,pending,,
topic-304d98248a764c2a,tomcat,2025-01-31,[PR] certificate regression [tomcat],7,pending,,
topic-97f1af30526f7c0e,tomcat,2025-01-31,[Bug 69559] New: WARNING: sun.misc.Unsafe::invokeCleaner has been called by org.apache.tomcat.util.buf.ByteBufferUtils,1,pending,,
topic-fc8b20f4cdc1cbad,tomcat,2025-01-31,[Bug 69559] WARNING: sun.misc.Unsafe::invokeCleaner has been called by org.apache.tomcat.util.buf.ByteBufferUtils,4,pending,,
topic-00edc2643a5a2e77,tomcat,2025-02-03,[Bug 69562] SPAM SPAM SPAM SPAM,1,pending,,
topic-3e2135150d881b47,tomcat,2025-02-03,[PR] clean up org.apache.tomcat.util.http  RequestUtil [tomcat],9,pending,,
topic-62143c059951254d,tomcat,2025-02-03,[Bug 69562] External Clothing Brand,1,pending,,
topic-88199d169be222ab,tomcat,2025-02-03,[Bug 69562] New: External Clothing Brand,1,pending,,
topic-8ae8d50dfbff6011,tomcat,2025-02-03,[PR] Fix null stream issue for resource loading based on relative paths [tomcat],5,pending,,
topic-a5646b6e95515012,tomcat,2025-02-03,[PR] Replace \r\n with SimpleHttpClient.CRLF in Http2TestBase & Cleanup RequestUtil [tomcat],2,pending,,
topic-e19fe853370d6780,tomcat,2025-02-03,[PR] log connectionId [tomcat],8,pending,,
topic-1168b317a42b8998,tomcat,2025-02-04,"[Bug 69565] New: Discover exceptional homes for sale in Mineola, one of Mississauga's most sought-after neighborhoods.",1,pending,,
topic-16b2b76f68c4ea5d,tomcat,2025-02-04,[Bug 69564] New: Get a free in-home evaluation from expert real estate agents to understand your bungalow's market value and get tips to sell faster and for top dollar.,1,pending,,
topic-4312aeadc2792509,tomcat,2025-02-04,[VOTE] Release Apache Tomcat 10.1.35,7,pending,,
topic-b2dd5b8c02d4851b,tomcat,2025-02-04,[VOTE] Release Apache Tomcat 11.0.3,14,pending,,
topic-e334de6443b3df8d,tomcat,2025-02-04,[VOTE] Release Apache Tomcat 9.0.99,9,pending,,
topic-ef7fe33fcd094753,tomcat,2025-02-04,"(tomcat) 01/02: Revert ""Update JSign to 7.0""",2,pending,,
topic-3fbd4aa7e2725de3,tomcat,2025-02-05,[Bug 69567] New: Tomcat returns 200 OK instead of 500 Internal Server Error on cache eviction failure leading to application errors,1,pending,,
topic-8f0fb00b71108d38,tomcat,2025-02-05,[Bug 69567] Tomcat returns 200 OK instead of 500 Internal Server Error on cache eviction failure leading to application errors,5,pending,,
topic-e621ebd4b71db88f,tomcat,2025-02-05,[Bug 69568] SPAM SPAM SPAM SPAM,1,pending,,
topic-e65a56bb8821043d,tomcat,2025-02-05,[Bug 69568] New: past papers offer a concise and direct route to revision. Focused preparation on specific topics ensures students are ready for any question.,1,pending,,
topic-7c4ec74f428c7cc7,tomcat,2025-02-06,[PR] Fix null stream issue for resource loading based on relative names [tomcat],8,pending,,
topic-a99b84f9b3faa210,tomcat,2025-02-06,[Bug 69569] product from the online store.,1,pending,,
topic-be9c58fc74e3e4b5,tomcat,2025-02-06,[Bug 69569] SPAM SPAM SPAM SPAM,1,pending,,
topic-dd099a7051b59e67,tomcat,2025-02-06,[Bug 69569] New: product from the online store.,1,pending,,
topic-0a73ac9f08d85286,tomcat,2025-02-07,[Bug 64550] create a project module to launch Tomcat in JPMS,1,pending,,
topic-3cb48d5305860585,tomcat,2025-02-07,[Bug 64549] create a project module to launch Tomcat in OSGi,1,pending,,
topic-6844b78f6ee13d44,tomcat,2025-02-07,[VOTE][OT] Release Apache Tomcat 10.1.35,6,pending,,
topic-c1fd17058de81114,tomcat,2025-02-07,[PR] SpnegoAuthenticator allows wrong calls to login/logout methods [tomcat],20,pending,,
topic-036b3f416e30b46b,tomcat,2025-02-10,[Bug 69570] New: The URL construction error of the tag <JSP:include>,1,pending,,
topic-1bfdc43db10c991a,tomcat,2025-02-10,[VOTE][RESULT] Release Apache Tomcat 9.0.99,1,pending,,
topic-3172e5c188f64eda,tomcat,2025-02-10,[Bug 69574] New: tomcat 10.1.34 has java 22 build in libs and can't be run on java 11.,1,pending,,
topic-33caae17a679db1c,tomcat,2025-02-10,[Bug 69573] New: GlassWin  Windows & Railing Solutions Pune,1,pending,,
topic-37840e31b3610ab7,tomcat,2025-02-10,[ANN] Apache Tomcat 11.0.3 Available,1,pending,,
topic-3a6a165d1b80922f,tomcat,2025-02-10,[Bug 69574] tomcat 10.1.34 has java 22 build in libs and can't be run on java 11.,3,pending,,
topic-44c3c4854a6cafef,tomcat,2025-02-10,[VOTE][RESULT] Release Apache Tomcat 11.0.3,1,pending,,
topic-4a40d9515bd5c111,tomcat,2025-02-10,[PR] Replace wine by makensis for Linux and use finalization to sign (un)installer [tomcat],32,pending,,
topic-5bd51891421b8006,tomcat,2025-02-10,[Bug 69573] SPAM SPAM SPAM SPAM,1,pending,,
topic-5ca1a1240974d726,tomcat,2025-02-10,[VOTE][RESULT] Release Apache Tomcat 10.1.35,1,pending,,
topic-8994cd5f4ecc12d9,tomcat,2025-02-10,[PR] BZ69446 - add parameter maxPutFileSize in DefaultServlet [tomcat],8,pending,,
topic-8c3965c56e586af7,tomcat,2025-02-10,"[Bug 69575] New: org.apache.coyote.CompressionConfig doesn't recognize ""zstd"" compression",1,pending,,
topic-8f275733a016ad0c,tomcat,2025-02-10,[PR] BZ69504 move force recycle from log access method [tomcat],3,pending,,
topic-b2c39d9eed3792ff,tomcat,2025-02-10,[Bug 44116] Multiple JSESSIONID handling with overlapping domains does not work,4,pending,,
topic-b583d82a72dd076c,tomcat,2025-02-10,[ANN] Apache Tomcat 9.0.99 available,1,pending,,
topic-c1b5d42d16a6e50d,tomcat,2025-02-10,"[Bug 69575] org.apache.coyote.CompressionConfig doesn't recognize ""zstd"" compression",10,pending,,
topic-c9004b8c35addfaa,tomcat,2025-02-10,Choosing an official language for Tomcat release builds,10,pending,,
topic-cc5d9b2d7b6ec6e0,tomcat,2025-02-10,[ANN] New committer: John Engebretson,1,pending,,
topic-cdbdc8e101d74727,tomcat,2025-02-10,[Bug 69570] The URL construction error of the tag <JSP:include>,1,pending,,
topic-ec3762818859e3f0,tomcat,2025-02-10,[ANN] Apache Tomcat 10.1.35 Available,1,pending,,
topic-ee78f877771a6f3a,tomcat,2025-02-10,[Bug 69573] GlassWin  Windows & Railing Solutions Pune,1,pending,,
topic-f2647607fa2a43b7,tomcat,2025-02-10,[PR] BZ69486 - enhance #recycle - erase unused contents by writing zero. [tomcat],2,pending,,
topic-1233867438d269dd,tomcat,2025-02-11,[Bug 69577] New: The new patch is avoid to start Tomcat,1,pending,,
topic-1a9a4c01a297ca05,tomcat,2025-02-11,JDK 24 Release Candidate | JavaOne and More Heads-Up,1,pending,,
topic-344c14a4b6862cfa,tomcat,2025-02-11,[Bug 69576] New: Tomcat doesn't start on JDK 17 due to an ExceptionInInitializerError,1,pending,,
topic-6f70b6dc6ae6c882,tomcat,2025-02-11,[Bug 69578] New: Catalina start with java cargo does not work starting with 9.0.99,1,pending,,
topic-ab17baba23c0260e,tomcat,2025-02-11,[Bug 69578] Catalina start with java cargo does not work starting with 9.0.99,1,pending,,
topic-cf79e95aec6e85c6,tomcat,2025-02-11,[Bug 69577] The new patch is avoid to start Tomcat,1,pending,,
topic-d9caf8b63d7c7abb,tomcat,2025-02-11,[Bug 69576] Tomcat doesn't start on JDK 17 due to an ExceptionInInitializerError,22,pending,,
topic-2aac45baa7c7063a,tomcat,2025-02-12,[Bug 69581] JreCompat static block fails with java.lang.reflect.InaccessibleObjectException,1,pending,,
topic-8289304aa030fa79,tomcat,2025-02-12,[Bug 69582] Unable to make field static final boolean java.io.FileSystem.useCanonCaches accessible,3,pending,,
topic-c3f1795d90cf8370,tomcat,2025-02-12,[Bug 69581] New: JreCompat static block fails with java.lang.reflect.InaccessibleObjectException,1,pending,,
topic-d33437fd08ea3492,tomcat,2025-02-12,Tagging 11.0.4,4,pending,,
topic-d951d5fadd2597c1,tomcat,2025-02-12,[Bug 69582] New: Unable to make field static final boolean java.io.FileSystem.useCanonCaches accessible,1,pending,,
topic-0417c39e4fb95e6c,tomcat,2025-02-13,[VOTE] Release Apache Tomcat 11.0.4,5,pending,,
topic-4fb66bda8f9ed7fa,tomcat,2025-02-13,[VOTE] Release Apache Tomcat 10.1.36,9,pending,,
topic-73e760c43b149512,tomcat,2025-02-13,[VOTE] Release Apache Tomcat 9.0.100,4,pending,,
topic-84f886730edc1987,tomcat,2025-02-13,[PR] Refactor CORS Request Type Checking Logic for Simplicity and Clarity [tomcat],7,pending,,
topic-f74b44dd2c5815c1,tomcat,2025-02-14,[Bug 69584] New: CATALINA_LOGGING_CONFIG is missing in stop command,1,pending,,
topic-5ff5552cd8ff3a50,tomcat,2025-02-15,[PR] Prevention of Util Class Institution [tomcat],1,pending,,
topic-94c44297c16651aa,tomcat,2025-02-15,"[PR] Refactor CSRF Filter: Simplify Logic, Improve Logging, and Enhance Code Readability [tomcat]",3,pending,,
topic-c29364ad0a30af3f,tomcat,2025-02-15,[Bug 69584] CATALINA_LOGGING_CONFIG is missing in stop command,10,pending,,
topic-1e7305ae2075067a,tomcat,2025-02-16,[PR] Add unit tests for AsyncStateMachine's asyncPostProcess method [tomcat],5,pending,,
topic-1862bb4aa93b4d73,tomcat,2025-02-17,[VOTE][RESULT] Release Apache Tomcat 9.0.100,1,pending,,
topic-1ed045f3c5f58ac6,tomcat,2025-02-17,[ANN] Apache Tomcat 9.0.100 available,1,pending,,
topic-4f4909c066bf9872,tomcat,2025-02-17,[VOTE][RESULT] Release Apache Tomcat 11.0.4,1,pending,,
topic-6acbd051e6eed8d0,tomcat,2025-02-17,[ANN] Apache Tomcat 11.0.4 Available,1,pending,,
topic-e5853158234495b1,tomcat,2025-02-17,[Bug 69587] SPAM SPAM SPAM SPAM,1,pending,,
topic-ff55a364201218a0,tomcat,2025-02-17,[Bug 69587] New: Animation Boom,1,pending,,
topic-4522df36efe6fa47,tomcat,2025-02-18,[Bug 69588] Allow linking subresources independent of <Resources> in context.xml,5,pending,,
topic-4cf752764f6ee820,tomcat,2025-02-18,[ANN] Apache Tomcat 10.1.36 Available,1,pending,,
topic-8aa32856e09537d3,tomcat,2025-02-18,[VOTE][RESULT] Release Apache Tomcat 10.1.36,1,pending,,
topic-9abf26edbb8f46b3,tomcat,2025-02-18,[Bug 69588] New: Allow linking subresources independent of <Resources> in context.xml,1,pending,,
topic-c66af002bd781df2,tomcat,2025-02-18,[PR] Enhance case sensitivity check [tomcat],9,pending,,
topic-0c53b1b616325685,tomcat,2025-02-19,[Bug 64830] HTTP2 : GOAWAY sent with Protocol Error and Frame Size Error,1,pending,,
topic-e214c87e26909cd6,tomcat,2025-02-19,Case sensitivity checks,2,pending,,
topic-9ac26d9ded2bc530,tomcat,2025-02-20,Further improvements to the CVE-2024-56337 protection,6,pending,,
topic-baf9580007ec0b4a,tomcat,2025-02-20,[PR] WebResource read/write lock key changed to in lowercase arbitrarily [tomcat],1,pending,,
topic-43b03d8bae4e0236,tomcat,2025-02-21,(tomcat) branch main updated: Update with transfer-encoding support,2,pending,,
topic-e38e7413d99acd46,tomcat,2025-02-24,[PR] Fix info-then-debug logging in Http2UpgradeHandler [tomcat],2,pending,,
topic-2612d25488ab1247,tomcat,2025-02-25,[Bug 69593] SPAM SPAM SPAM SPAM,1,pending,,
topic-7ddb74678f2edada,tomcat,2025-02-25,[Bug 69594] Anabolic,1,pending,,
topic-8d2b677a5d3e30b5,tomcat,2025-02-25,[Bug 69594] SPAM SPAM SPAM SPAM,2,pending,,
topic-8ee4202a5db58b8a,tomcat,2025-02-25,[Bug 69593] New: Anabolic,1,pending,,
topic-9e79c48e4066966c,tomcat,2025-02-25,[Bug 69594] New: Anabolic,1,pending,,
topic-14472dc5b23ff37b,tomcat,2025-02-26,[Bug 69596] New: Renting a Ferrari in Miami turns this dream into reality.,1,pending,,
topic-1a85d5221f2eccc0,tomcat,2025-02-26,[Bug 69595] New: It seems that the file size-based rotation function needs to be added to AccessLogValve.,1,pending,,
topic-3c0824228a7dd70d,tomcat,2025-02-26,[Bug 69599] New: Changelog missing for Tomcat 10.1.36,1,pending,,
topic-424fddc739c5274b,tomcat,2025-02-26,[Bug 69598] New: Reload service account token if changed in KubernetesMembershipProvider,1,pending,,
topic-561f861bfab00ffd,tomcat,2025-02-26,[Bug 69597] New: Renting a Ferrari in Miami turns this dream into reality.,1,pending,,
topic-64cde048943eda32,tomcat,2025-02-26,[Bug 69597] SPAM SPAM SPAM SPAM,1,pending,,
topic-851072d3a18f5e56,tomcat,2025-02-26,[Bug 69595] It seems that the file size based rotation function needs to be added to AccessLogValve.,1,pending,,
topic-aea2fb1e0e61b063,tomcat,2025-02-26,RSA Key Used to Sign Tomcat 10 Releases Missing from KEYS File,2,pending,,
topic-d09c9ce36da6c9f8,tomcat,2025-02-26,[Bug 69595] It seems that the file size based rotation feature needs to be added to AccessLogValve.,1,pending,,
topic-d41b776e874ab6ea,tomcat,2025-02-26,[Bug 69596] SPAM SPAM SPAM SPAM,1,pending,,
topic-e0005f914312f573,tomcat,2025-02-26,[Bug 69595] Add file-size-based rotation to AccessLogValve,1,pending,,
topic-fff062010e49aa40,tomcat,2025-02-26,[Bug 69599] Changelog missing for Tomcat 10.1.36,1,pending,,
topic-21811bbedda1da1d,tomcat,2025-02-27,[Bug 69600] New: Add ipv6 link-local and unique local addresses to the default internalProxies,1,pending,,
topic-ad6b323f6ac84fe0,tomcat,2025-02-27,[Bug 69600] Add ipv6 link-local and unique local addresses to the default internalProxies,2,pending,,
topic-ade7f049aad0818e,tomcat,2025-02-27,"[Bug 69601] New: JDBC Pool ""not a proxy instance""",1,pending,,
topic-f5c70ed0b12d47f8,tomcat,2025-02-27,[Bug 69598] Reload service account token if changed in KubernetesMembershipProvider,1,pending,,
topic-02c7ccda33ad891b,tomcat,2025-02-28,"[Bug 69601] JDBC Pool ""not a proxy instance""",3,pending,,
topic-112b8753e952c0a4,tomcat,2025-02-28,[Bug 69602] IF-Range Check for Strong-ETags breaks download of large videos,7,pending,,
topic-6e7c3af15914e86f,tomcat,2025-02-28,[Bug 69603] running configure of tomcat-native breaks on openssl(3.4.1) verification,5,pending,,
topic-6f78bfcdc8baf9a5,tomcat,2025-02-28,[Bug 69602] New: IF-Range Check for Strong-ETags breaks download of large videos,1,pending,,
topic-9da131b033142a05,tomcat,2025-02-28,[Bug 69603] New: running configure of tomcat-native breaks on openssl(3.4.1) verification,1,pending,,
topic-ee7c133613f58c98,tomcat,2025-02-28,[VOTE] Release Apache Tomcat 11.0.5,7,pending,,
topic-50858a209457607a,tomcat,2025-03-01,[VOTE] Release Apache Tomcat 10.1.37,4,pending,,
topic-29adf5f0171b4d62,tomcat,2025-03-02,[VOTE] Release Apache Tomcat 9.0.101,2,pending,,
topic-4d657da31bbe93b5,tomcat,2025-03-02,(tomcat) branch 9.0.x updated: Add makensis as an option for building the Windows installer,19,pending,,
topic-790744909ced2c35,tomcat,2025-03-02,(tomcat) 01/01: Tag 9.0.101,1,pending,,
topic-d2477999f8353bb2,tomcat,2025-03-02,(tomcat) 01/01: Tag 10.1.37,1,pending,,
topic-2b94e979e60fe575,tomcat,2025-03-03,(tomcat) branch main updated: 69602: Allow weak etags in If-Range header,3,pending,,
topic-59c7b8bb70cb536c,tomcat,2025-03-03,[VOTE] Release Apache Tomcat 10.1.38,3,pending,,
topic-72a00b184635c1ff,tomcat,2025-03-03,[VOTE][CANCELED] Release Apache Tomcat 10.1.37,1,pending,,
topic-f8b1c462dcb8639b,tomcat,2025-03-03,[VOTE] Release Apache Tomcat 9.0.102,8,pending,,
topic-70261d1353063d44,tomcat,2025-03-04,[VOTE] Release Apache Tomcat 10.1.39,9,pending,,
topic-b95202b18f84b45a,tomcat,2025-03-04,[VOTE][CANCELED] Release Apache Tomcat 10.1.38,1,pending,,
topic-f3bcce062cabda98,tomcat,2025-03-04,NSIS and the need for signing callbacks,11,pending,,
topic-3d0885b45b200b8d,tomcat,2025-03-05,[Bug 69604] Catalina connector request does not adhere to RFC 7232 3.3 (If-Modified-Since),1,pending,,
topic-5c8220aaea18e308,tomcat,2025-03-05,[VOTE][RESULT] Release Apache Tomcat 11.0.5,1,pending,,
topic-5f59dbbed64a513d,tomcat,2025-03-05,[Bug 69604] New: Catalina connector request does not adhere to RFC 7232 3.3 (If-Modified-Since),1,pending,,
topic-6940bf034756e0eb,tomcat,2025-03-06,[Bug 69605] New: Possibility to clear the notFoundClassResource cache from within a running webapp,1,pending,,
topic-9a619bdfb0313cdd,tomcat,2025-03-06,[ANN] Apache Tomcat 9.0.102 available,1,pending,,
topic-c4aae4d97ab29cb0,tomcat,2025-03-06,[VOTE][RESULT] Release Apache Tomcat 9.0.102,1,pending,,
topic-de0b72ca7f5bff38,tomcat,2025-03-06,[ANN] Apache Tomcat 11.0.5 Available,1,pending,,
topic-e93d72c288651447,tomcat,2025-03-06,[Bug 69605] Possibility to clear the notFoundClassResource cache from within a running webapp,5,pending,,
topic-11af386917cdaf32,tomcat,2025-03-07,[VOTE][RESULT] Release Apache Tomcat 10.1.39,1,pending,,
topic-5f0fafe1993d330a,tomcat,2025-03-07,[ANN] Apache Tomcat 10.1.39 Available,1,pending,,
topic-8898110f0f907f89,tomcat,2025-03-07,[Bug 69607] MD5 algorithm insecure usage in tomcat-util,15,pending,,
topic-99a9f2cc79319e72,tomcat,2025-03-07,[Bug 69606] Makeup artist in Jalandhar,1,pending,,
topic-9ef0251fbd296f93,tomcat,2025-03-07,[Bug 69606] New: Makeup artist in Jalandhar,1,pending,,
topic-f63b3a56c1c69c74,tomcat,2025-03-07,[Bug 69607] New: MD5 algorithm insecure usage in tomcat-util,1,pending,,
topic-30676b8139085855,tomcat,2025-03-10,[Bug 69608] JSP Servlet engine is garbage collected leading to Denial of service,11,pending,,
topic-34350e77150d982b,tomcat,2025-03-10,[SECURITY] CVE-2025-24813 Potential RCE and/or information disclosure and/or information corruption with partial PUT,1,pending,,
topic-a0843e8040c94c1c,tomcat,2025-03-10,[Bug 69608] New: JSP Servlet engine is garbage collected leading to Denial of service,1,pending,,
topic-c8120471715a737c,tomcat,2025-03-10,[apache/tomcat] Run failed: Smoke Test - main (0c2dddb),1,pending,,
topic-739d0dca28fde9cb,tomcat,2025-03-11,[PR] [Bug 69607] - MD5 algorithm insecure usage in tomcat-util [tomcat],1,pending,,
topic-7c9a177856c1fa3e,tomcat,2025-03-11,[OT] NSIS and the need for signing callbacks,1,pending,,
topic-263ff9212de7a90e,tomcat,2025-03-12,[Bug 69612] New: Typo on the release notes of Catalina 11.0.3 ('CVE-2004-56337' instead of 'CVE-2024-56337'),1,pending,,
topic-511039386deebb94,tomcat,2025-03-12,Default Servlet and POST,4,pending,,
topic-8e05089c05436188,tomcat,2025-03-12,[Bug 69612] Typo on the release notes of Catalina 11.0.3 ('CVE-2004-56337' instead of 'CVE-2024-56337'),1,pending,,
topic-f4a297ee7b6d8d4c,tomcat,2025-03-12,[Bug 69610] New: Consider implementing support for upgrade-insecure-requests request header and conditional HSTS,1,pending,,
topic-392d46517378bdc3,tomcat,2025-03-13,(tomcat) branch main updated: Fix test failures seen on Gump. Use approach from TestAccessLogValve.,1,pending,,
topic-376e254e1b49132a,tomcat,2025-03-17,(tomcat) branch main updated: Not strictly necessary but stops Eclipse from complaining,1,pending,,
topic-845120a9b10559b7,tomcat,2025-03-17,Additional Java language features,2,pending,,
topic-3dbe587acaf92459,tomcat,2025-03-18,[Bug 69615] Potential Regression in Tomcat 9.0.97+(Including Tomcat 10 and Tomcat 11) — NoClassDefFoundError for Dynamically Loaded Classes,9,pending,,
topic-78488c6bfeb84fd8,tomcat,2025-03-18,[Bug 69615] New: Potential Regression in Tomcat 9.0.97+(Including Tomcat 10 and Tomcat 11) — NoClassDefFoundError for Dynamically Loaded Classes,1,pending,,
topic-c7598a73b5bb30b0,tomcat,2025-03-18,[Bug 69614] Ill formatted priority header results in frozen HTTP/2 connection,4,pending,,
topic-db65027bfbae8dbc,tomcat,2025-03-18,[Bug 69614] New: Ill formatted priority header results in frozen HTTP/2 connection,1,pending,,
topic-1d39905e49c84c9f,tomcat,2025-03-19,[Bug 69616] SPAM SPAM SPAM SPAM,4,pending,,
topic-4fea7e2d17aad5a7,tomcat,2025-03-19,[Bug 69616] New: Unleash Your Inner Wordsmith: Dive into the Addictive World of Wordle Unlimited!,1,pending,,
topic-692f098baad0cef4,tomcat,2025-03-19,[PR] Expanding Parallel Deployment section of Tomcat Docs [tomcat],6,pending,,
topic-ba33dab441700edb,tomcat,2025-03-19,"(tomcat) branch main updated: Revert ""Use unnamed variable to avoid IDE warnings after refactoring""",1,pending,,
topic-a8ea0b380cbf6e7a,tomcat,2025-03-20,(tomcat) 02/02: Mostly revert changes,1,pending,,
topic-ba965b3ae9521e66,tomcat,2025-03-20,(tomcat) branch main updated: Add new registry factory that does not return null,3,pending,,
topic-c55f21911d9c7217,tomcat,2025-03-20,Existing version: 7.0.82,3,pending,,
topic-c61f28be9c1049ce,tomcat,2025-03-20,[Bug 69617] Add a reminder about potential high heap memory usage in description of maxHttpRequestHeaderSize,6,pending,,
topic-e2bab35099c227b3,tomcat,2025-03-20,[Bug 69617] New: Add a reminder about potential high heap memory usage in description of maxHttpRequestHeaderSize,1,pending,,
topic-e7431f0cad34a493,tomcat,2025-03-20,(tomcat) branch main updated: Fix type related warnings,3,pending,,
topic-74961564a483c130,tomcat,2025-03-21,[Bug 69621] http://www.shripada.com,2,pending,,
topic-c59dfdcfac5a16fb,tomcat,2025-03-21,Sharing code across packages,2,pending,,
topic-ca112293729b4a56,tomcat,2025-03-21,[Bug 69621] SPAM SPAM SPAM SPAM,1,pending,,
topic-e1ae8067d8821f44,tomcat,2025-03-21,[Bug 69621] New: http://www.shripada.com,1,pending,,
topic-0eabe862e137bc30,tomcat,2025-03-22,[Bug 69623] regression between 9.0.27 and 9.0.29: UnknownServiceException: no content-type,21,pending,,
topic-3972f8ffbccc171a,tomcat,2025-03-22,[Bug 69623] New: regression between 9.0.27 and 9.0.29: UnknownServiceException: no content-type,1,pending,,
topic-23fb21e610a925a2,tomcat,2025-03-24,Why no ALPN with HTTP/1.1?,1,pending,,
topic-265226ba67b4b2d8,tomcat,2025-03-24,[PR] Bump org.apache:apache from 33 to 34 [tomcat-jakartaee-migration],1,pending,,
topic-4abb9d42b20dd8ad,tomcat,2025-03-24,[PR] Bump actions/setup-java from 3 to 4 [tomcat-jakartaee-migration],1,pending,,
topic-710f21b24b1090f2,tomcat,2025-03-24,[PR] Bump codecov/codecov-action from 3 to 5 [tomcat-jakartaee-migration],1,pending,,
topic-b7e3c2c8578b2682,tomcat,2025-03-24,[PR] Bump actions/cache from 4.2.0 to 4.2.3 [tomcat-jakartaee-migration],1,pending,,
topic-cca4b9f1eb14e398,tomcat,2025-03-24,[PR] Bump actions/checkout from 3 to 4 [tomcat-jakartaee-migration],1,pending,,
topic-e1a0ec3b8d85ca84,tomcat,2025-03-24,Community over Code North America 2025 Call for Presentations is OPEN,1,pending,,
topic-443c91a6f1adb2b8,tomcat,2025-03-26,[Bug 69631] New: java.nio.channels.WritePendingException when using https-openssl-nio2 and virtual threads,1,pending,,
topic-749c2136eacc52ac,tomcat,2025-03-26,[PR] Changed string comparison - need to use equals() instead of == or != [tomcat],8,pending,,
topic-c00a7777d413ede3,tomcat,2025-03-26,[PR] [optimization] Removed unused code [tomcat],2,pending,,
topic-94b3c36eca7b219b,tomcat,2025-03-27,[PR] Changed string concatenations to chained calls of append() [tomcat],2,pending,,
topic-db6d3f0adcae9f4c,tomcat,2025-03-27,[Bug 69632] New: Cozy Home Spheres,1,pending,,
topic-e16292e9144958c5,tomcat,2025-03-27,[Bug 69632] Cozy Home Spheres,1,pending,,
topic-96a978df8c024d81,tomcat,2025-03-28,[Bug 69631] java.nio.channels.WritePendingException when using https-openssl-nio2 and virtual threads,22,pending,,
topic-9b1a1356aa9f9894,tomcat,2025-03-28,"[Bug 69633] Filters mapped to """" are not applied to empty string ("""") special URL pattern",5,pending,,
topic-cb35404bbecba2cf,tomcat,2025-03-28,[Bug 69634] NullPointerException in JsonErrorReportValve,2,pending,,
topic-cea5a6030cc5f3ca,tomcat,2025-03-28,"[Bug 69633] New: Filters mapped to """" are not applied to empty string ("""") special URL pattern",1,pending,,
topic-db6a98d2d6317a5c,tomcat,2025-03-28,(tomcat) branch main updated: Update JDT to 4.35 / 3.41,3,pending,,
topic-e591665350844b06,tomcat,2025-03-28,[Bug 69635] New: JSP fails to import nested enum or class,1,pending,,
topic-fb82fad1180f2ac7,tomcat,2025-03-28,[Bug 69634] New: NullPointerException in JsonErrorReportValve,1,pending,,
topic-0966557ac3e896a5,tomcat,2025-03-31,Plans for April releases,6,pending,,
topic-1668d7564bc6d146,tomcat,2025-03-31,CIDR with IPv4 embedded in IPv6,1,pending,,
topic-b7a2037756676d8a,tomcat,2025-03-31,(tomcat) branch main updated: Restore final keywords,2,pending,,
topic-0007f97511b9de86,tomcat,2025-04-01,[PR] Fix spelling in Java and JSP files [tomcat],3,pending,,
topic-3ba90c1ac4124abf,tomcat,2025-04-01,[PR] test(java): fix spelling [tomcat],2,pending,,
topic-3d2a97fd9f5091ea,tomcat,2025-04-01,[PR] Fix spelling in Java files [tomcat-jakartaee-migration],2,pending,,
topic-65897e107f0451d2,tomcat,2025-04-01,[PR] misc: fix spelling [tomcat-training],2,pending,,
topic-8bceab4ee35b8cc8,tomcat,2025-04-01,[VOTE] Release Apache Tomcat 10.1.40,8,pending,,
topic-b607e31b9a645fd6,tomcat,2025-04-01,[VOTE] Release Apache Tomcat 9.0.103,16,pending,,
topic-c2497a3af64aa09a,tomcat,2025-04-01,[PR] misc: fix grammar / spelling / remove duplicate words [tomcat],1,pending,,
topic-ddeca70a33ffa68f,tomcat,2025-04-01,[PR] webapps/docs: fix spelling in XML files [tomcat],2,pending,,
topic-e0c3c6f10af1b043,tomcat,2025-04-01,[VOTE] Release Apache Tomcat 11.0.6,8,pending,,
topic-09b2aa73f2fc3da5,tomcat,2025-04-02,Unit test failure in TestAccessLogValve line 316,4,pending,,
topic-7d0f6651423d0065,tomcat,2025-04-02,[PR] Added missing useCanonCaches define [tomcat],2,pending,,
topic-1afb72aa4f9d3c9b,tomcat,2025-04-03,[Bug 69642] net stop tomcat service returns turn but tomcat.exe is still running in the background,6,pending,,
topic-67d645d38bac7d55,tomcat,2025-04-03,"[Bug 69644] New: ""Which Version?"" page says Tomcat 11 is still alpha",1,pending,,
topic-868ba791aeb36fc6,tomcat,2025-04-03,[Bug 69643] New: DirResourceSet class retrieves canonical path too frequently - follow up on bug 68054,1,pending,,
topic-ddaa990802db0291,tomcat,2025-04-03,[Bug 69641] New: cgi,1,pending,,
topic-f302799eeca5a3b1,tomcat,2025-04-03,[Bug 69642] New: net stop tomcat service returns turn but tomcat.exe is still running in the background,1,pending,,
topic-3af460b001100fac,tomcat,2025-04-04,[Bug 69635] JSP fails to import nested enum or class,4,pending,,
topic-7f508e0b1e38d797,tomcat,2025-04-04,(tomcat) branch main updated: Fix BZ 69635 - add support to ImportHandler for resolving inner classes,1,pending,,
topic-8967a441c5de61a5,tomcat,2025-04-04,[PR] misc: fix spelling [tomcat],1,pending,,
topic-9bfb3f1ab109a885,tomcat,2025-04-04,[VOTE] Release Apache Tomcat 9.0.104,6,pending,,
topic-c539d5b03853d19c,tomcat,2025-04-04,"[Bug 69644] ""Which Version?"" page says Tomcat 11 is still alpha",1,pending,,
topic-f0e56c6ccb74f195,tomcat,2025-04-04,[Bug 69643] DirResourceSet class retrieves canonical path too frequently - follow up on bug 68054,1,pending,,
topic-f9c1fe5d56ed581f,tomcat,2025-04-07,OpenJDK Quality Outreach: Java 24 Is Now Available!,1,pending,,
topic-fa29415e91865877,tomcat,2025-04-08,[ANN] Apache Tomcat 10.1.40 Available,2,pending,,
topic-fb5b1b05f5678d57,tomcat,2025-04-08,[VOTE][RESULT] Release Apache Tomcat 10.1.40,1,pending,,
topic-722eed8d164b196a,tomcat,2025-04-09,Generation javadoc in a specific locale,2,pending,,
topic-ac0a1b5fdbe58fa7,tomcat,2025-04-09,[ANN] Apache Tomcat 11.0.6 Available,1,pending,,
topic-bd6b28b93e8bab67,tomcat,2025-04-09,[ANN] Apache Tomcat 9.0.104 available,1,pending,,
topic-def78e7c8029509d,tomcat,2025-04-09,[VOTE][RESULT] Release Apache Tomcat 11.0.6,1,pending,,
topic-f46b6146fee50c02,tomcat,2025-04-09,[VOTE][RESULT] Release Apache Tomcat 9.0.104,1,pending,,
topic-7d61281b58d9b5da,tomcat,2025-04-10,[PR] Adding nonstandard support for c:set and c:remove [tomcat],13,pending,,
topic-3f92cacf3af66fce,tomcat,2025-04-14,[PR] BUGFIX: fix an incorrect range size validation [tomcat],3,pending,,
topic-5e5c9da59292ab9f,tomcat,2025-04-14,[PR] Bump commons-io:commons-io from 2.18.0 to 2.19.0 [tomcat-jakartaee-migration],1,pending,,
topic-2e6467dd68463113,tomcat,2025-04-18,[Bug 69654] New: Briskon – Elevating brands with data-driven digital marketing solutions,1,pending,,
topic-c580cd6cb742909c,tomcat,2025-04-18,[PR] Fix release [tomcat-maven-plugin],1,pending,,
topic-f789ffb804121fb4,tomcat,2025-04-18,[Bug 69653] New: Briskon – Elevating brands with data-driven digital marketing solutions,1,pending,,
topic-900dfef204c458b2,tomcat,2025-04-19,(tomcat-tck) branch main updated: Update ci.yml,1,pending,,
topic-51b3b4e8fbefca92,tomcat,2025-04-21,[Bug 69655] org.apache.coyote.http2.Http2Protocol#recycledRequestsAndResponses leak,8,pending,,
topic-650c9d919e1ffc96,tomcat,2025-04-21,[Bug 69655] New: org.apache.coyote.http2.Http2Protocol#recycledRequestsAndResponses leak,1,pending,,
topic-004af8d1372d4f46,tomcat,2025-04-23,[Bug 69657] New: session timeout not set when accessing / and its redirected to index.jsp,1,pending,,
topic-1c2b875713ebd9f8,tomcat,2025-04-23,[Bug 65124] Inefficient generated JSP code,1,pending,,
topic-38e58d31413aaa3d,tomcat,2025-04-23,[PR] not recycle when external [tomcat],3,pending,,
topic-72ff23b90932acb3,tomcat,2025-04-24,[Bug 69659] New: Automatic JSP EL optimization,1,pending,,
topic-3d2dcae2cd9856c3,tomcat,2025-04-25,[Bug 69659] Automatic JSP EL optimization,9,pending,,
topic-a7048a8b71e59c74,tomcat,2025-04-26,[PR] fix Resolving XML external entity in user-controlled data `Digester.java` [tomcat],3,pending,,
topic-c45007911e372793,tomcat,2025-04-28,[Bug 69657] session timeout not set when accessing / and its redirected to index.jsp,12,pending,,
topic-d34ef59b343356b7,tomcat,2025-04-28,[SECURITY] CVE-2025-31651 Apache Tomcat - Rewrite rule bypass,1,pending,,
topic-fa76c3dc3329a408,tomcat,2025-04-28,[SECURITY] CVE-2025-31650 Apache Tomcat - DoS via invalid HTTP prioritization header,1,pending,,
topic-4384084e4cbdbbff,tomcat,2025-04-29,[Bug 69662] New: NamingContext does not include name when throwing NamingException,1,pending,,
topic-43ef772469ed5d27,tomcat,2025-04-29,(tomcat) branch 11.0.x updated: Refactor CGI servlet to access resources via WebResources,2,pending,,
topic-6ebdbe2e1c055c4b,tomcat,2025-04-29,"[Bug 69661] ""Bloom Digital Marketing Agency delivers innovative web design, SEO, and social media strategies for business growth and success.""",1,pending,,
topic-7fdbb0e4e7e06d6f,tomcat,2025-04-29,"[Bug 69661] New: ""Bloom Digital Marketing Agency delivers innovative web design, SEO, and social media strategies for business growth and success.""",1,pending,,
topic-12effb86f191e58a,tomcat,2025-04-30,[Bug 69664] New: Mime type for video/mp2t is missing in default web.xml,1,pending,,
topic-1400fbdb4168d18f,tomcat,2025-04-30,[PR] Bug 69662: add name to exception message when throwing NamingException in NamingContext.lookup() [tomcat],2,pending,,
topic-1fbf84945bbbdf1a,tomcat,2025-04-30,[Bug 69665] getRequestURI() mutates MessageBytes state,5,pending,,
topic-27868fc80a156638,tomcat,2025-04-30,[Bug 69664] Mime type for video/mp2t is missing in default web.xml,3,pending,,
topic-31247829bbb3cd73,tomcat,2025-04-30,[PR] Include video/mp2t mime type by default [tomcat],8,pending,,
topic-8a13eccb01067d12,tomcat,2025-04-30,[Bug 69662] NamingContext does not include name when throwing NamingException,1,pending,,
topic-9c5f4f7773a18d8c,tomcat,2025-04-30,[Bug 69665] New: getRequestURI() mutates MessageBytes state,1,pending,,
topic-9f178925bdf15356,tomcat,2025-04-30,[Bug 69663] New: OPG Mobility – Reliable EV Charging Solutions for Homes and Businesses,1,pending,,
topic-93c47060b788b136,tomcat,2025-05-01,"[PR] Adding nonstandard catch, if, choose/when/otherwise [tomcat]",2,pending,,
topic-007cb520dae93d76,tomcat,2025-05-05,[Bug 69670] SPAM SPAM SPAM SPAM,1,pending,,
topic-2d34f34f8ca9089a,tomcat,2025-05-05,[Bug 69670] 360 Land Surveying Ltd.,1,pending,,
topic-5abb04797c4e9129,tomcat,2025-05-05,[Bug 69670] New: 360 Land Surveying Ltd.,1,pending,,
topic-362c2445e79b4e18,tomcat,2025-05-06,"[Bug 69674] New: Poptropica: A Virtual World of Adventure, Learning, and Imagination",1,pending,,
topic-aecfdec3cad991f2,tomcat,2025-05-06,Plans for May releases,3,pending,,
topic-749372cb691bb4a6,tomcat,2025-05-07,[VOTE] Release Apache Tomcat 9.0.105,8,pending,,
topic-dce3b0822e87dab5,tomcat,2025-05-07,[VOTE] Release Apache Tomcat 11.0.7,7,pending,,
topic-0328817963e2b128,tomcat,2025-05-08,[Bug 69675] Please include threadName in WebappClassLoaderBase clearReferencesThreads log content,8,pending,,
topic-a6d7ab30628d394e,tomcat,2025-05-08,[Bug 69675] New: Please include threadName in WebappClassLoaderBase clearReferencesThreads log content,1,pending,,
topic-d7aa49f3425717b2,tomcat,2025-05-08,[VOTE] Release Apache Tomcat 10.1.41,9,pending,,
topic-22aa137e123a0821,tomcat,2025-05-10,[PR] improve log context in order to add thread name information. [tomcat],2,pending,,
topic-9c3de0bd0cad9d6a,tomcat,2025-05-11,[Bug 29162] Tomcat AND mod_jk AND Apache AND win32,3,pending,,
topic-07dd80c3f8dacad9,tomcat,2025-05-12,[VOTE][RESULT] Release Apache Tomcat 9.0.105,1,pending,,
topic-14e91c02f0223b26,tomcat,2025-05-12,[ANN] Apache Tomcat 9.0.105 available,3,pending,,
topic-17a2df28a401a54f,tomcat,2025-05-12,[PR] improve log context to add thread name for webappClassLoader.stackTra… [tomcat],9,pending,,
topic-1aa35ac92a339173,tomcat,2025-05-12,[PR] Refactor: Use enum for parsingRequestLinePhase in Http11InputBuffer [tomcat],2,pending,,
topic-2fa9d268076c89f1,tomcat,2025-05-12,[ANN] Apache Tomcat 10.1.41 Available,1,pending,,
topic-5a08af1111112d99,tomcat,2025-05-12,[VOTE][RESULT] Release Apache Tomcat 10.1.41,1,pending,,
topic-05157849c4a93367,tomcat,2025-05-13,NIO2 connector,8,pending,,
topic-6f5b4c2dd82ed305,tomcat,2025-05-13,[VOTE][RESULT] Release Apache Tomcat 11.0.7,1,pending,,
topic-230070faa8d2e305,tomcat,2025-05-14,(tomcat) branch 9.0.x updated: Add release date,1,pending,,
topic-461697f9c2f30728,tomcat,2025-05-14,[Bug 69689] user no longer have the ability to process multipart by themselves,5,pending,,
topic-4e2762ae459b2378,tomcat,2025-05-14,[Bug 69689] New: user no longer have the ability to process multipart by themselves,1,pending,,
topic-9018b8e17798e2a5,tomcat,2025-05-14,[Bug 69690] allowsto plug in some ProgressListener on multipart file upload processing,4,pending,,
topic-a2df210e83f40cff,tomcat,2025-05-14,[Bug 69690] New: allowsto plug in some ProgressListener on multipart file upload processing,1,pending,,
topic-56e8eeab094d06a3,tomcat,2025-05-17,Clean stop of Tomcat (embed),2,pending,,
topic-47ddffd0653847ca,tomcat,2025-05-18,[Bug 69693] Improve readability and type safety by changing parsingRequestLinePhase to an enum in Http11InputBuffer,3,pending,,
topic-8076ce7181b6cf78,tomcat,2025-05-18,[PR] allow users to plug in a ProgressListener via some factory. [tomcat],20,pending,,
topic-c507aa33eca5bcb0,tomcat,2025-05-18,[Bug 69693] New: Improve readability and type safety by changing parsingRequestLinePhase to an enum in Http11InputBuffer,1,pending,,
topic-012ad096e9c83d92,tomcat,2025-05-19,[Bug 69694] Manager Deploy does not check return value of war copy,1,pending,,
topic-221e77f40020dc83,tomcat,2025-05-19,[Bug 69695] New: Pte certificate without exam,1,pending,,
topic-8c0fb79a16b01f8b,tomcat,2025-05-19,[PR] [fix] ensure that when acceptor is stopped it doesn't log an error for nothing [tomcat],24,pending,,
topic-c55f559ab9c2f588,tomcat,2025-05-19,[Bug 69694] New: Manager Deploy does not check return value of war copy,1,pending,,
topic-863ddef160f091ef,tomcat,2025-05-20,[Bug 69696] Unexpected jsp page result if inner class changed to compilation error,2,pending,,
topic-d3a88982cef65b89,tomcat,2025-05-20,[PR] [fix] service.bat JvmOptions9 - FollowUp on Improve CVE-2024-56337 protection [tomcat],9,pending,,
topic-f6563dde2f34024d,tomcat,2025-05-20,[Bug 69696] New: Unexpected jsp page result if inner class changed to compilation error,1,pending,,
topic-f672533739f82cb5,tomcat,2025-05-20,[PR] [Bug 69693] - Improve readability and type safety by changing parsingRequestLinePhase to an enum in Http11InputBuffer  [tomcat],7,pending,,
topic-ef645883a67168e9,tomcat,2025-05-21,OpenSSL 3.5,1,pending,,
topic-3d66148145a7968a,tomcat,2025-05-22,Tomcat Native and OpenSSL 3.5.x,12,pending,,
topic-56b08e51fa8ddc2b,tomcat,2025-05-22,[PR] Acceptor & Poller Thread should print error logs when it crashes now [tomcat],3,pending,,
topic-ea592009bc01c09d,tomcat,2025-05-23,[VOTE] Release Apache Tomcat Native 2.0.9,7,pending,,
topic-0bfe195c09e96a7e,tomcat,2025-05-27,[PR] Fix issue on multiple path parameters processing in RequestUtil [tomcat],3,pending,,
topic-7ff4a354af4e2398,tomcat,2025-05-27,[PR] Refactor TaskQueue to use RetryableQueue interface [tomcat],3,pending,,
topic-85db6686556526f3,tomcat,2025-05-27,(tomcat) branch 9.0.x updated: Code clean-up - formatting. No functional change.,2,pending,,
topic-b29f3caaa0676f57,tomcat,2025-05-28,VisualVM hanging when connecting to Tomcat,3,pending,,
topic-133d00f5b8a6f5e5,tomcat,2025-05-29,[Bug 69699] New: Rewrite redirection forget SessionID path parameter,1,pending,,
topic-1cce084c51370622,tomcat,2025-05-29,[Bug 69699] Rewrite redirection forget SessionID path parameter,4,pending,,
topic-2c0357c3d2d416c6,tomcat,2025-05-29,[Bug 69700] New: Thread pool stops working when memory resources are exceed and new thread is needed,1,pending,,
topic-44c05d41165cc17d,tomcat,2025-05-29,[SECURITY] CVE-2025-46701 Apache Tomcat - CGI security constraint bypass,1,pending,,
topic-823551833423ec82,tomcat,2025-05-29,[Bug 69700] Thread pool stops working when memory resources are exceed and new thread is needed,2,pending,,
topic-fe05f961f5fa01a0,tomcat,2025-05-29,[VOTE][RESULT] Release Apache Tomcat Native 2.0.9,1,pending,,
topic-a0e66a45bcc51812,tomcat,2025-06-02,[Bug 69702] New: Sometime return 404 for normal request when using HTTP2,1,pending,,
topic-a402ded24ae55de0,tomcat,2025-06-02,[Bug 69702] Sometime return 404 for normal request when using HTTP2,3,pending,,
topic-368faff45c4fbdac,tomcat,2025-06-03,[PR] BZ 69699 - Propagate Session ID path parameter during rewrite redirect [tomcat],6,pending,,
topic-4d651db787c48fbc,tomcat,2025-06-03,(tomcat) branch main updated: Update fork of Commons FileUpload to latest 1.x,1,pending,,
topic-04421d7b3367d4c6,tomcat,2025-06-04,[PR] FIX: add inline comment support in text rewrite map file [tomcat],1,pending,,
topic-124feb21c62693dc,tomcat,2025-06-04,[PR] fix arbitrary file access during archive extraction zipslip [tomcat],2,pending,,
topic-b305da59579cb1f3,tomcat,2025-06-04,[Bug 69706] New: Session persistence broken when persistAuthentication is turned on in tomcat 11.0.7,1,pending,,
topic-d379f15c3341c2aa,tomcat,2025-06-04,[Bug 69706] Session persistence broken when persistAuthentication is turned on in tomcat 11.0.7,5,pending,,
topic-eb27ea2c28d04fc6,tomcat,2025-06-04,svn commit: r1926115 - in /tomcat/site/trunk: docs/index.html xdocs/index.xml,1,pending,,
topic-ef6155f4dfffdca8,tomcat,2025-06-04,Plans for 11.0.8 tag,2,pending,,
topic-5aea3dc9cb283c9c,tomcat,2025-06-05,[VOTE] Release Apache Tomcat 11.0.8,6,pending,,
topic-7018bace357c0013,tomcat,2025-06-05,[VOTE] Release Apache Tomcat 10.1.42,6,pending,,
topic-886f24962574fd99,tomcat,2025-06-05,[PR] tomcat-jdbc check if returned connection is closed [tomcat],7,pending,,
topic-b62463c49e9b54b2,tomcat,2025-06-05,[VOTE] Release Apache Tomcat 9.0.106,4,pending,,
topic-e998597f7174883a,tomcat,2025-06-05,[PR] Enhance isEncodeable to determine putting session id in URL using path parameter [tomcat],2,pending,,
topic-ef1e803de241239a,tomcat,2025-06-05,(tomcat) branch main updated: Drop test that has become increasingly unreliable,1,pending,,
topic-f12f59301c2daea0,tomcat,2025-06-05,[Bug 64083] JDBC pool keeps closed connection as available,3,pending,,
topic-386601726e773f64,tomcat,2025-06-06,JDK 25 feature set is now frozen!,1,pending,,
topic-4402bb95c4c85b84,tomcat,2025-06-06,[PR] Add a build test for windows. [tomcat-native],13,pending,,
topic-a3c7a7b116cd16ac,tomcat,2025-06-06,[PR] Test [tomcat-native],2,pending,,
topic-463f1694a1343180,tomcat,2025-06-09,[VOTE][RESULT] Release Apache Tomcat 10.1.42,1,pending,,
topic-73e9736bc325c258,tomcat,2025-06-09,[VOTE][RESULT] Release Apache Tomcat 11.0.8,1,pending,,
topic-770df94642a8f69b,tomcat,2025-06-09,[PR] add set flag for use virtual threads by connector [tomcat],7,pending,,
topic-cccfd5e2fb87b196,tomcat,2025-06-09,[ANN] Apache Tomcat 10.1.42 Available,1,pending,,
topic-946a4fdc9024675a,tomcat,2025-06-10,[ANN] Apache Tomcat 11.0.8 Available,1,pending,,
topic-c460f372da980115,tomcat,2025-06-10,[ANN] Apache Tomcat 9.0.106 available,1,pending,,
topic-336978b394217ca6,tomcat,2025-06-11,[Bug 69710] FileCountLimitExceededException is thrown in version 11.0.8,36,pending,,
topic-46d21a4857151be1,tomcat,2025-06-11,[PR] Optimize Request#getCharsetHolder to avoid repeated parsing when charset is null [tomcat],17,pending,,
topic-482f876d85f51299,tomcat,2025-06-11,[Bug 69710] New: FileCountLimitExceededException is thrown in version 11.0.8,1,pending,,
topic-1bf359e7800a5ecd,tomcat,2025-06-12,[Bug 69713] HTTP/2 DATA frame with padding cause error when HEADERS contains content-length field.,8,pending,,
topic-8044318c0b8e673c,tomcat,2025-06-12,[Bug 69713] New: HTTP/2 DATA frame with padding cause error when HEADERS contains content-length field.,1,pending,,
topic-ce168175cc66ba19,tomcat,2025-06-12,[PR]  recycle RequestInfo when Request is reused in pool [tomcat],10,pending,,
topic-4f2be50fd85dd64f,tomcat,2025-06-16,[SECURITY] CVE-2025-48988 Apache Tomcat - DoS in multipart upload,1,pending,,
topic-977dc9932e2ecb8b,tomcat,2025-06-16,"[PR] scripts, maven pom.xml and class to help to load libraries from a jar [tomcat-native]",1,pending,,
topic-b4dbaee630b20241,tomcat,2025-06-16,[PR] git branch and tomcat  [tomcat-jakartaee-migration],2,pending,,
topic-dc6e54dc70dc2de1,tomcat,2025-06-16,[SECURITY] CVE-2025-48976 Apache Tomcat - DoS in Commons FileUpload,1,pending,,
topic-e76b865faaa617bc,tomcat,2025-06-16,[SECURITY] CVE-2025-49125 Apache Tomcat - Security constraint bypass for pre/post-resources,1,pending,,
topic-edb1833a7e819552,tomcat,2025-06-16,[PR] Bump org.apache:apache from 34 to 35 [tomcat-jakartaee-migration],1,pending,,
topic-f9725307c5fc7a0b,tomcat,2025-06-16,[PR] Bump org.jacoco:jacoco-maven-plugin from 0.8.12 to 0.8.13 [tomcat-jakartaee-migration],1,pending,,
topic-fc2064eba9fc5283,tomcat,2025-06-16,[SECURITY] CVE-2025-49124 Apache Tomcat - Side-loading via Tomcat installer for Windows,1,pending,,
topic-1facb6687d0333df,tomcat,2025-06-17,[Bug 69716] https://cdscarmovements.co.uk/,2,pending,,
topic-4aa3516b20d0ecd3,tomcat,2025-06-17,[PR] remove forgotten ref: trunk element. [tomcat-native],1,pending,,
topic-975b44f86f8bc3a0,tomcat,2025-06-17,[Bug 69716] New: https://cdscarmovements.co.uk/,1,pending,,
topic-c862360aa848bf9f,tomcat,2025-06-17,[Bug 69717] New: DirResourceSet breaks with trailing slash on webAppMount,1,pending,,
topic-c89b5b670760b43f,tomcat,2025-06-18,[Bug 69717] DirResourceSet breaks with trailing slash on webAppMount,3,pending,,
topic-83cb93a51734cab9,tomcat,2025-06-19,Bugzilla now requires authentication,6,pending,,
topic-a8b9167d51959bb7,tomcat,2025-06-19,[PR] Discard unsupported part header field while handling multipart fileupload request [tomcat],2,pending,,
topic-0b5d95ddc997f168,tomcat,2025-06-20,(tomcat) branch main updated: Allow trailing slash for webAppMount in Resources,2,pending,,
topic-1b1e500d1f67bd76,tomcat,2025-06-20,[Bug 69721] The new Connector parameter 'maxPartCount' is not calculated correctly,8,pending,,
topic-62d28a8db4c2316a,tomcat,2025-06-20,[Bug 69721] New: The new Connector parameter 'maxPartCount' is not calculated correctly,1,pending,,
topic-23b5a18b19d091a1,tomcat,2025-06-22,[Bug 69722] Self,2,pending,,
topic-748ba9466ed9035f,tomcat,2025-06-22,[Bug 69723] New: Self,1,pending,,
topic-9b5273d4a373f03d,tomcat,2025-06-22,[Bug 69722] New: Self,1,pending,,
topic-bca9469a8ac16f1d,tomcat,2025-06-23,[PR] Avoid to change the status of the response in StandardHostValve.java … [tomcat],5,pending,,
topic-ff21b500e3b8e436,tomcat,2025-06-25,[Bug 69728] New: TLS with H2 - Weird log - Confusion between optional client certificate and optional verification?,1,pending,,
topic-06dc952363a6c47f,tomcat,2025-06-26,[Bug 69728] TLS with H2 - Weird log - Confusion between optional client certificate and optional verification?,3,pending,,
topic-99ce31d6c302b58d,tomcat,2025-06-26,testing tc-native with tc 9.0.x,7,pending,,
topic-6b2310a08196c197,tomcat,2025-06-30,[Bug 69731] Incorrect count of maxParameterCount (double count) when executing req.getParameter(name) after request.getPart(),2,pending,,
topic-738336adbec2ff70,tomcat,2025-06-30,[Bug 69731] New: Incorrect count of maxParameterCount (double count) when executing req.getParameter(name) after request.getPart(),1,pending,,
topic-1238b6414722931d,tomcat,2025-07-01,[VOTE] Release Apache Tomcat 10.1.43,5,pending,,
topic-2d71e356deee73c7,tomcat,2025-07-01,[VOTE] Release Apache Tomcat 11.0.9,6,pending,,
topic-4948476c75bf2b3a,tomcat,2025-07-01,[PR] Enable rejectSuspiciousURIs by default to comply servlet 6 spec [tomcat],1,pending,,
topic-5fa5d115a62c6688,tomcat,2025-07-01,[Bug 69731] Incorrect count of maxParameterCount (double count) when executing req.getParameter(name) after req.getParts(),3,pending,,
topic-602a6f3dc3d0851c,tomcat,2025-07-02,[VOTE] Release Apache Tomcat 9.0.107,7,pending,,
topic-bc9ba0efde43ea78,tomcat,2025-07-03,[PR] use same same directory as source and destination: [tomcat-jakartaee-migration],6,pending,,
topic-f6d80a731919d021,tomcat,2025-07-03,Coverity,1,pending,,
topic-2d13e400ca2a7b9b,tomcat,2025-07-04,[VOTE][RESULT] Release Apache Tomcat 9.0.107,1,pending,,
topic-5e50b8e7157dd3de,tomcat,2025-07-04,[VOTE][RESULT] Release Apache Tomcat 11.0.9,1,pending,,
topic-a13fb9e15330916d,tomcat,2025-07-04,[ANN] Apache Tomcat 9.0.107 available,1,pending,,
topic-c28d1ef0248f45e1,tomcat,2025-07-04,[VOTE][RESULT] Release Apache Tomcat 10.1.43,1,pending,,
topic-c8d0b66c4da9f1c0,tomcat,2025-07-04,[ANN] Apache Tomcat 10.1.43 Available,1,pending,,
topic-de992c521af08323,tomcat,2025-07-04,[ANN] Apache Tomcat 11.0.9 Available,1,pending,,
topic-a1d9398c61e966a6,tomcat,2025-07-06,[PR] Fixes MTCOMCAT-294: Add URL decoding to fix file lookup for paths containing spaces [tomcat-maven-plugin],1,pending,,
topic-0364f3e1f798ef32,tomcat,2025-07-07,[Bug 69733] https://mivja.com,3,pending,,
topic-8f9bd34a85678f3a,tomcat,2025-07-07,[Bug 69733] New: https://mivja.com,1,pending,,
topic-4ceb07d2d08cd42b,tomcat,2025-07-08,[Bug 69733] SPAM SPAM SPAM SPAM,2,pending,,
topic-4f1638bbbd767b91,tomcat,2025-07-08,[Bug 69734] Systemd service,1,pending,,
topic-e0968eb05377d4a8,tomcat,2025-07-08,[Bug 69734] New: Systemd service,1,pending,,
topic-0ecb117354c84eb6,tomcat,2025-07-09,[Bug 69735] Support content negotiation for Accept-Language (static pages),19,pending,,
topic-42dbd021251f6317,tomcat,2025-07-09,[Bug 69735] New: Support content negotiation for Accept-Language (static pages),1,pending,,
topic-9780e29c6ef158d7,tomcat,2025-07-09,[PR] Filter to limit target file size of ranged put request [tomcat],1,pending,,
topic-0d965ff1e0a01f98,tomcat,2025-07-10,[SECURITY] CVE-2025-53506 Apache Tomcat - DoS in HTP/2,2,pending,,
topic-20096c2868995f56,tomcat,2025-07-10,[PR] logging doc - fix package for OneLineFormatter [tomcat],1,pending,,
topic-87e23173a0918893,tomcat,2025-07-10,[SECURITY] CVE-2025-52434 Apache Tomcat -APR/native Connector crash leading to DoS,1,pending,,
topic-a8663a859f5dec3b,tomcat,2025-07-10,[SECURITY] CVE-2025-52520 Apache Tomcat - DoS in multipart upload,2,pending,,
topic-30da91baf248deae,tomcat,2025-07-11,[SECURITY] CVE-2025-52520 Apache Tomcat - DoS in multipart upload [CORRECTION],1,pending,,
topic-304c97631e1b3840,tomcat,2025-07-13,[Bug 69739] SPAM SPAM SPAM SPAM,1,pending,,
topic-387940074f843515,tomcat,2025-07-13,[Bug 69739] https://trandau.net,2,pending,,
topic-54419201da078bbf,tomcat,2025-07-13,[Bug 69739] New: https://trandau.net,1,pending,,
topic-efa945cbefc05401,tomcat,2025-07-16,[PR] Jorge patch 1 [tomcat-maven-plugin],1,pending,,
topic-19f69304f2a7e759,tomcat,2025-07-17,[PR] Fix incorrect reference to StaticMembershipInterceptor in cluster-howto.xml [tomcat],1,pending,,
topic-6c83db6935c892a9,tomcat,2025-07-17,[Bug 69748] keep-alive value is not being honoured in async servlet,8,pending,,
topic-9909d74b41be146d,tomcat,2025-07-17,[Bug 69747] Incorrect reference to StaticMembershipInterceptor instead of StaticMembershipService in cluster-howto.xml,2,pending,,
topic-f0f51917879a922c,tomcat,2025-07-17,[Bug 69747] New: Incorrect reference to StaticMembershipInterceptor instead of StaticMembershipService in cluster-howto.xml,1,pending,,
topic-fbc1d6392d76115a,tomcat,2025-07-17,[Bug 69748] New: keep-alive value is not being honoured in async servlet,1,pending,,
topic-4b2f72f1e7e65e5d,tomcat,2025-07-19,"[Bug 69752] New: HOST appBase = """" accepted as valid option",1,pending,,
topic-4e4c9b3a0d0efc73,tomcat,2025-07-19,"[Bug 69752] HOST appBase = """" accepted as valid option",11,pending,,
topic-aa397ac74046c296,tomcat,2025-07-21,[PR] Bump commons-io:commons-io from 2.19.0 to 2.20.0 [tomcat-jakartaee-migration],1,pending,,
topic-94c13eeb4af42249,tomcat,2025-07-22,(tomcat) branch main updated: Change default for archiveIndexStrategy to bloom to improve performance,1,pending,,
topic-57d113ea986c0b1f,tomcat,2025-07-23,[Bug 69758] New: java.lang.NullPointerException,1,pending,,
topic-aa4d26cb2ac304b7,tomcat,2025-07-23,[Bug 69758] java.lang.NullPointerException,3,pending,,
topic-c6d0a30a76c8734a,tomcat,2025-07-25,Tomcat request priority - possible contribution,3,pending,,
topic-f594398a4ee673bd,tomcat,2025-07-27,Github fork pull request branch name convention,3,pending,,
topic-d3c4fe75dab239a9,tomcat,2025-07-28,[PR] Adding Tomcat favicon to the Tomcat Manager webapp [tomcat],2,pending,,
topic-261d2734483c42d8,tomcat,2025-07-29,[Bug 69762] Integer overflow in HPACK integer decoding,3,pending,,
topic-d7a668ac4ef0689d,tomcat,2025-07-29,[Bug 69762] New: Integer overflow in HPACK integer decoding,1,pending,,
topic-bb4a65ac53215684,tomcat,2025-07-30,(tomcat) branch main updated: Adding a favicon to the Tomcat Manager webapp,1,pending,,
topic-0bf5b3be96a07c70,tomcat,2025-07-31,[VOTE] Release Apache Tomcat 9.0.108,9,pending,,
topic-1543fc628c4f5898,tomcat,2025-07-31,[PR] 9.0.x Host-Manager favicon.ico and Manager JSPs [tomcat],2,pending,,
topic-4d41d302a742fad3,tomcat,2025-07-31,[VOTE] Release Apache Tomcat 11.0.10,8,pending,,
topic-631f15de8e7ff829,tomcat,2025-07-31,[Bug 69765] x,2,pending,,
topic-99548a14df660f10,tomcat,2025-07-31,[PR] Add option to XML encode the results of EL expressions if outputting [tomcat],1,pending,,
topic-a3c5d828f8b1aecc,tomcat,2025-07-31,[Bug 69765] SPAM SPAM SPAM SPAM,1,pending,,
topic-eeeb8145afd3ea00,tomcat,2025-07-31,[Bug 69765] New: x,1,pending,,
topic-4abb855458d19b49,tomcat,2025-08-01,[Bug 69766] Acceligize B2B,1,pending,,
topic-89fcf317b0f52019,tomcat,2025-08-01,[Bug 69766] New: Acceligize B2B,1,pending,,
topic-9384e38298ed1a83,tomcat,2025-08-01,[Bug 69766] SPAM SPAM SPAM SPAM,1,pending,,
topic-abe6baea4cf312c9,tomcat,2025-08-01,[Bug 69766] spam entry,1,pending,,
topic-93d4877362a28033,tomcat,2025-08-04,[VOTE] Release Apache Tomcat 10.1.44,7,pending,,
topic-bd14468a4d08859f,tomcat,2025-08-04,[PR] Bump org.apache.commons:commons-compress from 1.27.1 to 1.28.0 [tomcat-jakartaee-migration],1,pending,,
topic-e1f01818d4ff2f7f,tomcat,2025-08-04,[PR] BZ 69762 - integer overflow detection fixe enhance [tomcat],2,pending,,
topic-6c52688dab1fada3,tomcat,2025-08-05,[Bug 69770] New: ERR_HTTP2_PROTOCOL_ERROR regression in Tomcat 10.1.43 (similar to fixed Bug 69320),1,pending,,
topic-7707a9d1bd38888f,tomcat,2025-08-05,[Bug 69770] ERR_HTTP2_PROTOCOL_ERROR regression in Tomcat 10.1.43 (similar to fixed Bug 69320),7,pending,,
topic-30fd5dbe0c4d95e7,tomcat,2025-08-06,[VOTE][RESULT] Release Apache Tomcat 11.0.10,1,pending,,
topic-791c4a5fab2b6782,tomcat,2025-08-06,[ANN] Apache Tomcat 9.0.108 available,1,pending,,
topic-a6eff499c911beb3,tomcat,2025-08-06,[VOTE][RESULT] Release Apache Tomcat 9.0.108,1,pending,,
topic-07db0f6f35089c45,tomcat,2025-08-07,[ANN] Apache Tomcat 11.0.10 Available,1,pending,,
topic-1e410b3ef29503c5,tomcat,2025-08-07,[VOTE][RESULT] Release Apache Tomcat 10.1.44,1,pending,,
topic-3bc400ff427e3058,tomcat,2025-08-07,[ANN] Apache Tomcat 10.1.44 Available,1,pending,,
topic-4d7d6b512c97437c,tomcat,2025-08-07,[SECURITY] Upcoming updates to recent(ish)Tomcat CVEs,1,pending,,
topic-def7ad6a299a38d1,tomcat,2025-08-08,[PR] Remove a duplicate log level check. [tomcat],3,pending,,
topic-55f99fbcd9bf77bf,tomcat,2025-08-11,[Bug 69778] Travelsmart24 Group of Company,2,pending,,
topic-7fb1707087755565,tomcat,2025-08-11,[PR] Bump actions/cache from 4.2.3 to 4.2.4 [tomcat-jakartaee-migration],1,pending,,
topic-daca9a27f7ecfa38,tomcat,2025-08-11,[Bug 69778] New: Travelsmart24 Group of Company,2,pending,,
topic-6716a4ed7f98271f,tomcat,2025-08-12,JDK 25 Initial Release Candidate,2,pending,,
topic-ae085964ba61538b,tomcat,2025-08-12,[Bug 69780] New: Assignee,1,pending,,
topic-fd0f7631784926c4,tomcat,2025-08-12,[Bug 69780] SPAM SPAM SPAM SPAM,1,pending,,
topic-0259a869bf9719e1,tomcat,2025-08-13,[SECURITY] CVE-2025-48989 Apache Tomcat - DoS in HTP/2 - Made You Reset,1,pending,,
topic-e921deb28db23cbc,tomcat,2025-08-13,[SECURITY] CVE-2025-55668 Apache Tomcat - Session fixation via rewrite valve,1,pending,,
topic-1c5b1592a25d1f25,tomcat,2025-08-14,[PR] Add support for additional user attributes to DataSourceRealm [tomcat],3,pending,,
topic-7e61de7d64152f32,tomcat,2025-08-14,[PR] Refuse adding invalid HTTP 2.0 headers [tomcat],2,pending,,
topic-9c8a752c8cbb7cde,tomcat,2025-08-14,[Bug 69781] New: FileStore used with PersistentValve can cause EOFException during session expiration checks and dropped session,1,pending,,
topic-e82368051ba70f38,tomcat,2025-08-14,[Bug 69781] FileStore used with PersistentValve can cause EOFException during session expiration checks and dropped session,8,pending,,
topic-a5bdb463047c33a4,tomcat,2025-08-15,[PR] BZ 69781 - improve FileStore thread safety [tomcat],26,pending,,
topic-d097c16eb45595e6,tomcat,2025-08-15,[PR] Fix typo: Change CATALIA_HOME to CATALINA_HOME in documentation [tomcat],2,pending,,
topic-54ac8a7eb536a170,tomcat,2025-08-18,(tomcat) branch main updated: Formatting - fix line length,1,pending,,
topic-f6d36e0f0485fecf,tomcat,2025-08-18,(tomcat) branch main updated: Simplify,3,pending,,
topic-3451de480932b6b9,tomcat,2025-08-19,[Bug 69783] New: https://pacexgrowth.com/us-staffing-and-recruiting/,1,pending,,
topic-84498826bbc59ce6,tomcat,2025-08-19,Logging clean-up,8,pending,,
topic-b87381c20e8b7434,tomcat,2025-08-19,[Bug 69783] https://pacexgrowth.com/us-staffing-and-recruiting/,1,pending,,
topic-0f6a90a27810f2c1,tomcat,2025-08-20,(tomcat) branch main updated: Rename some exceptions,1,pending,,
topic-2d10babd5957b3e5,tomcat,2025-08-20,[Bug 69788] New: shadowdb,1,pending,,
topic-3ec3116168fb9e93,tomcat,2025-08-20,[Bug 69611] Doris\Unable to add a network path to the UNCList for an alias,1,pending,,
topic-4c8a75a805134e77,tomcat,2025-08-20,[Bug 69788] 7777,1,pending,,
topic-675231fa861bc004,tomcat,2025-08-20,(tomcat) branch main updated: Rename IOException variables to ioe unless ignored,1,pending,,
topic-67ca7fbcd37af660,tomcat,2025-08-20,[Bug 69785] Custom Lucite Deal Toys & M&A Tombstones | DealToys.shop,2,pending,,
topic-7374f2d8672f0623,tomcat,2025-08-20,[Bug 69785] New: Custom Lucite Deal Toys & M&A Tombstones | DealToys.shop,1,pending,,
topic-7c16232c730ed005,tomcat,2025-08-20,[Bug 69786] New: reporter:userA@company.com,1,pending,,
topic-b7e79cbf16b6ade7,tomcat,2025-08-20,[Bug 69611] Unable to add a network path to the UNCList for an alias,1,pending,,
topic-de6828d32950b3e5,tomcat,2025-08-24,[PR] Test2 [tomcat],1,pending,,
topic-251341a2f25496c7,tomcat,2025-08-25,[PR] Bump actions/checkout from 4 to 5 [tomcat-jakartaee-migration],1,pending,,
topic-3ad264306d6f0895,tomcat,2025-08-25,(tomcat) branch main updated: Still no 25 on MacOS,2,pending,,
topic-95d1eef55d1713b1,tomcat,2025-08-25,[PR] Bump actions/setup-java from 4 to 5 [tomcat-jakartaee-migration],1,pending,,
topic-3286cb27509c6ccb,tomcat,2025-08-26,[Bug 69792] New: LOVE678 – Platform Hot Live Streaming Terpanas Di Indonesia,1,pending,,
topic-26d042703b9fcd06,tomcat,2025-08-27,[PR] Update logging.properties [tomcat],2,pending,,
topic-ac01312a3cc036f1,tomcat,2025-08-27,(tomcat) branch 11.0.x updated: Refactor WebResource locking to use the new KeyedReentrantReadWriteLock,1,pending,,
topic-b83087994944b4ef,tomcat,2025-08-27,[PR] fix(session): Remove unreachable file existence check in FileStore#load [tomcat],2,pending,,
topic-5091c61a1d94fd6c,tomcat,2025-08-28,(tomcat) branch main updated: Attempt to fix smoke test on MacOS,1,pending,,
topic-a7d3df448c4d9335,tomcat,2025-08-28,Automating Coverity scanning,7,pending,,
topic-a1f197adcff89b96,tomcat,2025-08-29,(tomcat) branch main updated: Re-apply automatic formatting excluding forks of Commons projects,1,pending,,
topic-c8ff52a199b28df9,tomcat,2025-08-29,Plans for September releases,6,pending,,
topic-5e39c71b7af398a2,tomcat,2025-08-30,[Bug 69799] New: Please remove from the taglib moderator's list,1,pending,,
topic-6c1418ad749ebc38,tomcat,2025-08-30,[Bug 69799] Please remove from the taglib moderator's list,1,pending,,
topic-7315469385802282,tomcat,2025-09-01,[VOTE] Release Apache Tomcat 9.0.109,7,pending,,
topic-b35e08db02a81ebb,tomcat,2025-09-01,[PR] Add webapp scoped log capture helper and STRICT_SERVLET_COMPLIANCE web.xml parsing test [tomcat],6,pending,,
topic-ee73d376eaeb8812,tomcat,2025-09-01,[Bug 69800] New: Enhancement: Support for configuring TLS named groups,1,pending,,
topic-fdfd47230ed222b7,tomcat,2025-09-01,[VOTE] Release Apache Tomcat 11.0.11,9,pending,,
topic-43d06cc351a91ed7,tomcat,2025-09-02,[VOTE] Release Apache Tomcat 10.1.45,7,pending,,
topic-7c4038efe25a6678,tomcat,2025-09-02,[Bug 69800] Enhancement: Support for configuring TLS named groups,10,pending,,
topic-b776e53bd36b4725,tomcat,2025-09-02,(tomcat) branch main updated: Switch strong ETag generation from SHA-1 to SHA-256,7,pending,,
topic-0a2e12e2717f4812,tomcat,2025-09-03,[Bug 69801] New: SIGSEGV during shutdown when using tomcat-native and certificate client auth,1,pending,,
topic-c7c0ed9dda748150,tomcat,2025-09-03,[Bug 69802] New: optional certificateVerification with TLS 1.3 gives a warning but it should work fine,1,pending,,
topic-04a2e725f83f2590,tomcat,2025-09-04,[Bug 69803] HTTP/1.1 Connector Content-Length header calculation regression causing Chrome/Edge net::ERR_CONTENT_LENGTH_MISMATCH,6,pending,,
topic-451855667166d248,tomcat,2025-09-04,[Bug 69801] SIGSEGV during shutdown when using tomcat-native and certificate client auth,2,pending,,
topic-9a0868041f6922df,tomcat,2025-09-04,[PR] Add multiple cert/key to the sslcontext [tomcat],7,pending,,
topic-ab0181fccc2a0479,tomcat,2025-09-04,[Bug 69803] New: HTTP/1.1 Connector Content-Length header calculation regression causing Chrome/Edge net::ERR_CONTENT_LENGTH_MISMATCH,1,pending,,
topic-3b5e57bd15c8ac14,tomcat,2025-09-05,[Bug 69806] SPAM SPAM SPAM SPAM,1,pending,,
topic-3f7752339fd578ad,tomcat,2025-09-05,[ANN] Apache Tomcat 9.0.109 available,1,pending,,
topic-41d42a466167f950,tomcat,2025-09-05,[VOTE][RESULT] Release Apache Tomcat 9.0.109,1,pending,,
topic-45250962f14ed223,tomcat,2025-09-05,[PR] Test versionlogger functionality with some added helpers [tomcat],1,pending,,
topic-66690ac1948c2cd8,tomcat,2025-09-05,[Bug 69805] Putkimies Tampere,1,pending,,
topic-71de0a6eca41dddc,tomcat,2025-09-05,[Bug 69806] Ilmalämpöpumppu Tampere,1,pending,,
topic-a2ce2522bbb7b6e4,tomcat,2025-09-05,[ANN] Apache Tomcat 11.0.11 Available,1,pending,,
topic-a783db65902cb31e,tomcat,2025-09-05,[Bug 69806] New: Ilmalämpöpumppu Tampere,1,pending,,
topic-e40743cbb6b6bf26,tomcat,2025-09-05,[Bug 69805] SPAM SPAM SPAM SPAM,1,pending,,
topic-ef185b12260a0333,tomcat,2025-09-05,[Bug 69805] New: Putkimies Tampere,1,pending,,
topic-fe37d1589e060691,tomcat,2025-09-05,[VOTE][RESULT] Release Apache Tomcat 11.0.11,1,pending,,
topic-4f89c440c5bc9e06,tomcat,2025-09-06,[PR] feat: Make SSO re-authentication configurable for SSLAuthenticator [tomcat],2,pending,,
topic-09bcbe4c633d18b9,tomcat,2025-09-08,[VOTE] Release Apache Tomcat 10.1.46,6,pending,,
topic-09fd8ee55c765cc3,tomcat,2025-09-08,[ANN] Apache Tomcat 10.1.45 Available (with IMPORTANT NOTE),1,pending,,
topic-24202bb6076e9c20,tomcat,2025-09-08,[VOTE][RESULT] Release Apache Tomcat 10.1.45,3,pending,,
topic-5de7184e2ff2451a,tomcat,2025-09-08,[VOTE][RESULT][CORRECTION] Release Apache Tomcat 10.1.45,2,pending,,
topic-d6826645c63ea38f,tomcat,2025-09-08,Regression in 9.0.x/10.1.x - FileStore broken,6,pending,,
topic-09427c7882a3725d,tomcat,2025-09-09,(tomcat) branch main updated: Add getters for group and signature info.,1,pending,,
topic-27b1460c6fe4bbef,tomcat,2025-09-09,[PR] Updated link to Bugzilla [tomcat],11,pending,,
topic-3758a577dede1213,tomcat,2025-09-09,[Bug 69810] ClassNotFoundException: org.apache.tomcat.util.concurrent.KeyedReentrantReadWriteLock,5,pending,,
topic-67ebf1bfc9b98637,tomcat,2025-09-09,[PR] Test bz#57700 and additional helpers in TomcatBaseTest [tomcat],1,pending,,
topic-822c736c87d4367e,tomcat,2025-09-09,[Bug 69810] New: ClassNotFoundException: org.apache.tomcat.util.concurrent.KeyedReentrantReadWriteLock,1,pending,,
topic-222ef7b805cbe564,tomcat,2025-09-10,[Bug 69814] HttpSession.isNew() may return true on an existing session due to a race condition,4,pending,,
topic-99bab01b84936fc0,tomcat,2025-09-10,[Bug 69814] New: HttpSession.isNew() may return true on an existing session due to a race condition,1,pending,,
topic-adf2c8ca17c87468,tomcat,2025-09-10,(tomcat) branch main updated: Fix IDE warnings,2,pending,,
topic-e238b63445ff8214,tomcat,2025-09-10,Unit tests for CVEs,6,pending,,
topic-0af781ff7888681a,tomcat,2025-09-12,[ANN] Apache Tomcat 10.1.46 Available,1,pending,,
topic-4050f8e642601d59,tomcat,2025-09-12,[PR] Move lower casing of headers from parser to valve [tomcat],10,pending,,
topic-4a1b8fed7e2e5439,tomcat,2025-09-12,[VOTE][RESULT] Release Apache Tomcat 10.1.46,2,pending,,
topic-e05a4b1bb9aa1c7a,tomcat,2025-09-12,Test class org.apache.coyote.http2.TestCancelledUpload unreliable for NIO2,2,pending,,
topic-4622cd298cbe3bf2,tomcat,2025-09-13,[Bug 69815] New: Feature request: support device bound session credentials (DBSC),1,pending,,
topic-91915200321d8791,tomcat,2025-09-16,[PR] Test case for https://bz.apache.org/bugzilla/show_bug.cgi?id=64614 [tomcat],1,pending,,
topic-001368ad5fd1c667,tomcat,2025-09-17,(tomcat) branch main updated: Test Java scriplets in JSP,2,pending,,
topic-3af2f5ae37c04ca6,tomcat,2025-09-17,Coverity scan,2,pending,,
topic-a29a33265a4fce13,tomcat,2025-09-17,[PR] Fix invalid Eclipse setting key in formatting-asf-tomcat.xml [tomcat],2,pending,,
topic-e1ed7c27c4ad147a,tomcat,2025-09-17,(tomcat) branch main updated: Switch to new ASF logo,2,pending,,
topic-41a83d9d028ea0fb,tomcat,2025-09-18,[PR] Remove redundant conversion of applicationEventListenerList [tomcat],2,pending,,
topic-8b4136a7625d9603,tomcat,2025-09-18,[Bug 69802] optional certificateVerification with TLS 1.3 gives a warning but it should work fine,2,pending,,
topic-8c2f49673a8a9848,tomcat,2025-09-18,[Bug 69815] Feature request: support device bound session credentials (DBSC),4,pending,,
topic-be27424644a53eb1,tomcat,2025-09-18,[Bug 69817] New: Add sub-millisecond precision capability to access log timestamps,1,pending,,
topic-e8b525b5833d6fa5,tomcat,2025-09-18,[Bug 69817] Add sub-millisecond precision capability to access log timestamps,13,pending,,
topic-2677eebf8383ee39,tomcat,2025-09-19,[Bug 69820] Trivial performance improvement to ParameterMap.<init>,4,pending,,
topic-2a9f2ab62adca150,tomcat,2025-09-19,[Bug 69819] MPS Info Services,1,pending,,
topic-8cfe1d4b6122dc9c,tomcat,2025-09-19,[Bug 69820] New: Trivial performance improvement to ParameterMap.<init>,1,pending,,
topic-9223a7f569c398a0,tomcat,2025-09-19,[PR] Stabilize TestSwallowAbortedUploads.testChunkedPUTLimit [tomcat],1,pending,,
topic-a2de4976c8de23f8,tomcat,2025-09-19,[Bug 69819] New: MPS Info Services,1,pending,,
topic-158afeb88e5ccf35,tomcat,2025-09-21,"[Bug 69827] The compression checks a possibly outdated content-length, risking race conditions where content changes before compression, causing errors.",1,pending,,
topic-4bcd37e1e4f898ca,tomcat,2025-09-21,[Bug 69822] New: Log injection vulnerability in AbstractProcessorLight class allows attackers to manipulate application logs by injecting malicious content through unsanitized input in trace logging statements.,1,pending,,
topic-5445182969979c0d,tomcat,2025-09-21,[Bug 69821] `AbstractProcessor` risks `NullPointerException` crashes due to race conditions with `volatile socketWrapper`. Fix with final local references and null checks.,1,pending,,
topic-562c1891f6c83b15,tomcat,2025-09-21,"[Bug 69823] New: Potential ReDoS (Regular Expression Denial of Service)  Location: setNoCompressionUserAgents(String noCompressionUserAgents) method  Root Cause: The method directly compiles a user-provided string into a Pattern without any validation, sanitization",1,pending,,
topic-5f8a4d4721c9b542,tomcat,2025-09-21,"[Bug 69827] New: The compression checks a possibly outdated content-length, risking race conditions where content changes before compression, causing errors.",1,pending,,
topic-6295666ca8d68f7e,tomcat,2025-09-21,"[Bug 69823] Potential ReDoS (Regular Expression Denial of Service)  Location: setNoCompressionUserAgents(String noCompressionUserAgents) method  Root Cause: The method directly compiles a user-provided string into a Pattern without any validation, sanitization",2,pending,,
topic-70b48a0c447dbc1f,tomcat,2025-09-21,"[Bug 69826] The compression logic only checks for ""gzip"" and ""br"" encodings but misses other compression formats, potentially causing double compression. This wastes CPU resources and may increase response size due to compression overhead.",2,pending,,
topic-733d35061c6420bd,tomcat,2025-09-21,"[Bug 69826] New: The compression logic only checks for ""gzip"" and ""br"" encodings but misses other compression formats, potentially causing double compression. This wastes CPU resources and may increase response size due to compression overhead.",1,pending,,
topic-76bf94befcbe3d25,tomcat,2025-09-21,"[Bug 69825] Potential ReDoS (Regular Expression Denial of Service)  Location: setNoCompressionUserAgents(String noCompressionUserAgents) method  Root Cause: The method directly compiles a user-provided string into a Pattern without any validation, sanitization",1,pending,,
topic-79a8c722d92f179e,tomcat,2025-09-21,"[Bug 69824] Potential ReDoS (Regular Expression Denial of Service)  Location: setNoCompressionUserAgents(String noCompressionUserAgents) method  Root Cause: The method directly compiles a user-provided string into a Pattern without any validation, sanitization",1,pending,,
topic-8f0ad660c5945687,tomcat,2025-09-21,"[Bug 69825] New: Potential ReDoS (Regular Expression Denial of Service)  Location: setNoCompressionUserAgents(String noCompressionUserAgents) method  Root Cause: The method directly compiles a user-provided string into a Pattern without any validation, sanitization",1,pending,,
topic-9738dd49949f6993,tomcat,2025-09-21,[Bug 69822] Log injection vulnerability in AbstractProcessorLight class allows attackers to manipulate application logs by injecting malicious content through unsanitized input in trace logging statements.,2,pending,,
topic-dea0a7995757ef12,tomcat,2025-09-21,"[Bug 69824] New: Potential ReDoS (Regular Expression Denial of Service)  Location: setNoCompressionUserAgents(String noCompressionUserAgents) method  Root Cause: The method directly compiles a user-provided string into a Pattern without any validation, sanitization",1,pending,,
topic-f0e4c97527c3bba0,tomcat,2025-09-21,[Bug 69821] New: `AbstractProcessor` risks `NullPointerException` crashes due to race conditions with `volatile socketWrapper`. Fix with final local references and null checks.,1,pending,,
topic-7e24a1ef32ac7b10,tomcat,2025-09-22,[PR] Add Juli integration tests [tomcat],1,pending,,
topic-a9f6d9091ea2841f,tomcat,2025-09-22,(tomcat) branch main updated: Stabilize TestSwallowAbortedUploads.testChunkedPUTLimit,1,pending,,
topic-ebd627165daa99a4,tomcat,2025-09-22,(tomcat) branch 9.0.x updated: Drop method,2,pending,,
topic-57ff92798864d9e8,tomcat,2025-09-23,[PR] typo: war-tracking -> war-tracker [tomcat],5,pending,,
topic-d5d8a903daa7516e,tomcat,2025-09-23,Java 25 Released and New Leyden EA Builds,1,pending,,
topic-65aa06a6f0afecba,tomcat,2025-09-24,(tomcat) branch 11.0.x updated: Refactor recording of request start time,2,pending,,
topic-739fc29eca97fc94,tomcat,2025-09-24,(tomcat) branch 11.0.x updated: Record the instant the request processing starts.,3,pending,,
topic-92fecac929a1863d,tomcat,2025-09-24,[PR] Access log nanoseconds [tomcat],14,pending,,
topic-ba9e7bb1446f3e8f,tomcat,2025-09-24,[Bug 69830] SPAM SPAM SPAM SPAM,1,pending,,
topic-fb5ba1d105f3cf2e,tomcat,2025-09-24,[Bug 69830] New: https://techozea.com/,1,pending,,
topic-12b56a287d36c1f3,tomcat,2025-09-25,[PR] Expose clientIdentifier generation as a function [tomcat],6,pending,,
topic-ca9b2de2a5f8ab68,tomcat,2025-09-25,[PR] refactor: formatter refactoring [tomcat],2,pending,,
topic-4d950c8af3cd0277,tomcat,2025-09-26,[Bug 69832] Session-timeout is not being honoured when posting to j_security_check,4,pending,,
topic-6ae5df8c9aa10f5e,tomcat,2025-09-26,[Bug 69832] New: Session-timeout is not being honoured when posting to j_security_check,1,pending,,
topic-957f64b396ccbaeb,tomcat,2025-09-26,[PR] Add support for CIDR notation in RemoteIpFilter(#632) [tomcat],2,pending,,
topic-4553df4b9bd22e09,tomcat,2025-09-29,Measuring response time,2,pending,,
topic-8594564c045b088e,tomcat,2025-09-29,Adding CIDR support to RemoteIp[Filter|Valve],10,pending,,
topic-8978546a8beaf834,tomcat,2025-09-29,[PR] Use the Global delete function for Global references [tomcat-native],5,pending,,
topic-bc5916fccada5f68,tomcat,2025-09-29,[PR] Bump actions/cache from 4.2.4 to 4.3.0 [tomcat-jakartaee-migration],1,pending,,
topic-e537fd460455cc49,tomcat,2025-09-29,October release planning,4,pending,,
topic-f238b5f4e7fed779,tomcat,2025-09-29,(tomcat) branch main updated: Remove author tags for Craig R. McClanahan at his request,1,pending,,
topic-fe169074aa7ecc55,tomcat,2025-09-29,Removal of all @author tags (and similar),4,pending,,
topic-af32cfddf6294ad8,tomcat,2025-09-30,[Bug 69834] SPAM SPAM SPAM SPAM,2,pending,,
topic-b0aef382aff37e35,tomcat,2025-09-30,[Bug 69834] New: Microsoft Dynamics 365 Applications,1,pending,,
topic-f8b845ac02dc67a7,tomcat,2025-09-30,[Bug 69834] Microsoft Dynamics 365 Applications,1,pending,,
topic-20832787eb7b7d76,tomcat,2025-10-01,"[Bug 69836] usePartitioned=""true"" in context.xml does not result in the Partitioned flag being added to session cookies",3,pending,,
topic-92ab9b0465fbda82,tomcat,2025-10-01,"[Bug 69836] New: usePartitioned=""true"" in context.xml does not result in the Partitioned flag being added to session cookies",1,pending,,
topic-af4981241e61b987,tomcat,2025-10-01,[VOTE] Release Apache Tomcat 9.0.110,8,pending,,
topic-1443e72100811226,tomcat,2025-10-02,[VOTE] Release Apache Tomcat 11.0.12,6,pending,,
topic-3292a746e32624e6,tomcat,2025-10-02,[PR] Add tests for OCSP integration [tomcat],1,pending,,
topic-643f6aaf006dd144,tomcat,2025-10-02,[PR] PLAT-8979 upgrade tomcat in plugin [tomcat-maven-plugin],1,pending,,
topic-a76efe6fc944ebbe,tomcat,2025-10-02,[VOTE] Release Apache Tomcat 10.1.47,6,pending,,
topic-0a14787edc9327b9,tomcat,2025-10-03,[Bug 69837] JavaCompiler invalid compile classpath composing,10,pending,,
topic-a287d9b775e06098,tomcat,2025-10-03,[Bug 69837] New: JavaCompiler invalid compile classpath composing,1,pending,,
topic-a7a39a54d91ae496,tomcat,2025-10-04,[Bug 69839] New: Changing SessionId creates eternal Single Sign On sessions,1,pending,,
topic-2c67421bf338da41,tomcat,2025-10-06,[Bug 69842] New: Critical: DefaultServlet doPut allows uploading executable JSP(X) to webroot when readonly=false — PUT → RCE (Patch-bypass risk on case-insensitive FS),1,pending,,
topic-5e9a8cc52e77caa5,tomcat,2025-10-06,[Bug 69842] Critical: DefaultServlet doPut allows uploading executable JSP(X) to webroot when readonly=false — PUT → RCE (Patch-bypass risk on case-insensitive FS),1,pending,,
topic-96b94b0364b00a59,tomcat,2025-10-06,[ANN] Apache Tomcat 9.0.110 available,1,pending,,
topic-eeafe335b485cfcd,tomcat,2025-10-06,[VOTE][RESULT] Release Apache Tomcat 9.0.110,1,pending,,
topic-24d8b80df36c14e6,tomcat,2025-10-07,[Bug 69839] Changing SessionId creates eternal Single Sign On sessions,10,pending,,
topic-6c6e39f5c25c8a61,tomcat,2025-10-07,[Bug 69844] New: WebSocket client does not validate that data sent from the server is unmasked,1,pending,,
topic-71fa8b59cf181139,tomcat,2025-10-07,[VOTE][RESULT] Release Apache Tomcat 10.1.47,2,pending,,
topic-7808b5132f785717,tomcat,2025-10-07,Proposal for additional ant test targets,6,pending,,
topic-a631aa8652043728,tomcat,2025-10-07,[VOTE][RESULT] Release Apache Tomcat 11.0.12,1,pending,,
topic-2d217632b9cf6cc1,tomcat,2025-10-08,"[Bug 69846] New: PersistentManager does not reliably persist sessions during graceful shutdown in distributed environments (e.g., Kubernetes)",1,pending,,
topic-3e619dc3ce66918f,tomcat,2025-10-08,[Bug 69847] Obsolete module export org.apache.tomcat.util.codec.binary in Tomcat 11 distributions,1,pending,,
topic-422819b0996a9d12,tomcat,2025-10-08,[Bug 69847] New: Obsolete module export org.apache.tomcat.util.codec.binary in Tomcat 11 distributions,1,pending,,
topic-5919e4485f051839,tomcat,2025-10-08,[Bug 69845] New: java.lang.IllegalStateException: Inflater has been closed,1,pending,,
topic-6101e3cd44ec973f,tomcat,2025-10-08,[ANN] Apache Tomcat 10.1.47 Available,1,pending,,
topic-934cc5fc78ddfaab,tomcat,2025-10-08,"[Bug 69846] PersistentManager does not reliably persist sessions during graceful shutdown in distributed environments (e.g., Kubernetes)",1,pending,,
topic-bcd1a18bab97542c,tomcat,2025-10-08,[Bug 69845] java.lang.IllegalStateException: Inflater has been closed,7,pending,,
topic-f18412437ca4f039,tomcat,2025-10-08,[Bug 69844] WebSocket client does not validate that data sent from the server is unmasked,1,pending,,
topic-f4e81a034bb536b9,tomcat,2025-10-08,[ANN] Apache Tomcat 11.0.12 Available,1,pending,,
topic-67e9a88a7db750c7,tomcat,2025-10-09,[Bug 69848] http method DELETE is converted to OPTIONS when request is sent through Apache proxy over AJP Connector,12,pending,,
topic-6c72c59d2947306b,tomcat,2025-10-09,[Bug 69848] New: http method DELETE is converted to OPTIONS when request is sent through Apache proxy over AJP Connector,1,pending,,
topic-ebfb429306a9380b,tomcat,2025-10-09,(tomcat) branch main updated: Reject requests that map to invalid Windows file names earlier.,1,pending,,
topic-ec6dea21edff70c8,tomcat,2025-10-09,[PR] Correctly handle optionalNoCA verification [tomcat-native],1,pending,,
topic-efbac3b96e85128e,tomcat,2025-10-09,[PR] Panama tweaks [tomcat],1,pending,,
topic-1e908613c77e9ca5,tomcat,2025-10-10,"[Bug 69849] New: OPTIONS, DELETE does not work",1,pending,,
topic-24c6f05762897965,tomcat,2025-10-10,[VOTE] Release Apache Tomcat 11.0.13,6,pending,,
topic-4034f774030c7d37,tomcat,2025-10-10,[Bug 69850] Http Delete Method is resolved as Options,1,pending,,
topic-632e0b2e4343f416,tomcat,2025-10-10,[VOTE] Release Apache Tomcat 9.0.111,5,pending,,
topic-718091a2bcf153a3,tomcat,2025-10-10,"[Bug 69849] OPTIONS, DELETE does not work",1,pending,,
topic-dbc5a2513692e607,tomcat,2025-10-10,[Bug 69850] New: Http Delete Method is resolved as Options,1,pending,,
topic-f957e8458e2741a2,tomcat,2025-10-10,[VOTE] Release Apache Tomcat 10.1.48,6,pending,,
topic-04c2a2565058b353,tomcat,2025-10-11,[VOTE][RE-VOTE] Release Apache Tomcat 10.1.48,2,pending,,
topic-ee1d95ca05c16f56,tomcat,2025-10-11,[VOTE][RE-VOTEx2] Release Apache Tomcat 10.1.48,5,pending,,
topic-04b49ba54f689e20,tomcat,2025-10-13,[PR] Bump org.jacoco:jacoco-maven-plugin from 0.8.13 to 0.8.14 [tomcat-jakartaee-migration],1,pending,,
topic-21d9c6e7e92a649f,tomcat,2025-10-13,[VOTE][RESULT] Release Apache Tomcat 10.1.48,1,pending,,
topic-2ccae2c4615853c2,tomcat,2025-10-13,[ANN] Apache Tomcat 9.0.111 available,1,pending,,
topic-5acf01cf90d47b60,tomcat,2025-10-13,[VOTE][RESULT] Release Apache Tomcat 9.0.111,1,pending,,
topic-8296cb691dbfe5fb,tomcat,2025-10-13,[PR] Add a unit test for CVE-2017-15698 [tomcat],1,pending,,
topic-9863a34f8dc1c10b,tomcat,2025-10-13,[PR] Bump org.apache.bcel:bcel from 6.10.0 to 6.11.0 [tomcat-jakartaee-migration],1,pending,,
topic-9c51df511c564d5a,tomcat,2025-10-13,[ANN] Apache Tomcat 10.1.48 Available,1,pending,,
topic-c2c43586ee2be25c,tomcat,2025-10-13,[VOTE][RESULT] Release Apache Tomcat 11.0.13,1,pending,,
topic-8be83de5fda2d1e5,tomcat,2025-10-14,[ANN] Apache Tomcat 11.0.13 Available,1,pending,,
topic-ab9e8fa8aea7b119,tomcat,2025-10-15,"[Bug 69852] {MD5}, {SHA} and {SSHA} not honored with Realm/CredentialHandler",11,pending,,
topic-b27f1cfaa6ea30f1,tomcat,2025-10-15,Zarządzanie stresem i praca z trudnym klientem,1,pending,,
topic-c92573431c4acdd9,tomcat,2025-10-15,"[Bug 69852] New: {MD5}, {SHA} and {SSHA} not honored with Realm/CredentialHandler",1,pending,,
topic-e1080b990a7c1b1b,tomcat,2025-10-15,[PROPOSAL] Change embedded ZIP packaging to put zipped files into a subdirectory,3,pending,,
topic-f20940cea5ff3256,tomcat,2025-10-15,Question about packaging of Windows-x86 binary ZIP,3,pending,,
topic-fee1a16331a18abd,tomcat,2025-10-15,Missing ASF headers in generated documentation,4,pending,,
topic-7838ca2b0ec7d612,tomcat,2025-10-17,Tests failing on MacOS with disconnected network,1,pending,,
topic-d4dbcd189e5c020d,tomcat,2025-10-17,"[PR] add a shared, file based jar cache to improve performance of follow on runs of the tool [tomcat-jakartaee-migration]",10,pending,,
topic-5cf1b7a3e85325c2,tomcat,2025-10-19,[Bug 69856] New: Transform your space with Tapron’s luxury bathroom and kitchen fittings—where timeless design meets unmatched quality.,1,pending,,
topic-7b6fcc994c47e39c,tomcat,2025-10-19,[Bug 69856] Transform your space with Tapron’s luxury bathroom and kitchen fittings—where timeless design meets unmatched quality.,2,pending,,
topic-9ab467ea0d2a4179,tomcat,2025-10-19,[PR] Use a deep copy of query stats whose values won't change during sorting. [tomcat],6,pending,,
topic-9ae1f982e6355a23,tomcat,2025-10-19,[Bug 69856] SPAM SPAM SPAM SPAM,1,pending,,
topic-267aee32b1fc6cc9,tomcat,2025-10-20,[PR] Add TestStartupIPv6Connectors to verify IPv6 bind [tomcat],1,pending,,
topic-57787f5add83d2cb,tomcat,2025-10-22,[Bug 69861] New: Google Ranking,1,pending,,
topic-67515ebc2a93b94c,tomcat,2025-10-22,[Bug 69861] SPAM,3,pending,,
topic-f616b21d5e1ce3c5,tomcat,2025-10-22,[Bug 69861] Google Ranking,1,pending,,
topic-a77662ab6bed4799,tomcat,2025-10-24,[Bug 69862] New: NullPointerException in JspServletWrapper.handleJspException masks original exception when getRootCause() returns null,1,pending,,
topic-f6c62534e35b1fb0,tomcat,2025-10-24,[Bug 69862] NullPointerException in JspServletWrapper.handleJspException masks original exception when getRootCause() returns null,1,pending,,
topic-3e1d6752440e1321,tomcat,2025-10-27,[PR] Bump actions/upload-artifact from 4 to 5 [tomcat],1,pending,,
topic-82f8fc019c2baeaf,tomcat,2025-10-27,[SECURITY] CVE-2025-61795 Apache Tomcat - Delayed cleaning of multipart upload temporary files may lead to DoS,1,pending,,
topic-91f585182f7552f7,tomcat,2025-10-27,[SECURITY] CVE-2025-55754 Apache Tomcat - Console manipulation via escape sequences in log messages,1,pending,,
topic-da3ef87289b9657c,tomcat,2025-10-27,[Bug 69866] New: OpenSSLContexts leak across reload through JNI global reference when using truststore,1,pending,,
topic-dab6ee4a2ca2e143,tomcat,2025-10-27,[Bug 69866] OpenSSLContexts leak across reload through JNI global reference when using truststore,3,pending,,
topic-de9faf64cf59c73a,tomcat,2025-10-27,[SECURITY] CVE-2025-55752 Apache Tomcat - Directory traversal via rewrite with possible RCE if PUT is enabled,1,pending,,
topic-e72519f9e2e6c2db,tomcat,2025-10-27,Tomcat and JDK-25 and the fix of File.exists(),7,pending,,
topic-fa7421d0d3da940e,tomcat,2025-10-27,[PR] Bump actions/upload-artifact from 4 to 5 [tomcat-jakartaee-migration],1,pending,,
topic-7660e0d47399b6cd,tomcat,2025-10-28,[PR] Fix BZ 69866 - Use separate CertificateVerifier class to avoid strong JNI reference to OpenSSLContexts [tomcat],11,pending,,
topic-927f86f4f390214c,tomcat,2025-10-29,Inquiry Regarding End of Life (EOL) Date for Apache Tomcat 9 & 10,2,pending,,
topic-c4f39268b66d0607,tomcat,2025-10-30,(tomcat) branch main updated: Fix consistent crash (on Unix with OpenSSL provider) in tests,5,pending,,
topic-cb425ed9346fee38,tomcat,2025-10-30,Update maven-resolver-ant-tasks to 1.6.0?,1,pending,,
topic-538f93fce32683ed,tomcat,2025-10-31,[Bug 69868] New: deployIgnore is not taking effect in descriptor deployment,1,pending,,
topic-645afd565194cac0,tomcat,2025-10-31,"[Proposal] Add configurable gzipLevel, gzipBufferSize, and gzipSyncFlush to Tomcat (9–11)",6,pending,,
topic-9e96097f690c56db,tomcat,2025-10-31,[PR] Fix formatValueImport to handle MessageFormat quotes and line continuations [tomcat],5,pending,,
topic-b88a4875a2db2c28,tomcat,2025-10-31,[Bug 69868] deployIgnore is not taking effect in descriptor deployment,2,pending,,
topic-68b11d5a20190a9c,tomcat,2025-11-03,[Bug 69869] New: WebDavServlet PROPFIND with If-None-Match results in 400,1,pending,,
topic-815aacc8fae30dec,tomcat,2025-11-03,[PR] AjpProcessor: fix readMessage() bounds check [tomcat],5,pending,,
topic-a2931f3226d74a04,tomcat,2025-11-03,[PR] JNDIRealm: use constructed SSLSocketFactory for StartTLS [tomcat],1,pending,,
topic-a9cd84666cde1ba2,tomcat,2025-11-03,Tagging November releases,3,pending,,
topic-b82a4ae46bcf64c7,tomcat,2025-11-03,[Bug 69869] WebDavServlet PROPFIND with If-None-Match results in 400,2,pending,,
topic-a9cff44f84932233,tomcat,2025-11-04,(tomcat) 02/02: Complete the fix for BZ 69852 - align default digest order with RFC 3112,6,pending,,
topic-2e4ca410c9e5c318,tomcat,2025-11-05,[Bug 69870] New: Add drainTimeout property to Http2Protocol for delaying second HTTP/2 GOAWAY,1,pending,,
topic-734908571c013811,tomcat,2025-11-05,[VOTE] Release Apache Tomcat 11.0.14,19,pending,,
topic-bea11ce5e04128dd,tomcat,2025-11-05,[PR] fix : method name typo [tomcat],1,pending,,
topic-eb4f05297b9739d1,tomcat,2025-11-05,"Configurable ""drain duration"" between the two HTTP/2 GOAWAY frames",3,pending,,
topic-fa224e3da9814af6,tomcat,2025-11-06,[VOTE] Release Apache Tomcat 10.1.49,7,pending,,
topic-fbc0c406ed976c4b,tomcat,2025-11-06,[VOTE] Release Apache Tomcat 9.0.112,11,pending,,
topic-7ecd825107feafd4,tomcat,2025-11-09,gpg use in build.xml,5,pending,,
topic-1bb52c0a08bed7e4,tomcat,2025-11-10,[ANN] Apache Tomcat 9.0.112 available,1,pending,,
topic-61b12ec9b91bea95,tomcat,2025-11-10,[Bug 69873] New: The Law Offices of Jonathan F Marshall,1,pending,,
topic-6ebab740eccf7f2c,tomcat,2025-11-10,[Bug 69873] The Law Offices of Jonathan F Marshall,1,pending,,
topic-84b81a8e4b3f75e6,tomcat,2025-11-10,[Bug 69871] RewriteValve logging silent even when level=ALL; missing output for rule evaluation / permission failure,8,pending,,
topic-9bdbbe32159aaf75,tomcat,2025-11-10,[Bug 69871] New: RewriteValve logging silent even when level=ALL; missing output for rule evaluation / permission failure,1,pending,,
topic-af11eafb6e01abc9,tomcat,2025-11-10,[VOTE][RESULT] Release Apache Tomcat 10.1.49,1,pending,,
topic-b56dc103491139c3,tomcat,2025-11-10,[ANN] Apache Tomcat 11.0.14 Available,1,pending,,
topic-cfc9376f89938296,tomcat,2025-11-10,Proposal to enhance version.sh output,3,pending,,
topic-d861dec53b8e1249,tomcat,2025-11-10,[VOTE][RESULT] Release Apache Tomcat 9.0.112,1,pending,,
topic-e30a2665dc994608,tomcat,2025-11-10,[PR] Bump commons-io:commons-io from 2.20.0 to 2.21.0 [tomcat-jakartaee-migration],1,pending,,
topic-e38044e31ac600ff,tomcat,2025-11-10,[Bug 69873] SPAM SPAM SPAM SPAM,3,pending,,
topic-e69d8cf3d50acfee,tomcat,2025-11-10,[VOTE][RESULT] Release Apache Tomcat 11.0.14,1,pending,,
topic-e7bbf01a8a47a7be,tomcat,2025-11-10,TestStartupIPv6Connectors.testIPv6LinkLocal on MacOS,14,pending,,
topic-4adf7469ef2fa0e8,tomcat,2025-11-11,[PR] [fix] ensure tomcat-jni is not required by tomcat-catalina [tomcat],6,pending,,
topic-58048b1f51d009f4,tomcat,2025-11-11,Breaking Change in Tomcat 11.0.12+ – HTTP Header Casing Affects Cluster Synchronization,3,pending,,
topic-a8e221f79dcc0e1d,tomcat,2025-11-11,[Bug 69876] New: Breaking Change in Tomcat 11.0.12+ – HTTP Header,1,pending,,
topic-b3464bfaa0be5c3a,tomcat,2025-11-11,[ANN] Apache Tomcat 10.1.49 Available,1,pending,,
topic-f389814c69e00194,tomcat,2025-11-11,[Bug 69876] Breaking Change in Tomcat 11.0.12+ – HTTP Header,1,pending,,
topic-461759759df3209b,tomcat,2025-11-12,Migration tool release,3,pending,,
topic-d72f1ed14f939ebc,tomcat,2025-11-12,[Bug 69877] Regression in Tomcat 10.1.48: Invalid Windows Classpath Handling Causes Embedded Startup Failure,2,pending,,
topic-404823a236454054,tomcat,2025-11-13,(tomcat) branch main updated: Fix complete status output with a failed context,5,pending,,
topic-f6803a7efba38495,tomcat,2025-11-13,[PR] Enhanced version.sh and version.bat Output [tomcat],10,pending,,
topic-136b34c76c28c543,tomcat,2025-11-17,[Bug 69881] https://www.bahialab.com.ar/,1,pending,,
topic-8cc65298355c9523,tomcat,2025-11-17,[Bug 69881] New: https://www.bahialab.com.ar/,1,pending,,
topic-e1fb4eee65f19f0e,tomcat,2025-11-17,[Bug 69881] SPAM SPAM SPAM SPAM,1,pending,,
topic-e341a9a4fcf64f5f,tomcat,2025-11-17,(tomcat) branch main updated: Fix error building status JSON,6,pending,,
topic-2586652787830857,tomcat,2025-11-18,[PR] Add a unit test for CVE-2010-3718 [tomcat],3,pending,,
topic-b8772c9ad1734e56,tomcat,2025-11-18,[PR] Add a Maven-style test profile system for selective test execution [tomcat],5,pending,,
topic-4b29dce67c2257f7,tomcat,2025-11-19,CsrfPreventionFilter expectations,5,pending,,
topic-acc581d138d847f1,tomcat,2025-11-19,[PR] Avoid adding multiple CSRF tokens to a URL [tomcat],7,pending,,
topic-f071c94865ddb647,tomcat,2025-11-19,[PROPOSAL] Enhancing configtest for more extensive validation,6,pending,,
topic-1c0edb490310f3f2,tomcat,2025-11-20,(tomcat) branch main updated: Add a unit test for CVE-2023-24998 and CVE-2023-28709,4,pending,,
topic-623ae22a3ab41a23,tomcat,2025-11-20,Migration tool ready for a release,1,pending,,
topic-8a5fa5ec45228dd6,tomcat,2025-11-20,[PR] Add a unit test for CVE-2023-24998 and CVE-2023-28709 [tomcat],1,pending,,
topic-7c1c673ca424d76f,tomcat,2025-11-21,[PR] add .webmanifest mime mapping [tomcat],2,pending,,
topic-8e939497215dbb1c,tomcat,2025-11-21,[VOTE] Apache Tomcat migration tool for Jakarta EE 1.0.10,4,pending,,
topic-b7f025ea7b63bcfa,tomcat,2025-11-22,[PR] Add logout functionality to Manager and Host-Manager webapps [tomcat],14,pending,,
topic-27def47f328c9865,tomcat,2025-11-24,[PR] Bump actions/checkout from 5 to 6 [tomcat-jakartaee-migration],1,pending,,
topic-6b2bb6a54e1cd6e0,tomcat,2025-11-24,[PR] Bump org.eclipse.platform:org.eclipse.osgi from 3.18.600 to 3.23.200 [tomcat-jakartaee-migration],1,pending,,
topic-7eec02128f83a9c6,tomcat,2025-11-24,Rotating the Support and Training provider entries on the wiki,1,pending,,
topic-818eb23b529c4f3d,tomcat,2025-11-24,[PR] Bump actions/checkout from 5 to 6 [tomcat],1,pending,,
topic-bf74c82022df9914,tomcat,2025-11-24,[VOTE][RESULT] Apache Tomcat migration tool for Jakarta EE 1.0.10,1,pending,,
topic-c0c60ef397478f18,tomcat,2025-11-24,[ANN] Apache Tomcat Migration tool for Jakarta EE 1.0.10,1,pending,,
topic-42ea2b2e1e6e18a4,tomcat,2025-11-26,[Bug 69882] New: Erreur lors du démarrage du serveur,2,pending,,
topic-6b835f61157b6fb0,tomcat,2025-11-26,SSO and PR #890,1,pending,,
topic-db0cc73f6f9f9799,tomcat,2025-11-26,Új földgázszámla készült 102524183684,1,pending,,
topic-dd8806c4a0fbe31f,tomcat,2025-11-26,[Bug 69882] Erreur lors du démarrage du serveur,1,pending,,
topic-f2d7e2ec37066267,tomcat,2025-11-26,SSO changes,4,pending,,
topic-021fc7837fc111b2,tomcat,2025-12-01,[Bug 69889] New: How Nutanix NCP-CI-Azure Exam Are Scored: A Student’s Perspective,1,pending,,
topic-2fd16438bb402543,tomcat,2025-12-01,[PR] Add logout functionality for Manager webapps [tomcat],2,pending,,
topic-bacf3b40df3b3e3e,tomcat,2025-12-01,[Bug 69889] How Nutanix NCP-CI-Azure Exam Are Scored: A Student’s Perspective,1,pending,,
topic-f6c5e3bdcdd42668,tomcat,2025-12-01,"Tomcat Native, OCSP and December releases",4,pending,,
topic-427d73dd088d8e0c,tomcat,2025-12-02,[VOTE] Release Apache Tomcat 11.0.15,5,pending,,
topic-a2ad75be71f6de7b,tomcat,2025-12-02,"AW: Tomcat Native, OCSP and December releases",3,pending,,
topic-b4efc1ba3ef90ff3,tomcat,2025-12-02,[VOTE] Release Apache Tomcat 9.0.113,6,pending,,
topic-b7680076e3ddea83,tomcat,2025-12-02,[PR] Add option to silence all junit test output and rely on summary outputs for test status [tomcat],1,pending,,
topic-e25eef899f76faea,tomcat,2025-12-02,[VOTE] Release Apache Tomcat 10.1.50,7,pending,,
topic-e78c28d427254fb5,tomcat,2025-12-02,[Bug 69890] New: Update test-status for more clear output,1,pending,,
topic-fc15ab235d0d3153,tomcat,2025-12-02,[Bug 69890] Update test-status for more clear output,1,pending,,
topic-2b5394d8352ffb69,tomcat,2025-12-04,OCSP progress update,14,pending,,
topic-d473c21001d1bb62,tomcat,2025-12-05,TestImportHandlerStandardPackages fails for Java 26 ...,1,pending,,
topic-e46b551385f7f01b,tomcat,2025-12-05,Time to drop IRC references from the website?,4,pending,,
topic-7e44fcb1ea719c2b,tomcat,2025-12-07,[ANN] Apache Tomcat 9.0.113 available,2,pending,,
topic-f02adf3a860c14e0,tomcat,2025-12-07,[VOTE][RESULT] Release Apache Tomcat 9.0.113,1,pending,,
topic-20db80a573f2fd3e,tomcat,2025-12-08,[ANN] Apache Tomcat 11.0.15 Available,1,pending,,
topic-5be51fba01290b66,tomcat,2025-12-08,[PR] TLS 1.3 requires a call to SSL_CTX_set_ciphersuites [tomcat-native],6,pending,,
topic-6cdd3ed159c60891,tomcat,2025-12-08,[PR] Add validation framework for imposing specific rules for configuration values [tomcat],8,pending,,
topic-7dc7ae681cad3f80,tomcat,2025-12-08,[VOTE][RESULT] Release Apache Tomcat 11.0.15,1,pending,,
topic-7f9b193e71c946dc,tomcat,2025-12-08,"JDK 26 Feature Freeze, HTTP/3, and more Heads-Ups",1,pending,,
topic-9349c8e20fb812aa,tomcat,2025-12-08,[VOTE][RESULT] Release Apache Tomcat 10.1.50,1,pending,,
topic-fe0fb2d577a16a67,tomcat,2025-12-08,[ANN] Apache Tomcat 10.1.50 Available,1,pending,,
topic-ca76149c96d38986,tomcat,2025-12-09,[Bug 69898] New: Tomcat11w.exe of the Windows version of Tomcat 11.0.15 requires vcruntime140.dll and will not start.,1,pending,,
topic-e5c25fad9d92310b,tomcat,2025-12-09,[Bug 69898] Tomcat11w.exe of the Windows version of Tomcat 11.0.15 requires vcruntime140.dll and will not start.,12,pending,,
topic-54bdc3339b8c4823,tomcat,2025-12-11,[PR] Improved output for test-status target [tomcat],2,pending,,
topic-58349fac544ae615,tomcat,2025-12-11,(tomcat-native) 03/03: More verification of OCSP responses - timestamps,1,pending,,
topic-6bdc77d29e6ec97c,tomcat,2025-12-11,[PR] Delete duplicate lines [tomcat],1,pending,,
topic-69f2dfe993cefb45,tomcat,2025-12-14,[Bug 69902] New: ZIP Archive does not contain permissions,1,pending,,
topic-1a17bcbc6897ea4a,tomcat,2025-12-15,[I] Question about Default Excludes [tomcat-jakartaee-migration],3,pending,,
topic-1ac7a463558a14ca,tomcat,2025-12-15,[Bug 69902] ZIP Archive does not contain permissions,2,pending,,
topic-1cee8a7c30583138,tomcat,2025-12-15,[PR] Bump actions/upload-artifact from 5 to 6 [tomcat-jakartaee-migration],1,pending,,
topic-a6e0c03d74031534,tomcat,2025-12-15,[PR] Bump org.eclipse.platform:org.eclipse.osgi from 3.23.200 to 3.24.0 [tomcat-jakartaee-migration],1,pending,,
topic-de3f03ad6507e684,tomcat,2025-12-15,[PR] Bump actions/cache from 4.3.0 to 5.0.1 [tomcat-jakartaee-migration],1,pending,,
topic-f8ef0ad2c760cc0e,tomcat,2025-12-15,[PR] Bump actions/upload-artifact from 5 to 6 [tomcat],1,pending,,
topic-98e37cd914276c1b,tomcat,2025-12-16,[Bug 69903] https://proaccuracy.com/,1,pending,,
topic-a1b1507bd9c5a642,tomcat,2025-12-16,[PR] Add an artifact for easy testing. [tomcat-native],1,pending,,
topic-fca288785680074b,tomcat,2025-12-16,[Bug 69903] New: https://proaccuracy.com/,1,pending,,
topic-197374a0b5abb777,tomcat,2025-12-17,Fixing deprecated OpenSSL calls in tcnative,3,pending,,
topic-1a2d8dd46b2ef26f,tomcat,2025-12-17,[VOTE] Release Apache Tomcat Native 2.0.11,20,pending,,
topic-38ae9dd5e9a32cf1,tomcat,2025-12-17,[VOTE][CANCELLED] Release Apache Tomcat Native 2.0.10,1,pending,,
topic-449db8e6fca38f70,tomcat,2025-12-17,[VOTE] Release Apache Tomcat Native 2.0.10,6,pending,,
topic-4a64a81039a1f690,tomcat,2025-12-17,(tomcat-native) 01/01: Tag 1.3.2,1,pending,,
topic-4d2d6d6101f1514d,tomcat,2025-12-17,Silencing deprecation warnings in tcnative build,4,pending,,
topic-c5526e32d735b5dc,tomcat,2025-12-17,[VOTE] Release Apache Tomcat Native 1.3.2,2,pending,,
topic-d33ba23952491fda,tomcat,2025-12-17,Tomcat's naming context throws exception on close(),6,pending,,
topic-d7db14a47dbb33cd,tomcat,2025-12-18,[PR] Lazy init stringClass in ssl.c before using to avoid crashes [tomcat-native],2,pending,,
topic-390ab121d782ec1c,tomcat,2025-12-20,[Bug 69908] http://kangnamdongwon.com,2,pending,,
topic-bb8539273ff05b81,tomcat,2025-12-20,[Bug 69908] SPAM SPAM SPAM SPAM,1,pending,,
topic-c4e83a75a1d48c7a,tomcat,2025-12-20,[Bug 69908] New: http://kangnamdongwon.com,1,pending,,
topic-3628fb1ee4b1da2b,tomcat,2025-12-24,[Bug 69910] New: Memory exhaustion in JSSE SSLSessionImpl queue due to delayed reset of pooled SecureNioChannel,1,pending,,
topic-5f107310a3b8081f,tomcat,2025-12-24,[Bug 69911] New: Pleasing this,1,pending,,
topic-8b48945040cd30bf,tomcat,2025-12-26,[Bug 69910] Memory exhaustion in JSSE SSLSessionImpl queue due to delayed reset of pooled SecureNioChannel,3,pending,,
topic-7488d2731bb899c1,tomcat,2025-12-28,[PR] Docs: clarify windows powershell startup and root 404 behavior [tomcat],3,pending,,
topic-31fc14052cd95d4d,tomcat,2025-12-29,Question about correct branch for Tomcat 9 contribution,2,pending,,
topic-74ed97ebcf268eba,tomcat,2025-12-29,(tomcat) 01/02: Add '-test-name-default' to targets for tests to run and to resolve coverage-report error.,1,pending,,
topic-de57623659887c90,tomcat,2025-12-29,[PR] Fixes in build.xml [tomcat],1,pending,,
topic-970c26b195d94a07,tomcat,2025-12-30,[Bug 69912] New: https://holykailashtours.com/,1,pending,,
topic-c3d9977eeea2a333,tomcat,2025-12-30,[Bug 69912] SPAM SPAM SPAM SPAM,1,pending,,
