project,source_id,archive_id,url,index_timestamp,month,subject,topic_id,review_date,review_scope,classification,reason
ant,<20230101071505.A31F56A0094@bz-he-de.apache.org>,324jjp2n5k136jv1fjzmkmytgsj9kqoq,https://lists.apache.org/api/source.lua?id=324jjp2n5k136jv1fjzmkmytgsj9kqoq,2023-01-01T07:15:01+00:00,2023-01,Bug report for Ant [2023/01/01],topic-574f68036c0521bc,2026-10-04,subject only,excluded_automated_notification,Subject inspected: automated bug-summary or ordinary GitHub patch notification; excluded from the decision frame. Related evidence may still be followed from an eligible episode.
ant,<21ec25ec-8817-f25e-f2f7-dbd1fa1c4938@apache.org>,5ovftmd8cj7sdstckq8m5d7r0g2q8x2k,https://lists.apache.org/api/source.lua?id=5ovftmd8cj7sdstckq8m5d7r0g2q8x2k,2023-01-04T11:46:35+00:00,2023-01,[VOTE] Release Apache Ant 1.10.13 based on RC1,topic-122569a1583cf6ea,2026-10-04,subject and complete plain-text bodies; follow-up pending,release_family_followup_pending,"Ant 1.10.13: January 4 formal vote and January 10 passage/announcement; May discussion quotes a December 2022 planning exchange, which remains baseline context to retrieve. No directed foundation change identified in these bodies."
ant,<PR_kwDOATT2FM5Gonu7@gitbox.apache.org>,jn0q4gv5fphvnk296r71v40gtgwj3ykt,https://lists.apache.org/api/source.lua?id=jn0q4gv5fphvnk296r71v40gtgwj3ykt,2023-01-04T15:09:51+00:00,2023-01,"[GitHub] [ant] tkowalcz opened a new pull request, #197: Handling forked VM timeout in a similar way as failed test",topic-5821abc15953ec3c,2026-10-04,subject only,excluded_automated_notification,Subject inspected: automated bug-summary or ordinary GitHub patch notification; excluded from the decision frame. Related evidence may still be followed from an eligible episode.
ant,<87v8ljrjh5.fsf@v45346.1blu.de>,7bslsh5nsbqg0qdq82vgrbskl006w975,https://lists.apache.org/api/source.lua?id=7bslsh5nsbqg0qdq82vgrbskl006w975,2023-01-06T11:27:34+00:00,2023-01,Re: [VOTE] Release Apache Ant 1.10.13 based on RC1,topic-122569a1583cf6ea,2026-10-04,subject and complete plain-text bodies; follow-up pending,release_family_followup_pending,"Ant 1.10.13: January 4 formal vote and January 10 passage/announcement; May discussion quotes a December 2022 planning exchange, which remains baseline context to retrieve. No directed foundation change identified in these bodies."
ant,<20230108071506.06FF66A0094@bz-he-de.apache.org>,xnzjt8c4cty6glb54jsox87fzhyk8o5k,https://lists.apache.org/api/source.lua?id=xnzjt8c4cty6glb54jsox87fzhyk8o5k,2023-01-08T07:15:01+00:00,2023-01,Bug report for Ant [2023/01/08],topic-c999b09e6fa8c798,2026-10-04,subject only,excluded_automated_notification,Subject inspected: automated bug-summary or ordinary GitHub patch notification; excluded from the decision frame. Related evidence may still be followed from an eligible episode.
ant,<1b86ece4-04aa-bec0-a87b-d9147b0030fb@apache.org>,d659n9yq383x5t7zgj944mfsj0lnoglt,https://lists.apache.org/api/source.lua?id=d659n9yq383x5t7zgj944mfsj0lnoglt,2023-01-09T01:30:25+00:00,2023-01,Re: [VOTE] Release Apache Ant 1.10.13 based on RC1,topic-122569a1583cf6ea,2026-10-04,subject and complete plain-text bodies; follow-up pending,release_family_followup_pending,"Ant 1.10.13: January 4 formal vote and January 10 passage/announcement; May discussion quotes a December 2022 planning exchange, which remains baseline context to retrieve. No directed foundation change identified in these bodies."
ant,<85348ff1-2250-ee0b-90fb-1b731ef4b01a@famkruithof.net>,rk1fbvqzbp37rx3gsbw0fkb1rovmbwzh,https://lists.apache.org/api/source.lua?id=rk1fbvqzbp37rx3gsbw0fkb1rovmbwzh,2023-01-09T19:17:27+00:00,2023-01,Re: [VOTE] Release Apache Ant 1.10.13 based on RC1,topic-122569a1583cf6ea,2026-10-04,subject and complete plain-text bodies; follow-up pending,release_family_followup_pending,"Ant 1.10.13: January 4 formal vote and January 10 passage/announcement; May discussion quotes a December 2022 planning exchange, which remains baseline context to retrieve. No directed foundation change identified in these bodies."
ant,<a5beebc4-e595-6eef-2ecf-ed63a298e361@apache.org>,65h0w6q690wfwbf6094bgx9cnnz4fbv3,https://lists.apache.org/api/source.lua?id=65h0w6q690wfwbf6094bgx9cnnz4fbv3,2023-01-10T05:40:29+00:00,2023-01,Re: [VOTE] Release Apache Ant 1.10.13 based on RC1,topic-122569a1583cf6ea,2026-10-04,subject and complete plain-text bodies; follow-up pending,release_family_followup_pending,"Ant 1.10.13: January 4 formal vote and January 10 passage/announcement; May discussion quotes a December 2022 planning exchange, which remains baseline context to retrieve. No directed foundation change identified in these bodies."
ant,<4e28362f-0fe7-c313-a6d5-8b14afdd878f@apache.org>,c2k0tnbo2l3sj8nng1r6ko2lcq35vdq4,https://lists.apache.org/api/source.lua?id=c2k0tnbo2l3sj8nng1r6ko2lcq35vdq4,2023-01-10T06:54:38+00:00,2023-01,[ANNOUNCE] Apache Ant 1.10.13 released,topic-124ecf7f2dab2bf2,2026-10-04,subject and complete plain-text bodies; follow-up pending,release_family_followup_pending,"Ant 1.10.13: January 4 formal vote and January 10 passage/announcement; May discussion quotes a December 2022 planning exchange, which remains baseline context to retrieve. No directed foundation change identified in these bodies."
ant,<dbd3e68b-0a65-f838-e260-6eb0d18f34a2@apache.org>,6zlb2y42ky01dyfgc1owdw98fnkfn9hc,https://lists.apache.org/api/source.lua?id=6zlb2y42ky01dyfgc1owdw98fnkfn9hc,2023-01-10T12:02:16+00:00,2023-01,Need help with Ant versions in bugzilla,topic-ab0b51a2cd119c69,2026-09-22,subject; body review retained at accepted September checkpoint,ordinary_maintenance,Bugzilla version request was answered that the changes were already done at vote closure. No foundation role or sender-first change established by this exchange.
ant,<87k01ufqp1.fsf@v45346.1blu.de>,td1bdwjv78r2gmds9s8xjmy98sq4lpfh,https://lists.apache.org/api/source.lua?id=td1bdwjv78r2gmds9s8xjmy98sq4lpfh,2023-01-10T13:46:02+00:00,2023-01,Re: Need help with Ant versions in bugzilla,topic-ab0b51a2cd119c69,2026-09-22,subject; body review retained at accepted September checkpoint,ordinary_maintenance,Bugzilla version request was answered that the changes were already done at vote closure. No foundation role or sender-first change established by this exchange.
ant,<77796281-643f-8fac-29ae-4effb22a53dd@gmail.com>,ybny8zj2ns3r5cv1tokcghfb0yro7yrc,https://lists.apache.org/api/source.lua?id=ybny8zj2ns3r5cv1tokcghfb0yro7yrc,2023-01-10T13:49:42+00:00,2023-01,Re: Need help with Ant versions in bugzilla,topic-ab0b51a2cd119c69,2026-09-22,subject; body review retained at accepted September checkpoint,ordinary_maintenance,Bugzilla version request was answered that the changes were already done at vote closure. No foundation role or sender-first change established by this exchange.
ant,<PR_kwDOATT2FM5Gonu7-052f7d28-2c87-457e-9d8c-deaa3f53435f@gitbox.apache.org>,w5g9c2no5tvrmv14pt1cctkhfh98h4nk,https://lists.apache.org/api/source.lua?id=w5g9c2no5tvrmv14pt1cctkhfh98h4nk,2023-01-13T01:00:53+00:00,2023-01,[GitHub] [ant] jaikiran commented on a diff in pull request #197: Handling forked VM timeout in a similar way to junit ant task,topic-394d895ea69c297e,2026-10-04,subject only,excluded_automated_notification,Subject inspected: automated bug-summary or ordinary GitHub patch notification; excluded from the decision frame. Related evidence may still be followed from an eligible episode.
ant,<PR_kwDOATT2FM5Gonu7-fada413d-7630-4969-aed9-65f4c5cb0ce7@gitbox.apache.org>,55fsj6p752z8l8wbmb8bzpwox8gcyjgo,https://lists.apache.org/api/source.lua?id=55fsj6p752z8l8wbmb8bzpwox8gcyjgo,2023-01-13T01:01:43+00:00,2023-01,[GitHub] [ant] jaikiran commented on a diff in pull request #197: Handling forked VM timeout in a similar way to junit ant task,topic-394d895ea69c297e,2026-10-04,subject only,excluded_automated_notification,Subject inspected: automated bug-summary or ordinary GitHub patch notification; excluded from the decision frame. Related evidence may still be followed from an eligible episode.
ant,<PR_kwDOATT2FM5Gonu7-6618f40a-3069-4554-b4f8-9b0fc50a639d@gitbox.apache.org>,9gy96ss6tbnkolgj19jr6z81sg1cqr1b,https://lists.apache.org/api/source.lua?id=9gy96ss6tbnkolgj19jr6z81sg1cqr1b,2023-01-13T01:04:30+00:00,2023-01,[GitHub] [ant] jaikiran commented on pull request #197: Handling forked VM timeout in a similar way to junit ant task,topic-3bfc11baa9470f7e,2026-10-04,subject only,excluded_automated_notification,Subject inspected: automated bug-summary or ordinary GitHub patch notification; excluded from the decision frame. Related evidence may still be followed from an eligible episode.
ant,<20230115071506.440886A0094@bz-he-de.apache.org>,g45dcrcy2r65xlxq99thj9kl2hhrp0tk,https://lists.apache.org/api/source.lua?id=g45dcrcy2r65xlxq99thj9kl2hhrp0tk,2023-01-15T07:15:02+00:00,2023-01,Bug report for Ant [2023/01/15],topic-3a492c9b574f1ddb,2026-10-04,subject only,excluded_automated_notification,Subject inspected: automated bug-summary or ordinary GitHub patch notification; excluded from the decision frame. Related evidence may still be followed from an eligible episode.
ant,<PR_kwDOATT2FM5Gonu7-ff3ebbea-cca2-444e-b9cd-1d0f50f38474@gitbox.apache.org>,twgo3rohvpc3kkz3ll2t3vm5ww4o67lg,https://lists.apache.org/api/source.lua?id=twgo3rohvpc3kkz3ll2t3vm5ww4o67lg,2023-01-16T09:22:38+00:00,2023-01,[GitHub] [ant] tkowalcz commented on a diff in pull request #197: Handling forked VM timeout in a similar way to junit ant task,topic-94d822f03f611613,2026-10-04,subject only,excluded_automated_notification,Subject inspected: automated bug-summary or ordinary GitHub patch notification; excluded from the decision frame. Related evidence may still be followed from an eligible episode.
ant,<PR_kwDOATT2FM5Gonu7-d82a1cf1-cdc6-4d2d-915e-aa69df1fe252@gitbox.apache.org>,bclg4qvqcjk297qkkxo72mmojncm3x0k,https://lists.apache.org/api/source.lua?id=bclg4qvqcjk297qkkxo72mmojncm3x0k,2023-01-16T09:23:23+00:00,2023-01,[GitHub] [ant] tkowalcz commented on a diff in pull request #197: Handling forked VM timeout in a similar way to junit ant task,topic-94d822f03f611613,2026-10-04,subject only,excluded_automated_notification,Subject inspected: automated bug-summary or ordinary GitHub patch notification; excluded from the decision frame. Related evidence may still be followed from an eligible episode.
ant,<PR_kwDOATT2FM5Gonu7-4a0619e8-6b1f-49ac-a6b1-64c0d275cb47@gitbox.apache.org>,312wn1p50tpwxr26gh7dlt9g493kcz1z,https://lists.apache.org/api/source.lua?id=312wn1p50tpwxr26gh7dlt9g493kcz1z,2023-01-16T09:25:08+00:00,2023-01,[GitHub] [ant] tkowalcz commented on pull request #197: Handling forked VM timeout in a similar way to junit ant task,topic-2234412f433d0815,2026-10-04,subject only,excluded_automated_notification,Subject inspected: automated bug-summary or ordinary GitHub patch notification; excluded from the decision frame. Related evidence may still be followed from an eligible episode.
ant,<20230122071508.E7C786A0094@bz-he-de.apache.org>,qr84w6g5q2d7w88zhopcjgz251rzt6xp,https://lists.apache.org/api/source.lua?id=qr84w6g5q2d7w88zhopcjgz251rzt6xp,2023-01-22T07:15:02+00:00,2023-01,Bug report for Ant [2023/01/22],topic-f2a34fe764d9185f,2026-10-04,subject only,excluded_automated_notification,Subject inspected: automated bug-summary or ordinary GitHub patch notification; excluded from the decision frame. Related evidence may still be followed from an eligible episode.
ant,<0a600453-2118-e413-9e8f-f19c61ad6ce3@oracle.com>,1lh7f7hngsxl71dgoo924oxsvjt3878q,https://lists.apache.org/api/source.lua?id=1lh7f7hngsxl71dgoo924oxsvjt3878q,2023-01-25T05:07:19+00:00,2023-01,JDK 20 Rampdown Phase 2 & JMX Heads-up,topic-37f34d541eb3a85a,2026-10-04,subject only,body_pending,Subject inspected and retained for ambiguity/context review; no final eligibility decision from the title.
ant,<20230129071531.3BB966A0096@bz-he-de.apache.org>,kmbv6z3s3651d12p8qoz6yz3cogq55qs,https://lists.apache.org/api/source.lua?id=kmbv6z3s3651d12p8qoz6yz3cogq55qs,2023-01-29T07:15:01+00:00,2023-01,Bug report for Ant [2023/01/29],topic-da844ae99916c450,2026-10-04,subject only,excluded_automated_notification,Subject inspected: automated bug-summary or ordinary GitHub patch notification; excluded from the decision frame. Related evidence may still be followed from an eligible episode.
ant,<CALDHZaK5PxKB1DGceWB9DD73kH=uKkUGZeOaNA-gAVL85cLzWQ@mail.gmail.com>,vrz3nx1vsk0gvhxczc5v6j6wwmgndv5j,https://lists.apache.org/api/source.lua?id=vrz3nx1vsk0gvhxczc5v6j6wwmgndv5j,2023-01-30T17:25:00+00:00,2023-01,Pass secret to Exec task,topic-b2adbc7ab352b28c,2026-10-04,subject and complete plain-text bodies; follow-up pending,excluded_user_support,Exec task piping/secret handling advice; no binding technical-direction or foundation-service request in the inspected exchange.
ant,<87fsbrnjp0.fsf@v45346.1blu.de>,k2w3x82fs27w4sxh33glbgp8vs9qt6v5,https://lists.apache.org/api/source.lua?id=k2w3x82fs27w4sxh33glbgp8vs9qt6v5,2023-01-31T09:21:15+00:00,2023-01,Re: Pass secret to Exec task,topic-b2adbc7ab352b28c,2026-10-04,subject and complete plain-text bodies; follow-up pending,excluded_user_support,Exec task piping/secret handling advice; no binding technical-direction or foundation-service request in the inspected exchange.
ant,<20230205071504.E1FC16A0094@bz-he-de.apache.org>,8qnmt7lsfrosq7sy7ttot0108c61dbg6,https://lists.apache.org/api/source.lua?id=8qnmt7lsfrosq7sy7ttot0108c61dbg6,2023-02-05T07:15:01+00:00,2023-02,Bug report for Ant [2023/02/05],topic-4b0cd0d227ee57ba,2026-10-04,subject only,excluded_automated_notification,Subject inspected: automated bug-summary or ordinary GitHub patch notification; excluded from the decision frame. Related evidence may still be followed from an eligible episode.
ant,<PR_kwDOATT2FM5Gonu7-03598fdb-a63a-4011-b3ab-1937bb53f16b@gitbox.apache.org>,4brwohgqfbsq0j87wymzk9pwrxr99lwj,https://lists.apache.org/api/source.lua?id=4brwohgqfbsq0j87wymzk9pwrxr99lwj,2023-02-06T15:19:49+00:00,2023-02,[GitHub] [ant] jaikiran commented on pull request #197: Handling forked VM timeout in a similar way to junit ant task,topic-3bfc11baa9470f7e,2026-10-04,subject only,excluded_automated_notification,Subject inspected: automated bug-summary or ordinary GitHub patch notification; excluded from the decision frame. Related evidence may still be followed from an eligible episode.
ant,<PR_kwDOATT2FM5Gonu7-3cee159b-6e4f-4b47-9424-0efe084cc31d@gitbox.apache.org>,nx8jvysg70fsmn386mjtb1gn6946g7hq,https://lists.apache.org/api/source.lua?id=nx8jvysg70fsmn386mjtb1gn6946g7hq,2023-02-06T15:21:50+00:00,2023-02,[GitHub] [ant] tkowalcz commented on pull request #197: Handling forked VM timeout in a similar way to junit ant task,topic-2234412f433d0815,2026-10-04,subject only,excluded_automated_notification,Subject inspected: automated bug-summary or ordinary GitHub patch notification; excluded from the decision frame. Related evidence may still be followed from an eligible episode.
ant,<PR_kwDOATT2FM5Gonu7-c383b5b7-8ed7-4a74-bf10-49fb085c0ab1@gitbox.apache.org>,ghoyndkzjx8wftvr3xlo940170sthjsb,https://lists.apache.org/api/source.lua?id=ghoyndkzjx8wftvr3xlo940170sthjsb,2023-02-06T15:27:48+00:00,2023-02,[GitHub] [ant] jaikiran commented on pull request #197: Handling forked VM timeout in a similar way to junit ant task,topic-3bfc11baa9470f7e,2026-10-04,subject only,excluded_automated_notification,Subject inspected: automated bug-summary or ordinary GitHub patch notification; excluded from the decision frame. Related evidence may still be followed from an eligible episode.
ant,<PR_kwDOATT2FM5Gonu7-532a74b3-b844-4650-9abc-867b411e3026@gitbox.apache.org>,v3kobk45gt5zzvk7s4tt2fhzpoxdwkd6,https://lists.apache.org/api/source.lua?id=v3kobk45gt5zzvk7s4tt2fhzpoxdwkd6,2023-02-06T15:35:54+00:00,2023-02,[GitHub] [ant] tkowalcz commented on pull request #197: Handling forked VM timeout in a similar way to junit ant task,topic-2234412f433d0815,2026-10-04,subject only,excluded_automated_notification,Subject inspected: automated bug-summary or ordinary GitHub patch notification; excluded from the decision frame. Related evidence may still be followed from an eligible episode.
ant,<PR_kwDOATT2FM4t4a5s-372d90fc-1441-47d4-88f1-21da277a99b8@gitbox.apache.org>,lxrj52k15pmpxrxvpxjqrfn4nglmkrwt,https://lists.apache.org/api/source.lua?id=lxrj52k15pmpxrxvpxjqrfn4nglmkrwt,2023-02-07T07:04:01+00:00,2023-02,[GitHub] [ant] Wade-tech commented on pull request #166: Support Jakarta Mail in MailLogger,topic-ba3caa8aef84e4c6,2026-10-04,subject only,excluded_automated_notification,Subject inspected: automated bug-summary or ordinary GitHub patch notification; excluded from the decision frame. Related evidence may still be followed from an eligible episode.
ant,<PR_kwDOATT2FM4t4a5s-11473c2b-5445-4e9f-8c75-e174d9955e31@gitbox.apache.org>,zk603x2o29r0v5vvnnxb26qogy96p5xd,https://lists.apache.org/api/source.lua?id=zk603x2o29r0v5vvnnxb26qogy96p5xd,2023-02-07T20:27:09+00:00,2023-02,[GitHub] [ant] bodewig commented on pull request #166: Support Jakarta Mail in MailLogger,topic-38db059cc9cd3489,2026-10-04,subject only,excluded_automated_notification,Subject inspected: automated bug-summary or ordinary GitHub patch notification; excluded from the decision frame. Related evidence may still be followed from an eligible episode.
ant,<PR_kwDOATT2FM4t4a5s-d29a2fa9-ff8c-4a8e-84cf-82a958ee9275@gitbox.apache.org>,87oooy38kj8dkt0xsqdm4o9jlj6dcb1r,https://lists.apache.org/api/source.lua?id=87oooy38kj8dkt0xsqdm4o9jlj6dcb1r,2023-02-08T01:56:47+00:00,2023-02,[GitHub] [ant] Wade-tech commented on pull request #166: Support Jakarta Mail in MailLogger,topic-ba3caa8aef84e4c6,2026-10-04,subject only,excluded_automated_notification,Subject inspected: automated bug-summary or ordinary GitHub patch notification; excluded from the decision frame. Related evidence may still be followed from an eligible episode.
ant,<PR_kwDOATT2FM4t4a5s-ff01dd32-224c-46e5-9a0d-d78a0fa091db@gitbox.apache.org>,shbqlh7wh9w1nd061n6bcfv4jnmjncym,https://lists.apache.org/api/source.lua?id=shbqlh7wh9w1nd061n6bcfv4jnmjncym,2023-02-08T02:14:34+00:00,2023-02,[GitHub] [ant] jaikiran commented on pull request #166: Support Jakarta Mail in MailLogger,topic-0196d4ae42a35596,2026-10-04,subject only,excluded_automated_notification,Subject inspected: automated bug-summary or ordinary GitHub patch notification; excluded from the decision frame. Related evidence may still be followed from an eligible episode.
ant,<PR_kwDOATT2FM4t4a5s-19e3808f-4661-4280-ad3e-9ed8a02dce54@gitbox.apache.org>,m26dqkm3xrtnqq06vt4oxbsz1n44n2lz,https://lists.apache.org/api/source.lua?id=m26dqkm3xrtnqq06vt4oxbsz1n44n2lz,2023-02-08T03:19:33+00:00,2023-02,[GitHub] [ant] Wade-tech commented on pull request #166: Support Jakarta Mail in MailLogger,topic-ba3caa8aef84e4c6,2026-10-04,subject only,excluded_automated_notification,Subject inspected: automated bug-summary or ordinary GitHub patch notification; excluded from the decision frame. Related evidence may still be followed from an eligible episode.
ant,<PR_kwDOATT2FM5JJSat-0b5ba47f-1b1c-47ef-9d7e-5c98c58e71f9@gitbox.apache.org>,ct6db07cs3hs3gq8ly9nv6tpoqy1v7y7,https://lists.apache.org/api/source.lua?id=ct6db07cs3hs3gq8ly9nv6tpoqy1v7y7,2023-02-08T05:56:48+00:00,2023-02,[GitHub] [ant] bodewig commented on pull request #198: Using static modifier to normalize methods contract and performance,topic-fe665cc9c87247ca,2026-10-04,subject only,excluded_automated_notification,Subject inspected: automated bug-summary or ordinary GitHub patch notification; excluded from the decision frame. Related evidence may still be followed from an eligible episode.
ant,<20230212071509.135576A0094@bz-he-de.apache.org>,smzbvcz9y7y078shc1xho4br9w03nn3g,https://lists.apache.org/api/source.lua?id=smzbvcz9y7y078shc1xho4br9w03nn3g,2023-02-12T07:15:01+00:00,2023-02,Bug report for Ant [2023/02/12],topic-926641ccf98741a6,2026-10-04,subject only,excluded_automated_notification,Subject inspected: automated bug-summary or ordinary GitHub patch notification; excluded from the decision frame. Related evidence may still be followed from an eligible episode.
ant,<30485b99-77a1-f488-f1fc-374805f69e29@oracle.com>,z6jqlpmhktv3qp23ytdjddd4ydfysmps,https://lists.apache.org/api/source.lua?id=z6jqlpmhktv3qp23ytdjddd4ydfysmps,2023-02-15T05:24:00+00:00,2023-02,JDK 20 Release Candidate and Deprecation,topic-8c0b6241f90c081c,2026-10-04,subject only,body_pending,Subject inspected and retained for ambiguity/context review; no final eligibility decision from the title.
ant,<20230219071507.ECCB86A0094@bz-he-de.apache.org>,1r2d5zrsjo65vkh9d4bjlx3rn534z84c,https://lists.apache.org/api/source.lua?id=1r2d5zrsjo65vkh9d4bjlx3rn534z84c,2023-02-19T07:15:01+00:00,2023-02,Bug report for Ant [2023/02/19],topic-3b780fbf14309f0d,2026-10-04,subject only,excluded_automated_notification,Subject inspected: automated bug-summary or ordinary GitHub patch notification; excluded from the decision frame. Related evidence may still be followed from an eligible episode.
ant,<PR_kwDOATT2FM5Gonu7-469f584a-ab9b-45ea-8e25-3287a0a23d04@gitbox.apache.org>,y82vp6h40cvov431b1fsdsjoqzw4f9nm,https://lists.apache.org/api/source.lua?id=y82vp6h40cvov431b1fsdsjoqzw4f9nm,2023-02-20T12:37:39+00:00,2023-02,[GitHub] [ant] tkowalcz commented on pull request #197: Handling forked VM timeout in a similar way to junit ant task,topic-2234412f433d0815,2026-10-04,subject only,excluded_automated_notification,Subject inspected: automated bug-summary or ordinary GitHub patch notification; excluded from the decision frame. Related evidence may still be followed from an eligible episode.
ant,<PA4PR01MB904451EFE783242A0D993A158AAB9@PA4PR01MB9044.eurprd01.prod.exchangelabs.com>,lz91ky1wpm57c300cc1ktz744x8tp08d,https://lists.apache.org/api/source.lua?id=lz91ky1wpm57c300cc1ktz744x8tp08d,2023-02-23T07:59:29+00:00,2023-02,Improvement ideas for Ant 1.10.13,topic-5c69b632afa1e2ac,2026-10-04,subject and complete plain-text bodies; follow-up pending,excluded_ordinary_patch,Tar-library fixes / Ivy cache troubleshooting. Complete bodies read; no foundation-project decision request identified. Preserve release/dependency references as context if needed later.
ant,<PR_kwDOATT2FM5Kudg1@gitbox.apache.org>,jb007gt3lr8521bzvhvky08x0jwl2zqq,https://lists.apache.org/api/source.lua?id=jb007gt3lr8521bzvhvky08x0jwl2zqq,2023-02-24T18:27:08+00:00,2023-02,"[GitHub] [ant] dreis2211 opened a new pull request, #199: Use verbose log level for loading stylesheets",topic-0afdf0de8972527d,2026-10-04,subject only,excluded_automated_notification,Subject inspected: automated bug-summary or ordinary GitHub patch notification; excluded from the decision frame. Related evidence may still be followed from an eligible episode.
ant,<20230226071505.608446A0094@bz-he-de.apache.org>,qjj00gkcmgncqpzzdzc2yx2g43n6fosl,https://lists.apache.org/api/source.lua?id=qjj00gkcmgncqpzzdzc2yx2g43n6fosl,2023-02-26T07:15:01+00:00,2023-02,Bug report for Ant [2023/02/26],topic-d6870e9535d47b61,2026-10-04,subject only,excluded_automated_notification,Subject inspected: automated bug-summary or ordinary GitHub patch notification; excluded from the decision frame. Related evidence may still be followed from an eligible episode.
ant,<87pm9wk6cp.fsf@v45346.1blu.de>,r827lpfr7p1nmmf53fz7lwso1kwzdm3q,https://lists.apache.org/api/source.lua?id=r827lpfr7p1nmmf53fz7lwso1kwzdm3q,2023-02-26T11:34:46+00:00,2023-02,Re: Improvement ideas for Ant 1.10.13,topic-5c69b632afa1e2ac,2026-10-04,subject and complete plain-text bodies; follow-up pending,excluded_ordinary_patch,Tar-library fixes / Ivy cache troubleshooting. Complete bodies read; no foundation-project decision request identified. Preserve release/dependency references as context if needed later.
ant,<PA4PR01MB9044DFE3284513273DD0947A8AAF9@PA4PR01MB9044.eurprd01.prod.exchangelabs.com>,w2vbbbvpk9gox8gw6fh9444198csr079,https://lists.apache.org/api/source.lua?id=w2vbbbvpk9gox8gw6fh9444198csr079,2023-02-27T06:48:51+00:00,2023-02,RE: Improvement ideas for Ant 1.10.13,topic-5c69b632afa1e2ac,2026-10-04,subject and complete plain-text bodies; follow-up pending,excluded_ordinary_patch,Tar-library fixes / Ivy cache troubleshooting. Complete bodies read; no foundation-project decision request identified. Preserve release/dependency references as context if needed later.
ant,<PR_kwDOATT2FM5Kudg1-0b02fd38-2747-4cf5-aae3-b26531aac039@gitbox.apache.org>,mto5jcr954cszk2cx4d6j477x71q4qcg,https://lists.apache.org/api/source.lua?id=mto5jcr954cszk2cx4d6j477x71q4qcg,2023-02-27T12:12:14+00:00,2023-02,[GitHub] [ant] jaikiran commented on a diff in pull request #199: Use verbose log level for loading stylesheets,topic-e66aae865a9c3823,2026-10-04,subject only,excluded_automated_notification,Subject inspected: automated bug-summary or ordinary GitHub patch notification; excluded from the decision frame. Related evidence may still be followed from an eligible episode.
ant,<PR_kwDOATT2FM5Kudg1-fb0b3ce8-8707-49fe-8966-136f9806986b@gitbox.apache.org>,rwm6t8qrhfovhn5mmtt0gyq4cx9n1xvc,https://lists.apache.org/api/source.lua?id=rwm6t8qrhfovhn5mmtt0gyq4cx9n1xvc,2023-02-27T12:18:34+00:00,2023-02,[GitHub] [ant] dreis2211 commented on a diff in pull request #199: Use verbose log level for loading stylesheets,topic-899612f82dfc75b2,2026-10-04,subject only,excluded_automated_notification,Subject inspected: automated bug-summary or ordinary GitHub patch notification; excluded from the decision frame. Related evidence may still be followed from an eligible episode.
ant,<PR_kwDOATT2FM5Kudg1-2cfa6964-3180-40fe-bc1c-61e8ed4e9486@gitbox.apache.org>,qm0bv37dfqdg7gbrfdg0yx0bm7m43wwj,https://lists.apache.org/api/source.lua?id=qm0bv37dfqdg7gbrfdg0yx0bm7m43wwj,2023-02-27T12:23:50+00:00,2023-02,[GitHub] [ant] jaikiran commented on pull request #199: Use verbose log level for loading stylesheets,topic-f289d0596d38f68e,2026-10-04,subject only,excluded_automated_notification,Subject inspected: automated bug-summary or ordinary GitHub patch notification; excluded from the decision frame. Related evidence may still be followed from an eligible episode.
ant,<PR_kwDOATT2FM5Kudg1-1cd1fffc-7c98-4ec9-b6fa-288314d91cd1@gitbox.apache.org>,ns8qzzfxfk3ozjs4j5tlzdnhxc7ywcp2,https://lists.apache.org/api/source.lua?id=ns8qzzfxfk3ozjs4j5tlzdnhxc7ywcp2,2023-02-27T12:32:19+00:00,2023-02,[GitHub] [ant] asfgit closed pull request #199: Use verbose log level for loading stylesheets,topic-d864d378dad4eb19,2026-10-04,subject only,excluded_automated_notification,Subject inspected: automated bug-summary or ordinary GitHub patch notification; excluded from the decision frame. Related evidence may still be followed from an eligible episode.
ant,<PR_kwDOATT2FM5Kudg1-1b3a0a14-fbd6-46bd-85d4-1f06243d1a9f@gitbox.apache.org>,l6933by9qfzrv8o1yxqswj7pwn4xgkqh,https://lists.apache.org/api/source.lua?id=l6933by9qfzrv8o1yxqswj7pwn4xgkqh,2023-02-27T12:32:22+00:00,2023-02,[GitHub] [ant] bodewig commented on pull request #199: Use verbose log level for loading stylesheets,topic-3d0271a7d783f71c,2026-10-04,subject only,excluded_automated_notification,Subject inspected: automated bug-summary or ordinary GitHub patch notification; excluded from the decision frame. Related evidence may still be followed from an eligible episode.
ant,<PR_kwDOATT2FM5Kudg1-de77d0e6-7453-4155-809f-8368b431f59f@gitbox.apache.org>,l1t82nq000g9j3hj1d6n4vqwx02h1qwp,https://lists.apache.org/api/source.lua?id=l1t82nq000g9j3hj1d6n4vqwx02h1qwp,2023-02-27T12:38:10+00:00,2023-02,[GitHub] [ant] jaikiran commented on pull request #199: Use verbose log level for loading stylesheets,topic-f289d0596d38f68e,2026-10-04,subject only,excluded_automated_notification,Subject inspected: automated bug-summary or ordinary GitHub patch notification; excluded from the decision frame. Related evidence may still be followed from an eligible episode.
ant,<PR_kwDOATT2FM5Kudg1-e5cfe13e-cf91-4278-bb77-819ba6ddfdd6@gitbox.apache.org>,zsmrwko5ddg2fx7rp5ozfgfn615p20fc,https://lists.apache.org/api/source.lua?id=zsmrwko5ddg2fx7rp5ozfgfn615p20fc,2023-02-27T12:49:29+00:00,2023-02,[GitHub] [ant] bodewig commented on pull request #199: Use verbose log level for loading stylesheets,topic-3d0271a7d783f71c,2026-10-04,subject only,excluded_automated_notification,Subject inspected: automated bug-summary or ordinary GitHub patch notification; excluded from the decision frame. Related evidence may still be followed from an eligible episode.
ant,<PR_kwDOATT2FM5Kudg1-398ee101-47c7-4163-ad53-23d80d50dcf4@gitbox.apache.org>,wh4sg7fo13rxgmrc3vxlw5866v8v3rwt,https://lists.apache.org/api/source.lua?id=wh4sg7fo13rxgmrc3vxlw5866v8v3rwt,2023-02-27T12:55:35+00:00,2023-02,[GitHub] [ant] bodewig commented on pull request #199: Use verbose log level for loading stylesheets,topic-3d0271a7d783f71c,2026-10-04,subject only,excluded_automated_notification,Subject inspected: automated bug-summary or ordinary GitHub patch notification; excluded from the decision frame. Related evidence may still be followed from an eligible episode.
ant,<5ebb1474-e7c9-0dc8-4c73-aa953fe3df54@apache.org>,9jcwmobjbhnvrq7x3cjfs2zfpql6qjx0,https://lists.apache.org/api/source.lua?id=9jcwmobjbhnvrq7x3cjfs2zfpql6qjx0,2023-02-28T07:23:09+00:00,2023-02,Re: JDK 20 Release Candidate and Deprecation,topic-8c0b6241f90c081c,2026-10-04,subject only,body_pending,Subject inspected and retained for ambiguity/context review; no final eligibility decision from the title.
ant,<87pm9rv54q.fsf@v45346.1blu.de>,9jvmvjqw7ljh2j5bhr64x4bc9jywvnzv,https://lists.apache.org/api/source.lua?id=9jvmvjqw7ljh2j5bhr64x4bc9jywvnzv,2023-03-02T10:07:01+00:00,2023-03,Re: Improvement ideas for Ant 1.10.13,topic-5c69b632afa1e2ac,2026-10-04,subject and complete plain-text bodies; follow-up pending,excluded_ordinary_patch,Tar-library fixes / Ivy cache troubleshooting. Complete bodies read; no foundation-project decision request identified. Preserve release/dependency references as context if needed later.
ant,<PA4PR01MB9044FB80B56EAECE729D57D18AB29@PA4PR01MB9044.eurprd01.prod.exchangelabs.com>,rwfs8kg5mzsf1b51mrwoc4ypow8x1p84,https://lists.apache.org/api/source.lua?id=rwfs8kg5mzsf1b51mrwoc4ypow8x1p84,2023-03-02T10:26:21+00:00,2023-03,RE: Improvement ideas for Ant 1.10.13,topic-5c69b632afa1e2ac,2026-10-04,subject and complete plain-text bodies; follow-up pending,excluded_ordinary_patch,Tar-library fixes / Ivy cache troubleshooting. Complete bodies read; no foundation-project decision request identified. Preserve release/dependency references as context if needed later.
ant,<874jr3o2vc.fsf@v45346.1blu.de>,6qqc1b94lqdhhbtfpw5fj40p8bx9oh8f,https://lists.apache.org/api/source.lua?id=6qqc1b94lqdhhbtfpw5fj40p8bx9oh8f,2023-03-02T10:37:43+00:00,2023-03,Re: Improvement ideas for Ant 1.10.13,topic-5c69b632afa1e2ac,2026-10-04,subject and complete plain-text bodies; follow-up pending,excluded_ordinary_patch,Tar-library fixes / Ivy cache troubleshooting. Complete bodies read; no foundation-project decision request identified. Preserve release/dependency references as context if needed later.
ant,<87v8jjmlkp.fsf@v45346.1blu.de>,lqwjbzo9mhxgvcd1gs736m5o379cfov4,https://lists.apache.org/api/source.lua?id=lqwjbzo9mhxgvcd1gs736m5o379cfov4,2023-03-02T11:36:38+00:00,2023-03,Re: Improvement ideas for Ant 1.10.13,topic-5c69b632afa1e2ac,2026-10-04,subject and complete plain-text bodies; follow-up pending,excluded_ordinary_patch,Tar-library fixes / Ivy cache troubleshooting. Complete bodies read; no foundation-project decision request identified. Preserve release/dependency references as context if needed later.
ant,<20230305071506.4FFDE6A0094@bz-he-de.apache.org>,fo6wp7vb3hrtt8rv1x0cljcm7zb4twd7,https://lists.apache.org/api/source.lua?id=fo6wp7vb3hrtt8rv1x0cljcm7zb4twd7,2023-03-05T07:15:01+00:00,2023-03,Bug report for Ant [2023/03/05],topic-71c475db3e1665f5,2026-10-04,subject only,excluded_automated_notification,Subject inspected: automated bug-summary or ordinary GitHub patch notification; excluded from the decision frame. Related evidence may still be followed from an eligible episode.
ant,<20230312071506.8F1906A0094@bz-he-de.apache.org>,h1ozn99thykx1xzx1xflo8wgwxgfb4qb,https://lists.apache.org/api/source.lua?id=h1ozn99thykx1xzx1xflo8wgwxgfb4qb,2023-03-12T07:15:01+00:00,2023-03,Bug report for Ant [2023/03/12],topic-a0e5eb89e48e7072,2026-10-04,subject only,excluded_automated_notification,Subject inspected: automated bug-summary or ordinary GitHub patch notification; excluded from the decision frame. Related evidence may still be followed from an eligible episode.
ant,<20230319071507.08C8A6A0094@bz-he-de.apache.org>,hqrqzv7z37ymg981wc651l22rnzt9sbl,https://lists.apache.org/api/source.lua?id=hqrqzv7z37ymg981wc651l22rnzt9sbl,2023-03-19T07:15:02+00:00,2023-03,Bug report for Ant [2023/03/19],topic-42a9f3db41f0a196,2026-10-04,subject only,excluded_automated_notification,Subject inspected: automated bug-summary or ordinary GitHub patch notification; excluded from the decision frame. Related evidence may still be followed from an eligible episode.
ant,<20230326071507.292306A0096@bz-he-de.apache.org>,vcj9gxgyzzm6kqm8rnlnkm9nflljonwx,https://lists.apache.org/api/source.lua?id=vcj9gxgyzzm6kqm8rnlnkm9nflljonwx,2023-03-26T07:15:01+00:00,2023-03,Bug report for Ant [2023/03/26],topic-6b88c249d367a6a2,2026-10-04,subject only,excluded_automated_notification,Subject inspected: automated bug-summary or ordinary GitHub patch notification; excluded from the decision frame. Related evidence may still be followed from an eligible episode.
ant,<f6c21d8c-8ac0-37ea-99fb-30aa3bef46fc@oracle.com>,o2mtlflnhdv3rywdw4dw9095o8d79563,https://lists.apache.org/api/source.lua?id=o2mtlflnhdv3rywdw4dw9095o8d79563,2023-03-28T12:37:56+00:00,2023-03,"JDK 20 is now GA, JDK 21 Early-Access builds, and 2 important heads-up!",topic-52cba5db7095113b,2026-10-04,subject only,body_pending,Subject inspected and retained for ambiguity/context review; no final eligibility decision from the title.
ant,<6335f4359cbfdb7bdd42ed1c434a9077e59af2ed.camel@apache.org>,ox5vlhn6pw5z0dg2p0ry1ol3r5ff8dsh,https://lists.apache.org/api/source.lua?id=ox5vlhn6pw5z0dg2p0ry1ol3r5ff8dsh,2023-03-29T12:42:18+00:00,2023-03,A Message from the Board to PMC members,topic-825b6ba7e70eff07,2026-09-22,subject; body review retained at accepted September checkpoint,governance_candidate,Board reminder restates collective PMC duties; preserve as one shared directive across projects. Role and effective-rule corroboration and receiver responses remain pending.
ant,<20230402071506.A5F6D6A0096@bz-he-de.apache.org>,c6kr88492bnjldbyrhllyl75qlqc14vf,https://lists.apache.org/api/source.lua?id=c6kr88492bnjldbyrhllyl75qlqc14vf,2023-04-02T07:15:01+00:00,2023-04,Bug report for Ant [2023/04/02],topic-6f1ae3c979235445,2026-10-04,subject only,excluded_automated_notification,Subject inspected: automated bug-summary or ordinary GitHub patch notification; excluded from the decision frame. Related evidence may still be followed from an eligible episode.
ant,<PR_kwDOATT2FM5JJSat-4b7827bc-9466-4777-b412-3b8d6a8730be@gitbox.apache.org>,nrypxpg5lwjw021xf5sxtczvg1zno9d3,https://lists.apache.org/api/source.lua?id=nrypxpg5lwjw021xf5sxtczvg1zno9d3,2023-04-06T06:48:49+00:00,2023-04,[GitHub] [ant] tbw777 closed pull request #198: Using static modifier to normalize methods contract and performance,topic-f2795a7ee5086c6f,2026-10-04,subject only,excluded_automated_notification,Subject inspected: automated bug-summary or ordinary GitHub patch notification; excluded from the decision frame. Related evidence may still be followed from an eligible episode.
ant,<20230409071505.8EC676A0096@bz-he-de.apache.org>,8cf83oght44n9vxtz24pnr2nsf4hspbw,https://lists.apache.org/api/source.lua?id=8cf83oght44n9vxtz24pnr2nsf4hspbw,2023-04-09T07:15:01+00:00,2023-04,Bug report for Ant [2023/04/09],topic-f22c06ce1607cfb7,2026-10-04,subject only,excluded_automated_notification,Subject inspected: automated bug-summary or ordinary GitHub patch notification; excluded from the decision frame. Related evidence may still be followed from an eligible episode.
ant,<PR_kwDOATT2FM5OBRIM@gitbox.apache.org>,1kh5n6v8ysflk11nocqylj8vg5ymzzk0,https://lists.apache.org/api/source.lua?id=1kh5n6v8ysflk11nocqylj8vg5ymzzk0,2023-04-11T12:49:42+00:00,2023-04,"[GitHub] [ant] jglick opened a new pull request, #200: Do not treat failure of `System.setSecurityManager` as fatal",topic-0e1ec9087ec83917,2026-10-04,subject only,excluded_automated_notification,Subject inspected: automated bug-summary or ordinary GitHub patch notification; excluded from the decision frame. Related evidence may still be followed from an eligible episode.
ant,<PR_kwDOATT2FM5OBRIM-826e356d-1c77-4d43-8d5a-eaae65f5ece6@gitbox.apache.org>,btv78lzt5wc9tbckkto36qqwlw5103c2,https://lists.apache.org/api/source.lua?id=btv78lzt5wc9tbckkto36qqwlw5103c2,2023-04-11T13:10:35+00:00,2023-04,[GitHub] [ant] jaikiran commented on pull request #200: Do not treat failure of `System.setSecurityManager` as fatal,topic-6a5b66c6ff6a1a89,2026-10-04,subject only,excluded_automated_notification,Subject inspected: automated bug-summary or ordinary GitHub patch notification; excluded from the decision frame. Related evidence may still be followed from an eligible episode.
ant,<PR_kwDOATT2FM5OBRIM-75e418e6-b9f1-4625-9668-5ff98c99fefc@gitbox.apache.org>,9bymq58cjh8r6nd22f20gbv1zjhp9zdk,https://lists.apache.org/api/source.lua?id=9bymq58cjh8r6nd22f20gbv1zjhp9zdk,2023-04-11T13:50:19+00:00,2023-04,[GitHub] [ant] jglick commented on pull request #200: Do not treat failure of `System.setSecurityManager` as fatal,topic-6db89d822bf0fffa,2026-10-04,subject only,excluded_automated_notification,Subject inspected: automated bug-summary or ordinary GitHub patch notification; excluded from the decision frame. Related evidence may still be followed from an eligible episode.
ant,<PR_kwDOATT2FM5OBRIM-f4098970-df5c-46a3-9513-2db33f0e3835@gitbox.apache.org>,9xrtchqzbn3qpsqfzlws4yk470rw1p84,https://lists.apache.org/api/source.lua?id=9xrtchqzbn3qpsqfzlws4yk470rw1p84,2023-04-11T14:21:45+00:00,2023-04,[GitHub] [ant] jaikiran commented on pull request #200: Do not treat failure of `System.setSecurityManager` as fatal,topic-6a5b66c6ff6a1a89,2026-10-04,subject only,excluded_automated_notification,Subject inspected: automated bug-summary or ordinary GitHub patch notification; excluded from the decision frame. Related evidence may still be followed from an eligible episode.
ant,<87leiuzq9t.fsf@v45346.1blu.de>,oxpfzqvy3zywdsj52hozmfs4srdlbw1v,https://lists.apache.org/api/source.lua?id=oxpfzqvy3zywdsj52hozmfs4srdlbw1v,2023-04-14T10:55:58+00:00,2023-04,Need Help Understanding Ivy's dependency/artifacts,topic-2b441ba8ce689bbd,2026-10-04,subject and complete plain-text bodies; follow-up pending,excluded_ordinary_patch,Ivy classifier/POM translation bug and code review; no directed foundation-project commitment change in the inspected exchange.
ant,<20230416071505.CB63B6A0094@bz-he-de.apache.org>,qp68xo6t97hdo792zds7m3lcwh7gs97p,https://lists.apache.org/api/source.lua?id=qp68xo6t97hdo792zds7m3lcwh7gs97p,2023-04-16T07:15:01+00:00,2023-04,Bug report for Ant [2023/04/16],topic-f219a4154b4fbfe5,2026-10-04,subject only,excluded_automated_notification,Subject inspected: automated bug-summary or ordinary GitHub patch notification; excluded from the decision frame. Related evidence may still be followed from an eligible episode.
ant,<PR_kwDOATT2FM5OBRIM-d4d30180-abf4-4d1a-8e61-fe758f904b4f@gitbox.apache.org>,c4o9rvphoq7lkobwo2vo78c5yodywgbg,https://lists.apache.org/api/source.lua?id=c4o9rvphoq7lkobwo2vo78c5yodywgbg,2023-04-17T11:15:25+00:00,2023-04,[GitHub] [ant] mabartos commented on pull request #200: Do not treat failure of `System.setSecurityManager` as fatal,topic-061315cebbc35df0,2026-10-04,subject only,excluded_automated_notification,Subject inspected: automated bug-summary or ordinary GitHub patch notification; excluded from the decision frame. Related evidence may still be followed from an eligible episode.
ant,<1785335398.2519472.1681765296251@mail.yahoo.com>,yz6ozlv1z92b9j9gm8y22ckm6o033z7p,https://lists.apache.org/api/source.lua?id=yz6ozlv1z92b9j9gm8y22ckm6o033z7p,2023-04-17T21:01:36+00:00,2023-04,Re: Need Help Understanding Ivy's dependency/artifacts,topic-2b441ba8ce689bbd,2026-10-04,subject and complete plain-text bodies; follow-up pending,excluded_ordinary_patch,Ivy classifier/POM translation bug and code review; no directed foundation-project commitment change in the inspected exchange.
ant,<PR_kwDOATT2FM5Gonu7-ba49baa6-1a81-4a9a-a990-b1114c374827@gitbox.apache.org>,6rx8zmq4owh16xg7yqxyw18nxp267yw5,https://lists.apache.org/api/source.lua?id=6rx8zmq4owh16xg7yqxyw18nxp267yw5,2023-04-18T07:14:18+00:00,2023-04,[GitHub] [ant] jaikiran commented on pull request #197: Handling forked VM timeout in a similar way to junit ant task,topic-3bfc11baa9470f7e,2026-10-04,subject only,excluded_automated_notification,Subject inspected: automated bug-summary or ordinary GitHub patch notification; excluded from the decision frame. Related evidence may still be followed from an eligible episode.
ant,<PR_kwDOATT2FM5Gonu7-d86376bb-26de-4ac9-97b2-55077cfa0713@gitbox.apache.org>,gjgdocyop79b5zdz6d79lpol3179t74y,https://lists.apache.org/api/source.lua?id=gjgdocyop79b5zdz6d79lpol3179t74y,2023-04-18T07:21:31+00:00,2023-04,[GitHub] [ant] asfgit closed pull request #197: Handling forked VM timeout in a similar way to junit ant task,topic-b4ee1679cbcaacf9,2026-10-04,subject only,excluded_automated_notification,Subject inspected: automated bug-summary or ordinary GitHub patch notification; excluded from the decision frame. Related evidence may still be followed from an eligible episode.
ant,<20230423071505.E6C356A0094@bz-he-de.apache.org>,ysb69o7wldxwt83gt34obswgc14njw7q,https://lists.apache.org/api/source.lua?id=ysb69o7wldxwt83gt34obswgc14njw7q,2023-04-23T07:15:01+00:00,2023-04,Bug report for Ant [2023/04/23],topic-44843f7a64b54cb9,2026-10-04,subject only,excluded_automated_notification,Subject inspected: automated bug-summary or ordinary GitHub patch notification; excluded from the decision frame. Related evidence may still be followed from an eligible episode.
ant,<87o7nbg4jy.fsf@v45346.1blu.de>,d4tocd41pp5x1fnxkp1w9gm0qfv012wv,https://lists.apache.org/api/source.lua?id=d4tocd41pp5x1fnxkp1w9gm0qfv012wv,2023-04-25T19:11:45+00:00,2023-04,Re: Need Help Understanding Ivy's dependency/artifacts,topic-2b441ba8ce689bbd,2026-10-04,subject and complete plain-text bodies; follow-up pending,excluded_ordinary_patch,Ivy classifier/POM translation bug and code review; no directed foundation-project commitment change in the inspected exchange.
ant,<20230430071505.9E3926A0094@bz-he-de.apache.org>,zl7xv6c1omxoom4htlrhx40dbn7s10d2,https://lists.apache.org/api/source.lua?id=zl7xv6c1omxoom4htlrhx40dbn7s10d2,2023-04-30T07:15:01+00:00,2023-04,Bug report for Ant [2023/04/30],topic-0bad41831cef7bcd,2026-10-04,subject only,excluded_automated_notification,Subject inspected: automated bug-summary or ordinary GitHub patch notification; excluded from the decision frame. Related evidence may still be followed from an eligible episode.
ant,<20230507071507.93AF66A0094@bz-he-de.apache.org>,6dmkkknkh1oq8n8xtb0rrslc1pvfl2k1,https://lists.apache.org/api/source.lua?id=6dmkkknkh1oq8n8xtb0rrslc1pvfl2k1,2023-05-07T07:15:01+00:00,2023-05,Bug report for Ant [2023/05/07],topic-5b4490f1b77587d4,2026-10-04,subject only,excluded_automated_notification,Subject inspected: automated bug-summary or ordinary GitHub patch notification; excluded from the decision frame. Related evidence may still be followed from an eligible episode.
ant,<850bdfc8c270398ce3b21e094d6e7b19497aa7ff.camel@apache.org>,5p4gxfh8xgrmzrpstw2k0c9kqw9pkx6j,https://lists.apache.org/api/source.lua?id=5p4gxfh8xgrmzrpstw2k0c9kqw9pkx6j,2023-05-09T21:24:09+00:00,2023-05,"Call for Presentations, Community Over Code 2023",topic-bd1f521abffce541,2026-10-04,subject only,excluded_event_announcement,"Subject inspected: conference, travel-application, presentation, or anniversary campaign announcement; no named PMC decision in the title."
ant,<20230514071506.54F196A0094@bz-he-de.apache.org>,qsj74tpfh1sq8ftx7y5x1z9zslcgr1rv,https://lists.apache.org/api/source.lua?id=qsj74tpfh1sq8ftx7y5x1z9zslcgr1rv,2023-05-14T07:15:01+00:00,2023-05,Bug report for Ant [2023/05/14],topic-cdfa287c6f1a2f61,2026-10-04,subject only,excluded_automated_notification,Subject inspected: automated bug-summary or ordinary GitHub patch notification; excluded from the decision frame. Related evidence may still be followed from an eligible episode.
ant,<87y1lrqivo.fsf@v45346.1blu.de>,o5gvwztcg0rbfnz5jv7zfjvo0bvl0y2k,https://lists.apache.org/api/source.lua?id=o5gvwztcg0rbfnz5jv7zfjvo0bvl0y2k,2023-05-14T10:58:51+00:00,2023-05,Issues running tests on Gump after switching to Java 21,topic-8adc6f62b7339bd3,2026-09-22,subject; body review retained at accepted September checkpoint,service_candidate,Gump Java 21 build breakage and suggested SecurityManager workaround; foundation actor and directed request are unestablished. Retain for dependency/shock check.
ant,<704e8dd9-7a52-8670-ad97-ee910b11f344@gmail.com>,g73ob1zftsjw50hn8txcw9jfvqb0qdrc,https://lists.apache.org/api/source.lua?id=g73ob1zftsjw50hn8txcw9jfvqb0qdrc,2023-05-15T01:43:43+00:00,2023-05,Re: Issues running tests on Gump after switching to Java 21,topic-8adc6f62b7339bd3,2026-09-22,subject; body review retained at accepted September checkpoint,service_candidate,Gump Java 21 build breakage and suggested SecurityManager workaround; foundation actor and directed request are unestablished. Retain for dependency/shock check.
ant,<a9ace722-369c-4d4a-833c-200eb6125448@apache.org>,onot7752tvkodhh1xomgtk2z18nfbk57,https://lists.apache.org/api/source.lua?id=onot7752tvkodhh1xomgtk2z18nfbk57,2023-05-15T12:08:25+00:00,2023-05,Re: Release Ant 1.10.13?,topic-eae65ede393fb282,2026-10-04,subject and complete plain-text bodies; follow-up pending,release_context_followup_pending,May 2023 replies concern SecurityManager workaround regressions and quote December 2022 planning. This is not a new formal release opening; preserve the earlier reference and external dependency context.
ant,<SA1PR10MB76995FD5DC335B05B3124A44FC789@SA1PR10MB7699.namprd10.prod.outlook.com>,vs0b146bm5xyvrsprrn7s3dq17pgdhql,https://lists.apache.org/api/source.lua?id=vs0b146bm5xyvrsprrn7s3dq17pgdhql,2023-05-15T14:38:34+00:00,2023-05,JDK 21 EA builds 22 & Sequenced Collections Heads-up,topic-bdbc786bacc0a228,2026-10-04,subject only,body_pending,Subject inspected and retained for ambiguity/context review; no final eligibility decision from the title.
ant,<CAMbkE7SDzxWRM=a1ss5u5emafJ2X0HMObwXARgjpQUW7vToPUg@mail.gmail.com>,5pf1frq2omd8vbwt9x2hpv1hbmbl4jkr,https://lists.apache.org/api/source.lua?id=5pf1frq2omd8vbwt9x2hpv1hbmbl4jkr,2023-05-16T22:31:39+00:00,2023-05,Re: Release Ant 1.10.13?,topic-eae65ede393fb282,2026-10-04,subject and complete plain-text bodies; follow-up pending,release_context_followup_pending,May 2023 replies concern SecurityManager workaround regressions and quote December 2022 planning. This is not a new formal release opening; preserve the earlier reference and external dependency context.
ant,<1df614a7-0016-006b-fb9f-61bfca786c82@apache.org>,48o00swjtlzzrpffo1qy9xmkp59qm5sr,https://lists.apache.org/api/source.lua?id=48o00swjtlzzrpffo1qy9xmkp59qm5sr,2023-05-17T01:11:23+00:00,2023-05,Re: JDK 21 EA builds 22 & Sequenced Collections Heads-up,topic-bdbc786bacc0a228,2026-10-04,subject only,body_pending,Subject inspected and retained for ambiguity/context review; no final eligibility decision from the title.
ant,<20230521071506.787686A0094@bz-he-de.apache.org>,0nsvrol1szrnwpvdqmo1jz0k6s1n22bb,https://lists.apache.org/api/source.lua?id=0nsvrol1szrnwpvdqmo1jz0k6s1n22bb,2023-05-21T07:15:01+00:00,2023-05,Bug report for Ant [2023/05/21],topic-673be4061e118df0,2026-10-04,subject only,excluded_automated_notification,Subject inspected: automated bug-summary or ordinary GitHub patch notification; excluded from the decision frame. Related evidence may still be followed from an eligible episode.
ant,<MDExOlB1bGxSZXF1ZXN0MTYxMjkxNzA3-3f8aae33-50c4-43f0-a767-6adcd142c122@gitbox.apache.org>,dz733gwl27rnc6yh8r1o81737onzw6l6,https://lists.apache.org/api/source.lua?id=dz733gwl27rnc6yh8r1o81737onzw6l6,2023-05-23T08:03:18+00:00,2023-05,[GitHub] [ant-ivy] apupier commented on pull request #62: IVY-1572 - Check for Thread interruption while resolving resources,topic-431e196d90d03e5b,2026-10-04,subject only,excluded_automated_notification,Subject inspected: automated bug-summary or ordinary GitHub patch notification; excluded from the decision frame. Related evidence may still be followed from an eligible episode.
ant,<MDExOlB1bGxSZXF1ZXN0MTYxMjkxNzA3-7504a2ba-3c63-4e2e-bf36-9c8b3e482564@gitbox.apache.org>,nk4y18pwc24l4kp4v2ccc70dbsrzbsbz,https://lists.apache.org/api/source.lua?id=nk4y18pwc24l4kp4v2ccc70dbsrzbsbz,2023-05-23T08:03:19+00:00,2023-05,[GitHub] [ant-ivy] apupier closed pull request #62: IVY-1572 - Check for Thread interruption while resolving resources,topic-dc56e7442756e62e,2026-10-04,subject only,excluded_automated_notification,Subject inspected: automated bug-summary or ordinary GitHub patch notification; excluded from the decision frame. Related evidence may still be followed from an eligible episode.
ant,<20230528071507.151D36A0096@bz-he-de.apache.org>,ky5wzj5v6h4lthz851mcg8zfhnshwq0t,https://lists.apache.org/api/source.lua?id=ky5wzj5v6h4lthz851mcg8zfhnshwq0t,2023-05-28T07:15:02+00:00,2023-05,Bug report for Ant [2023/05/28],topic-43eb28acdc90bfe9,2026-10-04,subject only,excluded_automated_notification,Subject inspected: automated bug-summary or ordinary GitHub patch notification; excluded from the decision frame. Related evidence may still be followed from an eligible episode.
ant,<20230604071506.D29806A0096@bz-he-de.apache.org>,mofcfgfqrszml1whvok79wljbcqzlc2c,https://lists.apache.org/api/source.lua?id=mofcfgfqrszml1whvok79wljbcqzlc2c,2023-06-04T07:15:01+00:00,2023-06,Bug report for Ant [2023/06/04],topic-5be55ddeeb4a271b,2026-10-04,subject only,excluded_automated_notification,Subject inspected: automated bug-summary or ordinary GitHub patch notification; excluded from the decision frame. Related evidence may still be followed from an eligible episode.
ant,<ea08a064e02af8b48b973a6b95bd1d5875b1550e.camel@apache.org>,029nfjj7k7yc3blqgjf525v3k9j73v0y,https://lists.apache.org/api/source.lua?id=029nfjj7k7yc3blqgjf525v3k9j73v0y,2023-06-05T16:08:42+00:00,2023-06,"Call for Presentations, Community Over Code Asia 2023",topic-3aa83ec555fabfcc,2026-10-04,subject only,excluded_event_announcement,"Subject inspected: conference, travel-application, presentation, or anniversary campaign announcement; no named PMC decision in the title."
ant,<20230611071507.2CE9B6A0094@bz-he-de.apache.org>,r00zm83ny6srrxmvbwyn8ydrr09cq405,https://lists.apache.org/api/source.lua?id=r00zm83ny6srrxmvbwyn8ydrr09cq405,2023-06-11T07:15:01+00:00,2023-06,Bug report for Ant [2023/06/11],topic-eec0e4821cd1fdcb,2026-10-04,subject only,excluded_automated_notification,Subject inspected: automated bug-summary or ordinary GitHub patch notification; excluded from the decision frame. Related evidence may still be followed from an eligible episode.
ant,<SA1PR10MB7699DE6AD61ECFF3278986F4FC5AA@SA1PR10MB7699.namprd10.prod.outlook.com>,v6190zks6dtlynkcchjyrxg6v7h8108p,https://lists.apache.org/api/source.lua?id=v6190zks6dtlynkcchjyrxg6v7h8108p,2023-06-14T08:30:46+00:00,2023-06,JDK 21 is in Rampdown / The importance of testing with Early-Access Builds,topic-fef233ee9c578ec5,2026-10-04,subject only,body_pending,Subject inspected and retained for ambiguity/context review; no final eligibility decision from the title.
ant,<CAN0Gg1ekDW1cBK38Va5ZNJOmdwNnsyCb=r0qppMjPxF-B0hBgA@mail.gmail.com>,6y7y5br84rgq4s2q996gqwwp5cr6m392,https://lists.apache.org/api/source.lua?id=6y7y5br84rgq4s2q996gqwwp5cr6m392,2023-06-16T08:55:02+00:00,2023-06,TAC Applications for Community Over Code North America and Asia now open,topic-6b43596db080be13,2026-10-04,subject only,excluded_event_announcement,"Subject inspected: conference, travel-application, presentation, or anniversary campaign announcement; no named PMC decision in the title."
ant,<20230618071506.7DD0A6A0094@bz-he-de.apache.org>,lk85hs3kvo3bg40d80vkw549gwzg3kt9,https://lists.apache.org/api/source.lua?id=lk85hs3kvo3bg40d80vkw549gwzg3kt9,2023-06-18T07:15:01+00:00,2023-06,Bug report for Ant [2023/06/18],topic-62eb9a5cbf1e594b,2026-10-04,subject only,excluded_automated_notification,Subject inspected: automated bug-summary or ordinary GitHub patch notification; excluded from the decision frame. Related evidence may still be followed from an eligible episode.
ant,<PR_kwDOATT2FM4smHQt-0bc60f7d-5883-4ddc-8516-80d43b6a0ab5@gitbox.apache.org>,9x3r6j4x2zr8h7954b314mlm9wfr4qsm,https://lists.apache.org/api/source.lua?id=9x3r6j4x2zr8h7954b314mlm9wfr4qsm,2023-06-22T07:18:10+00:00,2023-06,[GitHub] [ant] arturobernalg closed pull request #163: Make final var  when is possible.,topic-8e2747c33ec2656b,2026-10-04,subject only,excluded_automated_notification,Subject inspected: automated bug-summary or ordinary GitHub patch notification; excluded from the decision frame. Related evidence may still be followed from an eligible episode.
ant,<PR_kwDOATT2FM4stuLt-bfab7c0f-a995-43e1-a5d8-682eb27cb188@gitbox.apache.org>,dxqsjxpzf5cmrd01qk0bgs67qgghqh0j,https://lists.apache.org/api/source.lua?id=dxqsjxpzf5cmrd01qk0bgs67qgghqh0j,2023-06-22T07:18:10+00:00,2023-06,"[GitHub] [ant] arturobernalg closed pull request #165: Use object equals instead of ==, which does a character-by-character comparison when the strings are different objects",topic-e636d31fe29de076,2026-10-04,subject only,excluded_automated_notification,Subject inspected: automated bug-summary or ordinary GitHub patch notification; excluded from the decision frame. Related evidence may still be followed from an eligible episode.
ant,<20230625071506.D6A6D6A0094@bz-he-de.apache.org>,r4fs454j9g4t5q6y0b0mqnmdngn4v7pn,https://lists.apache.org/api/source.lua?id=r4fs454j9g4t5q6y0b0mqnmdngn4v7pn,2023-06-25T07:15:01+00:00,2023-06,Bug report for Ant [2023/06/25],topic-9f66aa0b6becf0cc,2026-10-04,subject only,excluded_automated_notification,Subject inspected: automated bug-summary or ordinary GitHub patch notification; excluded from the decision frame. Related evidence may still be followed from an eligible episode.
ant,<0251b383c3afc25a3d73d72e923aa7892483b974.camel@apache.org>,wovlqg579w85xswxv1pglcvsfbm9y5sn,https://lists.apache.org/api/source.lua?id=wovlqg579w85xswxv1pglcvsfbm9y5sn,2023-06-28T20:09:34+00:00,2023-06,Final Reminder: Community Over Code call for presentations closing soon,topic-d551ed3483bd4333,2026-10-04,subject only,excluded_event_announcement,"Subject inspected: conference, travel-application, presentation, or anniversary campaign announcement; no named PMC decision in the title."
ant,<20230702071505.E23826A0094@bz-he-de.apache.org>,lltgdhxxbt1s6ypznknxbl9mth2y17p6,https://lists.apache.org/api/source.lua?id=lltgdhxxbt1s6ypznknxbl9mth2y17p6,2023-07-02T07:15:01+00:00,2023-07,Bug report for Ant [2023/07/02],topic-864df5ade00f8b73,2026-10-04,subject only,excluded_automated_notification,Subject inspected: automated bug-summary or ordinary GitHub patch notification; excluded from the decision frame. Related evidence may still be followed from an eligible episode.
ant,<20230709071506.7A39A6A0094@bz-he-de.apache.org>,qogkk72q9gqwt5b05k2nj92rz9ton78w,https://lists.apache.org/api/source.lua?id=qogkk72q9gqwt5b05k2nj92rz9ton78w,2023-07-09T07:15:01+00:00,2023-07,Bug report for Ant [2023/07/09],topic-5b6e9bc04a13ef13,2026-10-04,subject only,excluded_automated_notification,Subject inspected: automated bug-summary or ordinary GitHub patch notification; excluded from the decision frame. Related evidence may still be followed from an eligible episode.
ant,<PR_kwDOATT2FM5OBRIM-40095386-475d-45b8-b78f-df7516b3b9dc@gitbox.apache.org>,l0lgssm53hxghnzpqct4gfpt1xw5n39q,https://lists.apache.org/api/source.lua?id=l0lgssm53hxghnzpqct4gfpt1xw5n39q,2023-07-11T23:59:55+00:00,2023-07,[GitHub] [ant] stevenschlansker commented on pull request #200: Do not treat failure of `System.setSecurityManager` as fatal,topic-d69f9c8e0c358721,2026-10-04,subject only,excluded_automated_notification,Subject inspected: automated bug-summary or ordinary GitHub patch notification; excluded from the decision frame. Related evidence may still be followed from an eligible episode.
ant,<PR_kwDOATT2FM5OBRIM-ec13f808-980c-49c9-81a4-4776c73dbad8@gitbox.apache.org>,h8o1x7w51b96661qyymoop2ps7qp8qls,https://lists.apache.org/api/source.lua?id=h8o1x7w51b96661qyymoop2ps7qp8qls,2023-07-12T02:04:56+00:00,2023-07,[GitHub] [ant] jaikiran commented on pull request #200: Do not treat failure of `System.setSecurityManager` as fatal,topic-6a5b66c6ff6a1a89,2026-10-04,subject only,excluded_automated_notification,Subject inspected: automated bug-summary or ordinary GitHub patch notification; excluded from the decision frame. Related evidence may still be followed from an eligible episode.
ant,<PR_kwDOATT2Es4xEdcl-8985ab73-1ae4-4fae-a3b1-f1a4d45c2a4f@gitbox.apache.org>,n1wcbwmg47dk4wxrks954bgtqvr0kxxk,https://lists.apache.org/api/source.lua?id=n1wcbwmg47dk4wxrks954bgtqvr0kxxk,2023-07-12T05:08:37+00:00,2023-07,[GitHub] [ant-ivy] didiksupriadi41 closed pull request #97: Remove unused dependencies,topic-eda3ec29fc3d7a32,2026-10-04,subject only,excluded_automated_notification,Subject inspected: automated bug-summary or ordinary GitHub patch notification; excluded from the decision frame. Related evidence may still be followed from an eligible episode.
ant,<PR_kwDOATT2FM5OBRIM-b382f66b-b244-4c58-b691-83ae31abea90@gitbox.apache.org>,rpxpz18th7ggztsk34c45vpwg2r99wvt,https://lists.apache.org/api/source.lua?id=rpxpz18th7ggztsk34c45vpwg2r99wvt,2023-07-12T16:20:44+00:00,2023-07,[GitHub] [ant] jglick commented on pull request #200: Do not treat failure of `System.setSecurityManager` as fatal,topic-6db89d822bf0fffa,2026-10-04,subject only,excluded_automated_notification,Subject inspected: automated bug-summary or ordinary GitHub patch notification; excluded from the decision frame. Related evidence may still be followed from an eligible episode.
ant,<PR_kwDOATT2FM5OBRIM-24d54525-9ef5-45c7-bbbc-03cefb93650d@gitbox.apache.org>,ht99kbz00q08rgd5x5380b0cqq7s45tb,https://lists.apache.org/api/source.lua?id=ht99kbz00q08rgd5x5380b0cqq7s45tb,2023-07-12T21:23:21+00:00,2023-07,[GitHub] [ant] stevenschlansker commented on pull request #200: Do not treat failure of `System.setSecurityManager` as fatal,topic-d69f9c8e0c358721,2026-10-04,subject only,excluded_automated_notification,Subject inspected: automated bug-summary or ordinary GitHub patch notification; excluded from the decision frame. Related evidence may still be followed from an eligible episode.
ant,<PR_kwDOATT2FM5OBRIM-0d627355-3d1c-4db9-a70d-515678324463@gitbox.apache.org>,0jwl72x95n85216y4qphnmgzwm55wt32,https://lists.apache.org/api/source.lua?id=0jwl72x95n85216y4qphnmgzwm55wt32,2023-07-13T01:24:22+00:00,2023-07,[GitHub] [ant] jaikiran commented on pull request #200: Do not treat failure of `System.setSecurityManager` as fatal,topic-6a5b66c6ff6a1a89,2026-10-04,subject only,excluded_automated_notification,Subject inspected: automated bug-summary or ordinary GitHub patch notification; excluded from the decision frame. Related evidence may still be followed from an eligible episode.
ant,<PR_kwDOATT2FM5OBRIM-9c8bf837-4d3d-4b5c-87c0-07c19c9b2ae6@gitbox.apache.org>,j62m945d9xqjcjndlkmq3vdqx112qoso,https://lists.apache.org/api/source.lua?id=j62m945d9xqjcjndlkmq3vdqx112qoso,2023-07-13T17:26:51+00:00,2023-07,[GitHub] [ant] jglick commented on pull request #200: Do not treat failure of `System.setSecurityManager` as fatal,topic-6db89d822bf0fffa,2026-10-04,subject only,excluded_automated_notification,Subject inspected: automated bug-summary or ordinary GitHub patch notification; excluded from the decision frame. Related evidence may still be followed from an eligible episode.
ant,<20230716071507.AA25A6A0096@bz-he-de.apache.org>,x9f3z1xcr6xs535fmpjhqmtqc103n94v,https://lists.apache.org/api/source.lua?id=x9f3z1xcr6xs535fmpjhqmtqc103n94v,2023-07-16T07:15:01+00:00,2023-07,Bug report for Ant [2023/07/16],topic-82f6ab0b4f1ba673,2026-10-04,subject only,excluded_automated_notification,Subject inspected: automated bug-summary or ordinary GitHub patch notification; excluded from the decision frame. Related evidence may still be followed from an eligible episode.
ant,<20230723071506.6447C6A0094@bz-he-de.apache.org>,p4zhcnmdgbonlx2132xzy0y7rnhqkomd,https://lists.apache.org/api/source.lua?id=p4zhcnmdgbonlx2132xzy0y7rnhqkomd,2023-07-23T07:15:01+00:00,2023-07,Bug report for Ant [2023/07/23],topic-c13b54c49524ab76,2026-10-04,subject only,excluded_automated_notification,Subject inspected: automated bug-summary or ordinary GitHub patch notification; excluded from the decision frame. Related evidence may still be followed from an eligible episode.
ant,<SA1PR10MB76991542C615F6F4728F79DCFC06A@SA1PR10MB7699.namprd10.prod.outlook.com>,d6rs23j8zgj3kr19n1gfz4bm56bqpzw2,https://lists.apache.org/api/source.lua?id=d6rs23j8zgj3kr19n1gfz4bm56bqpzw2,2023-07-28T09:23:10+00:00,2023-07,JDK 22 is in Rampdown Phase 2 | Annotation Processing Change Heads-up,topic-f2bc1fcc1bd269b1,2026-10-04,subject only,body_pending,Subject inspected and retained for ambiguity/context review; no final eligibility decision from the title.
ant,<20230730071506.3BE8A6A0094@bz-he-de.apache.org>,9303svsyjnhwokvfchtolc43mmkjzlhd,https://lists.apache.org/api/source.lua?id=9303svsyjnhwokvfchtolc43mmkjzlhd,2023-07-30T07:15:01+00:00,2023-07,Bug report for Ant [2023/07/30],topic-c84f10be7335eb3a,2026-10-04,subject only,excluded_automated_notification,Subject inspected: automated bug-summary or ordinary GitHub patch notification; excluded from the decision frame. Related evidence may still be followed from an eligible episode.
ant,<20230806071508.5037F6A0094@bz-he-de.apache.org>,hf6wwqjmh0bbdbtzp2bmq0g2s4jq0kxh,https://lists.apache.org/api/source.lua?id=hf6wwqjmh0bbdbtzp2bmq0g2s4jq0kxh,2023-08-06T07:15:02+00:00,2023-08,Bug report for Ant [2023/08/06],topic-f1c36ee8a3dbfa32,2026-10-04,subject only,excluded_automated_notification,Subject inspected: automated bug-summary or ordinary GitHub patch notification; excluded from the decision frame. Related evidence may still be followed from an eligible episode.
ant,<d95efc86-7a61-6e63-ced5-c04451d87a93@tsoft.com>,gvchbvq46qc4rm2qbnn0s8c45osco2fj,https://lists.apache.org/api/source.lua?id=gvchbvq46qc4rm2qbnn0s8c45osco2fj,2023-08-07T08:12:28+00:00,2023-08,How to use custom .ivy2 directory,topic-e2eca134c81c53ca,2026-10-04,subject and complete plain-text bodies; follow-up pending,excluded_user_support,Configuration help for custom Ivy cache directory; no organizational decision request in the inspected exchange.
ant,<b816b928-fb57-2db8-e68f-b2259fcfa0c0@gmail.com>,l9lhxk9jsm6y8gsk0b5ksz0w0xrczpgb,https://lists.apache.org/api/source.lua?id=l9lhxk9jsm6y8gsk0b5ksz0w0xrczpgb,2023-08-07T09:06:29+00:00,2023-08,Re: How to use custom .ivy2 directory,topic-e2eca134c81c53ca,2026-10-04,subject and complete plain-text bodies; follow-up pending,excluded_user_support,Configuration help for custom Ivy cache directory; no organizational decision request in the inspected exchange.
ant,<2816457c-6269-5197-5a85-0dd792086979@apache.org>,ypqt9ftj7wzrdhzt3wrgg6g48tqv2mnb,https://lists.apache.org/api/source.lua?id=ypqt9ftj7wzrdhzt3wrgg6g48tqv2mnb,2023-08-10T01:45:09+00:00,2023-08,Re: JDK 22 is in Rampdown Phase 2 | Annotation Processing Change Heads-up,topic-f2bc1fcc1bd269b1,2026-10-04,subject only,body_pending,Subject inspected and retained for ambiguity/context review; no final eligibility decision from the title.
ant,<PR_kwDOATT2FM5OBRIM-43bf5e2d-05b1-4a27-a06b-f98b16e5cc1a@gitbox.apache.org>,09grm0bywsjf0bnwkkmtxprcg2lmnlfx,https://lists.apache.org/api/source.lua?id=09grm0bywsjf0bnwkkmtxprcg2lmnlfx,2023-08-10T16:36:54+00:00,2023-08,[GitHub] [ant] jaikiran commented on pull request #200: Do not treat failure of `System.setSecurityManager` as fatal,topic-6a5b66c6ff6a1a89,2026-10-04,subject only,excluded_automated_notification,Subject inspected: automated bug-summary or ordinary GitHub patch notification; excluded from the decision frame. Related evidence may still be followed from an eligible episode.
ant,<PR_kwDOATT2FM5OBRIM-8deaf762-9027-441a-8228-18f43f8dbd5c@gitbox.apache.org>,6nnq7zo2k7mmx641slskmod1r8r8gf42,https://lists.apache.org/api/source.lua?id=6nnq7zo2k7mmx641slskmod1r8r8gf42,2023-08-11T16:49:29+00:00,2023-08,[GitHub] [ant] jglick closed pull request #200: Do not treat failure of `System.setSecurityManager` as fatal,topic-2a1cd516c682e160,2026-10-04,subject only,excluded_automated_notification,Subject inspected: automated bug-summary or ordinary GitHub patch notification; excluded from the decision frame. Related evidence may still be followed from an eligible episode.
ant,<PR_kwDOATT2FM5OBRIM-5ad8a40c-b73f-471d-a4e7-c245b0049be0@gitbox.apache.org>,poqdc718qlh44jr3vpogx59h3mb7yv03,https://lists.apache.org/api/source.lua?id=poqdc718qlh44jr3vpogx59h3mb7yv03,2023-08-11T16:49:29+00:00,2023-08,[GitHub] [ant] jglick commented on pull request #200: Do not treat failure of `System.setSecurityManager` as fatal,topic-6db89d822bf0fffa,2026-10-04,subject only,excluded_automated_notification,Subject inspected: automated bug-summary or ordinary GitHub patch notification; excluded from the decision frame. Related evidence may still be followed from an eligible episode.
ant,<MDExOlB1bGxSZXF1ZXN0MzY4OTI0Mjcw-a63b2f05-291b-49bd-89c1-eaba9da52c4c@gitbox.apache.org>,8ftwb2559t9fkksb4zvghggsgshnylz4,https://lists.apache.org/api/source.lua?id=8ftwb2559t9fkksb4zvghggsgshnylz4,2023-08-12T10:35:27+00:00,2023-08,[GitHub] [ant] jaikiran commented on pull request #121: use displayName instead of legacyReportingName in xml reports,topic-84931d086e4b3eda,2026-10-04,subject only,excluded_automated_notification,Subject inspected: automated bug-summary or ordinary GitHub patch notification; excluded from the decision frame. Related evidence may still be followed from an eligible episode.
ant,<MDExOlB1bGxSZXF1ZXN0MzY4OTI0Mjcw-b21f9ead-86ea-46fc-9a38-421284ff4279@gitbox.apache.org>,v91dz12gqk7v2ko4p4glfccmcmgxp4o3,https://lists.apache.org/api/source.lua?id=v91dz12gqk7v2ko4p4glfccmcmgxp4o3,2023-08-12T10:36:09+00:00,2023-08,[GitHub] [ant] jaikiran commented on pull request #121: use displayName instead of legacyReportingName in xml reports,topic-84931d086e4b3eda,2026-10-04,subject only,excluded_automated_notification,Subject inspected: automated bug-summary or ordinary GitHub patch notification; excluded from the decision frame. Related evidence may still be followed from an eligible episode.
ant,<MDExOlB1bGxSZXF1ZXN0MzY4OTI0Mjcw-d11ddc40-6569-4a21-aea3-cf13e124cd71@gitbox.apache.org>,5nmo2rb52svnzcg2w9s5nvyfc04xhkbj,https://lists.apache.org/api/source.lua?id=5nmo2rb52svnzcg2w9s5nvyfc04xhkbj,2023-08-12T10:36:16+00:00,2023-08,[GitHub] [ant] jaikiran closed pull request #121: use displayName instead of legacyReportingName in xml reports,topic-32ed14153c0c9f89,2026-10-04,subject only,excluded_automated_notification,Subject inspected: automated bug-summary or ordinary GitHub patch notification; excluded from the decision frame. Related evidence may still be followed from an eligible episode.
ant,<842e0197-c870-805f-182e-09dbdfe229d4@apache.org>,76zpb8o9prdckgrrxhfc93m98dz6hh2w,https://lists.apache.org/api/source.lua?id=76zpb8o9prdckgrrxhfc93m98dz6hh2w,2023-08-12T15:21:53+00:00,2023-08,Release Ant 1.10.14?,topic-57c18ec9e9d4a50e,2026-10-04,subject and complete plain-text bodies; follow-up pending,release_family_followup_pending,"Ant 1.10.14: August 12 planning, August 16 formal vote, August 20 passage, August 21 announcement; September replies concern launcher regression. One release deliverable; Java changes are external dependency context, not foundation conduct."
ant,<PR_kwDOATT2FM5Xz_LL@gitbox.apache.org>,x837l9q1mcrj3cob0zh28qylk3l5pbwo,https://lists.apache.org/api/source.lua?id=x837l9q1mcrj3cob0zh28qylk3l5pbwo,2023-08-13T06:13:29+00:00,2023-08,"[GitHub] [ant] dependabot[bot] opened a new pull request, #201: Bump xalan:xalan from 2.7.2 to 2.7.3 in /src/etc/poms/ant-junit",topic-4ad38b28c161b40f,2026-10-04,subject only,excluded_automated_notification,Subject inspected: automated bug-summary or ordinary GitHub patch notification; excluded from the decision frame. Related evidence may still be followed from an eligible episode.
ant,<PR_kwDOATT2FM5Xz_LO@gitbox.apache.org>,jnss17xj9x179vr8l5wsl0o6pvysb17t,https://lists.apache.org/api/source.lua?id=jnss17xj9x179vr8l5wsl0o6pvysb17t,2023-08-13T06:13:30+00:00,2023-08,"[GitHub] [ant] dependabot[bot] opened a new pull request, #202: Bump xalan:xalan from 2.7.2 to 2.7.3 in /src/etc/poms/ant-apache-xalan2",topic-05f8fb533a639902,2026-10-04,subject only,excluded_automated_notification,Subject inspected: automated bug-summary or ordinary GitHub patch notification; excluded from the decision frame. Related evidence may still be followed from an eligible episode.
ant,<20230813071506.8C2766A0094@bz-he-de.apache.org>,2f2dxcnl8dmo713tlqgss9m12575wz6z,https://lists.apache.org/api/source.lua?id=2f2dxcnl8dmo713tlqgss9m12575wz6z,2023-08-13T07:15:01+00:00,2023-08,Bug report for Ant [2023/08/13],topic-28901f4b2852869a,2026-10-04,subject only,excluded_automated_notification,Subject inspected: automated bug-summary or ordinary GitHub patch notification; excluded from the decision frame. Related evidence may still be followed from an eligible episode.
ant,<874jl3p67o.fsf@v45346.1blu.de>,qvgs37mpjrtg2dvcktvx5990hpr4dv4j,https://lists.apache.org/api/source.lua?id=qvgs37mpjrtg2dvcktvx5990hpr4dv4j,2023-08-13T10:49:47+00:00,2023-08,Re: Release Ant 1.10.14?,topic-57c18ec9e9d4a50e,2026-10-04,subject and complete plain-text bodies; follow-up pending,release_family_followup_pending,"Ant 1.10.14: August 12 planning, August 16 formal vote, August 20 passage, August 21 announcement; September replies concern launcher regression. One release deliverable; Java changes are external dependency context, not foundation conduct."
ant,<87r0o7nqfn.fsf@v45346.1blu.de>,ozst10wt4r2lptrqoc5gxkhl5pyts6bd,https://lists.apache.org/api/source.lua?id=ozst10wt4r2lptrqoc5gxkhl5pyts6bd,2023-08-13T11:15:56+00:00,2023-08,Release Ivy 2.5.2,topic-c8669d116ffa1b22,2026-10-04,subject and complete plain-text bodies; follow-up pending,release_family_followup_pending,"Ivy 2.5.2: August 13 planning; August 17 RC1 cancelled for NOTICE year, then RC2; August 20 passage/announcement. Both candidates belong to one deliverable. Missing Eclipse build environment does not establish a foundation service refusal."
ant,<131f5d3a-5ffd-c2de-bd43-7de92532d4d6@apache.org>,25st1ck8673hf06qvgn9owocv1x7ly66,https://lists.apache.org/api/source.lua?id=25st1ck8673hf06qvgn9owocv1x7ly66,2023-08-13T12:57:41+00:00,2023-08,Re: Release Ivy 2.5.2,topic-c8669d116ffa1b22,2026-10-04,subject and complete plain-text bodies; follow-up pending,release_family_followup_pending,"Ivy 2.5.2: August 13 planning; August 17 RC1 cancelled for NOTICE year, then RC2; August 20 passage/announcement. Both candidates belong to one deliverable. Missing Eclipse build environment does not establish a foundation service refusal."
ant,<MDExOlB1bGxSZXF1ZXN0MzgyNzc0MDg0-a9ca52f6-7339-4ca4-9ccd-2448f37c280e@gitbox.apache.org>,9zrb4031trm84grzxrrwrp4dmyt3tvv9,https://lists.apache.org/api/source.lua?id=9zrb4031trm84grzxrrwrp4dmyt3tvv9,2023-08-13T16:15:18+00:00,2023-08,[GitHub] [ant] asfgit closed pull request #122: Bugfix/catch dynamic test before each,topic-f8635cd1cacc79e1,2026-10-04,subject only,excluded_automated_notification,Subject inspected: automated bug-summary or ordinary GitHub patch notification; excluded from the decision frame. Related evidence may still be followed from an eligible episode.
ant,<MDExOlB1bGxSZXF1ZXN0MzgyNzc0MDg0-5d65152d-55c0-474d-bbc6-17e97523e860@gitbox.apache.org>,trqvc2yt5m50gy3m9h77zy6q6hq74m65,https://lists.apache.org/api/source.lua?id=trqvc2yt5m50gy3m9h77zy6q6hq74m65,2023-08-13T16:18:33+00:00,2023-08,[GitHub] [ant] jaikiran commented on pull request #122: Bugfix/catch dynamic test before each,topic-ea3da787c52a0da7,2026-10-04,subject only,excluded_automated_notification,Subject inspected: automated bug-summary or ordinary GitHub patch notification; excluded from the decision frame. Related evidence may still be followed from an eligible episode.
ant,<PR_kwDOATT2FM5Xz_LO-bcc8f79f-c5fa-431d-aad8-3f0172c20056@gitbox.apache.org>,hcmw3n0z1vbr7jk6gtjtk2cd4r29shgn,https://lists.apache.org/api/source.lua?id=hcmw3n0z1vbr7jk6gtjtk2cd4r29shgn,2023-08-16T08:06:46+00:00,2023-08,[GitHub] [ant] dependabot[bot] commented on pull request #202: Bump xalan:xalan from 2.7.2 to 2.7.3 in /src/etc/poms/ant-apache-xalan2,topic-0644195784f6edc9,2026-10-04,subject only,excluded_automated_notification,Subject inspected: automated bug-summary or ordinary GitHub patch notification; excluded from the decision frame. Related evidence may still be followed from an eligible episode.
ant,<PR_kwDOATT2FM5Xz_LO-127fa95a-a8b2-49c0-b74c-00f506c5927f@gitbox.apache.org>,h4q8j25b6cbdlplb9g89fgy954t0c61p,https://lists.apache.org/api/source.lua?id=h4q8j25b6cbdlplb9g89fgy954t0c61p,2023-08-16T08:06:49+00:00,2023-08,[GitHub] [ant] dependabot[bot] closed pull request #202: Bump xalan:xalan from 2.7.2 to 2.7.3 in /src/etc/poms/ant-apache-xalan2,topic-3ec594972bf76c77,2026-10-04,subject only,excluded_automated_notification,Subject inspected: automated bug-summary or ordinary GitHub patch notification; excluded from the decision frame. Related evidence may still be followed from an eligible episode.
ant,<36e5f4f5-3ce5-fbb3-3486-5223dcae3430@apache.org>,th6yrxc4dtpqhc2vnzmrd7d9b881hk4g,https://lists.apache.org/api/source.lua?id=th6yrxc4dtpqhc2vnzmrd7d9b881hk4g,2023-08-16T12:35:22+00:00,2023-08,[VOTE] Release Apache Ant 1.10.14 based on RC1,topic-26fe7d8896cec63a,2026-10-04,subject and complete plain-text bodies; follow-up pending,release_family_followup_pending,"Ant 1.10.14: August 12 planning, August 16 formal vote, August 20 passage, August 21 announcement; September replies concern launcher regression. One release deliverable; Java changes are external dependency context, not foundation conduct."
ant,<PR_kwDOATT2FM5OBRIM-84aef2ba-f223-4d9f-98f4-f1b8ef629c47@gitbox.apache.org>,pb53vpgy4sckhmlq8hp0lmzktj83rx47,https://lists.apache.org/api/source.lua?id=pb53vpgy4sckhmlq8hp0lmzktj83rx47,2023-08-16T13:02:50+00:00,2023-08,[GitHub] [ant] jaikiran commented on pull request #200: Do not treat failure of `System.setSecurityManager` as fatal,topic-6a5b66c6ff6a1a89,2026-10-04,subject only,excluded_automated_notification,Subject inspected: automated bug-summary or ordinary GitHub patch notification; excluded from the decision frame. Related evidence may still be followed from an eligible episode.
ant,<DM6PR07MB4780E0A8A3C5950BD015D8D7AA15A@DM6PR07MB4780.namprd07.prod.outlook.com>,2t64329mw9w274ldg4y1212t3gkrczlw,https://lists.apache.org/api/source.lua?id=2t64329mw9w274ldg4y1212t3gkrczlw,2023-08-16T13:12:28+00:00,2023-08,Re: [VOTE] Release Apache Ant 1.10.14 based on RC1,topic-26fe7d8896cec63a,2026-10-04,subject and complete plain-text bodies; follow-up pending,release_family_followup_pending,"Ant 1.10.14: August 12 planning, August 16 formal vote, August 20 passage, August 21 announcement; September replies concern launcher regression. One release deliverable; Java changes are external dependency context, not foundation conduct."
ant,<PR_kwDOATT2FM5OBRIM-886bf62e-b20c-4320-b710-9501d3cc7902@gitbox.apache.org>,y7tt4so5f0csl0r4jdpdry1dfo9kk3p3,https://lists.apache.org/api/source.lua?id=y7tt4so5f0csl0r4jdpdry1dfo9kk3p3,2023-08-16T16:42:13+00:00,2023-08,[GitHub] [ant] stevenschlansker commented on pull request #200: Do not treat failure of `System.setSecurityManager` as fatal,topic-d69f9c8e0c358721,2026-10-04,subject only,excluded_automated_notification,Subject inspected: automated bug-summary or ordinary GitHub patch notification; excluded from the decision frame. Related evidence may still be followed from an eligible episode.
ant,<CAMbkE7RXAhy87T5PxXrx267+dCzoOXHxtf1jm18g3nij5TohkQ@mail.gmail.com>,8yzp73wlgg8yf03tvryx7tdbf3164fv4,https://lists.apache.org/api/source.lua?id=8yzp73wlgg8yf03tvryx7tdbf3164fv4,2023-08-17T00:53:25+00:00,2023-08,Re: [VOTE] Release Apache Ant 1.10.14 based on RC1,topic-26fe7d8896cec63a,2026-10-04,subject and complete plain-text bodies; follow-up pending,release_family_followup_pending,"Ant 1.10.14: August 12 planning, August 16 formal vote, August 20 passage, August 21 announcement; September replies concern launcher regression. One release deliverable; Java changes are external dependency context, not foundation conduct."
ant,<164cb13a-5ce9-991b-386b-8819b3444a5c@apache.org>,c7qfj2gh0rfnst27kdylg1rhmgolw0fz,https://lists.apache.org/api/source.lua?id=c7qfj2gh0rfnst27kdylg1rhmgolw0fz,2023-08-17T00:57:09+00:00,2023-08,Re: [VOTE] Release Apache Ant 1.10.14 based on RC1,topic-26fe7d8896cec63a,2026-10-04,subject and complete plain-text bodies; follow-up pending,release_family_followup_pending,"Ant 1.10.14: August 12 planning, August 16 formal vote, August 20 passage, August 21 announcement; September replies concern launcher regression. One release deliverable; Java changes are external dependency context, not foundation conduct."
ant,<BN7PR07MB477039989F5C55FEF78589FBAA1AA@BN7PR07MB4770.namprd07.prod.outlook.com>,y67k6k7v0cq124nzs53khg2hy2swvl8b,https://lists.apache.org/api/source.lua?id=y67k6k7v0cq124nzs53khg2hy2swvl8b,2023-08-17T03:19:57+00:00,2023-08,Re: [VOTE] Release Apache Ant 1.10.14 based on RC1,topic-26fe7d8896cec63a,2026-10-04,subject and complete plain-text bodies; follow-up pending,release_family_followup_pending,"Ant 1.10.14: August 12 planning, August 16 formal vote, August 20 passage, August 21 announcement; September replies concern launcher regression. One release deliverable; Java changes are external dependency context, not foundation conduct."
ant,<877cpumgq3.fsf@v45346.1blu.de>,14wofvtywhfxm15lsrofrjdx22thf1lj,https://lists.apache.org/api/source.lua?id=14wofvtywhfxm15lsrofrjdx22thf1lj,2023-08-17T04:32:20+00:00,2023-08,[VOTE] Release Ivy 2.5.2 Based on RC1,topic-77e133d97c97552a,2026-10-04,subject and complete plain-text bodies; follow-up pending,release_family_followup_pending,"Ivy 2.5.2: August 13 planning; August 17 RC1 cancelled for NOTICE year, then RC2; August 20 passage/announcement. Both candidates belong to one deliverable. Missing Eclipse build environment does not establish a foundation service refusal."
ant,<87jztuxezx.fsf@v45346.1blu.de>,lyof0hszhd4f4jqql6tsy91zj3s3q4y0,https://lists.apache.org/api/source.lua?id=lyof0hszhd4f4jqql6tsy91zj3s3q4y0,2023-08-17T08:14:10+00:00,2023-08,Re: [VOTE] Release Apache Ant 1.10.14 based on RC1,topic-26fe7d8896cec63a,2026-10-04,subject and complete plain-text bodies; follow-up pending,release_family_followup_pending,"Ant 1.10.14: August 12 planning, August 16 formal vote, August 20 passage, August 21 announcement; September replies concern launcher regression. One release deliverable; Java changes are external dependency context, not foundation conduct."
ant,<CAKRyKGW2=EPNO+Kmvw6yQUKKmqRPzqiNZMuFyZPpEMdK40pU_g@mail.gmail.com>,x3k0h4vo6bt1pto3xlffq7gl8sqtpvy9,https://lists.apache.org/api/source.lua?id=x3k0h4vo6bt1pto3xlffq7gl8sqtpvy9,2023-08-17T08:27:39+00:00,2023-08,Mailing list threading improvements,topic-957d2d7a45ac7b89,2026-09-22,subject; body review retained at accepted September checkpoint,service_candidate,Comdev message announces October 2023 default notification threading with project opt-out via .asf.yml configuration. Shared initiating directive candidate; operative authority and exposure still need checking.
ant,<c95c38b6-9bbf-1ceb-b4bd-1db6b5f079b7@apache.org>,mn6slpf4wc26gfqx4ypn8c4cl32xkp75,https://lists.apache.org/api/source.lua?id=mn6slpf4wc26gfqx4ypn8c4cl32xkp75,2023-08-17T12:59:04+00:00,2023-08,Re: [VOTE] Release Ivy 2.5.2 Based on RC1,topic-77e133d97c97552a,2026-10-04,subject and complete plain-text bodies; follow-up pending,release_family_followup_pending,"Ivy 2.5.2: August 13 planning; August 17 RC1 cancelled for NOTICE year, then RC2; August 20 passage/announcement. Both candidates belong to one deliverable. Missing Eclipse build environment does not establish a foundation service refusal."
ant,<6a144fbf-0545-13a3-2793-c5bb5e656fcb@apache.org>,v2znl3kdqsm466oqf131xocb2q5bnomd,https://lists.apache.org/api/source.lua?id=v2znl3kdqsm466oqf131xocb2q5bnomd,2023-08-17T13:05:56+00:00,2023-08,Re: [VOTE] Release Ivy 2.5.2 Based on RC1,topic-77e133d97c97552a,2026-10-04,subject and complete plain-text bodies; follow-up pending,release_family_followup_pending,"Ivy 2.5.2: August 13 planning; August 17 RC1 cancelled for NOTICE year, then RC2; August 20 passage/announcement. Both candidates belong to one deliverable. Missing Eclipse build environment does not establish a foundation service refusal."
ant,<87v8ddk9cv.fsf_-_@v45346.1blu.de>,lcz9c1j6hy28k7tp6rc42b2oy71n5zfm,https://lists.apache.org/api/source.lua?id=lcz9c1j6hy28k7tp6rc42b2oy71n5zfm,2023-08-17T14:54:24+00:00,2023-08,[CANCELLED][VOTE] Release Ivy 2.5.2 Based on RC1,topic-0101531a6020caf0,2026-10-04,subject and complete plain-text bodies; follow-up pending,release_family_followup_pending,"Ivy 2.5.2: August 13 planning; August 17 RC1 cancelled for NOTICE year, then RC2; August 20 passage/announcement. Both candidates belong to one deliverable. Missing Eclipse build environment does not establish a foundation service refusal."
ant,<87r0o1k9be.fsf@v45346.1blu.de>,d3n4dqz944b3p2qc1m4pwmz510owxjm7,https://lists.apache.org/api/source.lua?id=d3n4dqz944b3p2qc1m4pwmz510owxjm7,2023-08-17T14:55:17+00:00,2023-08,Re: [VOTE] Release Ivy 2.5.2 Based on RC1,topic-77e133d97c97552a,2026-10-04,subject and complete plain-text bodies; follow-up pending,release_family_followup_pending,"Ivy 2.5.2: August 13 planning; August 17 RC1 cancelled for NOTICE year, then RC2; August 20 passage/announcement. Both candidates belong to one deliverable. Missing Eclipse build environment does not establish a foundation service refusal."
ant,<87jzttk3w1.fsf@v45346.1blu.de>,d5ok00vyd872skw97z40dwfzpz1fx59s,https://lists.apache.org/api/source.lua?id=d5ok00vyd872skw97z40dwfzpz1fx59s,2023-08-17T16:52:30+00:00,2023-08,[VOTE] Release Ivy 2.5.2 Based on RC2,topic-9a0060f4c5765d09,2026-10-04,subject and complete plain-text bodies; follow-up pending,release_family_followup_pending,"Ivy 2.5.2: August 13 planning; August 17 RC1 cancelled for NOTICE year, then RC2; August 20 passage/announcement. Both candidates belong to one deliverable. Missing Eclipse build environment does not establish a foundation service refusal."
ant,<435cbca7-a7be-76b6-582d-34368269e70a@apache.org>,1g7m0q0t4rq5xg42bg41g74dtbjq3vpz,https://lists.apache.org/api/source.lua?id=1g7m0q0t4rq5xg42bg41g74dtbjq3vpz,2023-08-18T09:44:32+00:00,2023-08,Re: [VOTE] Release Apache Ant 1.10.14 based on RC1,topic-26fe7d8896cec63a,2026-10-04,subject and complete plain-text bodies; follow-up pending,release_family_followup_pending,"Ant 1.10.14: August 12 planning, August 16 formal vote, August 20 passage, August 21 announcement; September replies concern launcher regression. One release deliverable; Java changes are external dependency context, not foundation conduct."
ant,<fcd1fb91-8f61-89fb-2b41-037e8cabe4fa@apache.org>,m3ry23dgx3db9h863x2rd68v95jf96zt,https://lists.apache.org/api/source.lua?id=m3ry23dgx3db9h863x2rd68v95jf96zt,2023-08-19T05:57:47+00:00,2023-08,Re: [VOTE] Release Ivy 2.5.2 Based on RC2,topic-9a0060f4c5765d09,2026-10-04,subject and complete plain-text bodies; follow-up pending,release_family_followup_pending,"Ivy 2.5.2: August 13 planning; August 17 RC1 cancelled for NOTICE year, then RC2; August 20 passage/announcement. Both candidates belong to one deliverable. Missing Eclipse build environment does not establish a foundation service refusal."
ant,<87jztrcmug.fsf@v45346.1blu.de>,9c55jvtn0g1dw3ly30742t3fq2fff77v,https://lists.apache.org/api/source.lua?id=9c55jvtn0g1dw3ly30742t3fq2fff77v,2023-08-19T11:07:03+00:00,2023-08,Re: [VOTE] Release Ivy 2.5.2 Based on RC2,topic-9a0060f4c5765d09,2026-10-04,subject and complete plain-text bodies; follow-up pending,release_family_followup_pending,"Ivy 2.5.2: August 13 planning; August 17 RC1 cancelled for NOTICE year, then RC2; August 20 passage/announcement. Both candidates belong to one deliverable. Missing Eclipse build environment does not establish a foundation service refusal."
ant,<20230820071504.D43846A0094@bz-he-de.apache.org>,d96qk2j6lp0wnzxhl2h1k5rgrfdd0bnh,https://lists.apache.org/api/source.lua?id=d96qk2j6lp0wnzxhl2h1k5rgrfdd0bnh,2023-08-20T07:15:01+00:00,2023-08,Bug report for Ant [2023/08/20],topic-c276f465c608c24f,2026-10-04,subject only,excluded_automated_notification,Subject inspected: automated bug-summary or ordinary GitHub patch notification; excluded from the decision frame. Related evidence may still be followed from an eligible episode.
ant,<1744397207.1136075.1692516268526@mail.yahoo.com>,449qsmlx4q38f37tsot1zpht6l9lpdmf,https://lists.apache.org/api/source.lua?id=449qsmlx4q38f37tsot1zpht6l9lpdmf,2023-08-20T07:24:28+00:00,2023-08,Re: [VOTE] Release Ivy 2.5.2 Based on RC2,topic-9a0060f4c5765d09,2026-10-04,subject and complete plain-text bodies; follow-up pending,release_family_followup_pending,"Ivy 2.5.2: August 13 planning; August 17 RC1 cancelled for NOTICE year, then RC2; August 20 passage/announcement. Both candidates belong to one deliverable. Missing Eclipse build environment does not establish a foundation service refusal."
ant,<148914140.1143819.1692516489963@mail.yahoo.com>,bzwryq3jbo0lr5jt86rf9bsxgmhl8trp,https://lists.apache.org/api/source.lua?id=bzwryq3jbo0lr5jt86rf9bsxgmhl8trp,2023-08-20T07:28:09+00:00,2023-08,Re: [VOTE] Release Apache Ant 1.10.14 based on RC1,topic-26fe7d8896cec63a,2026-10-04,subject and complete plain-text bodies; follow-up pending,release_family_followup_pending,"Ant 1.10.14: August 12 planning, August 16 formal vote, August 20 passage, August 21 announcement; September replies concern launcher regression. One release deliverable; Java changes are external dependency context, not foundation conduct."
ant,<a4ba1c7a-f594-009d-9b78-af98f83be9d2@apache.org>,svoynh7rd0psdw9hp3zd1mvmkdf9z73c,https://lists.apache.org/api/source.lua?id=svoynh7rd0psdw9hp3zd1mvmkdf9z73c,2023-08-20T07:47:25+00:00,2023-08,[RESULT] Release Apache Ant 1.10.14 based on RC1,topic-b99c0fa686c472fc,2026-10-04,subject and complete plain-text bodies; follow-up pending,release_family_followup_pending,"Ant 1.10.14: August 12 planning, August 16 formal vote, August 20 passage, August 21 announcement; September replies concern launcher regression. One release deliverable; Java changes are external dependency context, not foundation conduct."
ant,<877cppk5hy.fsf@v45346.1blu.de>,1o9654zp01t4qtxpxbbhbk4hq6g0l41w,https://lists.apache.org/api/source.lua?id=1o9654zp01t4qtxpxbbhbk4hq6g0l41w,2023-08-20T17:06:49+00:00,2023-08,[RESULT] Release Ivy 2.5.2 Based on RC2,topic-85d8d7fb6812346c,2026-10-04,subject and complete plain-text bodies; follow-up pending,release_family_followup_pending,"Ivy 2.5.2: August 13 planning; August 17 RC1 cancelled for NOTICE year, then RC2; August 20 passage/announcement. Both candidates belong to one deliverable. Missing Eclipse build environment does not establish a foundation service refusal."
ant,<87fs4dimbz.fsf@v45346.1blu.de>,9gcz4xrsn8c7o9gb377xfzvkb8jltffr,https://lists.apache.org/api/source.lua?id=9gcz4xrsn8c7o9gb377xfzvkb8jltffr,2023-08-20T18:46:08+00:00,2023-08,[ANN] Apache Ivy 2.5.2 Released,topic-48f7e15e42ca30a7,2026-10-04,subject and complete plain-text bodies; follow-up pending,release_family_followup_pending,"Ivy 2.5.2: August 13 planning; August 17 RC1 cancelled for NOTICE year, then RC2; August 20 passage/announcement. Both candidates belong to one deliverable. Missing Eclipse build environment does not establish a foundation service refusal."
ant,<87bkf1im0y.fsf@v45346.1blu.de>,j8rcsr8pyh64rg1xhtlk62tkzpxwzfrk,https://lists.apache.org/api/source.lua?id=j8rcsr8pyh64rg1xhtlk62tkzpxwzfrk,2023-08-20T18:52:45+00:00,2023-08,CVE-2022-46751: Apache Ivy: XML External Entity vulnerability in Apache Ivy,topic-12614694745a3403,2026-10-04,subject and complete plain-text bodies; follow-up pending,security_context_followup_pending,Published vulnerability disclosure linked to Ivy 2.5.2 states November 30 2022 report to ASF security team and August 20 2023 publication. Preserve the nonpublic reference and external security context; do not substitute disclosure date for earlier onset.
ant,<2942b6a9-4fba-f0cf-f196-9a85f192191b@apache.org>,9vhk51nkw9wjxzm7xk2q9xm6s803prmr,https://lists.apache.org/api/source.lua?id=9vhk51nkw9wjxzm7xk2q9xm6s803prmr,2023-08-21T05:51:36+00:00,2023-08,[ANNOUNCE] Apache Ant 1.10.14 released,topic-b651c1351459c196,2026-10-04,subject and complete plain-text bodies; follow-up pending,release_family_followup_pending,"Ant 1.10.14: August 12 planning, August 16 formal vote, August 20 passage, August 21 announcement; September replies concern launcher regression. One release deliverable; Java changes are external dependency context, not foundation conduct."
ant,<SA1PR10MB76993BFB7C51AFDA1458B22CFC1FA@SA1PR10MB7699.namprd10.prod.outlook.com>,6lzj4hvsqdyx2b778stscrgpc2ny7lyk,https://lists.apache.org/api/source.lua?id=6lzj4hvsqdyx2b778stscrgpc2ny7lyk,2023-08-22T14:09:16+00:00,2023-08,JDK 21 Release Candidates & JVM Language Summit,topic-fcf7e484ce676931,2026-10-04,subject only,body_pending,Subject inspected and retained for ambiguity/context review; no final eligibility decision from the title.
ant,<87cyzfukuf.fsf@v45346.1blu.de>,h372vt1ztd6gfmgmfkmqzrksx6fpw97g,https://lists.apache.org/api/source.lua?id=h372vt1ztd6gfmgmfkmqzrksx6fpw97g,2023-08-22T16:02:00+00:00,2023-08,Future of Ivy and IvyDE,topic-7372b3d7c63f4cdf,2026-09-22,subject; body review retained at accepted September checkpoint,multiple_deliverables_candidate,"Ivy and IvyDE maintenance/retirement discussion extends from August 2023 into November 2024. Ivy retirement was explicitly abandoned after a PMC maintainer volunteered; split deliverables, preserve shared sources and earliest onset."
ant,<006101d9d518$03ff1380$0bfd3a80$@infass.com>,q985qs18d88qhgnw6t59hxtx7xch152k,https://lists.apache.org/api/source.lua?id=q985qs18d88qhgnw6t59hxtx7xch152k,2023-08-22T16:45:10+00:00,2023-08,RE: Future of Ivy and IvyDE,topic-7372b3d7c63f4cdf,2026-09-22,subject; body review retained at accepted September checkpoint,multiple_deliverables_candidate,"Ivy and IvyDE maintenance/retirement discussion extends from August 2023 into November 2024. Ivy retirement was explicitly abandoned after a PMC maintainer volunteered; split deliverables, preserve shared sources and earliest onset."
ant,<DM6PR04MB703326DB40931208588D156AA31FA@DM6PR04MB7033.namprd04.prod.outlook.com>,gz60fzp30l03gdnkdbz6sqp1sn40526r,https://lists.apache.org/api/source.lua?id=gz60fzp30l03gdnkdbz6sqp1sn40526r,2023-08-22T17:28:18+00:00,2023-08,RE: [**EXTERNAL**] RE: Future of Ivy and IvyDE,topic-f635825f7119a7a7,2026-09-22,subject; body review retained at accepted September checkpoint,multiple_deliverables_candidate,External-prefixed replies belong to the same Ivy/IvyDE discussion; usage reports do not supply foundation authority or employment-based exposure estimates.
ant,<c47e7388-62df-4744-b884-70cf77cd3a07@alaska.gov>,oc7y80pd3sh6r7wcy7g30z8y6113pt9f,https://lists.apache.org/api/source.lua?id=oc7y80pd3sh6r7wcy7g30z8y6113pt9f,2023-08-22T18:15:58+00:00,2023-08,Re: Future of Ivy and IvyDE,topic-7372b3d7c63f4cdf,2026-09-22,subject; body review retained at accepted September checkpoint,multiple_deliverables_candidate,"Ivy and IvyDE maintenance/retirement discussion extends from August 2023 into November 2024. Ivy retirement was explicitly abandoned after a PMC maintainer volunteered; split deliverables, preserve shared sources and earliest onset."
ant,<CAJqChD2+qVJe1PRaCXZ3AQW4zg4jz+5FhRfZO3v7_P9Vjtwtjg@mail.gmail.com>,8vzpod8ls57hbxdw5b0y73n2qcxhfrcm,https://lists.apache.org/api/source.lua?id=8vzpod8ls57hbxdw5b0y73n2qcxhfrcm,2023-08-22T18:20:50+00:00,2023-08,Re: [**EXTERNAL**] RE: Future of Ivy and IvyDE,topic-f635825f7119a7a7,2026-09-22,subject; body review retained at accepted September checkpoint,multiple_deliverables_candidate,External-prefixed replies belong to the same Ivy/IvyDE discussion; usage reports do not supply foundation authority or employment-based exposure estimates.
ant,<cc6acd1c-384c-5775-f3e4-c26d547d03b7@apache.org>,px2o7yjyjonr8qqmp0cf4wxgbz8wq95p,https://lists.apache.org/api/source.lua?id=px2o7yjyjonr8qqmp0cf4wxgbz8wq95p,2023-08-23T01:20:45+00:00,2023-08,Re: Future of Ivy and IvyDE,topic-7372b3d7c63f4cdf,2026-09-22,subject; body review retained at accepted September checkpoint,multiple_deliverables_candidate,"Ivy and IvyDE maintenance/retirement discussion extends from August 2023 into November 2024. Ivy retirement was explicitly abandoned after a PMC maintainer volunteered; split deliverables, preserve shared sources and earliest onset."
ant,<CAGwRHE1RqXOK+cWoKqiSfqkQckSF8YUKxr0AU58W2n2aASCEgA@mail.gmail.com>,4yfpck304doc4s33n6d2yp5fdbl1zvrd,https://lists.apache.org/api/source.lua?id=4yfpck304doc4s33n6d2yp5fdbl1zvrd,2023-08-23T08:08:29+00:00,2023-08,Re: [**EXTERNAL**] RE: Future of Ivy and IvyDE,topic-f635825f7119a7a7,2026-09-22,subject; body review retained at accepted September checkpoint,multiple_deliverables_candidate,External-prefixed replies belong to the same Ivy/IvyDE discussion; usage reports do not supply foundation authority or employment-based exposure estimates.
ant,<CABLdh4ZjYoxUK6FAJua_k=BNYoAd6snKWz-+WD5TnMMWV8TPEQ@mail.gmail.com>,94hryyf42z1f1lcq0l8jl6486gt8t374,https://lists.apache.org/api/source.lua?id=94hryyf42z1f1lcq0l8jl6486gt8t374,2023-08-23T10:56:29+00:00,2023-08,Re: Future of Ivy and IvyDE,topic-7372b3d7c63f4cdf,2026-09-22,subject; body review retained at accepted September checkpoint,multiple_deliverables_candidate,"Ivy and IvyDE maintenance/retirement discussion extends from August 2023 into November 2024. Ivy retirement was explicitly abandoned after a PMC maintainer volunteered; split deliverables, preserve shared sources and earliest onset."
ant,<20230827071505.452836A0094@bz-he-de.apache.org>,xz7d9shwfk4yd9j9ojlh7rz7nzvscsv0,https://lists.apache.org/api/source.lua?id=xz7d9shwfk4yd9j9ojlh7rz7nzvscsv0,2023-08-27T07:15:01+00:00,2023-08,Bug report for Ant [2023/08/27],topic-025794128eef0781,2026-10-04,subject only,excluded_automated_notification,Subject inspected: automated bug-summary or ordinary GitHub patch notification; excluded from the decision frame. Related evidence may still be followed from an eligible episode.
ant,<87r0nn47xy.fsf@v45346.1blu.de>,2m59bstb6vk3gkynkgp5jkh7wkff7kcj,https://lists.apache.org/api/source.lua?id=2m59bstb6vk3gkynkgp5jkh7wkff7kcj,2023-08-28T13:23:21+00:00,2023-08,Re: Future of Ivy and IvyDE,topic-7372b3d7c63f4cdf,2026-09-22,subject; body review retained at accepted September checkpoint,multiple_deliverables_candidate,"Ivy and IvyDE maintenance/retirement discussion extends from August 2023 into November 2024. Ivy retirement was explicitly abandoned after a PMC maintainer volunteered; split deliverables, preserve shared sources and earliest onset."
ant,<87msyb474f.fsf@v45346.1blu.de>,d1rlr45pj31wgkgpplrnpkcmdzmyz9wk,https://lists.apache.org/api/source.lua?id=d1rlr45pj31wgkgpplrnpkcmdzmyz9wk,2023-08-28T13:41:04+00:00,2023-08,Re: Future of Ivy and IvyDE,topic-7372b3d7c63f4cdf,2026-09-22,subject; body review retained at accepted September checkpoint,multiple_deliverables_candidate,"Ivy and IvyDE maintenance/retirement discussion extends from August 2023 into November 2024. Ivy retirement was explicitly abandoned after a PMC maintainer volunteered; split deliverables, preserve shared sources and earliest onset."
ant,<CACZkXPzLV5Wnx3U+qbx9WdEwVE4tKn365J0Ka=_DY7XH9GbYSA@mail.gmail.com>,t798j1r6dzkc5b65q60qwt8410lqcs55,https://lists.apache.org/api/source.lua?id=t798j1r6dzkc5b65q60qwt8410lqcs55,2023-08-28T13:44:33+00:00,2023-08,Re: Future of Ivy and IvyDE,topic-7372b3d7c63f4cdf,2026-09-22,subject; body review retained at accepted September checkpoint,multiple_deliverables_candidate,"Ivy and IvyDE maintenance/retirement discussion extends from August 2023 into November 2024. Ivy retirement was explicitly abandoned after a PMC maintainer volunteered; split deliverables, preserve shared sources and earliest onset."
ant,<DM6PR19MB3739B3A76B5F8E26031882FE85E0A@DM6PR19MB3739.namprd19.prod.outlook.com>,618swjtogfcthpvswg11d62wwd8df5gl,https://lists.apache.org/api/source.lua?id=618swjtogfcthpvswg11d62wwd8df5gl,2023-08-28T14:43:04+00:00,2023-08,RE: Future of Ivy and IvyDE,topic-7372b3d7c63f4cdf,2026-09-22,subject; body review retained at accepted September checkpoint,multiple_deliverables_candidate,"Ivy and IvyDE maintenance/retirement discussion extends from August 2023 into November 2024. Ivy retirement was explicitly abandoned after a PMC maintainer volunteered; split deliverables, preserve shared sources and earliest onset."
ant,<87jztegi03.fsf@v45346.1blu.de>,lhbc6mvh068dp7jx9r2o3rnjvfddovgn,https://lists.apache.org/api/source.lua?id=lhbc6mvh068dp7jx9r2o3rnjvfddovgn,2023-08-29T12:17:32+00:00,2023-08,Re: Future of Ivy and IvyDE,topic-7372b3d7c63f4cdf,2026-09-22,subject; body review retained at accepted September checkpoint,multiple_deliverables_candidate,"Ivy and IvyDE maintenance/retirement discussion extends from August 2023 into November 2024. Ivy retirement was explicitly abandoned after a PMC maintainer volunteered; split deliverables, preserve shared sources and earliest onset."
ant,<PR_kwDOATT2FM5ZHwB1@gitbox.apache.org>,l2ft84xdsnlpqkxvjt8hql1bk0jcdqjk,https://lists.apache.org/api/source.lua?id=l2ft84xdsnlpqkxvjt8hql1bk0jcdqjk,2023-08-30T09:40:43+00:00,2023-08,"[GitHub] [ant] sratz opened a new pull request, #203: bz-67082 fix unintended trimmed string output by pathconvert",topic-3e2cb7c78923ebf6,2026-10-04,subject only,excluded_automated_notification,Subject inspected: automated bug-summary or ordinary GitHub patch notification; excluded from the decision frame. Related evidence may still be followed from an eligible episode.
ant,<20230903071506.2F2BF6A0094@bz-he-de.apache.org>,rldv6ds13h5zt8142v0x4jol2wsvx5yn,https://lists.apache.org/api/source.lua?id=rldv6ds13h5zt8142v0x4jol2wsvx5yn,2023-09-03T07:15:01+00:00,2023-09,Bug report for Ant [2023/09/03],topic-beab9eff4b6b0aa6,2026-10-04,subject only,excluded_automated_notification,Subject inspected: automated bug-summary or ordinary GitHub patch notification; excluded from the decision frame. Related evidence may still be followed from an eligible episode.
ant,<35913106-012F-4768-9336-6AB44EEB0818@hibnet.org>,b78fcmdlgvodwrrcgjv33rwn3f20rjlw,https://lists.apache.org/api/source.lua?id=b78fcmdlgvodwrrcgjv33rwn3f20rjlw,2023-09-05T16:52:38+00:00,2023-09,Re: Future of Ivy and IvyDE,topic-7372b3d7c63f4cdf,2026-09-22,subject; body review retained at accepted September checkpoint,multiple_deliverables_candidate,"Ivy and IvyDE maintenance/retirement discussion extends from August 2023 into November 2024. Ivy retirement was explicitly abandoned after a PMC maintainer volunteered; split deliverables, preserve shared sources and earliest onset."
ant,<PR_kwDOATT2FM5ZHwB1-d4be10d2-30fc-410d-adce-58810213b045@gitbox.apache.org>,cc7t1ps6f3vlf6y4o7w7tcbgcxj5tj5c,https://lists.apache.org/api/source.lua?id=cc7t1ps6f3vlf6y4o7w7tcbgcxj5tj5c,2023-09-08T02:19:06+00:00,2023-09,[GitHub] [ant] jaikiran commented on pull request #203: bz-67082 fix unintended trimmed string output by pathconvert,topic-9036de49ae6f4117,2026-10-04,subject only,excluded_automated_notification,Subject inspected: automated bug-summary or ordinary GitHub patch notification; excluded from the decision frame. Related evidence may still be followed from an eligible episode.
ant,<PR_kwDOATT2FM5ZHwB1-ed807072-70be-4501-823b-8e4511c6f49d@gitbox.apache.org>,t7fwozpymbrggx54llr36zy327tz4wv1,https://lists.apache.org/api/source.lua?id=t7fwozpymbrggx54llr36zy327tz4wv1,2023-09-08T02:19:06+00:00,2023-09,[GitHub] [ant] jaikiran closed pull request #203: bz-67082 fix unintended trimmed string output by pathconvert,topic-20ec0f2e2eac3e74,2026-10-04,subject only,excluded_automated_notification,Subject inspected: automated bug-summary or ordinary GitHub patch notification; excluded from the decision frame. Related evidence may still be followed from an eligible episode.
ant,<3e2f89c0-67e5-08f4-df89-67dbef8c8527@apache.org>,ps4v2ropb1cv07cs1yt9xcmh0m82zlj4,https://lists.apache.org/api/source.lua?id=ps4v2ropb1cv07cs1yt9xcmh0m82zlj4,2023-09-08T05:45:25+00:00,2023-09,Need help with release versions in bugzilla,topic-d4c548456c799a16,2026-09-22,subject; body review retained at accepted September checkpoint,ordinary_maintenance,Bugzilla release-version update was already present before the request; requester acknowledged overlooking it. Administrator role is not established as foundation.
ant,<87h6o5w4fi.fsf@v45346.1blu.de>,nv0rbg0qct505prgfk5rd5t8sroddtfh,https://lists.apache.org/api/source.lua?id=nv0rbg0qct505prgfk5rd5t8sroddtfh,2023-09-08T06:43:29+00:00,2023-09,Re: Need help with release versions in bugzilla,topic-d4c548456c799a16,2026-09-22,subject; body review retained at accepted September checkpoint,ordinary_maintenance,Bugzilla release-version update was already present before the request; requester acknowledged overlooking it. Administrator role is not established as foundation.
ant,<20230910071504.E3EAC6A0094@bz-he-de.apache.org>,xycrlloxfg8yrhnb4gbyh8jqvh0trz27,https://lists.apache.org/api/source.lua?id=xycrlloxfg8yrhnb4gbyh8jqvh0trz27,2023-09-10T07:15:01+00:00,2023-09,Bug report for Ant [2023/09/10],topic-427ad18013fef45a,2026-10-04,subject only,excluded_automated_notification,Subject inspected: automated bug-summary or ordinary GitHub patch notification; excluded from the decision frame. Related evidence may still be followed from an eligible episode.
ant,<2706f0b1-fec4-cf03-178c-0833c6e70d33@apache.org>,qk9vjc4d1ykc1vgt0sd2jnsyor2b9vtr,https://lists.apache.org/api/source.lua?id=qk9vjc4d1ykc1vgt0sd2jnsyor2b9vtr,2023-09-11T15:50:32+00:00,2023-09,Re: Need help with release versions in bugzilla,topic-d4c548456c799a16,2026-09-22,subject; body review retained at accepted September checkpoint,ordinary_maintenance,Bugzilla release-version update was already present before the request; requester acknowledged overlooking it. Administrator role is not established as foundation.
ant,<PR_kwDOATT2FM5aCj4A@gitbox.apache.org>,hbs6v9p745y5z8yyl3bt7t4cngct35lf,https://lists.apache.org/api/source.lua?id=hbs6v9p745y5z8yyl3bt7t4cngct35lf,2023-09-11T16:03:20+00:00,2023-09,"[GitHub] [ant] jmichelberger opened a new pull request, #204: bz-66552 fix Depend task does not handle Dynamic constant pool entries - java.lang.ClassFormatError: Invalid Constant Pool entry Type 17",topic-6429fa671c78e020,2026-10-04,subject only,excluded_automated_notification,Subject inspected: automated bug-summary or ordinary GitHub patch notification; excluded from the decision frame. Related evidence may still be followed from an eligible episode.
ant,<PR_kwDOATT2FM5aCj4A-ae58346b-668f-47b1-acd0-05f615ad2775@gitbox.apache.org>,sx5x1hz7dx3cllp1ohnbchs2b5gf5d77,https://lists.apache.org/api/source.lua?id=sx5x1hz7dx3cllp1ohnbchs2b5gf5d77,2023-09-12T06:43:37+00:00,2023-09,[GitHub] [ant] asfgit closed pull request #204: bz-66552 fix Depend task does not handle Dynamic constant pool entries - java.lang.ClassFormatError: Invalid Constant Pool entry Type 17,topic-50aa610471952ea6,2026-10-04,subject only,excluded_automated_notification,Subject inspected: automated bug-summary or ordinary GitHub patch notification; excluded from the decision frame. Related evidence may still be followed from an eligible episode.
ant,<PR_kwDOATT2FM5aCj4A-7bee1ec8-c331-4a71-bf27-a8b685749cc6@gitbox.apache.org>,dtzymhbw7m1841bbmpf9hlpbwlfhqc00,https://lists.apache.org/api/source.lua?id=dtzymhbw7m1841bbmpf9hlpbwlfhqc00,2023-09-12T06:45:28+00:00,2023-09,[GitHub] [ant] jaikiran commented on pull request #204: bz-66552 fix Depend task does not handle Dynamic constant pool entries - java.lang.ClassFormatError: Invalid Constant Pool entry Type 17,topic-ae690c4765580394,2026-10-04,subject only,excluded_automated_notification,Subject inspected: automated bug-summary or ordinary GitHub patch notification; excluded from the decision frame. Related evidence may still be followed from an eligible episode.
ant,<PR_kwDOATT2FM5aOYW2@gitbox.apache.org>,037zknnktdb2ccf17cs3stxcmgg9mll9,https://lists.apache.org/api/source.lua?id=037zknnktdb2ccf17cs3stxcmgg9mll9,2023-09-13T11:31:12+00:00,2023-09,"[GitHub] [ant] mataha opened a new pull request, #205: Fix `--release` param check in bootstrap.bat",topic-64e9eea6427ea025,2026-10-04,subject only,excluded_automated_notification,Subject inspected: automated bug-summary or ordinary GitHub patch notification; excluded from the decision frame. Related evidence may still be followed from an eligible episode.
ant,<87zg1qoxyx.fsf@v45346.1blu.de>,ht40pp8ggzvrr1dzfpwohzm3ly6nj463,https://lists.apache.org/api/source.lua?id=ht40pp8ggzvrr1dzfpwohzm3ly6nj463,2023-09-13T16:10:46+00:00,2023-09,Re: Need help with release versions in bugzilla,topic-d4c548456c799a16,2026-09-22,subject; body review retained at accepted September checkpoint,ordinary_maintenance,Bugzilla release-version update was already present before the request; requester acknowledged overlooking it. Administrator role is not established as foundation.
ant,<PR_kwDOATT2FM5aOYW2-dc7eec69-14ad-4ae3-a7b3-b358816c39aa@gitbox.apache.org>,yd2k08dbm3pc0t7n3ojldyz49d1jhhp9,https://lists.apache.org/api/source.lua?id=yd2k08dbm3pc0t7n3ojldyz49d1jhhp9,2023-09-16T07:56:00+00:00,2023-09,[GitHub] [ant] jaikiran commented on pull request #205: Fix `--release` param check in bootstrap.bat,topic-418f701b83d0b600,2026-10-04,subject only,excluded_automated_notification,Subject inspected: automated bug-summary or ordinary GitHub patch notification; excluded from the decision frame. Related evidence may still be followed from an eligible episode.
ant,<PR_kwDOATT2FM5aOYW2-b08831e4-90a8-461a-b755-d9f8488ef8fe@gitbox.apache.org>,8sqd2g1dv3wq5gzvortzkw812yft0lg3,https://lists.apache.org/api/source.lua?id=8sqd2g1dv3wq5gzvortzkw812yft0lg3,2023-09-16T14:57:12+00:00,2023-09,[GitHub] [ant] mataha commented on pull request #205: Fix `--release` param check in bootstrap.bat,topic-dea1b6b1af8d6cf9,2026-10-04,subject only,excluded_automated_notification,Subject inspected: automated bug-summary or ordinary GitHub patch notification; excluded from the decision frame. Related evidence may still be followed from an eligible episode.
ant,<PR_kwDOATT2FM5aOYW2-7be8f8d5-9117-4e73-92f7-610331d68083@gitbox.apache.org>,qc72y8cmcdkmqv6t2w1wqhhnnosy0mpf,https://lists.apache.org/api/source.lua?id=qc72y8cmcdkmqv6t2w1wqhhnnosy0mpf,2023-09-16T18:07:56+00:00,2023-09,[GitHub] [ant] mataha commented on pull request #205: Fix `--release` param check in bootstrap.bat,topic-dea1b6b1af8d6cf9,2026-10-04,subject only,excluded_automated_notification,Subject inspected: automated bug-summary or ordinary GitHub patch notification; excluded from the decision frame. Related evidence may still be followed from an eligible episode.
ant,<PR_kwDOATT2FM5aOYW2-bc2dbf16-5e8f-4875-9606-e590b0b01cca@gitbox.apache.org>,5rkwwz9m0m2k26brc5zmdrf66mo7os4x,https://lists.apache.org/api/source.lua?id=5rkwwz9m0m2k26brc5zmdrf66mo7os4x,2023-09-17T01:23:14+00:00,2023-09,[GitHub] [ant] asfgit closed pull request #205: Fix `--release` param check in bootstrap.bat,topic-ef658bebfa52a5eb,2026-10-04,subject only,excluded_automated_notification,Subject inspected: automated bug-summary or ordinary GitHub patch notification; excluded from the decision frame. Related evidence may still be followed from an eligible episode.
ant,<PR_kwDOATT2FM5aOYW2-d12346c0-fb44-46e4-8a30-1b7d6e7afc81@gitbox.apache.org>,hvbppk01ko3wy549fjv6crpyh6poffgn,https://lists.apache.org/api/source.lua?id=hvbppk01ko3wy549fjv6crpyh6poffgn,2023-09-17T01:52:21+00:00,2023-09,[GitHub] [ant] jaikiran commented on pull request #205: Fix `--release` param check in bootstrap.bat,topic-418f701b83d0b600,2026-10-04,subject only,excluded_automated_notification,Subject inspected: automated bug-summary or ordinary GitHub patch notification; excluded from the decision frame. Related evidence may still be followed from an eligible episode.
ant,<20230917071506.12E636A0096@bz-he-de.apache.org>,2lt77fqh0rn4z5bjr3ngtfoo5bt3mvll,https://lists.apache.org/api/source.lua?id=2lt77fqh0rn4z5bjr3ngtfoo5bt3mvll,2023-09-17T07:15:01+00:00,2023-09,Bug report for Ant [2023/09/17],topic-941b7ebcbc00a90c,2026-10-04,subject only,excluded_automated_notification,Subject inspected: automated bug-summary or ordinary GitHub patch notification; excluded from the decision frame. Related evidence may still be followed from an eligible episode.
ant,<PR_kwDOATT2FM5aOYW2-fc16007c-33bd-45d7-bd1a-0a2ca6ff24c5@gitbox.apache.org>,xkhbbs96zphcobzw4nzdqr7544vh0nrs,https://lists.apache.org/api/source.lua?id=xkhbbs96zphcobzw4nzdqr7544vh0nrs,2023-09-17T15:34:12+00:00,2023-09,[GitHub] [ant] mataha commented on pull request #205: Fix `--release` param check in bootstrap.bat,topic-dea1b6b1af8d6cf9,2026-10-04,subject only,excluded_automated_notification,Subject inspected: automated bug-summary or ordinary GitHub patch notification; excluded from the decision frame. Related evidence may still be followed from an eligible episode.
ant,<20230924071507.7A1336A0094@bz-he-de.apache.org>,zmbl5fn7jq2h6wm8yld6twd0f9bv56dz,https://lists.apache.org/api/source.lua?id=zmbl5fn7jq2h6wm8yld6twd0f9bv56dz,2023-09-24T07:15:01+00:00,2023-09,Bug report for Ant [2023/09/24],topic-94225903e5135903,2026-10-04,subject only,excluded_automated_notification,Subject inspected: automated bug-summary or ordinary GitHub patch notification; excluded from the decision frame. Related evidence may still be followed from an eligible episode.
ant,<CANDwYved4r6Lzq-nOwB+8RjJQ+ubiGWcmjVJA1bDmq=NJM9ObA@mail.gmail.com>,q3zx35jszgbn9stlhwbwmwkvzd6wpgrq,https://lists.apache.org/api/source.lua?id=q3zx35jszgbn9stlhwbwmwkvzd6wpgrq,2023-09-28T21:16:30+00:00,2023-09,Re: [ANNOUNCE] Apache Ant 1.10.14 released,topic-b651c1351459c196,2026-10-04,subject and complete plain-text bodies; follow-up pending,release_family_followup_pending,"Ant 1.10.14: August 12 planning, August 16 formal vote, August 20 passage, August 21 announcement; September replies concern launcher regression. One release deliverable; Java changes are external dependency context, not foundation conduct."
ant,<d51f2d12-1856-4b5a-9a2e-ab3246f44a3d@apache.org>,qs7jwnbtfn4lrp5o2wrrgox4sqgbnyw9,https://lists.apache.org/api/source.lua?id=qs7jwnbtfn4lrp5o2wrrgox4sqgbnyw9,2023-09-29T05:06:56+00:00,2023-09,Re: [ANNOUNCE] Apache Ant 1.10.14 released,topic-b651c1351459c196,2026-10-04,subject and complete plain-text bodies; follow-up pending,release_family_followup_pending,"Ant 1.10.14: August 12 planning, August 16 formal vote, August 20 passage, August 21 announcement; September replies concern launcher regression. One release deliverable; Java changes are external dependency context, not foundation conduct."
ant,<20231001071504.D09D06A0094@bz-he-de.apache.org>,vqnp3n7gycwlhg1wcjdc90twojk4lob9,https://lists.apache.org/api/source.lua?id=vqnp3n7gycwlhg1wcjdc90twojk4lob9,2023-10-01T07:15:01+00:00,2023-10,Bug report for Ant [2023/10/01],topic-c972141ba8b00496,2026-10-04,subject only,excluded_automated_notification,Subject inspected: automated bug-summary or ordinary GitHub patch notification; excluded from the decision frame. Related evidence may still be followed from an eligible episode.
ant,<CAOQrJk4U6CRf=W6cjhKWDe4XbSDCxTnczrXbS1rNZ=mvxB_xPA@mail.gmail.com>,53fs4szxy52sgz5vsd1l45yhw2kqjfdq,https://lists.apache.org/api/source.lua?id=53fs4szxy52sgz5vsd1l45yhw2kqjfdq,2023-10-01T08:50:37+00:00,2023-10,Need help with Ant tests,topic-43d75af61c362ab0,2026-10-04,subject and complete plain-text bodies; follow-up pending,excluded_user_support,"RAT AntUnit troubleshooting and a repair PR; delayed volunteer response is self-report, not a foundation service decision."
ant,<20231008071508.1F19E6A0096@bz-he-de.apache.org>,qszwybw6omll8qp51bjlsg56t36zvw5h,https://lists.apache.org/api/source.lua?id=qszwybw6omll8qp51bjlsg56t36zvw5h,2023-10-08T07:15:01+00:00,2023-10,Bug report for Ant [2023/10/08],topic-e4fba6e341e6a06e,2026-10-04,subject only,excluded_automated_notification,Subject inspected: automated bug-summary or ordinary GitHub patch notification; excluded from the decision frame. Related evidence may still be followed from an eligible episode.
ant,<20231015071505.C93A86A0096@bz-he-de.apache.org>,r9koxm3ovx357t7jvl032mxg9ssfo6bd,https://lists.apache.org/api/source.lua?id=r9koxm3ovx357t7jvl032mxg9ssfo6bd,2023-10-15T07:15:01+00:00,2023-10,Bug report for Ant [2023/10/15],topic-bee0bfd6f7ee890b,2026-10-04,subject only,excluded_automated_notification,Subject inspected: automated bug-summary or ordinary GitHub patch notification; excluded from the decision frame. Related evidence may still be followed from an eligible episode.
ant,<SA1PR10MB769955415EE4257C1FE64EF5FCDBA@SA1PR10MB7699.namprd10.prod.outlook.com>,99fg1g76hk2yoxh7hrqvv6vpqopprwss,https://lists.apache.org/api/source.lua?id=99fg1g76hk2yoxh7hrqvv6vpqopprwss,2023-10-20T09:35:32+00:00,2023-10,"JDK 21 Is Now GA, a New VS Code Extension, and an Annotation Processing Heads-up",topic-0a4dc4739e34aca6,2026-10-04,subject only,body_pending,Subject inspected and retained for ambiguity/context review; no final eligibility decision from the title.
ant,<20231022071504.D06BF6A0094@bz-he-de.apache.org>,n974ynb258kg5ljt5zg5x8sv2zrxrfml,https://lists.apache.org/api/source.lua?id=n974ynb258kg5ljt5zg5x8sv2zrxrfml,2023-10-22T07:15:01+00:00,2023-10,Bug report for Ant [2023/10/22],topic-0cc48d064031b05e,2026-10-04,subject only,excluded_automated_notification,Subject inspected: automated bug-summary or ordinary GitHub patch notification; excluded from the decision frame. Related evidence may still be followed from an eligible episode.
ant,<5fe02778-99da-4a54-b247-adc37cb2bc85@apache.org>,r7qz23g8rztc5x7x3lhj15dd22vryy2k,https://lists.apache.org/api/source.lua?id=r7qz23g8rztc5x7x3lhj15dd22vryy2k,2023-10-29T01:26:18+00:00,2023-10,"Re: JDK 21 Is Now GA, a New VS Code Extension, and an Annotation Processing Heads-up",topic-0a4dc4739e34aca6,2026-10-04,subject only,body_pending,Subject inspected and retained for ambiguity/context review; no final eligibility decision from the title.
ant,<20231029071505.314366A0094@bz-he-de.apache.org>,xtyhkzjglg0k6jph8tvm9n6topw233fg,https://lists.apache.org/api/source.lua?id=xtyhkzjglg0k6jph8tvm9n6topw233fg,2023-10-29T07:15:01+00:00,2023-10,Bug report for Ant [2023/10/29],topic-50ee14dcee8ef736,2026-10-04,subject only,excluded_automated_notification,Subject inspected: automated bug-summary or ordinary GitHub patch notification; excluded from the decision frame. Related evidence may still be followed from an eligible episode.
ant,<CADywoPjJamZoU6vc_x+UkL3Vitb8f2qMtQ1jYDmPEw47LHuy_g@mail.gmail.com>,8n7f0835yzypfy5jgypljc6sqw62j3tq,https://lists.apache.org/api/source.lua?id=8n7f0835yzypfy5jgypljc6sqw62j3tq,2023-10-30T17:06:16+00:00,2023-10,Call for Presentations now open: Community over Code EU 2024,topic-1db109b9b277782e,2026-10-04,subject only,excluded_event_announcement,"Subject inspected: conference, travel-application, presentation, or anniversary campaign announcement; no named PMC decision in the title."
ant,<20231105071505.4C3B66A0094@bz-he-de.apache.org>,r7t3x7wwcznl52ss2ln978n2rwk261o8,https://lists.apache.org/api/source.lua?id=r7t3x7wwcznl52ss2ln978n2rwk261o8,2023-11-05T07:15:01+00:00,2023-11,Bug report for Ant [2023/11/05],topic-273ae9361eb46e57,2026-10-04,subject only,excluded_automated_notification,Subject inspected: automated bug-summary or ordinary GitHub patch notification; excluded from the decision frame. Related evidence may still be followed from an eligible episode.
ant,<PR_kwDOATT2FM5Xz_LL-b0bb5efe-eb36-4241-85a6-d2731c099d88@gitbox.apache.org>,1t9303dzrrgbx660xk585h86m8vn271y,https://lists.apache.org/api/source.lua?id=1t9303dzrrgbx660xk585h86m8vn271y,2023-11-06T01:46:15+00:00,2023-11,Re: [PR] Bump xalan:xalan from 2.7.2 to 2.7.3 in /src/etc/poms/ant-junit [ant],topic-a0afbcbbd01d34e3,2026-10-04,subject only,excluded_ordinary_patch,"Subject inspected: ordinary implementation/documentation patch, not a formal vote or directed foundation-project decision proposal."
ant,<20231112071504.A13166A0094@bz-he-de.apache.org>,z37hfmg0l36zx12995j2hjn2s0h9868l,https://lists.apache.org/api/source.lua?id=z37hfmg0l36zx12995j2hjn2s0h9868l,2023-11-12T07:15:01+00:00,2023-11,Bug report for Ant [2023/11/12],topic-6eb1729d59a5f165,2026-10-04,subject only,excluded_automated_notification,Subject inspected: automated bug-summary or ordinary GitHub patch notification; excluded from the decision frame. Related evidence may still be followed from an eligible episode.
ant,<PR_kwDOATT2FM5fjgjy@gitbox.apache.org>,xhck5dhf25zd7xdcozhgoq3jz7m7fpt2,https://lists.apache.org/api/source.lua?id=xhck5dhf25zd7xdcozhgoq3jz7m7fpt2,2023-11-15T19:45:04+00:00,2023-11,[PR] Throw BuildExceptions in ReplaceRegExp for IOExceptions and missing files [ant],topic-b940dbbd31ad1d1e,2026-10-04,subject only,excluded_automated_notification,Subject inspected: automated bug-summary or ordinary GitHub patch notification; excluded from the decision frame. Related evidence may still be followed from an eligible episode.
ant,<PR_kwDOATT2FM5fjgjy-d20527dd-82c0-4025-aa3b-b1d725ff1756@gitbox.apache.org>,427949w1jvts780vyvls43kromx77s95,https://lists.apache.org/api/source.lua?id=427949w1jvts780vyvls43kromx77s95,2023-11-16T17:51:38+00:00,2023-11,Re: [PR] Throw BuildExceptions in ReplaceRegExp for IOExceptions and missing files [ant],topic-b940dbbd31ad1d1e,2026-10-04,subject only,excluded_ordinary_patch,"Subject inspected: ordinary implementation/documentation patch, not a formal vote or directed foundation-project decision proposal."
ant,<PR_kwDOATT2FM5fjgjy-3875d03a-b896-46d3-8468-2e77c0f475bc@gitbox.apache.org>,wt71jqf41d5t1dm6mgpn3ctf6ndx0cll,https://lists.apache.org/api/source.lua?id=wt71jqf41d5t1dm6mgpn3ctf6ndx0cll,2023-11-16T18:31:54+00:00,2023-11,Re: [PR] Throw BuildExceptions in ReplaceRegExp for IOExceptions and missing files [ant],topic-b940dbbd31ad1d1e,2026-10-04,subject only,excluded_ordinary_patch,"Subject inspected: ordinary implementation/documentation patch, not a formal vote or directed foundation-project decision proposal."
ant,<PR_kwDOATT2FM5fjgjy-76aadd9d-f71c-41f0-bdd1-665414a328c4@gitbox.apache.org>,9lzpjwswjdn12f0xx5ojz6y03fl305jb,https://lists.apache.org/api/source.lua?id=9lzpjwswjdn12f0xx5ojz6y03fl305jb,2023-11-16T20:26:08+00:00,2023-11,Re: [PR] Throw BuildExceptions in ReplaceRegExp for IOExceptions and missing files [ant],topic-b940dbbd31ad1d1e,2026-10-04,subject only,excluded_ordinary_patch,"Subject inspected: ordinary implementation/documentation patch, not a formal vote or directed foundation-project decision proposal."
ant,<PR_kwDOATT2FM5fjgjy-7370426a-94f8-45a3-910f-7433ad557186@gitbox.apache.org>,qfoxxckm7kltfv5grdt88xlszygg3t1h,https://lists.apache.org/api/source.lua?id=qfoxxckm7kltfv5grdt88xlszygg3t1h,2023-11-16T20:26:14+00:00,2023-11,Re: [PR] Throw BuildExceptions in ReplaceRegExp for IOExceptions and missing files [ant],topic-b940dbbd31ad1d1e,2026-10-04,subject only,excluded_ordinary_patch,"Subject inspected: ordinary implementation/documentation patch, not a formal vote or directed foundation-project decision proposal."
ant,<PR_kwDOATT2FM5fjgjy-4e904027-3e7a-4c29-8b26-9c51037ceabc@gitbox.apache.org>,f3fv532r2skxh3rjf7mb7os9tcs2zyz8,https://lists.apache.org/api/source.lua?id=f3fv532r2skxh3rjf7mb7os9tcs2zyz8,2023-11-16T21:10:46+00:00,2023-11,Re: [PR] Throw BuildExceptions in ReplaceRegExp for IOExceptions and missing files [ant],topic-b940dbbd31ad1d1e,2026-10-04,subject only,excluded_ordinary_patch,"Subject inspected: ordinary implementation/documentation patch, not a formal vote or directed foundation-project decision proposal."
ant,<MW5PR16MB48489DE7658E108A7261D88B91B7A@MW5PR16MB4848.namprd16.prod.outlook.com>,j2gw1rt1xl9f4126cmhqb9gd2oz51c4k,https://lists.apache.org/api/source.lua?id=j2gw1rt1xl9f4126cmhqb9gd2oz51c4k,2023-11-17T22:05:16+00:00,2023-11,Issues with how Ivy processes maven dependency management dependencies compared to adding a classifier key,topic-936778472cfc2862,2026-10-04,subject and complete plain-text bodies; follow-up pending,service_candidate_followup_pending,"Ordinary classifier patch discussion contains a separate February 2024 Jira self-service rejection, proposed Infra escalation, reported repair, and maintainer account approval. Technical patch and account access are different deliverables; actual Infra request/receiver record and dated authority remain missing."
ant,<20231119071507.1AC9B6A0096@bz-he-de.apache.org>,h7lzc77pt6w8wbf6myym6lpvwst52b0k,https://lists.apache.org/api/source.lua?id=h7lzc77pt6w8wbf6myym6lpvwst52b0k,2023-11-19T07:15:01+00:00,2023-11,Bug report for Ant [2023/11/19],topic-b869497b1c16db95,2026-10-04,subject only,excluded_automated_notification,Subject inspected: automated bug-summary or ordinary GitHub patch notification; excluded from the decision frame. Related evidence may still be followed from an eligible episode.
ant,<878r6uaxkj.fsf@v45346.1blu.de>,rqmqn0sykh8k7g2kywlsl7oqv50g4b4y,https://lists.apache.org/api/source.lua?id=rqmqn0sykh8k7g2kywlsl7oqv50g4b4y,2023-11-19T09:42:36+00:00,2023-11,Re: Need help with Ant tests,topic-43d75af61c362ab0,2026-10-04,subject and complete plain-text bodies; follow-up pending,excluded_user_support,"RAT AntUnit troubleshooting and a repair PR; delayed volunteer response is self-report, not a foundation service decision."
ant,<87leauoy8u.fsf@v45346.1blu.de>,4ltjvbgskbv4qk2g6kxk0w86xrgs3nl1,https://lists.apache.org/api/source.lua?id=4ltjvbgskbv4qk2g6kxk0w86xrgs3nl1,2023-11-19T10:04:17+00:00,2023-11,Re: Issues with how Ivy processes maven dependency management dependencies compared to adding a classifier key,topic-936778472cfc2862,2026-10-04,subject and complete plain-text bodies; follow-up pending,service_candidate_followup_pending,"Ordinary classifier patch discussion contains a separate February 2024 Jira self-service rejection, proposed Infra escalation, reported repair, and maintainer account approval. Technical patch and account access are different deliverables; actual Infra request/receiver record and dated authority remain missing."
ant,<87bkbp3bpd.fsf_-_@v45346.1blu.de>,zktymo3ymmkk5wdy7pqzdnlk9dzzh9qm,https://lists.apache.org/api/source.lua?id=zktymo3ymmkk5wdy7pqzdnlk9dzzh9qm,2023-11-19T17:16:46+00:00,2023-11,Trying my hands at an ivy-updatesite (was Re: Future of Ivy and IvyDE),topic-71d6e7dc02ea1979,2026-09-22,subject; body review retained at accepted September checkpoint,release_followup,Ivy update-site build/test discussion is linked to retirement deliberations but does not open a formal release vote. Preserve as context with a separately identifiable technical deliverable.
ant,<877cmd3ao2.fsf@v45346.1blu.de>,8nw2lmr4y59vmjj225mrjp6qzl6cywsk,https://lists.apache.org/api/source.lua?id=8nw2lmr4y59vmjj225mrjp6qzl6cywsk,2023-11-19T17:39:09+00:00,2023-11,[VOTE] Send IvyDE to the Apache Attic,topic-e69359849fbcf554,2026-09-22,subject; body review retained at accepted September checkpoint,governance_candidate,"Original IvyDE Attic proposal; keep with corrected retirement vote and result, not an independent family or observed Board decision."
ant,<8734x13ajs.fsf@v45346.1blu.de>,3yrmz39h52jwb04sotpcw9cllpg8khd6,https://lists.apache.org/api/source.lua?id=3yrmz39h52jwb04sotpcw9cllpg8khd6,2023-11-19T17:41:43+00:00,2023-11,Re: [VOTE] Send IvyDE to the Apache Attic,topic-e69359849fbcf554,2026-09-22,subject; body review retained at accepted September checkpoint,governance_candidate,"Original IvyDE Attic proposal; keep with corrected retirement vote and result, not an independent family or observed Board decision."
ant,<a2867c75-60f0-483a-b1c6-2c09adb6aac3@apache.org>,ol37w900bys4hwtqofk2o5c46lm1cnbw,https://lists.apache.org/api/source.lua?id=ol37w900bys4hwtqofk2o5c46lm1cnbw,2023-11-20T03:50:20+00:00,2023-11,Re: [VOTE] Send IvyDE to the Apache Attic,topic-e69359849fbcf554,2026-09-22,subject; body review retained at accepted September checkpoint,governance_candidate,"Original IvyDE Attic proposal; keep with corrected retirement vote and result, not an independent family or observed Board decision."
ant,<ea133f93-95f5-43a1-93bd-e409a5e843e4@famkruithof.net>,md3w96fgvggvn66702h3t87blj79d9vv,https://lists.apache.org/api/source.lua?id=md3w96fgvggvn66702h3t87blj79d9vv,2023-11-20T06:18:28+00:00,2023-11,Re: [VOTE] Send IvyDE to the Apache Attic,topic-e69359849fbcf554,2026-09-22,subject; body review retained at accepted September checkpoint,governance_candidate,"Original IvyDE Attic proposal; keep with corrected retirement vote and result, not an independent family or observed Board decision."
ant,<B3AA3A4C-BCD9-46EA-922F-75135D7FBEA9@hibnet.org>,0tfysmxtcf0c19g2wsnj69yr3yy1vbk6,https://lists.apache.org/api/source.lua?id=0tfysmxtcf0c19g2wsnj69yr3yy1vbk6,2023-11-20T14:28:26+00:00,2023-11,Re: Trying my hands at an ivy-updatesite (was Re: Future of Ivy and IvyDE),topic-71d6e7dc02ea1979,2026-09-22,subject; body review retained at accepted September checkpoint,release_followup,Ivy update-site build/test discussion is linked to retirement deliberations but does not open a formal release vote. Preserve as context with a separately identifiable technical deliverable.
ant,<2911E265-8DAB-4C35-BFAA-750BAE2E679A@hibnet.org>,tb1xxp25c2bfmtkjh7vdr2g22kv8tjol,https://lists.apache.org/api/source.lua?id=tb1xxp25c2bfmtkjh7vdr2g22kv8tjol,2023-11-20T14:35:19+00:00,2023-11,Re: [VOTE] Send IvyDE to the Apache Attic,topic-e69359849fbcf554,2026-09-22,subject; body review retained at accepted September checkpoint,governance_candidate,"Original IvyDE Attic proposal; keep with corrected retirement vote and result, not an independent family or observed Board decision."
ant,<0c0e6fb4-e5b5-6061-989c-4283136eac39@alaska.gov>,r5oy5p5o5mqbyq0zxmy21thf76b865cm,https://lists.apache.org/api/source.lua?id=r5oy5p5o5mqbyq0zxmy21thf76b865cm,2023-11-20T20:53:20+00:00,2023-11,Re: Trying my hands at an ivy-updatesite (was Re: Future of Ivy and IvyDE),topic-71d6e7dc02ea1979,2026-09-22,subject; body review retained at accepted September checkpoint,release_followup,Ivy update-site build/test discussion is linked to retirement deliberations but does not open a formal release vote. Preserve as context with a separately identifiable technical deliverable.
ant,<CABLdh4YvOcfy8QD9AkOoF-q36uQZzT6+qd=f5BSYm4v8Kp_nAA@mail.gmail.com>,9hl7swsqv59px03f00hf1941qf8c892c,https://lists.apache.org/api/source.lua?id=9hl7swsqv59px03f00hf1941qf8c892c,2023-11-21T04:14:25+00:00,2023-11,Packaging ivy with Eclipse,topic-48361e2cb6c8f1df,2026-10-04,subject and complete plain-text bodies; follow-up pending,excluded_user_support,Question about packaging Ivy with Eclipse and informal licensing opinion; no requested or exercised foundation authorization is identified. No legal conclusion is coded.
ant,<38285780.3395507.1700555639680@mail.yahoo.com>,5bqywl9s1pnkjvs773sz9hjcp4pcynfs,https://lists.apache.org/api/source.lua?id=5bqywl9s1pnkjvs773sz9hjcp4pcynfs,2023-11-21T08:33:59+00:00,2023-11,Re: [VOTE] Send IvyDE to the Apache Attic,topic-e69359849fbcf554,2026-09-22,subject; body review retained at accepted September checkpoint,governance_candidate,"Original IvyDE Attic proposal; keep with corrected retirement vote and result, not an independent family or observed Board decision."
ant,<CAFCRh--VAmuJLDJDk0_Ba2jPp+LBp-k2GTa0EYpXtafYR98JiA@mail.gmail.com>,xovvvddr3swdzby3r3k2q4v1t5np2yb5,https://lists.apache.org/api/source.lua?id=xovvvddr3swdzby3r3k2q4v1t5np2yb5,2023-11-21T08:35:58+00:00,2023-11,Re: [VOTE] Send IvyDE to the Apache Attic,topic-e69359849fbcf554,2026-09-22,subject; body review retained at accepted September checkpoint,governance_candidate,"Original IvyDE Attic proposal; keep with corrected retirement vote and result, not an independent family or observed Board decision."
ant,<875y1vnpzn.fsf@v45346.1blu.de>,xzo4y5qhonfnwg18sokq40klc5x0k2ro,https://lists.apache.org/api/source.lua?id=xzo4y5qhonfnwg18sokq40klc5x0k2ro,2023-11-21T14:24:44+00:00,2023-11,Re: Packaging ivy with Eclipse,topic-48361e2cb6c8f1df,2026-10-04,subject and complete plain-text bodies; follow-up pending,excluded_user_support,Question about packaging Ivy with Eclipse and informal licensing opinion; no requested or exercised foundation authorization is identified. No legal conclusion is coded.
ant,<878r6p1xqs.fsf@v45346.1blu.de>,2xoo59h0p9m9rly13xbkc9hccloqwsmt,https://lists.apache.org/api/source.lua?id=2xoo59h0p9m9rly13xbkc9hccloqwsmt,2023-11-22T17:52:43+00:00,2023-11,Re: [VOTE] Send IvyDE to the Apache Attic,topic-e69359849fbcf554,2026-09-22,subject; body review retained at accepted September checkpoint,governance_candidate,"Original IvyDE Attic proposal; keep with corrected retirement vote and result, not an independent family or observed Board decision."
ant,<874jhd1xip.fsf@v45346.1blu.de>,1wq32t57xtjcpd11nlj53fqfhdkjn15g,https://lists.apache.org/api/source.lua?id=1wq32t57xtjcpd11nlj53fqfhdkjn15g,2023-11-22T17:57:34+00:00,2023-11,[RESULT] Send IvyDE to the Apache Attic,topic-c19afd175af8cf8e,2026-09-22,subject; body review retained at accepted September checkpoint,governance_candidate,"Initial vote passed, then proposer explicitly corrected the inapplicable Attic route and required a new local vote. Self-correction does not identify a foundation intervention."
ant,<87zfz5q6px.fsf@v45346.1blu.de>,0vs2k2lxolt2vor727och72hxfzfps85,https://lists.apache.org/api/source.lua?id=0vs2k2lxolt2vor727och72hxfzfps85,2023-11-23T07:17:14+00:00,2023-11,Re: [RESULT] Send IvyDE to the Apache Attic,topic-c19afd175af8cf8e,2026-09-22,subject; body review retained at accepted September checkpoint,governance_candidate,"Initial vote passed, then proposer explicitly corrected the inapplicable Attic route and required a new local vote. Self-correction does not identify a foundation intervention."
ant,<87v89tq6mg.fsf@v45346.1blu.de>,f8yfh8hqbchntsd7g7ycjcqvc157ymfv,https://lists.apache.org/api/source.lua?id=f8yfh8hqbchntsd7g7ycjcqvc157ymfv,2023-11-23T07:19:19+00:00,2023-11,[VOTE] Retire the IvyDE Subproject,topic-754b30198bbbb341,2026-09-22,subject; body review retained at accepted September checkpoint,governance_candidate,Replacement IvyDE retirement vote invokes existing Ant PMC process. Same deliverable as original Attic proposal; not a second independent family.
ant,<3ec6f553-facd-401c-8b1c-cda2cff1ca4e@apache.org>,33nl7xgw2fwhzz6n7lq1m61f0plto0r0,https://lists.apache.org/api/source.lua?id=33nl7xgw2fwhzz6n7lq1m61f0plto0r0,2023-11-23T07:54:37+00:00,2023-11,Re: [VOTE] Retire the IvyDE Subproject,topic-754b30198bbbb341,2026-09-22,subject; body review retained at accepted September checkpoint,governance_candidate,Replacement IvyDE retirement vote invokes existing Ant PMC process. Same deliverable as original Attic proposal; not a second independent family.
ant,<CAFCRh-9+DwZwtuANmgZ3_ubAmeR_002WXnwQamPv=SZium9DGA@mail.gmail.com>,42b8mdqz91x7bz4yhdvxgs5t3lxz9jpz,https://lists.apache.org/api/source.lua?id=42b8mdqz91x7bz4yhdvxgs5t3lxz9jpz,2023-11-23T09:29:24+00:00,2023-11,Re: [VOTE] Retire the IvyDE Subproject,topic-754b30198bbbb341,2026-09-22,subject; body review retained at accepted September checkpoint,governance_candidate,Replacement IvyDE retirement vote invokes existing Ant PMC process. Same deliverable as original Attic proposal; not a second independent family.
ant,<A815F423-E94F-42AD-8594-B121E6C30F74@hibnet.org>,ws0b516w2v5l3xj9714zcy45h60lflk8,https://lists.apache.org/api/source.lua?id=ws0b516w2v5l3xj9714zcy45h60lflk8,2023-11-23T17:08:31+00:00,2023-11,Re: [VOTE] Retire the IvyDE Subproject,topic-754b30198bbbb341,2026-09-22,subject; body review retained at accepted September checkpoint,governance_candidate,Replacement IvyDE retirement vote invokes existing Ant PMC process. Same deliverable as original Attic proposal; not a second independent family.
ant,<869543697.3984808.1700776131780@mail.yahoo.com>,scv1hxvoozs2jcwj27k2kg8jhyj4jjqs,https://lists.apache.org/api/source.lua?id=scv1hxvoozs2jcwj27k2kg8jhyj4jjqs,2023-11-23T21:48:51+00:00,2023-11,Re: [VOTE] Retire the IvyDE Subproject,topic-754b30198bbbb341,2026-09-22,subject; body review retained at accepted September checkpoint,governance_candidate,Replacement IvyDE retirement vote invokes existing Ant PMC process. Same deliverable as original Attic proposal; not a second independent family.
ant,<0d941b5b-ad95-44bb-b924-9b2549a043a6@famkruithof.net>,yxdqyc63k5tt197dpg1g730pzft569qb,https://lists.apache.org/api/source.lua?id=yxdqyc63k5tt197dpg1g730pzft569qb,2023-11-23T21:57:53+00:00,2023-11,Re: [VOTE] Retire the IvyDE Subproject,topic-754b30198bbbb341,2026-09-22,subject; body review retained at accepted September checkpoint,governance_candidate,Replacement IvyDE retirement vote invokes existing Ant PMC process. Same deliverable as original Attic proposal; not a second independent family.
ant,<20231126071505.8856B6A0094@bz-he-de.apache.org>,kcw8x7z38zrnnf381ccvk4yvq9xg3nvf,https://lists.apache.org/api/source.lua?id=kcw8x7z38zrnnf381ccvk4yvq9xg3nvf,2023-11-26T07:15:01+00:00,2023-11,Bug report for Ant [2023/11/26],topic-e7bcd155ebca394c,2026-10-04,subject only,excluded_automated_notification,Subject inspected: automated bug-summary or ordinary GitHub patch notification; excluded from the decision frame. Related evidence may still be followed from an eligible episode.
ant,<87jzq4y210.fsf@v45346.1blu.de>,wo32q8s8o8z9m126gz3m533q2fnqq21o,https://lists.apache.org/api/source.lua?id=wo32q8s8o8z9m126gz3m533q2fnqq21o,2023-11-26T15:20:27+00:00,2023-11,[RESULT] Retire the IvyDE Subproject,topic-9cb0a09162a705bf,2026-09-22,subject; body review retained at accepted September checkpoint,governance_candidate,Local retirement result passed; follow-up cites INFRA-25209 and INFRA-25210. Both currently require login; do not infer receiver action from their existence.
ant,<87fs0sy08o.fsf@v45346.1blu.de>,35nz4p52odn960w5fon5jbklwtz2bgdd,https://lists.apache.org/api/source.lua?id=35nz4p52odn960w5fon5jbklwtz2bgdd,2023-11-26T15:59:03+00:00,2023-11,Re: [RESULT] Retire the IvyDE Subproject,topic-9cb0a09162a705bf,2026-09-22,subject; body review retained at accepted September checkpoint,governance_candidate,Local retirement result passed; follow-up cites INFRA-25209 and INFRA-25210. Both currently require login; do not infer receiver action from their existence.
ant,<87bkbgxzok.fsf@v45346.1blu.de>,ww9njd53ct1lf2yk8f2dc6j7490x4tvl,https://lists.apache.org/api/source.lua?id=ww9njd53ct1lf2yk8f2dc6j7490x4tvl,2023-11-26T16:11:07+00:00,2023-11,[ANN] Apache IvyDE Retired,topic-ca48674c30367e05,2026-10-04,subject and complete plain-text bodies; follow-up pending,governance_family_followup_pending,Retirement announcement explicitly links the November 26 IvyDE vote. Retain as follow-up to the existing retirement candidate; do not create another retirement or independently infer Infra execution.
ant,<87zfz0l78l.fsf@v45346.1blu.de>,1ffzddk1pnccmyzw7knxoy4s3dl8pwsc,https://lists.apache.org/api/source.lua?id=1ffzddk1pnccmyzw7knxoy4s3dl8pwsc,2023-11-26T18:06:18+00:00,2023-11,Re: Need help with Ant tests,topic-43d75af61c362ab0,2026-10-04,subject and complete plain-text bodies; follow-up pending,excluded_user_support,"RAT AntUnit troubleshooting and a repair PR; delayed volunteer response is self-report, not a foundation service decision."
ant,<20231203071506.944ED6A0096@bz-he-de.apache.org>,59wlc0h19nmbq5xqhspq8jhxdd2h409s,https://lists.apache.org/api/source.lua?id=59wlc0h19nmbq5xqhspq8jhxdd2h409s,2023-12-03T07:15:01+00:00,2023-12,Bug report for Ant [2023/12/03],topic-5ca0e0a62e3b7838,2026-10-04,subject only,excluded_automated_notification,Subject inspected: automated bug-summary or ordinary GitHub patch notification; excluded from the decision frame. Related evidence may still be followed from an eligible episode.
ant,<pony-d9075537-04f1-4737-b7db-f831dcb0d544-dev@ant.apache.org>,pxxz4g9mdtlso7r2fvqz28f1lpj1rnhb,https://lists.apache.org/api/source.lua?id=pxxz4g9mdtlso7r2fvqz28f1lpj1rnhb,2023-12-04T16:15:51+00:00,2023-12,Re: Future of Ivy and IvyDE,topic-7372b3d7c63f4cdf,2026-09-22,subject; body review retained at accepted September checkpoint,multiple_deliverables_candidate,"Ivy and IvyDE maintenance/retirement discussion extends from August 2023 into November 2024. Ivy retirement was explicitly abandoned after a PMC maintainer volunteered; split deliverables, preserve shared sources and earliest onset."
ant,<CA+-7m9r2t+LdoX4k0wYOA8-DjGpGpf65=QRzB+mCoWThPAsJZw@mail.gmail.com>,09p11qo0q8mrsg0rbyywh92s1g5txzqq,https://lists.apache.org/api/source.lua?id=09p11qo0q8mrsg0rbyywh92s1g5txzqq,2023-12-04T19:02:39+00:00,2023-12,Re: Future of Ivy and IvyDE,topic-7372b3d7c63f4cdf,2026-09-22,subject; body review retained at accepted September checkpoint,multiple_deliverables_candidate,"Ivy and IvyDE maintenance/retirement discussion extends from August 2023 into November 2024. Ivy retirement was explicitly abandoned after a PMC maintainer volunteered; split deliverables, preserve shared sources and earliest onset."
ant,<8734whg0i4.fsf@v45346.1blu.de>,9mw3k72nhdyybk1n3r95wz6ftfyodg8q,https://lists.apache.org/api/source.lua?id=9mw3k72nhdyybk1n3r95wz6ftfyodg8q,2023-12-04T20:45:39+00:00,2023-12,Re: Future of Ivy and IvyDE,topic-7372b3d7c63f4cdf,2026-09-22,subject; body review retained at accepted September checkpoint,multiple_deliverables_candidate,"Ivy and IvyDE maintenance/retirement discussion extends from August 2023 into November 2024. Ivy retirement was explicitly abandoned after a PMC maintainer volunteered; split deliverables, preserve shared sources and earliest onset."
ant,<20231210071507.EC9C56A0096@bz-he-de.apache.org>,pdzhq5soqv5wcsp33kbnqs2yt8rtr29w,https://lists.apache.org/api/source.lua?id=pdzhq5soqv5wcsp33kbnqs2yt8rtr29w,2023-12-10T07:15:02+00:00,2023-12,Bug report for Ant [2023/12/10],topic-fd71ae78c6e33f73,2026-10-04,subject only,excluded_automated_notification,Subject inspected: automated bug-summary or ordinary GitHub patch notification; excluded from the decision frame. Related evidence may still be followed from an eligible episode.
ant,<SA1PR10MB769975EFD7E0B8C5A6963DBCFC8DA@SA1PR10MB7699.namprd10.prod.outlook.com>,vqobmfqggpq00r0l9d8qsjf520rfn7ph,https://lists.apache.org/api/source.lua?id=vqobmfqggpq00r0l9d8qsjf520rfn7ph,2023-12-13T14:06:28+00:00,2023-12,JDK 22 Feature Freeze!,topic-b3eb7fa6ad9a2539,2026-10-04,subject only,body_pending,Subject inspected and retained for ambiguity/context review; no final eligibility decision from the title.
ant,<CALx-fJYUXOnmozLvpo_+WRbFVdMKkejChzqeF7TXsDDUXCAhzQ@mail.gmail.com>,0r1x816wols9r7wv9wbzy2106syl7h33,https://lists.apache.org/api/source.lua?id=0r1x816wols9r7wv9wbzy2106syl7h33,2023-12-13T17:30:55+00:00,2023-12,IVY-1576 still exist in 2.5.2,topic-15b65a2cacd0971b,2026-10-04,subject and complete plain-text bodies; follow-up pending,excluded_ordinary_patch,Tar-library fixes / Ivy cache troubleshooting. Complete bodies read; no foundation-project decision request identified. Preserve release/dependency references as context if needed later.
ant,<20231217071506.A75496A0096@bz-he-de.apache.org>,tvmt632wo7q7tv46t6799yr2zjxst54x,https://lists.apache.org/api/source.lua?id=tvmt632wo7q7tv46t6799yr2zjxst54x,2023-12-17T07:15:01+00:00,2023-12,Bug report for Ant [2023/12/17],topic-7ec507702a1e5517,2026-10-04,subject only,excluded_automated_notification,Subject inspected: automated bug-summary or ordinary GitHub patch notification; excluded from the decision frame. Related evidence may still be followed from an eligible episode.
ant,<CADywoPiYyvK-OhcNzPjRAt+3gFwzS1H-9x53BqmmevFpL2JKKw@mail.gmail.com>,b54d71f64gq73lqtncjsw5gxy4y11bwr,https://lists.apache.org/api/source.lua?id=b54d71f64gq73lqtncjsw5gxy4y11bwr,2023-12-22T15:47:59+00:00,2023-12,Meet our keynote speakers and register to Community Over Code EU!,topic-5310069b7f749e2d,2026-10-04,subject only,excluded_event_announcement,"Subject inspected: conference, travel-application, presentation, or anniversary campaign announcement; no named PMC decision in the title."
ant,<20231224071507.799686A0094@bz-he-de.apache.org>,romb7r5kg83h1v5kg7xf0gpkjbdtodn6,https://lists.apache.org/api/source.lua?id=romb7r5kg83h1v5kg7xf0gpkjbdtodn6,2023-12-24T07:15:01+00:00,2023-12,Bug report for Ant [2023/12/24],topic-391eab6e72d3a8d7,2026-10-04,subject only,excluded_automated_notification,Subject inspected: automated bug-summary or ordinary GitHub patch notification; excluded from the decision frame. Related evidence may still be followed from an eligible episode.
ant,<20231231071507.8EA636A0094@bz-he-de.apache.org>,mrt45fkxghs36z16nf6qqtzsj1tks824,https://lists.apache.org/api/source.lua?id=mrt45fkxghs36z16nf6qqtzsj1tks824,2023-12-31T07:15:01+00:00,2023-12,Bug report for Ant [2023/12/31],topic-f75d6a8c82af9a62,2026-10-04,subject only,excluded_automated_notification,Subject inspected: automated bug-summary or ordinary GitHub patch notification; excluded from the decision frame. Related evidence may still be followed from an eligible episode.
ant,<20240107071505.AE4CF6A0094@bz-he-de.apache.org>,x7kos6fjozrhrkp10sxz3rgjfxbsxb7v,https://lists.apache.org/api/source.lua?id=x7kos6fjozrhrkp10sxz3rgjfxbsxb7v,2024-01-07T07:15:01+00:00,2024-01,Bug report for Ant [2024/01/07],topic-c365e737836b2222,2026-10-04,subject only,excluded_automated_notification,Subject inspected: automated bug-summary or ordinary GitHub patch notification; excluded from the decision frame. Related evidence may still be followed from an eligible episode.
ant,<87frz92zun.fsf@v45346.1blu.de>,6bm4g384ny3w6drcthzr5nrx16xnhls5,https://lists.apache.org/api/source.lua?id=6bm4g384ny3w6drcthzr5nrx16xnhls5,2024-01-07T10:37:52+00:00,2024-01,Re: IVY-1576 still exist in 2.5.2,topic-15b65a2cacd0971b,2026-10-04,subject and complete plain-text bodies; follow-up pending,excluded_ordinary_patch,Tar-library fixes / Ivy cache troubleshooting. Complete bodies read; no foundation-project decision request identified. Preserve release/dependency references as context if needed later.
ant,<CALx-fJaQPshfOzmM3FWaR0F5iSC3Qru5vem3iTkCY65YwRPWCQ@mail.gmail.com>,8jvsbfq6jyddy8fd2b39dd28v3tzswkq,https://lists.apache.org/api/source.lua?id=8jvsbfq6jyddy8fd2b39dd28v3tzswkq,2024-01-07T18:42:32+00:00,2024-01,Re: IVY-1576 still exist in 2.5.2,topic-15b65a2cacd0971b,2026-10-04,subject and complete plain-text bodies; follow-up pending,excluded_ordinary_patch,Tar-library fixes / Ivy cache troubleshooting. Complete bodies read; no foundation-project decision request identified. Preserve release/dependency references as context if needed later.
ant,<87cyuctg9b.fsf@v45346.1blu.de>,yw77d8k2zx3j06t3hsf45sp3dyycx58f,https://lists.apache.org/api/source.lua?id=yw77d8k2zx3j06t3hsf45sp3dyycx58f,2024-01-08T07:51:12+00:00,2024-01,Re: IVY-1576 still exist in 2.5.2,topic-15b65a2cacd0971b,2026-10-04,subject and complete plain-text bodies; follow-up pending,excluded_ordinary_patch,Tar-library fixes / Ivy cache troubleshooting. Complete bodies read; no foundation-project decision request identified. Preserve release/dependency references as context if needed later.
ant,<CAGQr_qYjDf-BAZb2+jUc+gnJehn6k-ovvJVCMamgzEZ5NhGdGg@mail.gmail.com>,sbb9p94zss383k04on167n8924owt3l5,https://lists.apache.org/api/source.lua?id=sbb9p94zss383k04on167n8924owt3l5,2024-01-11T01:22:34+00:00,2024-01,RE: IVY-1576 still exist in 2.5.2,topic-15b65a2cacd0971b,2026-10-04,subject and complete plain-text bodies; follow-up pending,excluded_ordinary_patch,Tar-library fixes / Ivy cache troubleshooting. Complete bodies read; no foundation-project decision request identified. Preserve release/dependency references as context if needed later.
ant,<20240114071505.8D30C6A0094@bz-he-de.apache.org>,jmp5h4np53z3pb11xl322l5c6rxtcmnl,https://lists.apache.org/api/source.lua?id=jmp5h4np53z3pb11xl322l5c6rxtcmnl,2024-01-14T07:15:01+00:00,2024-01,Bug report for Ant [2024/01/14],topic-8fb3181c8db6e5a6,2026-10-04,subject only,excluded_automated_notification,Subject inspected: automated bug-summary or ordinary GitHub patch notification; excluded from the decision frame. Related evidence may still be followed from an eligible episode.
ant,<PR_kwDOATT2FM5kGJbC@gitbox.apache.org>,v79p6cql325rlq821757jm5gct3qbj0r,https://lists.apache.org/api/source.lua?id=v79p6cql325rlq821757jm5gct3qbj0r,2024-01-15T14:12:50+00:00,2024-01,[PR] Buffer for more Speed [ant],topic-15954650856bdb3c,2026-10-04,subject only,excluded_automated_notification,Subject inspected: automated bug-summary or ordinary GitHub patch notification; excluded from the decision frame. Related evidence may still be followed from an eligible episode.
ant,<PR_kwDOATT2FM5kGJbC-92f95d24-c21c-4e2c-889e-2d3b81d3ea57@gitbox.apache.org>,x9g8r2nn68f4b771j72dsmjz0fh4go0s,https://lists.apache.org/api/source.lua?id=x9g8r2nn68f4b771j72dsmjz0fh4go0s,2024-01-15T14:15:38+00:00,2024-01,Re: [PR] Buffer for more Speed [ant],topic-15954650856bdb3c,2026-10-04,subject only,excluded_ordinary_patch,"Subject inspected: ordinary implementation/documentation patch, not a formal vote or directed foundation-project decision proposal."
ant,<PR_kwDOATT2FM5kGJbC-8b3050cd-436c-4798-84ad-a3ccd32e5f33@gitbox.apache.org>,6wdy48s9xgp5w6qo1f46jf86ss06qnc4,https://lists.apache.org/api/source.lua?id=6wdy48s9xgp5w6qo1f46jf86ss06qnc4,2024-01-15T14:17:02+00:00,2024-01,Re: [PR] Buffer for more Speed [ant],topic-15954650856bdb3c,2026-10-04,subject only,excluded_ordinary_patch,"Subject inspected: ordinary implementation/documentation patch, not a formal vote or directed foundation-project decision proposal."
ant,<PR_kwDOATT2FM5kGJbC-60fa772b-146b-4c25-a782-95113a6b7189@gitbox.apache.org>,zr9sy8m7t0tfyppmy899wwylpfydmymp,https://lists.apache.org/api/source.lua?id=zr9sy8m7t0tfyppmy899wwylpfydmymp,2024-01-15T14:21:26+00:00,2024-01,Re: [PR] Buffer for more Speed [ant],topic-15954650856bdb3c,2026-10-04,subject only,excluded_ordinary_patch,"Subject inspected: ordinary implementation/documentation patch, not a formal vote or directed foundation-project decision proposal."
ant,<PR_kwDOATT2FM5kGJbC-c2fdd914-ce91-4073-a7cd-f1789fc156b5@gitbox.apache.org>,058z3126p6z7900jh3kp3jlm228o494h,https://lists.apache.org/api/source.lua?id=058z3126p6z7900jh3kp3jlm228o494h,2024-01-15T14:24:58+00:00,2024-01,Re: [PR] Buffer for more Speed [ant],topic-15954650856bdb3c,2026-10-04,subject only,excluded_ordinary_patch,"Subject inspected: ordinary implementation/documentation patch, not a formal vote or directed foundation-project decision proposal."
ant,<PR_kwDOATT2FM5kGJbC-c3aeae1f-cec2-4b49-a56f-6ed96b6985ed@gitbox.apache.org>,v71co998m9r9nhdwsbc03rmq2m8dcnxj,https://lists.apache.org/api/source.lua?id=v71co998m9r9nhdwsbc03rmq2m8dcnxj,2024-01-15T14:25:14+00:00,2024-01,Re: [PR] Buffer for more Speed [ant],topic-15954650856bdb3c,2026-10-04,subject only,excluded_ordinary_patch,"Subject inspected: ordinary implementation/documentation patch, not a formal vote or directed foundation-project decision proposal."
ant,<PR_kwDOATT2FM5kGJbC-574cfc48-99ee-4803-8165-8935b38f1091@gitbox.apache.org>,o6cwqbp4ocnbyjpjtl2c3pmvpzm2p7tr,https://lists.apache.org/api/source.lua?id=o6cwqbp4ocnbyjpjtl2c3pmvpzm2p7tr,2024-01-15T14:27:11+00:00,2024-01,Re: [PR] Buffer for more Speed [ant],topic-15954650856bdb3c,2026-10-04,subject only,excluded_ordinary_patch,"Subject inspected: ordinary implementation/documentation patch, not a formal vote or directed foundation-project decision proposal."
ant,<PR_kwDOATT2FM5kGJbC-9f0f964e-5525-4a5f-9ba1-a3564568205a@gitbox.apache.org>,4kdd4sldc26mbswzzv85ftf0f4mcq8b5,https://lists.apache.org/api/source.lua?id=4kdd4sldc26mbswzzv85ftf0f4mcq8b5,2024-01-15T14:30:10+00:00,2024-01,Re: [PR] Buffer for more Speed [ant],topic-15954650856bdb3c,2026-10-04,subject only,excluded_ordinary_patch,"Subject inspected: ordinary implementation/documentation patch, not a formal vote or directed foundation-project decision proposal."
ant,<20240121071505.E5E836A0094@bz-he-de.apache.org>,yqlz3rz9wf59xfnn4wdk5m0ms21opcwf,https://lists.apache.org/api/source.lua?id=yqlz3rz9wf59xfnn4wdk5m0ms21opcwf,2024-01-21T07:15:01+00:00,2024-01,Bug report for Ant [2024/01/21],topic-1b6457bb96aa20bb,2026-10-04,subject only,excluded_automated_notification,Subject inspected: automated bug-summary or ordinary GitHub patch notification; excluded from the decision frame. Related evidence may still be followed from an eligible episode.
ant,<SA1PR10MB7699B6922E9C48EA7C0EBCBAFC792@SA1PR10MB7699.namprd10.prod.outlook.com>,63yz50cqyd1rbznz3zbxn8g9olq3lyqq,https://lists.apache.org/api/source.lua?id=63yz50cqyd1rbznz3zbxn8g9olq3lyqq,2024-01-26T11:02:29+00:00,2024-01,JDK 22 RDP2 & Deprecate sun.misc.Unsafe Memory-Access Methods…,topic-4c30a66bd31a9ab5,2026-10-04,subject only,body_pending,Subject inspected and retained for ambiguity/context review; no final eligibility decision from the title.
ant,<20240128071506.359BB6A0094@bz-he-de.apache.org>,k2o7r1053qwcbdlmz6yfh991vw9rnm9l,https://lists.apache.org/api/source.lua?id=k2o7r1053qwcbdlmz6yfh991vw9rnm9l,2024-01-28T07:15:01+00:00,2024-01,Bug report for Ant [2024/01/28],topic-fb8a14299c03e9bb,2026-10-04,subject only,excluded_automated_notification,Subject inspected: automated bug-summary or ordinary GitHub patch notification; excluded from the decision frame. Related evidence may still be followed from an eligible episode.
ant,<PR_kwDOATT2Es5l6BPw@gitbox.apache.org>,9w2fo9fpmtcclt9v9f4tfbfnjnrz3xso,https://lists.apache.org/api/source.lua?id=9w2fo9fpmtcclt9v9f4tfbfnjnrz3xso,2024-02-03T07:01:55+00:00,2024-02,[PR] Add classifier to extra info [ant-ivy],topic-5f9b82ec107f9539,2026-10-04,subject only,excluded_automated_notification,Subject inspected: automated bug-summary or ordinary GitHub patch notification; excluded from the decision frame. Related evidence may still be followed from an eligible episode.
ant,<MW5PR16MB4848CC2A236D2F8842D72F1A91412@MW5PR16MB4848.namprd16.prod.outlook.com>,6c8mdf4sgfwcg40nz7752f9o52ynbdwc,https://lists.apache.org/api/source.lua?id=6c8mdf4sgfwcg40nz7752f9o52ynbdwc,2024-02-03T07:40:40+00:00,2024-02,Re: Issues with how Ivy processes maven dependency management dependencies compared to adding a classifier key,topic-936778472cfc2862,2026-10-04,subject and complete plain-text bodies; follow-up pending,service_candidate_followup_pending,"Ordinary classifier patch discussion contains a separate February 2024 Jira self-service rejection, proposed Infra escalation, reported repair, and maintainer account approval. Technical patch and account access are different deliverables; actual Infra request/receiver record and dated authority remain missing."
ant,<CAN0Gg1f71b+z1=A0gT8B1hqgQfS9oS6gHR5QTEWwoLbgH84QHQ@mail.gmail.com>,ko2129r5lsmpljcr2m256drkgwz0fcf4,https://lists.apache.org/api/source.lua?id=ko2129r5lsmpljcr2m256drkgwz0fcf4,2024-02-03T08:28:44+00:00,2024-02,Community over Code EU 2024 Travel Assistance Applications now open!,topic-f799f9a59e105b3a,2026-10-04,subject only,excluded_event_announcement,"Subject inspected: conference, travel-application, presentation, or anniversary campaign announcement; no named PMC decision in the title."
ant,<87fry9wuvw.fsf@v45346.1blu.de>,98gk3jhjd5q689onygt1b8yxokrxn9gp,https://lists.apache.org/api/source.lua?id=98gk3jhjd5q689onygt1b8yxokrxn9gp,2024-02-03T13:16:19+00:00,2024-02,Re: Issues with how Ivy processes maven dependency management dependencies compared to adding a classifier key,topic-936778472cfc2862,2026-10-04,subject and complete plain-text bodies; follow-up pending,service_candidate_followup_pending,"Ordinary classifier patch discussion contains a separate February 2024 Jira self-service rejection, proposed Infra escalation, reported repair, and maintainer account approval. Technical patch and account access are different deliverables; actual Infra request/receiver record and dated authority remain missing."
ant,<20240204071505.574D46A0094@bz-he-de.apache.org>,kdnb4m207b41qlvnpjjfyc7x68ph977l,https://lists.apache.org/api/source.lua?id=kdnb4m207b41qlvnpjjfyc7x68ph977l,2024-02-04T07:15:01+00:00,2024-02,Bug report for Ant [2024/02/04],topic-555b4bb4aaafae36,2026-10-04,subject only,excluded_automated_notification,Subject inspected: automated bug-summary or ordinary GitHub patch notification; excluded from the decision frame. Related evidence may still be followed from an eligible episode.
ant,<ae07cfb856945cc2f3968413f49f5e1c734aa086.camel@janelia.hhmi.org>,d73vrfjlt6p91gwwb59xq8vjr8hddrl3,https://lists.apache.org/api/source.lua?id=d73vrfjlt6p91gwwb59xq8vjr8hddrl3,2024-02-05T04:41:00+00:00,2024-02,Re: Issues with how Ivy processes maven dependency management dependencies compared to adding a classifier key,topic-936778472cfc2862,2026-10-04,subject and complete plain-text bodies; follow-up pending,service_candidate_followup_pending,"Ordinary classifier patch discussion contains a separate February 2024 Jira self-service rejection, proposed Infra escalation, reported repair, and maintainer account approval. Technical patch and account access are different deliverables; actual Infra request/receiver record and dated authority remain missing."
ant,<878r3yokvl.fsf@v45346.1blu.de>,zyfv6hd0g1gffz4w3bzmrhbrd2tswm9r,https://lists.apache.org/api/source.lua?id=zyfv6hd0g1gffz4w3bzmrhbrd2tswm9r,2024-02-05T17:56:30+00:00,2024-02,Re: Issues with how Ivy processes maven dependency management dependencies compared to adding a classifier key,topic-936778472cfc2862,2026-10-04,subject and complete plain-text bodies; follow-up pending,service_candidate_followup_pending,"Ordinary classifier patch discussion contains a separate February 2024 Jira self-service rejection, proposed Infra escalation, reported repair, and maintainer account approval. Technical patch and account access are different deliverables; actual Infra request/receiver record and dated authority remain missing."
ant,<20240211071505.E74A96A0094@bz-he-de.apache.org>,m0krp5944rlm4hx6c2kcnghjgdvstq8r,https://lists.apache.org/api/source.lua?id=m0krp5944rlm4hx6c2kcnghjgdvstq8r,2024-02-11T07:15:01+00:00,2024-02,Bug report for Ant [2024/02/11],topic-584800b671db524b,2026-10-04,subject only,excluded_automated_notification,Subject inspected: automated bug-summary or ordinary GitHub patch notification; excluded from the decision frame. Related evidence may still be followed from an eligible episode.
ant,<PR_kwDOATT2Es5m_fPX@gitbox.apache.org>,wt13yf7c3tbp0zyo4fnvk3og7yz1zwpc,https://lists.apache.org/api/source.lua?id=wt13yf7c3tbp0zyo4fnvk3og7yz1zwpc,2024-02-15T15:23:05+00:00,2024-02,[PR] Partial fix for IVY-1649 [ant-ivy],topic-01bcb5defa1482d7,2026-10-04,subject only,excluded_automated_notification,Subject inspected: automated bug-summary or ordinary GitHub patch notification; excluded from the decision frame. Related evidence may still be followed from an eligible episode.
ant,<MW5PR16MB4848E945EB86729CE26AA5F3914D2@MW5PR16MB4848.namprd16.prod.outlook.com>,0q0bw0hxwpknqbn1k7zglp8fx4ocqfnz,https://lists.apache.org/api/source.lua?id=0q0bw0hxwpknqbn1k7zglp8fx4ocqfnz,2024-02-15T16:42:04+00:00,2024-02,RE: Issues with how Ivy processes maven dependency management dependencies compared to adding a classifier key,topic-936778472cfc2862,2026-10-04,subject and complete plain-text bodies; follow-up pending,service_candidate_followup_pending,"Ordinary classifier patch discussion contains a separate February 2024 Jira self-service rejection, proposed Infra escalation, reported repair, and maintainer account approval. Technical patch and account access are different deliverables; actual Infra request/receiver record and dated authority remain missing."
ant,<87o7chlkkv.fsf@v45346.1blu.de>,vpnsm0w5vbp1dr9vttz5dg0xshntjs7o,https://lists.apache.org/api/source.lua?id=vpnsm0w5vbp1dr9vttz5dg0xshntjs7o,2024-02-15T17:10:40+00:00,2024-02,Re: Issues with how Ivy processes maven dependency management dependencies compared to adding a classifier key,topic-936778472cfc2862,2026-10-04,subject and complete plain-text bodies; follow-up pending,service_candidate_followup_pending,"Ordinary classifier patch discussion contains a separate February 2024 Jira self-service rejection, proposed Infra escalation, reported repair, and maintainer account approval. Technical patch and account access are different deliverables; actual Infra request/receiver record and dated authority remain missing."
ant,<20240218071506.36FED6A0094@bz-he-de.apache.org>,cosc8sr15o6n77n83dcywxhs96qphn2k,https://lists.apache.org/api/source.lua?id=cosc8sr15o6n77n83dcywxhs96qphn2k,2024-02-18T07:15:01+00:00,2024-02,Bug report for Ant [2024/02/18],topic-225a7279054abe73,2026-10-04,subject only,excluded_automated_notification,Subject inspected: automated bug-summary or ordinary GitHub patch notification; excluded from the decision frame. Related evidence may still be followed from an eligible episode.
ant,<CAN0Gg1fmZZAkjrr754fgyTy4uHEqDYecJXa+4kLz34wjuGyVYQ@mail.gmail.com>,k5j3nqcj2v92sdpft44y2ozdpcqcdmr8,https://lists.apache.org/api/source.lua?id=k5j3nqcj2v92sdpft44y2ozdpcqcdmr8,2024-02-20T09:11:07+00:00,2024-02,Community Over Code Asia 2024 Travel Assistance Applications now open!,topic-63cf011a5686c678,2026-10-04,subject only,excluded_event_announcement,"Subject inspected: conference, travel-application, presentation, or anniversary campaign announcement; no named PMC decision in the title."
ant,<69da13a4-57bc-4a0d-b884-d97fa21bd34d@apache.org>,n5f5hsxrssxsolo59jmj1qrz4qq6s49c,https://lists.apache.org/api/source.lua?id=n5f5hsxrssxsolo59jmj1qrz4qq6s49c,2024-02-21T14:22:37+00:00,2024-02,Release Ant 1.10.15?,topic-006fb091271e5e1b,2026-10-04,subject and complete plain-text bodies; follow-up pending,release_family_followup_pending,"Ant 1.10.15: February planning and July/August reminders precede August 18 formal vote. RC1 cancelled August 21 over manual/contributor omissions; August 25 explanation preserves contributor preference and RC2; August 29 passage/announcement. One release family, with retry retained."
ant,<PR_kwDOATT2FM5niixG@gitbox.apache.org>,ztl5klzxn4wfwhm7106j4lw1dm29lyys,https://lists.apache.org/api/source.lua?id=ztl5klzxn4wfwhm7106j4lw1dm29lyys,2024-02-21T15:35:25+00:00,2024-02,[PR] fix <compilerarg> example documentation in manual [ant],topic-b995f3ea48f8531e,2026-10-04,subject only,excluded_automated_notification,Subject inspected: automated bug-summary or ordinary GitHub patch notification; excluded from the decision frame. Related evidence may still be followed from an eligible episode.
ant,<PR_kwDOATT2FM5niixG-a766c4c2-9b5d-446b-a8f9-1fc9bedf05b3@gitbox.apache.org>,y8om6yldlocokpcw18s1pz0ptm5cgk89,https://lists.apache.org/api/source.lua?id=y8om6yldlocokpcw18s1pz0ptm5cgk89,2024-02-21T15:40:36+00:00,2024-02,Re: [PR] fix <compilerarg> example documentation in manual [ant],topic-b995f3ea48f8531e,2026-10-04,subject only,excluded_ordinary_patch,"Subject inspected: ordinary implementation/documentation patch, not a formal vote or directed foundation-project decision proposal."
ant,<PR_kwDOATT2FM5niixG-6bb7c4be-c434-46a5-8d2a-b8f2809b7a7f@gitbox.apache.org>,5641dy5j4m6jjw9xl7dfqm9rszcw9px7,https://lists.apache.org/api/source.lua?id=5641dy5j4m6jjw9xl7dfqm9rszcw9px7,2024-02-21T15:40:47+00:00,2024-02,Re: [PR] fix <compilerarg> example documentation in manual [ant],topic-b995f3ea48f8531e,2026-10-04,subject only,excluded_ordinary_patch,"Subject inspected: ordinary implementation/documentation patch, not a formal vote or directed foundation-project decision proposal."
ant,<87y1bbv5pm.fsf@v45346.1blu.de>,nmzp6yo3q203ktykvgky74glzos9fjxn,https://lists.apache.org/api/source.lua?id=nmzp6yo3q203ktykvgky74glzos9fjxn,2024-02-23T10:24:21+00:00,2024-02,Re: Release Ant 1.10.15?,topic-006fb091271e5e1b,2026-10-04,subject and complete plain-text bodies; follow-up pending,release_family_followup_pending,"Ant 1.10.15: February planning and July/August reminders precede August 18 formal vote. RC1 cancelled August 21 over manual/contributor omissions; August 25 explanation preserves contributor preference and RC2; August 29 passage/announcement. One release family, with retry retained."
ant,<20240225071505.94DF46A0094@bz-he-de.apache.org>,9mh0tobg01nmpsjd0q2ckyz6gbsj393k,https://lists.apache.org/api/source.lua?id=9mh0tobg01nmpsjd0q2ckyz6gbsj393k,2024-02-25T07:15:01+00:00,2024-02,Bug report for Ant [2024/02/25],topic-05e3085efada81fc,2026-10-04,subject only,excluded_automated_notification,Subject inspected: automated bug-summary or ordinary GitHub patch notification; excluded from the decision frame. Related evidence may still be followed from an eligible episode.
ant,<20240303071505.735CE6A0094@bz-he-de.apache.org>,6oyn22whtksvqq16s9cdo7826qjvjg4x,https://lists.apache.org/api/source.lua?id=6oyn22whtksvqq16s9cdo7826qjvjg4x,2024-03-03T07:15:01+00:00,2024-03,Bug report for Ant [2024/03/03],topic-585bf10c117354be,2026-10-04,subject only,excluded_automated_notification,Subject inspected: automated bug-summary or ordinary GitHub patch notification; excluded from the decision frame. Related evidence may still be followed from an eligible episode.
ant,<20240310071508.22F796A0094@bz-he-de.apache.org>,vz7zngqcr4mwm7ov4gxhtn1z3owwkfjt,https://lists.apache.org/api/source.lua?id=vz7zngqcr4mwm7ov4gxhtn1z3owwkfjt,2024-03-10T07:15:01+00:00,2024-03,Bug report for Ant [2024/03/10],topic-e8ec7f27197b4b94,2026-10-04,subject only,excluded_automated_notification,Subject inspected: automated bug-summary or ordinary GitHub patch notification; excluded from the decision frame. Related evidence may still be followed from an eligible episode.
ant,<PR_kwDOATT2Es5phtkc@gitbox.apache.org>,y8xtzhgcbp1224r3qmb59twwd67n9f9f,https://lists.apache.org/api/source.lua?id=y8xtzhgcbp1224r3qmb59twwd67n9f9f,2024-03-13T16:09:29+00:00,2024-03,[PR] IVY-1651 Augment 'Child elements’ section of 'File System Resolver' documentation [ant-ivy],topic-3ebaf3aaf9876159,2026-10-04,subject only,excluded_automated_notification,Subject inspected: automated bug-summary or ordinary GitHub patch notification; excluded from the decision frame. Related evidence may still be followed from an eligible episode.
ant,<20240317071505.BFBCD6A0094@bz-he-de.apache.org>,y7nfcbjpv338k4pm7bokhpfymwv2f6d3,https://lists.apache.org/api/source.lua?id=y7nfcbjpv338k4pm7bokhpfymwv2f6d3,2024-03-17T07:15:01+00:00,2024-03,Bug report for Ant [2024/03/17],topic-3a6f1e4e7a28507a,2026-10-04,subject only,excluded_automated_notification,Subject inspected: automated bug-summary or ordinary GitHub patch notification; excluded from the decision frame. Related evidence may still be followed from an eligible episode.
ant,<20240324071505.A7E2C6A0094@bz-he-de.apache.org>,82pcolt6o6x9r3g9fdm821ljk6xtmg4w,https://lists.apache.org/api/source.lua?id=82pcolt6o6x9r3g9fdm821ljk6xtmg4w,2024-03-24T07:15:01+00:00,2024-03,Bug report for Ant [2024/03/24],topic-759cd00c21751107,2026-10-04,subject only,excluded_automated_notification,Subject inspected: automated bug-summary or ordinary GitHub patch notification; excluded from the decision frame. Related evidence may still be followed from an eligible episode.
ant,<CAN0Gg1cHrarOury9MpZ-U52yKhd-K88k1DHPSGaNkKGfY1e-LQ@mail.gmail.com>,f7zowtv0vwmy306t56mwv44fkbyj9yjt,https://lists.apache.org/api/source.lua?id=f7zowtv0vwmy306t56mwv44fkbyj9yjt,2024-03-27T08:56:09+00:00,2024-03,Community Over Code NA 2024 Travel Assistance Applications now open!,topic-e8897b1896c94218,2026-10-04,subject only,excluded_event_announcement,"Subject inspected: conference, travel-application, presentation, or anniversary campaign announcement; no named PMC decision in the title."
ant,<20240331071505.93AB06A0094@bz-he-de.apache.org>,lp2zw2dmwpx0ox94rfc8cjznct7xm984,https://lists.apache.org/api/source.lua?id=lp2zw2dmwpx0ox94rfc8cjznct7xm984,2024-03-31T07:15:01+00:00,2024-03,Bug report for Ant [2024/03/31],topic-397e124262ee3acd,2026-10-04,subject only,excluded_automated_notification,Subject inspected: automated bug-summary or ordinary GitHub patch notification; excluded from the decision frame. Related evidence may still be followed from an eligible episode.
ant,<SA1PR10MB76998C58A3FC6AFFF5B4C066FC3E2@SA1PR10MB7699.namprd10.prod.outlook.com>,7bfq2s00hty4cfgvytc3c3qtpkyhm0p6,https://lists.apache.org/api/source.lua?id=7bfq2s00hty4cfgvytc3c3qtpkyhm0p6,2024-04-02T07:23:28+00:00,2024-04,Java 22 is GA + Heads-up!,topic-d0c4d0befbf04806,2026-10-04,subject only,body_pending,Subject inspected and retained for ambiguity/context review; no final eligibility decision from the title.
ant,<CAE59mW01cgJRcwR6Q-SEMSeZFTG6n6eivHgS2_YkbJrfZE3Sqg@mail.gmail.com>,88pcqlvcrcht15xognoflyzj92hf0hof,https://lists.apache.org/api/source.lua?id=88pcqlvcrcht15xognoflyzj92hf0hof,2024-04-03T13:50:12+00:00,2024-04,Participate in the ASF 25th Anniversary Campaign,topic-1cc8b3432caebddd,2026-10-04,subject only,excluded_event_announcement,"Subject inspected: conference, travel-application, presentation, or anniversary campaign announcement; no named PMC decision in the title."
ant,<CADywoPijRFeGUsonOoqtdsq9RqJPNR40d-TJqJy5P-M3pPPfVA@mail.gmail.com>,lwdmkn68v9cp0t8zd3yjnk3hkvg9m66n,https://lists.apache.org/api/source.lua?id=lwdmkn68v9cp0t8zd3yjnk3hkvg9m66n,2024-04-03T15:44:21+00:00,2024-04,Community over Code EU 2024: Start planning your trip!,topic-79a78c08c6b86490,2026-10-04,subject only,excluded_event_announcement,"Subject inspected: conference, travel-application, presentation, or anniversary campaign announcement; no named PMC decision in the title."
ant,<677b60e7-499a-481e-b300-76d42253cacd@apache.org>,b51h51vmqbpv6jfbvft934h7gpj7yn58,https://lists.apache.org/api/source.lua?id=b51h51vmqbpv6jfbvft934h7gpj7yn58,2024-04-05T04:48:02+00:00,2024-04,Re: Java 22 is GA + Heads-up!,topic-d0c4d0befbf04806,2026-10-04,subject only,body_pending,Subject inspected and retained for ambiguity/context review; no final eligibility decision from the title.
ant,<20240407071506.6AA2B6A0094@bz-he-de.apache.org>,1nl1r92l7gyrfcwbks06ccrkm0n1y14n,https://lists.apache.org/api/source.lua?id=1nl1r92l7gyrfcwbks06ccrkm0n1y14n,2024-04-07T07:15:01+00:00,2024-04,Bug report for Ant [2024/04/07],topic-f40ebb25b7e5fcd5,2026-10-04,subject only,excluded_automated_notification,Subject inspected: automated bug-summary or ordinary GitHub patch notification; excluded from the decision frame. Related evidence may still be followed from an eligible episode.
ant,<20240414071506.D66206A0094@bz-he-de.apache.org>,sjtgw23gtg3c4brj5bqvvmhs5pzo1kvr,https://lists.apache.org/api/source.lua?id=sjtgw23gtg3c4brj5bqvvmhs5pzo1kvr,2024-04-14T07:15:01+00:00,2024-04,Bug report for Ant [2024/04/14],topic-a54b98f514e3971c,2026-10-04,subject only,excluded_automated_notification,Subject inspected: automated bug-summary or ordinary GitHub patch notification; excluded from the decision frame. Related evidence may still be followed from an eligible episode.
ant,<PR_kwDOATT2FM5tF5Ct@gitbox.apache.org>,4ohn0z1dpb37rnt4brtbpr937dlqtj9p,https://lists.apache.org/api/source.lua?id=4ohn0z1dpb37rnt4brtbpr937dlqtj9p,2024-04-18T20:07:41+00:00,2024-04,[PR] pull [ant],topic-eb0e16c3d478a20d,2026-10-04,subject only,excluded_automated_notification,Subject inspected: automated bug-summary or ordinary GitHub patch notification; excluded from the decision frame. Related evidence may still be followed from an eligible episode.
ant,<PR_kwDOATT2FM5tF5Ct-cde2fd2e-7b35-451a-bac6-8f5801a76100@gitbox.apache.org>,0bgc0spmhx0693fwjfh3r9gyjm2mtxd5,https://lists.apache.org/api/source.lua?id=0bgc0spmhx0693fwjfh3r9gyjm2mtxd5,2024-04-19T01:47:46+00:00,2024-04,Re: [PR] pull [ant],topic-eb0e16c3d478a20d,2026-10-04,subject only,excluded_ordinary_patch,"Subject inspected: ordinary implementation/documentation patch, not a formal vote or directed foundation-project decision proposal."
ant,<20240421071507.3B3806A0096@bz-he-de.apache.org>,xzq7w9t8gm46j6rkgmqjzch9069gtovt,https://lists.apache.org/api/source.lua?id=xzq7w9t8gm46j6rkgmqjzch9069gtovt,2024-04-21T07:15:01+00:00,2024-04,Bug report for Ant [2024/04/21],topic-1cd4d4d0458137ef,2026-10-04,subject only,excluded_automated_notification,Subject inspected: automated bug-summary or ordinary GitHub patch notification; excluded from the decision frame. Related evidence may still be followed from an eligible episode.
ant,<20240428071506.351D06A0094@bz-he-de.apache.org>,qr7r26fg7so0o5wbql0tjrbf6qgs0qcs,https://lists.apache.org/api/source.lua?id=qr7r26fg7so0o5wbql0tjrbf6qgs0qcs,2024-04-28T07:15:02+00:00,2024-04,Bug report for Ant [2024/04/28],topic-186d62fe901ed409,2026-10-04,subject only,excluded_automated_notification,Subject inspected: automated bug-summary or ordinary GitHub patch notification; excluded from the decision frame. Related evidence may still be followed from an eligible episode.
ant,<20240505071505.D1C716A0094@bz-he-de.apache.org>,nwo0pn88gjoryy53kjqhb1x69njchfzq,https://lists.apache.org/api/source.lua?id=nwo0pn88gjoryy53kjqhb1x69njchfzq,2024-05-05T07:15:01+00:00,2024-05,Bug report for Ant [2024/05/05],topic-2849148e420a1da2,2026-10-04,subject only,excluded_automated_notification,Subject inspected: automated bug-summary or ordinary GitHub patch notification; excluded from the decision frame. Related evidence may still be followed from an eligible episode.
ant,<20240512071506.3DF596A0094@bz-he-de.apache.org>,4f0l7mh84p0xno8cl7z8gjxh7xbrpryo,https://lists.apache.org/api/source.lua?id=4f0l7mh84p0xno8cl7z8gjxh7xbrpryo,2024-05-12T07:15:01+00:00,2024-05,Bug report for Ant [2024/05/12],topic-c8d28392ff6293a2,2026-10-04,subject only,excluded_automated_notification,Subject inspected: automated bug-summary or ordinary GitHub patch notification; excluded from the decision frame. Related evidence may still be followed from an eligible episode.
ant,<CADywoPhStaD7=YjGMWYES+dhKuG_LC4Sw4yAckz4kjZ4N-12KQ@mail.gmail.com>,02cmknjpf9w577x2njc6qmv32gk5gbrm,https://lists.apache.org/api/source.lua?id=02cmknjpf9w577x2njc6qmv32gk5gbrm,2024-05-14T14:57:19+00:00,2024-05,Community over Code EU 2024: The countdown has started!,topic-18caec36753619ed,2026-10-04,subject only,excluded_event_announcement,"Subject inspected: conference, travel-application, presentation, or anniversary campaign announcement; no named PMC decision in the title."
ant,<20240519071505.166A66A0094@bz-he-de.apache.org>,tndlwfqbxg4om50kmc1oz9fqo5vno76k,https://lists.apache.org/api/source.lua?id=tndlwfqbxg4om50kmc1oz9fqo5vno76k,2024-05-19T07:15:01+00:00,2024-05,Bug report for Ant [2024/05/19],topic-c4d09a9535fade39,2026-10-04,subject only,excluded_automated_notification,Subject inspected: automated bug-summary or ordinary GitHub patch notification; excluded from the decision frame. Related evidence may still be followed from an eligible episode.
ant,<PR_kwDOATT2FM5wjxbD@gitbox.apache.org>,rk3zjv7dfl6mp478zzd1c62flo70ngvn,https://lists.apache.org/api/source.lua?id=rk3zjv7dfl6mp478zzd1c62flo70ngvn,2024-05-25T17:10:52+00:00,2024-05,[PR] Add checksum check to `TarEntry` [ant],topic-cc8073842a5ec52b,2026-10-04,subject only,excluded_automated_notification,Subject inspected: automated bug-summary or ordinary GitHub patch notification; excluded from the decision frame. Related evidence may still be followed from an eligible episode.
ant,<20240526071505.A89506A0094@bz-he-de.apache.org>,rqq47p0kg15jbm1fqszcxxn8r43h43ry,https://lists.apache.org/api/source.lua?id=rqq47p0kg15jbm1fqszcxxn8r43h43ry,2024-05-26T07:15:01+00:00,2024-05,Bug report for Ant [2024/05/26],topic-a9801cf8602e483b,2026-10-04,subject only,excluded_automated_notification,Subject inspected: automated bug-summary or ordinary GitHub patch notification; excluded from the decision frame. Related evidence may still be followed from an eligible episode.
ant,<PR_kwDOATT2Es5phtkc-5733a7e1-3231-4fea-95ce-d3a5ad2f6965@gitbox.apache.org>,jj1btsdpfo25wx9pmdb2j2p6wl2t0qqn,https://lists.apache.org/api/source.lua?id=jj1btsdpfo25wx9pmdb2j2p6wl2t0qqn,2024-05-27T13:04:01+00:00,2024-05,Re: [PR] IVY-1651 Augment 'Child elements’ section of 'File System Resolver' documentation [ant-ivy],topic-3ebaf3aaf9876159,2026-10-04,subject only,excluded_ordinary_patch,"Subject inspected: ordinary implementation/documentation patch, not a formal vote or directed foundation-project decision proposal."
ant,<20240602071507.103206A0094@bz-he-de.apache.org>,szcx39r9zmsnhlj5vbg6w2fbvlrdb0tt,https://lists.apache.org/api/source.lua?id=szcx39r9zmsnhlj5vbg6w2fbvlrdb0tt,2024-06-02T07:15:01+00:00,2024-06,Bug report for Ant [2024/06/02],topic-9030e4579af7d833,2026-10-04,subject only,excluded_automated_notification,Subject inspected: automated bug-summary or ordinary GitHub patch notification; excluded from the decision frame. Related evidence may still be followed from an eligible episode.
ant,<20240609071513.5D9E56A0094@bz-he-de.apache.org>,swrh8bt5xd4cm50v74c3wy1zdgmxpzo3,https://lists.apache.org/api/source.lua?id=swrh8bt5xd4cm50v74c3wy1zdgmxpzo3,2024-06-09T07:15:01+00:00,2024-06,Bug report for Ant [2024/06/09],topic-2f234091a6080090,2026-10-04,subject only,excluded_automated_notification,Subject inspected: automated bug-summary or ordinary GitHub patch notification; excluded from the decision frame. Related evidence may still be followed from an eligible episode.
ant,<SA1PR10MB76993DA1FE4BA07D897FA009FCC62@SA1PR10MB7699.namprd10.prod.outlook.com>,ydj6ok867c8pqxyjbg84dp2388th85fx,https://lists.apache.org/api/source.lua?id=ydj6ok867c8pqxyjbg84dp2388th85fx,2024-06-10T07:28:25+00:00,2024-06,JDK 23 Feature Freeze / New Loom EA builds,topic-4770d437de604ae7,2026-10-04,subject only,body_pending,Subject inspected and retained for ambiguity/context review; no final eligibility decision from the title.
ant,<8d6ca10f-9a8f-418b-944c-5fb31e8a1673@apache.org>,9rs9k12vts5v0cqb8hj2k6v4f12cwlc1,https://lists.apache.org/api/source.lua?id=9rs9k12vts5v0cqb8hj2k6v4f12cwlc1,2024-06-12T05:25:27+00:00,2024-06,Ant jenkins jobs,topic-a329870759fa3aba,2026-09-22,subject; body review retained at accepted September checkpoint,service_candidate,"Requester reports an earlier unanswered Infra request, then restored Jenkins build permission. Original request and receiver conduct require separate public corroboration."
ant,<b626c55b-dca0-4fad-a7c7-6a6146727f72@apache.org>,9q6m83p26t4ofptd668khmph9c6slbsp,https://lists.apache.org/api/source.lua?id=9q6m83p26t4ofptd668khmph9c6slbsp,2024-06-13T08:22:08+00:00,2024-06,Re: Ant jenkins jobs,topic-a329870759fa3aba,2026-09-22,subject; body review retained at accepted September checkpoint,service_candidate,"Requester reports an earlier unanswered Infra request, then restored Jenkins build permission. Original request and receiver conduct require separate public corroboration."
ant,<1e1cbcdb-123d-4084-b99c-77dae64ae93a@apache.org>,9bpjnv4rytlmsm6tylw6ptqyw6f46w71,https://lists.apache.org/api/source.lua?id=9bpjnv4rytlmsm6tylw6ptqyw6f46w71,2024-06-13T11:44:27+00:00,2024-06,Re: JDK 23 Feature Freeze / New Loom EA builds,topic-4770d437de604ae7,2026-10-04,subject only,body_pending,Subject inspected and retained for ambiguity/context review; no final eligibility decision from the title.
ant,<SA1PR10MB769934AEC4515A906F2D6F4BFCC22@SA1PR10MB7699.namprd10.prod.outlook.com>,lr8lo992ndor3ws6nx374o12m44xdxlx,https://lists.apache.org/api/source.lua?id=lr8lo992ndor3ws6nx374o12m44xdxlx,2024-06-14T09:03:26+00:00,2024-06,Re: [External] : Re: JDK 23 Feature Freeze / New Loom EA builds,topic-19dd4af610d95313,2026-10-04,subject only,body_pending,Subject inspected and retained for ambiguity/context review; no final eligibility decision from the title.
ant,<bd0057f8-b0bb-49bb-b8cf-ec4536d6e44b@apache.org>,46w8vzbyh34t70smm2g8w7pkb24l9sdd,https://lists.apache.org/api/source.lua?id=46w8vzbyh34t70smm2g8w7pkb24l9sdd,2024-06-16T06:10:55+00:00,2024-06,[VOTE] EOL Apache Ant 1.9.x release series,topic-2096767aaa6c4862,2026-09-22,subject; body review retained at accepted September checkpoint,local_governance_candidate,Formal proposal to end the Ant 1.9.x release series; not a routine release-opening baseline entry. Retrospective 2020 vote remains context only.
ant,<b0e1c935-ea20-44d9-b191-0fe601eac570@apache.org>,xdmvt6ws3vy9jhkx5bth8pk88swk8qh2,https://lists.apache.org/api/source.lua?id=xdmvt6ws3vy9jhkx5bth8pk88swk8qh2,2024-06-16T06:14:11+00:00,2024-06,Re: [VOTE] EOL Apache Ant 1.9.x release series,topic-2096767aaa6c4862,2026-09-22,subject; body review retained at accepted September checkpoint,local_governance_candidate,Formal proposal to end the Ant 1.9.x release series; not a routine release-opening baseline entry. Retrospective 2020 vote remains context only.
ant,<20240616071507.155A36A0096@bz-he-de.apache.org>,797nwoz2s6lqvx5wy7m59h8cp6nvnz7h,https://lists.apache.org/api/source.lua?id=797nwoz2s6lqvx5wy7m59h8cp6nvnz7h,2024-06-16T07:15:01+00:00,2024-06,Bug report for Ant [2024/06/16],topic-6bc08945a420134d,2026-10-04,subject only,excluded_automated_notification,Subject inspected: automated bug-summary or ordinary GitHub patch notification; excluded from the decision frame. Related evidence may still be followed from an eligible episode.
ant,<CAFCRh-8Cx3K=EHCT6dDDDV-_Cp+LjiXO1Nq459i3sHB0-LMo5A@mail.gmail.com>,3tpkxpz91hyrm7ycrp2k146nqnr77zy0,https://lists.apache.org/api/source.lua?id=3tpkxpz91hyrm7ycrp2k146nqnr77zy0,2024-06-16T11:08:08+00:00,2024-06,Re: [VOTE] EOL Apache Ant 1.9.x release series,topic-2096767aaa6c4862,2026-09-22,subject; body review retained at accepted September checkpoint,local_governance_candidate,Formal proposal to end the Ant 1.9.x release series; not a routine release-opening baseline entry. Retrospective 2020 vote remains context only.
ant,<83E61D87-0287-42B8-B0A8-BBDD15B3FDEC@hibnet.org>,89jrg22f4h6q2n9tcl3bq83hp1w71o3w,https://lists.apache.org/api/source.lua?id=89jrg22f4h6q2n9tcl3bq83hp1w71o3w,2024-06-16T12:47:00+00:00,2024-06,Re: [VOTE] EOL Apache Ant 1.9.x release series,topic-2096767aaa6c4862,2026-09-22,subject; body review retained at accepted September checkpoint,local_governance_candidate,Formal proposal to end the Ant 1.9.x release series; not a routine release-opening baseline entry. Retrospective 2020 vote remains context only.
ant,<888D2EEA-829F-4590-BF1D-1693202A2E76@rbwhitcomb.com>,cvdyt4jmq4jv3kqmb0ns78sxl629nh1d,https://lists.apache.org/api/source.lua?id=cvdyt4jmq4jv3kqmb0ns78sxl629nh1d,2024-06-17T19:38:45+00:00,2024-06,Re: [VOTE] EOL Apache Ant 1.9.x release series,topic-2096767aaa6c4862,2026-09-22,subject; body review retained at accepted September checkpoint,local_governance_candidate,Formal proposal to end the Ant 1.9.x release series; not a routine release-opening baseline entry. Retrospective 2020 vote remains context only.
ant,<71b41867-312d-4c5c-87cd-4284cafc6b29@famkruithof.net>,6m9384gqzwg1cfk8ptjoh8v1ykhdj42d,https://lists.apache.org/api/source.lua?id=6m9384gqzwg1cfk8ptjoh8v1ykhdj42d,2024-06-18T04:48:21+00:00,2024-06,Re: [VOTE] EOL Apache Ant 1.9.x release series,topic-2096767aaa6c4862,2026-09-22,subject; body review retained at accepted September checkpoint,local_governance_candidate,Formal proposal to end the Ant 1.9.x release series; not a routine release-opening baseline entry. Retrospective 2020 vote remains context only.
ant,<1180676827.3917524.1718704776564@mail.yahoo.com>,7cjqvqvfo1hqomopgpolw0hjhc4nccqh,https://lists.apache.org/api/source.lua?id=7cjqvqvfo1hqomopgpolw0hjhc4nccqh,2024-06-18T09:59:36+00:00,2024-06,Re: [VOTE] EOL Apache Ant 1.9.x release series,topic-2096767aaa6c4862,2026-09-22,subject; body review retained at accepted September checkpoint,local_governance_candidate,Formal proposal to end the Ant 1.9.x release series; not a routine release-opening baseline entry. Retrospective 2020 vote remains context only.
ant,<aeadd836-3d61-4f60-865c-4e0f9541545c@apache.org>,f6jw4v3gjwhqt5fz25og0my2o6xwvvm1,https://lists.apache.org/api/source.lua?id=f6jw4v3gjwhqt5fz25og0my2o6xwvvm1,2024-06-19T09:26:10+00:00,2024-06,[RESULT] EOL Apache Ant 1.9.x release series,topic-bb1e4429527f0127,2026-09-22,subject; body review retained at accepted September checkpoint,local_governance_candidate,Ant 1.9.x EOL approved; website update planned. Same EOL family; no observed foundation intervention in this result thread.
ant,<c2b2f954-9821-4f8c-a1bd-41be64dd6cd6@apache.org>,z109pvt3yrsjtwzhgmdmnxsww9odk0c9,https://lists.apache.org/api/source.lua?id=z109pvt3yrsjtwzhgmdmnxsww9odk0c9,2024-06-19T09:27:40+00:00,2024-06,Re: [RESULT] EOL Apache Ant 1.9.x release series,topic-bb1e4429527f0127,2026-09-22,subject; body review retained at accepted September checkpoint,local_governance_candidate,Ant 1.9.x EOL approved; website update planned. Same EOL family; no observed foundation intervention in this result thread.
ant,<20240623071516.4522A6A0094@bz-he-de.apache.org>,4kjwzc5n6d4zjrogl7cg2b633f380564,https://lists.apache.org/api/source.lua?id=4kjwzc5n6d4zjrogl7cg2b633f380564,2024-06-23T07:15:01+00:00,2024-06,Bug report for Ant [2024/06/23],topic-318e5cc711458c1f,2026-10-04,subject only,excluded_automated_notification,Subject inspected: automated bug-summary or ordinary GitHub patch notification; excluded from the decision frame. Related evidence may still be followed from an eligible episode.
ant,<87a5jcnhql.fsf@v45346.1blu.de>,t1c9fhn7xvcsg6xn6g9c6c1mn3rgp38p,https://lists.apache.org/api/source.lua?id=t1c9fhn7xvcsg6xn6g9c6c1mn3rgp38p,2024-06-23T09:14:26+00:00,2024-06,Re: [VOTE] EOL Apache Ant 1.9.x release series,topic-2096767aaa6c4862,2026-09-22,subject; body review retained at accepted September checkpoint,local_governance_candidate,Formal proposal to end the Ant 1.9.x release series; not a routine release-opening baseline entry. Retrospective 2020 vote remains context only.
ant,<20240630071509.0B3456A0096@bz-he-de.apache.org>,pwnx2v6ohdfrcc2jr3mmvh2v9z9ydxof,https://lists.apache.org/api/source.lua?id=pwnx2v6ohdfrcc2jr3mmvh2v9z9ydxof,2024-06-30T07:15:01+00:00,2024-06,Bug report for Ant [2024/06/30],topic-175e76cb78525522,2026-10-04,subject only,excluded_automated_notification,Subject inspected: automated bug-summary or ordinary GitHub patch notification; excluded from the decision frame. Related evidence may still be followed from an eligible episode.
ant,<20240707071506.3158D6A0094@bz-he-de.apache.org>,km8zy5wbdwyxrll8n5s0ktzdrz0m9qqm,https://lists.apache.org/api/source.lua?id=km8zy5wbdwyxrll8n5s0ktzdrz0m9qqm,2024-07-07T07:15:01+00:00,2024-07,Bug report for Ant [2024/07/07],topic-822c2edfdefa1d59,2026-10-04,subject only,excluded_automated_notification,Subject inspected: automated bug-summary or ordinary GitHub patch notification; excluded from the decision frame. Related evidence may still be followed from an eligible episode.
ant,<20240714071506.58D7F6A0096@bz-he-de.apache.org>,qdwpck9nr0m685wz7ztto2shpmq1tgcz,https://lists.apache.org/api/source.lua?id=qdwpck9nr0m685wz7ztto2shpmq1tgcz,2024-07-14T07:15:02+00:00,2024-07,Bug report for Ant [2024/07/14],topic-897dd3bb978b9328,2026-10-04,subject only,excluded_automated_notification,Subject inspected: automated bug-summary or ordinary GitHub patch notification; excluded from the decision frame. Related evidence may still be followed from an eligible episode.
ant,<20240721071508.6AF7C6A0094@bz-he-de.apache.org>,8cjgc4f183l7g27o53s6t0pxxlgwn51r,https://lists.apache.org/api/source.lua?id=8cjgc4f183l7g27o53s6t0pxxlgwn51r,2024-07-21T07:15:01+00:00,2024-07,Bug report for Ant [2024/07/21],topic-f3207f73a47b6d2a,2026-10-04,subject only,excluded_automated_notification,Subject inspected: automated bug-summary or ordinary GitHub patch notification; excluded from the decision frame. Related evidence may still be followed from an eligible episode.
ant,<SA1PR10MB7699AE44D334DDCE4C1D6B62FCA82@SA1PR10MB7699.namprd10.prod.outlook.com>,88qyo65rh49mpr5tbzpsrodjqgqzv8qd,https://lists.apache.org/api/source.lua?id=88qyo65rh49mpr5tbzpsrodjqgqzv8qd,2024-07-22T05:25:32+00:00,2024-07,JDK 23 RDP2 | Removal of the legacy COMPAT locale provider and more heads-up!,topic-2014a5e3c476044b,2026-10-04,subject only,body_pending,Subject inspected and retained for ambiguity/context review; no final eligibility decision from the title.
ant,<a395ec5f-c414-4974-8525-89c87c284cf0@apache.org>,37tk68snfy62qc57djv5w0z0ovl4szfp,https://lists.apache.org/api/source.lua?id=37tk68snfy62qc57djv5w0z0ovl4szfp,2024-07-22T14:11:35+00:00,2024-07,Re: JDK 23 RDP2 | Removal of the legacy COMPAT locale provider and more heads-up!,topic-2014a5e3c476044b,2026-10-04,subject only,body_pending,Subject inspected and retained for ambiguity/context review; no final eligibility decision from the title.
ant,<20240728071505.9019C6A0094@bz-he-de.apache.org>,v0vxz56qoqnhm6jdkmnn8hx0n6nr740y,https://lists.apache.org/api/source.lua?id=v0vxz56qoqnhm6jdkmnn8hx0n6nr740y,2024-07-28T07:15:01+00:00,2024-07,Bug report for Ant [2024/07/28],topic-84e9f28e195c99e8,2026-10-04,subject only,excluded_automated_notification,Subject inspected: automated bug-summary or ordinary GitHub patch notification; excluded from the decision frame. Related evidence may still be followed from an eligible episode.
ant,<PA6PR01MB1059216CF341DC58201F060029AB12@PA6PR01MB10592.eurprd01.prod.exchangelabs.com>,62n4pdl5chns8y56wr3ozb69hqp17z1f,https://lists.apache.org/api/source.lua?id=62n4pdl5chns8y56wr3ozb69hqp17z1f,2024-07-31T11:35:38+00:00,2024-07,RE: Re: Release Ant 1.10.15?,topic-006fb091271e5e1b,2026-10-04,subject and complete plain-text bodies; follow-up pending,release_family_followup_pending,"Ant 1.10.15: February planning and July/August reminders precede August 18 formal vote. RC1 cancelled August 21 over manual/contributor omissions; August 25 explanation preserves contributor preference and RC2; August 29 passage/announcement. One release family, with retry retained."
ant,<bbe408a4-2d5a-433a-b3f2-5d188fdb3bf4@apache.org>,bzt8gzozwwf5b2hy149g39t2byc29yxl,https://lists.apache.org/api/source.lua?id=bzt8gzozwwf5b2hy149g39t2byc29yxl,2024-08-01T16:17:09+00:00,2024-08,Re: Release Ant 1.10.15?,topic-006fb091271e5e1b,2026-10-04,subject and complete plain-text bodies; follow-up pending,release_family_followup_pending,"Ant 1.10.15: February planning and July/August reminders precede August 18 formal vote. RC1 cancelled August 21 over manual/contributor omissions; August 25 explanation preserves contributor preference and RC2; August 29 passage/announcement. One release family, with retry retained."
ant,<PR_kwDOATT2FM53Qh-3@gitbox.apache.org>,l9dh2r2mmbfo3rvxch73rb548flhb561,https://lists.apache.org/api/source.lua?id=l9dh2r2mmbfo3rvxch73rb548flhb561,2024-08-02T13:41:54+00:00,2024-08,[PR] Destroy forcibly forked test using SIGKILL [ant],topic-b64bfaa347577e55,2026-10-04,subject only,excluded_automated_notification,Subject inspected: automated bug-summary or ordinary GitHub patch notification; excluded from the decision frame. Related evidence may still be followed from an eligible episode.
ant,<PR_kwDOATT2FM53Qh-3-e704c689-c124-48ff-a455-78389be124a2@gitbox.apache.org>,00vwrnwbws81s1cf13m2sj5dw6186ssj,https://lists.apache.org/api/source.lua?id=00vwrnwbws81s1cf13m2sj5dw6186ssj,2024-08-03T13:28:30+00:00,2024-08,Re: [PR] Destroy forcibly forked test using SIGKILL [ant],topic-b64bfaa347577e55,2026-10-04,subject only,excluded_ordinary_patch,"Subject inspected: ordinary implementation/documentation patch, not a formal vote or directed foundation-project decision proposal."
ant,<20240804071506.65C386A0094@bz-he-de.apache.org>,lfpmd9gzr6fkz8jnp8x91q2wghpwqo3r,https://lists.apache.org/api/source.lua?id=lfpmd9gzr6fkz8jnp8x91q2wghpwqo3r,2024-08-04T07:15:01+00:00,2024-08,Bug report for Ant [2024/08/04],topic-5e176e888fbba411,2026-10-04,subject only,excluded_automated_notification,Subject inspected: automated bug-summary or ordinary GitHub patch notification; excluded from the decision frame. Related evidence may still be followed from an eligible episode.
ant,<PR_kwDOATT2FM53Qh-3-0e3a6664-1f55-4a04-86e9-2e2e4b2279c2@gitbox.apache.org>,qo6tc9lkmxwx41bndchfbnk4j5oj9o5f,https://lists.apache.org/api/source.lua?id=qo6tc9lkmxwx41bndchfbnk4j5oj9o5f,2024-08-04T10:45:25+00:00,2024-08,Re: [PR] Destroy forcibly forked test using SIGKILL [ant],topic-b64bfaa347577e55,2026-10-04,subject only,excluded_ordinary_patch,"Subject inspected: ordinary implementation/documentation patch, not a formal vote or directed foundation-project decision proposal."
ant,<PR_kwDOATT2FM53Qh-3-e09c2aa0-0cce-40b5-9a3b-2a69c3577a06@gitbox.apache.org>,gz475lqgs3o5pzbhp26wbt7o7gsq10b9,https://lists.apache.org/api/source.lua?id=gz475lqgs3o5pzbhp26wbt7o7gsq10b9,2024-08-10T13:39:53+00:00,2024-08,Re: [PR] Destroy forcibly forked test using SIGKILL [ant],topic-b64bfaa347577e55,2026-10-04,subject only,excluded_ordinary_patch,"Subject inspected: ordinary implementation/documentation patch, not a formal vote or directed foundation-project decision proposal."
ant,<20240811071510.375DC6A0094@bz-he-de.apache.org>,ggggjmgwbmpb9w17f5ygcss0olnhbdjb,https://lists.apache.org/api/source.lua?id=ggggjmgwbmpb9w17f5ygcss0olnhbdjb,2024-08-11T07:15:01+00:00,2024-08,Bug report for Ant [2024/08/11],topic-81d53f3bf560536d,2026-10-04,subject only,excluded_automated_notification,Subject inspected: automated bug-summary or ordinary GitHub patch notification; excluded from the decision frame. Related evidence may still be followed from an eligible episode.
ant,<20240818071510.7021E6A0094@bz-he-de.apache.org>,tx9112k4jsgyz7msfn359svyc3bm1so6,https://lists.apache.org/api/source.lua?id=tx9112k4jsgyz7msfn359svyc3bm1so6,2024-08-18T07:15:01+00:00,2024-08,Bug report for Ant [2024/08/18],topic-17f7d98cd48a69b5,2026-10-04,subject only,excluded_automated_notification,Subject inspected: automated bug-summary or ordinary GitHub patch notification; excluded from the decision frame. Related evidence may still be followed from an eligible episode.
ant,<b8b34f99-65b8-4173-b89f-a9c6de2fa46e@apache.org>,61z2wh1v10lqwo5o0oprwq65hy1hnq8k,https://lists.apache.org/api/source.lua?id=61z2wh1v10lqwo5o0oprwq65hy1hnq8k,2024-08-18T14:16:26+00:00,2024-08,[VOTE] Release Apache Ant 1.10.15 based on RC1,topic-e2d514033678f75f,2026-10-04,subject and complete plain-text bodies; follow-up pending,release_family_followup_pending,"Ant 1.10.15: February planning and July/August reminders precede August 18 formal vote. RC1 cancelled August 21 over manual/contributor omissions; August 25 explanation preserves contributor preference and RC2; August 29 passage/announcement. One release family, with retry retained."
ant,<f3aeaf53-ce6f-4e82-bd31-d85589db7ca7@apache.org>,9gc77yj0tzk2q0gv4cmlbjwwxx2fzgtz,https://lists.apache.org/api/source.lua?id=9gc77yj0tzk2q0gv4cmlbjwwxx2fzgtz,2024-08-19T04:25:37+00:00,2024-08,Re: [VOTE] Release Apache Ant 1.10.15 based on RC1,topic-e2d514033678f75f,2026-10-04,subject and complete plain-text bodies; follow-up pending,release_family_followup_pending,"Ant 1.10.15: February planning and July/August reminders precede August 18 formal vote. RC1 cancelled August 21 over manual/contributor omissions; August 25 explanation preserves contributor preference and RC2; August 29 passage/announcement. One release family, with retry retained."
ant,<87ttfgr2cm.fsf@v45346.1blu.de>,90lrznwgcsv6ms0gjt8jx5yj2g4nmm06,https://lists.apache.org/api/source.lua?id=90lrznwgcsv6ms0gjt8jx5yj2g4nmm06,2024-08-19T14:53:13+00:00,2024-08,Re: [VOTE] Release Apache Ant 1.10.15 based on RC1,topic-e2d514033678f75f,2026-10-04,subject and complete plain-text bodies; follow-up pending,release_family_followup_pending,"Ant 1.10.15: February planning and July/August reminders precede August 18 formal vote. RC1 cancelled August 21 over manual/contributor omissions; August 25 explanation preserves contributor preference and RC2; August 29 passage/announcement. One release family, with retry retained."
ant,<aaf91029-0d4b-414c-870a-9ea82aa469dc@famkruithof.net>,ynn0h87ol3qb22wx5jhk3f1w20glqjrs,https://lists.apache.org/api/source.lua?id=ynn0h87ol3qb22wx5jhk3f1w20glqjrs,2024-08-20T22:53:58+00:00,2024-08,Re: [VOTE] Release Apache Ant 1.10.15 based on RC1,topic-e2d514033678f75f,2026-10-04,subject and complete plain-text bodies; follow-up pending,release_family_followup_pending,"Ant 1.10.15: February planning and July/August reminders precede August 18 formal vote. RC1 cancelled August 21 over manual/contributor omissions; August 25 explanation preserves contributor preference and RC2; August 29 passage/announcement. One release family, with retry retained."
ant,<470f231e-e163-4918-979b-2d1833bc36ee@apache.org>,mz91n12kj0qmdoztft2rhpl4cfjvw16r,https://lists.apache.org/api/source.lua?id=mz91n12kj0qmdoztft2rhpl4cfjvw16r,2024-08-21T05:36:29+00:00,2024-08,Re: [CANCELLED] Release Apache Ant 1.10.15 based on RC1,topic-33b05c75bcbfca54,2026-10-04,subject and complete plain-text bodies; follow-up pending,release_family_followup_pending,"Ant 1.10.15: February planning and July/August reminders precede August 18 formal vote. RC1 cancelled August 21 over manual/contributor omissions; August 25 explanation preserves contributor preference and RC2; August 29 passage/announcement. One release family, with retry retained."
ant,<SA1PR10MB7699C41E36BCEEE75B5B8BCDFC882@SA1PR10MB7699.namprd10.prod.outlook.com>,5hqm69j1j8z99klp16r7jpowf4wmkf7g,https://lists.apache.org/api/source.lua?id=5hqm69j1j8z99klp16r7jpowf4wmkf7g,2024-08-23T12:09:52+00:00,2024-08,JDK 23 Release Candidates | Restrictive JAXP Configuration Heads-up,topic-b287137d0f60809a,2026-10-04,subject only,body_pending,Subject inspected and retained for ambiguity/context review; no final eligibility decision from the title.
ant,<20240825071510.336276A0094@bz-he-de.apache.org>,gbgj5hf6cz8rsr2c7m17c7owo08k1kko,https://lists.apache.org/api/source.lua?id=gbgj5hf6cz8rsr2c7m17c7owo08k1kko,2024-08-25T07:15:01+00:00,2024-08,Bug report for Ant [2024/08/25],topic-3186a2ff52f98856,2026-10-04,subject only,excluded_automated_notification,Subject inspected: automated bug-summary or ordinary GitHub patch notification; excluded from the decision frame. Related evidence may still be followed from an eligible episode.
ant,<9eec4d2e-8992-4c97-8079-f79b40eb4796@apache.org>,h0tmpphoq17s217tggl3q7pkq3h2d3kb,https://lists.apache.org/api/source.lua?id=h0tmpphoq17s217tggl3q7pkq3h2d3kb,2024-08-25T15:19:45+00:00,2024-08,[VOTE] Release Apache Ant 1.10.15 based on RC2,topic-0de0d9c9d8fa5930,2026-10-04,subject and complete plain-text bodies; follow-up pending,release_family_followup_pending,"Ant 1.10.15: February planning and July/August reminders precede August 18 formal vote. RC1 cancelled August 21 over manual/contributor omissions; August 25 explanation preserves contributor preference and RC2; August 29 passage/announcement. One release family, with retry retained."
ant,<6bccbc6a-5494-47bf-93b0-38320b5070fe@apache.org>,141nyg73gjc71mwolr4p3327l89bpr4j,https://lists.apache.org/api/source.lua?id=141nyg73gjc71mwolr4p3327l89bpr4j,2024-08-25T15:26:04+00:00,2024-08,Issues noticed in RC1 of 1.10.15 have been addressed (was: [VOTE] ...),topic-395779ca6838dba3,2026-10-04,subject and complete plain-text bodies; follow-up pending,release_family_followup_pending,"Ant 1.10.15: February planning and July/August reminders precede August 18 formal vote. RC1 cancelled August 21 over manual/contributor omissions; August 25 explanation preserves contributor preference and RC2; August 29 passage/announcement. One release family, with retry retained."
ant,<87a5h0ip3k.fsf@v45346.1blu.de>,12cl2lv4g9r14xth7sljrzkbdxnt0c8f,https://lists.apache.org/api/source.lua?id=12cl2lv4g9r14xth7sljrzkbdxnt0c8f,2024-08-25T15:44:47+00:00,2024-08,Re: [VOTE] Release Apache Ant 1.10.15 based on RC2,topic-0de0d9c9d8fa5930,2026-10-04,subject and complete plain-text bodies; follow-up pending,release_family_followup_pending,"Ant 1.10.15: February planning and July/August reminders precede August 18 formal vote. RC1 cancelled August 21 over manual/contributor omissions; August 25 explanation preserves contributor preference and RC2; August 29 passage/announcement. One release family, with retry retained."
ant,<1160672919.6372139.1724612514125@mail.yahoo.com>,obtm71ztwx97n506qxh4ytjw4n5q3t2d,https://lists.apache.org/api/source.lua?id=obtm71ztwx97n506qxh4ytjw4n5q3t2d,2024-08-25T19:01:54+00:00,2024-08,Re: [VOTE] Release Apache Ant 1.10.15 based on RC2,topic-0de0d9c9d8fa5930,2026-10-04,subject and complete plain-text bodies; follow-up pending,release_family_followup_pending,"Ant 1.10.15: February planning and July/August reminders precede August 18 formal vote. RC1 cancelled August 21 over manual/contributor omissions; August 25 explanation preserves contributor preference and RC2; August 29 passage/announcement. One release family, with retry retained."
ant,<72d3106a-3617-4be8-b9f4-21c19459edcf@apache.org>,s4fzyd350bg7xzc6q6fc9p9x7zq0gw87,https://lists.apache.org/api/source.lua?id=s4fzyd350bg7xzc6q6fc9p9x7zq0gw87,2024-08-27T01:42:28+00:00,2024-08,Re: [VOTE] Release Apache Ant 1.10.15 based on RC2,topic-0de0d9c9d8fa5930,2026-10-04,subject and complete plain-text bodies; follow-up pending,release_family_followup_pending,"Ant 1.10.15: February planning and July/August reminders precede August 18 formal vote. RC1 cancelled August 21 over manual/contributor omissions; August 25 explanation preserves contributor preference and RC2; August 29 passage/announcement. One release family, with retry retained."
ant,<d24976f9-3edc-4d56-adef-0a995431856d@famkruithof.net>,5cr6nflz6wqcqgj4qycftfphlbf9njpo,https://lists.apache.org/api/source.lua?id=5cr6nflz6wqcqgj4qycftfphlbf9njpo,2024-08-27T06:03:59+00:00,2024-08,Re: [VOTE] Release Apache Ant 1.10.15 based on RC2,topic-0de0d9c9d8fa5930,2026-10-04,subject and complete plain-text bodies; follow-up pending,release_family_followup_pending,"Ant 1.10.15: February planning and July/August reminders precede August 18 formal vote. RC1 cancelled August 21 over manual/contributor omissions; August 25 explanation preserves contributor preference and RC2; August 29 passage/announcement. One release family, with retry retained."
ant,<16e3f97d-7703-4279-a258-b1433e54cb9b@apache.org>,v5hg7qypg1jpc0ojskn393k9moh5ys7z,https://lists.apache.org/api/source.lua?id=v5hg7qypg1jpc0ojskn393k9moh5ys7z,2024-08-29T01:20:12+00:00,2024-08,[RESULT] Release Apache Ant 1.10.15 based on RC2,topic-b683718cf5bba55f,2026-10-04,subject and complete plain-text bodies; follow-up pending,release_family_followup_pending,"Ant 1.10.15: February planning and July/August reminders precede August 18 formal vote. RC1 cancelled August 21 over manual/contributor omissions; August 25 explanation preserves contributor preference and RC2; August 29 passage/announcement. One release family, with retry retained."
ant,<2f77bf10-c89f-4c37-bc97-d6140149de51@apache.org>,sgw9v6olmzhdfq47x8w1254mjnpqnh1y,https://lists.apache.org/api/source.lua?id=sgw9v6olmzhdfq47x8w1254mjnpqnh1y,2024-08-29T16:27:22+00:00,2024-08,[ANNOUNCE] Apache Ant 1.10.15 released,topic-05551c28c7f503b7,2026-10-04,subject and complete plain-text bodies; follow-up pending,release_family_followup_pending,"Ant 1.10.15: February planning and July/August reminders precede August 18 formal vote. RC1 cancelled August 21 over manual/contributor omissions; August 25 explanation preserves contributor preference and RC2; August 29 passage/announcement. One release family, with retry retained."
ant,<PR_kwDOATT2FM5wjxbD-9fb2840b-8070-40ff-aef4-dd8ba2fb27d3@gitbox.apache.org>,wltxcnsq2ztdwqzjjjsmtk1gn76ynknk,https://lists.apache.org/api/source.lua?id=wltxcnsq2ztdwqzjjjsmtk1gn76ynknk,2024-08-29T18:52:42+00:00,2024-08,Re: [PR] Add checksum check to `TarEntry` [ant],topic-cc8073842a5ec52b,2026-10-04,subject only,excluded_ordinary_patch,"Subject inspected: ordinary implementation/documentation patch, not a formal vote or directed foundation-project decision proposal."
ant,<PR_kwDOATT2FM5wjxbD-2e6878b0-7df0-46c7-b7e2-0f28700bbbd9@gitbox.apache.org>,bbvqzygmy8jjptmvyyfkb0wlfr7zp531,https://lists.apache.org/api/source.lua?id=bbvqzygmy8jjptmvyyfkb0wlfr7zp531,2024-08-30T16:13:46+00:00,2024-08,Re: [PR] Add checksum check to `TarEntry` [ant],topic-cc8073842a5ec52b,2026-10-04,subject only,excluded_ordinary_patch,"Subject inspected: ordinary implementation/documentation patch, not a formal vote or directed foundation-project decision proposal."
ant,<PR_kwDOATT2FM5wjxbD-47515bac-3250-4bfa-9b36-f67ee12fdbb7@gitbox.apache.org>,zf7bdp40rkd15s52ckqphj769ldo4855,https://lists.apache.org/api/source.lua?id=zf7bdp40rkd15s52ckqphj769ldo4855,2024-08-30T17:08:23+00:00,2024-08,Re: [PR] Add checksum check to `TarEntry` [ant],topic-cc8073842a5ec52b,2026-10-04,subject only,excluded_ordinary_patch,"Subject inspected: ordinary implementation/documentation patch, not a formal vote or directed foundation-project decision proposal."
ant,<PR_kwDOATT2FM5wjxbD-ac303ec1-3871-4a70-bc6c-58ac2723346f@gitbox.apache.org>,4xrnlh07scdx6p26vywkmz48fmm15csj,https://lists.apache.org/api/source.lua?id=4xrnlh07scdx6p26vywkmz48fmm15csj,2024-08-30T17:33:42+00:00,2024-08,Re: [PR] Add checksum check to `TarEntry` [ant],topic-cc8073842a5ec52b,2026-10-04,subject only,excluded_ordinary_patch,"Subject inspected: ordinary implementation/documentation patch, not a formal vote or directed foundation-project decision proposal."
ant,<PR_kwDOATT2FM5wjxbD-a941dd70-ac37-475a-a775-cb68d5cbbcf2@gitbox.apache.org>,xss913nmsmmj6mxj0x6owclojh71cjlq,https://lists.apache.org/api/source.lua?id=xss913nmsmmj6mxj0x6owclojh71cjlq,2024-08-30T22:29:20+00:00,2024-08,Re: [PR] Add checksum check to `TarEntry` [ant],topic-cc8073842a5ec52b,2026-10-04,subject only,excluded_ordinary_patch,"Subject inspected: ordinary implementation/documentation patch, not a formal vote or directed foundation-project decision proposal."
ant,<PR_kwDOATT2FM5wjxbD-340d52bd-fd86-40f4-9e67-4d02054033e9@gitbox.apache.org>,9qd8rvxmfk5zrh6qpvoq6ztjfbh9sq2x,https://lists.apache.org/api/source.lua?id=9qd8rvxmfk5zrh6qpvoq6ztjfbh9sq2x,2024-08-31T08:52:50+00:00,2024-08,Re: [PR] Add checksum check to `TarEntry` [ant],topic-cc8073842a5ec52b,2026-10-04,subject only,excluded_ordinary_patch,"Subject inspected: ordinary implementation/documentation patch, not a formal vote or directed foundation-project decision proposal."
ant,<PR_kwDOATT2FM5wjxbD-a45ebf17-434d-4f5a-bb8a-78b367e265f4@gitbox.apache.org>,vjh3vkz1dv4lckq3yt0b8jxt0ls6fr49,https://lists.apache.org/api/source.lua?id=vjh3vkz1dv4lckq3yt0b8jxt0ls6fr49,2024-08-31T13:58:19+00:00,2024-08,Re: [PR] Add checksum check to `TarEntry` [ant],topic-cc8073842a5ec52b,2026-10-04,subject only,excluded_ordinary_patch,"Subject inspected: ordinary implementation/documentation patch, not a formal vote or directed foundation-project decision proposal."
ant,<PR_kwDOATT2FM5wjxbD-4f519de3-9768-4e8f-a199-ee69d39c51e1@gitbox.apache.org>,8fwo3qy148cxbnd60trkd7ssfkmn4jk9,https://lists.apache.org/api/source.lua?id=8fwo3qy148cxbnd60trkd7ssfkmn4jk9,2024-09-01T15:54:35+00:00,2024-09,Re: [PR] Add checksum check to `TarEntry` [ant],topic-cc8073842a5ec52b,2026-10-04,subject only,excluded_ordinary_patch,"Subject inspected: ordinary implementation/documentation patch, not a formal vote or directed foundation-project decision proposal."
ant,<PR_kwDOATT2FM5wjxbD-77df49d5-5567-42d1-9078-b5f63f233d59@gitbox.apache.org>,1g12t5g3hgk5zdkyytoc4otxb572zhdz,https://lists.apache.org/api/source.lua?id=1g12t5g3hgk5zdkyytoc4otxb572zhdz,2024-09-01T16:52:05+00:00,2024-09,Re: [PR] Add checksum check to `TarEntry` [ant],topic-cc8073842a5ec52b,2026-10-04,subject only,excluded_ordinary_patch,"Subject inspected: ordinary implementation/documentation patch, not a formal vote or directed foundation-project decision proposal."
ant,<PR_kwDOATT2FM56dDtP@gitbox.apache.org>,ocm4x7ojh2ntkn15f29xhvvd5dzs6f82,https://lists.apache.org/api/source.lua?id=ocm4x7ojh2ntkn15f29xhvvd5dzs6f82,2024-09-04T22:44:22+00:00,2024-09,[PR] improve DirectoryScanner filtering performance [ant],topic-e9dd1ce8a5ca8b21,2026-10-04,subject only,excluded_automated_notification,Subject inspected: automated bug-summary or ordinary GitHub patch notification; excluded from the decision frame. Related evidence may still be followed from an eligible episode.
ant,<65bb6670-dfb5-4a72-88eb-08917379b23a@apache.org>,tow065t60b69c9bgw5mtxcw6hfsx7jjv,https://lists.apache.org/api/source.lua?id=tow065t60b69c9bgw5mtxcw6hfsx7jjv,2024-09-10T12:47:01+00:00,2024-09,Re: JDK 23 Release Candidates | Restrictive JAXP Configuration Heads-up,topic-b287137d0f60809a,2026-10-04,subject only,body_pending,Subject inspected and retained for ambiguity/context review; no final eligibility decision from the title.
ant,<00415bf2-1aa6-4d7d-a038-ae7f62a1bf35@apache.org>,p9gjnm3sk94k9fdbl5mbkjnf6qd1ngmr,https://lists.apache.org/api/source.lua?id=p9gjnm3sk94k9fdbl5mbkjnf6qd1ngmr,2024-10-08T14:56:09+00:00,2024-10,Re: Future of Ivy and IvyDE,topic-7372b3d7c63f4cdf,2026-09-22,subject; body review retained at accepted September checkpoint,multiple_deliverables_candidate,"Ivy and IvyDE maintenance/retirement discussion extends from August 2023 into November 2024. Ivy retirement was explicitly abandoned after a PMC maintainer volunteered; split deliverables, preserve shared sources and earliest onset."
ant,<DM6PR04MB7033B21DA25F712CFC8B5B17A37E2@DM6PR04MB7033.namprd04.prod.outlook.com>,2wf6q9zg96cxk2f9fwohskbc1gjkpp6w,https://lists.apache.org/api/source.lua?id=2wf6q9zg96cxk2f9fwohskbc1gjkpp6w,2024-10-08T15:27:03+00:00,2024-10,Re: [**EXTERNAL**] Re: Future of Ivy and IvyDE,topic-f635825f7119a7a7,2026-09-22,subject; body review retained at accepted September checkpoint,multiple_deliverables_candidate,External-prefixed replies belong to the same Ivy/IvyDE discussion; usage reports do not supply foundation authority or employment-based exposure estimates.
ant,<PR_kwDOATT2FM59d_2d-42a39201-ca5f-4237-8b56-dac6a33a246f@gitbox.apache.org>,5bhvhpr6cy4fl5dgxlqgww0lyjbmo7fz,https://lists.apache.org/api/source.lua?id=5bhvhpr6cy4fl5dgxlqgww0lyjbmo7fz,2024-10-10T07:00:46+00:00,2024-10,"Re: [PR] BUG-ID : 59160 , fix extracting host for ipv6 address [ant]",topic-a14b72110f031a7c,2026-10-04,subject only,excluded_ordinary_patch,"Subject inspected: ordinary implementation/documentation patch, not a formal vote or directed foundation-project decision proposal."
ant,<PR_kwDOATT2FM59d_2d-829cd8b3-f55a-4101-b4e3-b8b1a2702c9d@gitbox.apache.org>,m881ff63g31k2k9zgmdjb22dr8xv281o,https://lists.apache.org/api/source.lua?id=m881ff63g31k2k9zgmdjb22dr8xv281o,2024-10-14T07:16:07+00:00,2024-10,"Re: [PR] BUG-ID : 59160 , fix extracting host for ipv6 address [ant]",topic-a14b72110f031a7c,2026-10-04,subject only,excluded_ordinary_patch,"Subject inspected: ordinary implementation/documentation patch, not a formal vote or directed foundation-project decision proposal."
ant,<PR_kwDOATT2FM59d_2d-5000709b-2ae4-4162-ae65-f46f47eaff1a@gitbox.apache.org>,nzv5490ctj2g54or4q2v6k0boqtw4k67,https://lists.apache.org/api/source.lua?id=nzv5490ctj2g54or4q2v6k0boqtw4k67,2024-10-14T07:18:00+00:00,2024-10,"Re: [PR] BUG-ID : 59160 , fix extracting host for ipv6 address [ant]",topic-a14b72110f031a7c,2026-10-04,subject only,excluded_ordinary_patch,"Subject inspected: ordinary implementation/documentation patch, not a formal vote or directed foundation-project decision proposal."
ant,<PR_kwDOATT2Es5phtkc-e0bc0f18-74a5-4a24-bc24-e5fc53f2879b@gitbox.apache.org>,xcrl1sgqq64rxyfvdx7d0cxhqcrw3vss,https://lists.apache.org/api/source.lua?id=xcrl1sgqq64rxyfvdx7d0cxhqcrw3vss,2024-10-22T18:46:49+00:00,2024-10,Re: [PR] IVY-1651 Augment 'Child elements’ section of 'File System Resolver' documentation [ant-ivy],topic-3ebaf3aaf9876159,2026-10-04,subject only,excluded_ordinary_patch,"Subject inspected: ordinary implementation/documentation patch, not a formal vote or directed foundation-project decision proposal."
ant,<SA1PR10MB769996CDA170CF748996FDCBFC4F2@SA1PR10MB7699.namprd10.prod.outlook.com>,c09hbczfhstrx9o3f047d6d63o3f97l4,https://lists.apache.org/api/source.lua?id=c09hbczfhstrx9o3f047d6d63o3f97l4,2024-10-25T14:28:26+00:00,2024-10,"OpenJDK Quality Outreach: JDK 23 is GA, JDK 24 EA builds",topic-242f63b5a2286b90,2026-10-04,subject only,body_pending,Subject inspected and retained for ambiguity/context review; no final eligibility decision from the title.
ant,<e8dc263f-16d4-4830-b2c0-a2622a5b8028@apache.org>,g23o8yp038810p64tztkwg3k50703moz,https://lists.apache.org/api/source.lua?id=g23o8yp038810p64tztkwg3k50703moz,2024-10-29T04:19:08+00:00,2024-10,"Re: OpenJDK Quality Outreach: JDK 23 is GA, JDK 24 EA builds",topic-242f63b5a2286b90,2026-10-04,subject only,body_pending,Subject inspected and retained for ambiguity/context review; no final eligibility decision from the title.
ant,<PR_kwDOATT2FM6BKxdr@gitbox.apache.org>,3q4wph0gpllcsgqd03jh9qc92ynf21d8,https://lists.apache.org/api/source.lua?id=3q4wph0gpllcsgqd03jh9qc92ynf21d8,2024-11-07T10:39:08+00:00,2024-11,[PR] Fix copy&paste error in signjar documentation [ant],topic-08fb6b821a097b98,2026-10-04,subject only,excluded_automated_notification,Subject inspected: automated bug-summary or ordinary GitHub patch notification; excluded from the decision frame. Related evidence may still be followed from an eligible episode.
ant,<PR_kwDOATT2FM6BKxdr-e476acf8-d412-40e0-8159-63f173ea013c@gitbox.apache.org>,61j1z6s10b6kxf8nz9x62xf0qf2bx7p7,https://lists.apache.org/api/source.lua?id=61j1z6s10b6kxf8nz9x62xf0qf2bx7p7,2024-11-08T16:39:10+00:00,2024-11,Re: [PR] Fix copy&paste error in signjar documentation [ant],topic-08fb6b821a097b98,2026-10-04,subject only,excluded_ordinary_patch,"Subject inspected: ordinary implementation/documentation patch, not a formal vote or directed foundation-project decision proposal."
ant,<PR_kwDOATT2FM6BKxdr-6380d304-dab2-4969-a203-bcba4b2618d1@gitbox.apache.org>,m8rgglpg2627m25ljbnk6y0c5htzo3sr,https://lists.apache.org/api/source.lua?id=m8rgglpg2627m25ljbnk6y0c5htzo3sr,2024-11-08T16:39:14+00:00,2024-11,Re: [PR] Fix copy&paste error in signjar documentation [ant],topic-08fb6b821a097b98,2026-10-04,subject only,excluded_ordinary_patch,"Subject inspected: ordinary implementation/documentation patch, not a formal vote or directed foundation-project decision proposal."
ant,<Zy6yD_7CJlVASLe5@michel-fedora-PC198L6J>,9dfws64qkyoxbtk6474hpoyxxc2hncdv,https://lists.apache.org/api/source.lua?id=9dfws64qkyoxbtk6474hpoyxxc2hncdv,2024-11-09T00:51:27+00:00,2024-11,Ivy 2.5.2 incompatibility with JDK 21 due to Pack200 removal,topic-d917f7ba5a2e5720,2026-10-04,subject and complete plain-text bodies; follow-up pending,ambiguous_service_role_followup_pending,Pack200/JDK build troubleshooting also includes a November 9 Jira account approval. Retain the service act for role/authority and family review rather than exclude the entire thread as technical support.
ant,<0f288916-27a7-4e21-bf82-ca403ed68e4a@apache.org>,7740y3r89x2rxqfvj7j8wrg64p1hwmw8,https://lists.apache.org/api/source.lua?id=7740y3r89x2rxqfvj7j8wrg64p1hwmw8,2024-11-09T01:39:13+00:00,2024-11,Re: Ivy 2.5.2 incompatibility with JDK 21 due to Pack200 removal,topic-d917f7ba5a2e5720,2026-10-04,subject and complete plain-text bodies; follow-up pending,ambiguous_service_role_followup_pending,Pack200/JDK build troubleshooting also includes a November 9 Jira account approval. Retain the service act for role/authority and family review rather than exclude the entire thread as technical support.
ant,<Zy7aSUSwpM2Pnxva@borges>,5dr6kd40qfk69h26lnbxojrr474ov135,https://lists.apache.org/api/source.lua?id=5dr6kd40qfk69h26lnbxojrr474ov135,2024-11-09T03:43:05+00:00,2024-11,Re: Ivy 2.5.2 incompatibility with JDK 21 due to Pack200 removal,topic-d917f7ba5a2e5720,2026-10-04,subject and complete plain-text bodies; follow-up pending,ambiguous_service_role_followup_pending,Pack200/JDK build troubleshooting also includes a November 9 Jira account approval. Retain the service act for role/authority and family review rather than exclude the entire thread as technical support.
ant,<PR_kwDOATT2Es6BsZwC@gitbox.apache.org>,6mr28tbgqhcfgdz28f8wll224h1zccn6,https://lists.apache.org/api/source.lua?id=6mr28tbgqhcfgdz28f8wll224h1zccn6,2024-11-12T22:54:27+00:00,2024-11,[PR] Fix for IVY-1649 and IVY-1650 [ant-ivy],topic-52285c315ef875dd,2026-10-04,subject only,excluded_automated_notification,Subject inspected: automated bug-summary or ordinary GitHub patch notification; excluded from the decision frame. Related evidence may still be followed from an eligible episode.
ant,<PR_kwDOATT2Es6BsZwC-97b136f5-71ec-470a-8f48-fd1634376f74@gitbox.apache.org>,x8n2cg5rm5sn1k0h2ygpt7n9bj7jc602,https://lists.apache.org/api/source.lua?id=x8n2cg5rm5sn1k0h2ygpt7n9bj7jc602,2024-11-12T23:06:55+00:00,2024-11,Re: [PR] Fix for IVY-1649 and IVY-1650 [ant-ivy],topic-52285c315ef875dd,2026-10-04,subject only,excluded_ordinary_patch,"Subject inspected: ordinary implementation/documentation patch, not a formal vote or directed foundation-project decision proposal."
ant,<PR_kwDOATT2Es5m_fPX-52b1289a-9cc7-4be4-aa60-173f27f23ff2@gitbox.apache.org>,nc79xhngokqdhxkvnsk6vv9x6fkh00ys,https://lists.apache.org/api/source.lua?id=nc79xhngokqdhxkvnsk6vv9x6fkh00ys,2024-11-12T23:07:49+00:00,2024-11,Re: [PR] Partial fix for IVY-1649 [ant-ivy],topic-01bcb5defa1482d7,2026-10-04,subject only,excluded_ordinary_patch,"Subject inspected: ordinary implementation/documentation patch, not a formal vote or directed foundation-project decision proposal."
ant,<PR_kwDOATT2Es5m_fPX-5d0af187-112f-4e37-87ce-5543ae1c36a2@gitbox.apache.org>,1wzjp0nt0ot839hlsbnp66hv0o76ll5w,https://lists.apache.org/api/source.lua?id=1wzjp0nt0ot839hlsbnp66hv0o76ll5w,2024-11-12T23:07:50+00:00,2024-11,Re: [PR] Partial fix for IVY-1649 [ant-ivy],topic-01bcb5defa1482d7,2026-10-04,subject only,excluded_ordinary_patch,"Subject inspected: ordinary implementation/documentation patch, not a formal vote or directed foundation-project decision proposal."
ant,<457381523.1903503.1731840000859@mail.yahoo.com>,86ortvskcz97z3gdpjjs9lqp5kdtvwqv,https://lists.apache.org/api/source.lua?id=86ortvskcz97z3gdpjjs9lqp5kdtvwqv,2024-11-17T10:40:00+00:00,2024-11,Re: Future of Ivy and IvyDE,topic-7372b3d7c63f4cdf,2026-09-22,subject; body review retained at accepted September checkpoint,multiple_deliverables_candidate,"Ivy and IvyDE maintenance/retirement discussion extends from August 2023 into November 2024. Ivy retirement was explicitly abandoned after a PMC maintainer volunteered; split deliverables, preserve shared sources and earliest onset."
ant,<CACZkXPzDm7WQiGyzL24rBbs6_A4WmZsVSDNVvwcwLhyciGADhg@mail.gmail.com>,09glfgqhh5l7f04ftn0d2l0rplxrr9lz,https://lists.apache.org/api/source.lua?id=09glfgqhh5l7f04ftn0d2l0rplxrr9lz,2024-11-17T11:25:17+00:00,2024-11,Re: Future of Ivy and IvyDE,topic-7372b3d7c63f4cdf,2026-09-22,subject; body review retained at accepted September checkpoint,multiple_deliverables_candidate,"Ivy and IvyDE maintenance/retirement discussion extends from August 2023 into November 2024. Ivy retirement was explicitly abandoned after a PMC maintainer volunteered; split deliverables, preserve shared sources and earliest onset."
ant,<PR_kwDOATT2Es6CJ4DQ@gitbox.apache.org>,z04089htbtgvoqzx6rxtrbvj3wrl2g8s,https://lists.apache.org/api/source.lua?id=z04089htbtgvoqzx6rxtrbvj3wrl2g8s,2024-11-17T11:30:50+00:00,2024-11,[PR] IVY-1651: improved documentation regarding patterns and retrieve task [ant-ivy],topic-a3744476787649e8,2026-10-04,subject only,excluded_automated_notification,Subject inspected: automated bug-summary or ordinary GitHub patch notification; excluded from the decision frame. Related evidence may still be followed from an eligible episode.
ant,<PR_kwDOATT2Es6CJ4DQ-12888426-cf9d-43b8-8a0e-5013db8ce646@gitbox.apache.org>,hdrl3t2bomfrpkbbpfbf605qv1z0bpc0,https://lists.apache.org/api/source.lua?id=hdrl3t2bomfrpkbbpfbf605qv1z0bpc0,2024-11-17T11:32:10+00:00,2024-11,Re: [PR] IVY-1651: improved documentation regarding patterns and retrieve task [ant-ivy],topic-a3744476787649e8,2026-10-04,subject only,excluded_ordinary_patch,"Subject inspected: ordinary implementation/documentation patch, not a formal vote or directed foundation-project decision proposal."
ant,<PR_kwDOATT2Es5phtkc-c65619e6-8d7f-487c-b58d-36168b47273f@gitbox.apache.org>,ym00wmy5m8lm3ftp80d4mrs7lvck1tq1,https://lists.apache.org/api/source.lua?id=ym00wmy5m8lm3ftp80d4mrs7lvck1tq1,2024-11-17T11:34:19+00:00,2024-11,Re: [PR] IVY-1651 Augment 'Child elements’ section of 'File System Resolver' documentation [ant-ivy],topic-3ebaf3aaf9876159,2026-10-04,subject only,excluded_ordinary_patch,"Subject inspected: ordinary implementation/documentation patch, not a formal vote or directed foundation-project decision proposal."
ant,<PR_kwDOATT2Es5phtkc-fc9356b7-91df-47d5-b1c4-0ea994d0b0b9@gitbox.apache.org>,p4v7ljod5zhyrhgmkxotfsxbhn7owvjo,https://lists.apache.org/api/source.lua?id=p4v7ljod5zhyrhgmkxotfsxbhn7owvjo,2024-11-17T11:34:20+00:00,2024-11,Re: [PR] IVY-1651 Augment 'Child elements’ section of 'File System Resolver' documentation [ant-ivy],topic-3ebaf3aaf9876159,2026-10-04,subject only,excluded_ordinary_patch,"Subject inspected: ordinary implementation/documentation patch, not a formal vote or directed foundation-project decision proposal."
ant,<9795f2a3-2acf-42dd-b2b1-e19fe7036fe7@apache.org>,chob3sf8bnng1490k5g7pcfn0wg0dwld,https://lists.apache.org/api/source.lua?id=chob3sf8bnng1490k5g7pcfn0wg0dwld,2024-11-17T14:25:51+00:00,2024-11,Re: Future of Ivy and IvyDE,topic-7372b3d7c63f4cdf,2026-09-22,subject; body review retained at accepted September checkpoint,multiple_deliverables_candidate,"Ivy and IvyDE maintenance/retirement discussion extends from August 2023 into November 2024. Ivy retirement was explicitly abandoned after a PMC maintainer volunteered; split deliverables, preserve shared sources and earliest onset."
ant,<PR_kwDOATT2FM6EbbJ8@gitbox.apache.org>,9pm4d4fws5o05ncqdgq0pr21q52mro7k,https://lists.apache.org/api/source.lua?id=9pm4d4fws5o05ncqdgq0pr21q52mro7k,2024-12-08T07:28:58+00:00,2024-12,[PR] Upgrade Hamcrest to 3.0 [ant],topic-34d342957dfdfec5,2026-10-04,subject only,excluded_automated_notification,Subject inspected: automated bug-summary or ordinary GitHub patch notification; excluded from the decision frame. Related evidence may still be followed from an eligible episode.
ant,<SA1PR10MB76990C592C664AFF7D9CD095FC382@SA1PR10MB7699.namprd10.prod.outlook.com>,h9dhcs1n7gqdssld30bwb6rbz7gl1nwr,https://lists.apache.org/api/source.lua?id=h9dhcs1n7gqdssld30bwb6rbz7gl1nwr,2024-12-13T15:14:16+00:00,2024-12,JDK 24 Feature Freeze | Permanently Disabling the Security Manager,topic-810a17a194ee2a5a,2026-10-04,subject only,body_pending,Subject inspected and retained for ambiguity/context review; no final eligibility decision from the title.
ant,<PR_kwDOATT2FM6FQn_h@gitbox.apache.org>,8f7zmslhztjpz9tkvggmp6toy5x8zm7j,https://lists.apache.org/api/source.lua?id=8f7zmslhztjpz9tkvggmp6toy5x8zm7j,2024-12-15T11:26:09+00:00,2024-12,[PR] Consider VM-configuration when determining if SecurityManager may be set [ant],topic-9b3d71c01dbcf70c,2026-10-04,subject only,excluded_automated_notification,Subject inspected: automated bug-summary or ordinary GitHub patch notification; excluded from the decision frame. Related evidence may still be followed from an eligible episode.
ant,<PR_kwDOATT2FM6FQn_h-bc7baca7-322e-473d-99f1-fc60050cc3e6@gitbox.apache.org>,2wqq8jd9l62pcsfnkq1wvd9fjy4lz65g,https://lists.apache.org/api/source.lua?id=2wqq8jd9l62pcsfnkq1wvd9fjy4lz65g,2024-12-15T14:19:46+00:00,2024-12,Re: [PR] Consider VM-configuration when determining if SecurityManager may be set [ant],topic-9b3d71c01dbcf70c,2026-10-04,subject only,excluded_ordinary_patch,"Subject inspected: ordinary implementation/documentation patch, not a formal vote or directed foundation-project decision proposal."
ant,<PR_kwDOATT2FM6FQn_h-ecd2b49d-a3f4-431d-bb14-ba139770f1e0@gitbox.apache.org>,v4tvq7xrkoqggf0s8czryphp6sz94o6m,https://lists.apache.org/api/source.lua?id=v4tvq7xrkoqggf0s8czryphp6sz94o6m,2024-12-15T14:33:57+00:00,2024-12,Re: [PR] Consider VM-configuration when determining if SecurityManager may be set [ant],topic-9b3d71c01dbcf70c,2026-10-04,subject only,excluded_ordinary_patch,"Subject inspected: ordinary implementation/documentation patch, not a formal vote or directed foundation-project decision proposal."
ant,<PR_kwDOATT2FM6FQn_h-663bd22e-6783-4e55-849e-56b7470d6495@gitbox.apache.org>,dslsr0y4qhr4zo77m63j0s3dr294wvov,https://lists.apache.org/api/source.lua?id=dslsr0y4qhr4zo77m63j0s3dr294wvov,2024-12-17T23:19:09+00:00,2024-12,Re: [PR] Consider VM-configuration when determining if SecurityManager may be set [ant],topic-9b3d71c01dbcf70c,2026-10-04,subject only,excluded_ordinary_patch,"Subject inspected: ordinary implementation/documentation patch, not a formal vote or directed foundation-project decision proposal."
ant,<PR_kwDOATT2FM6FQn_h-31143d06-0ea6-4c7d-847c-9c2ec2f3f4ac@gitbox.apache.org>,h8xyks2mj0jbohymm6v58tfthjwsnh0s,https://lists.apache.org/api/source.lua?id=h8xyks2mj0jbohymm6v58tfthjwsnh0s,2024-12-18T16:49:47+00:00,2024-12,Re: [PR] Consider VM-configuration when determining if SecurityManager may be set [ant],topic-9b3d71c01dbcf70c,2026-10-04,subject only,excluded_ordinary_patch,"Subject inspected: ordinary implementation/documentation patch, not a formal vote or directed foundation-project decision proposal."
ant,<PR_kwDOATT2Es6F56C5@gitbox.apache.org>,dhy502vwxtq8q5dsh38gsm5bkm5mjwcc,https://lists.apache.org/api/source.lua?id=dhy502vwxtq8q5dsh38gsm5bkm5mjwcc,2024-12-20T11:45:50+00:00,2024-12,[PR] Prepare 2.5.3 release [ant-ivy],topic-0960738e39738416,2026-10-04,subject only,excluded_automated_notification,Subject inspected: automated bug-summary or ordinary GitHub patch notification; excluded from the decision frame. Related evidence may still be followed from an eligible episode.
ant,<PR_kwDOATT2Es6F56C5-4e23c9de-8f5e-4269-887d-ea8d7d4b3f8b@gitbox.apache.org>,nbogqbghv2yt14mbd66moqqmn7gkxmz1,https://lists.apache.org/api/source.lua?id=nbogqbghv2yt14mbd66moqqmn7gkxmz1,2024-12-20T11:46:21+00:00,2024-12,Re: [PR] Prepare 2.5.3 release [ant-ivy],topic-0960738e39738416,2026-10-04,subject only,release_context_body_pending,"Subject identifies preparation for Ivy 2.5.3; link to the release family, with body and references pending."
ant,<MDExOlB1bGxSZXF1ZXN0MjY0MTA5NDY=-9311dfc0-e250-470c-b7ef-c403efac56ec@gitbox.apache.org>,z5dkrclp7khv36tmdhwrgj1mmpzdvw0c,https://lists.apache.org/api/source.lua?id=z5dkrclp7khv36tmdhwrgj1mmpzdvw0c,2024-12-21T17:14:07+00:00,2024-12,Re: [PR] Shuffle the test methods in the same class(for junit4) [ant],topic-7b94aebefff61a3f,2026-10-04,subject only,excluded_ordinary_patch,"Subject inspected: ordinary implementation/documentation patch, not a formal vote or directed foundation-project decision proposal."
ant,<CAHgmaKobDJsaawGEnOGCD0wYAqKjz_heNyUy8T3hXp77M-cBJw@mail.gmail.com>,sj7nokb7rj9d2sppbpy66z6x4fv6yhjw,https://lists.apache.org/api/source.lua?id=sj7nokb7rj9d2sppbpy66z6x4fv6yhjw,2024-12-23T13:11:07+00:00,2024-12,[VOTE] Ivy 2.5.3 Release,topic-a1bdfa98df29126e,2026-10-04,subject and complete plain-text bodies; follow-up pending,release_family_followup_pending,"Ivy 2.5.3: December 23 2024 formal vote, December 29 passage, January 2 2025 announcement. The announcement does not open a 2025 family. DOAP follow-up was read in the accepted checkpoint; signed-tag request and update-site uncertainty remain release context."
ant,<87r05xkqto.fsf@v45346.1blu.de>,vp73lpd19w4gqjyrzt8q8gp1s6rlm5ho,https://lists.apache.org/api/source.lua?id=vp73lpd19w4gqjyrzt8q8gp1s6rlm5ho,2024-12-24T16:07:15+00:00,2024-12,Re: [VOTE] Ivy 2.5.3 Release,topic-a1bdfa98df29126e,2026-10-04,subject and complete plain-text bodies; follow-up pending,release_family_followup_pending,"Ivy 2.5.3: December 23 2024 formal vote, December 29 passage, January 2 2025 announcement. The announcement does not open a 2025 family. DOAP follow-up was read in the accepted checkpoint; signed-tag request and update-site uncertainty remain release context."
ant,<1bdf1140-3802-48e6-abee-c16c79e48176@gmail.com>,1q8ggmn0bd0fxz03shr6vcorf855xpl7,https://lists.apache.org/api/source.lua?id=1q8ggmn0bd0fxz03shr6vcorf855xpl7,2024-12-25T00:43:56+00:00,2024-12,Re: [VOTE] Ivy 2.5.3 Release,topic-a1bdfa98df29126e,2026-10-04,subject and complete plain-text bodies; follow-up pending,release_family_followup_pending,"Ivy 2.5.3: December 23 2024 formal vote, December 29 passage, January 2 2025 announcement. The announcement does not open a 2025 family. DOAP follow-up was read in the accepted checkpoint; signed-tag request and update-site uncertainty remain release context."
ant,<148e1cf7-bbb0-4b72-908b-a8e12b56b239@famkruithof.net>,jqh8q3f35dm89yzq4ko1vk2rbhz8btok,https://lists.apache.org/api/source.lua?id=jqh8q3f35dm89yzq4ko1vk2rbhz8btok,2024-12-25T14:48:07+00:00,2024-12,Re: [VOTE] Ivy 2.5.3 Release,topic-a1bdfa98df29126e,2026-10-04,subject and complete plain-text bodies; follow-up pending,release_family_followup_pending,"Ivy 2.5.3: December 23 2024 formal vote, December 29 passage, January 2 2025 announcement. The announcement does not open a 2025 family. DOAP follow-up was read in the accepted checkpoint; signed-tag request and update-site uncertainty remain release context."
ant,<87zfkjsl6d.fsf_-_@v45346.1blu.de>,zxnllopy0w7dynhxtfwbf8c943fj15w9,https://lists.apache.org/api/source.lua?id=zxnllopy0w7dynhxtfwbf8c943fj15w9,2024-12-25T17:54:18+00:00,2024-12,DOAP file (was Re: [VOTE] Ivy 2.5.3 Release),topic-e2da244fc99c3d97,2026-09-22,subject; body review retained at accepted September checkpoint,release_followup,Ivy 2.5.3 DOAP syntax correction and reported fix; shared catalogue use does not establish a directed foundation commitment. Attach to release family review.
ant,<1914601477.3864168.1735210568036@mail.yahoo.com>,0xpdqtfo5djd1w7l4j9c1qoo9fz820kx,https://lists.apache.org/api/source.lua?id=0xpdqtfo5djd1w7l4j9c1qoo9fz820kx,2024-12-26T10:56:08+00:00,2024-12,Re: DOAP file (was Re: [VOTE] Ivy 2.5.3 Release),topic-e2da244fc99c3d97,2026-09-22,subject; body review retained at accepted September checkpoint,release_followup,Ivy 2.5.3 DOAP syntax correction and reported fix; shared catalogue use does not establish a directed foundation commitment. Attach to release family review.
ant,<CAMbkE7Q8u4kPzQifJkXVOsxia8-tODrc4h2699ihoY0F0E-44w@mail.gmail.com>,fth9n7qs2kz742h1hh5t3oydn3ynnncg,https://lists.apache.org/api/source.lua?id=fth9n7qs2kz742h1hh5t3oydn3ynnncg,2024-12-27T04:17:11+00:00,2024-12,Re: [VOTE] Ivy 2.5.3 Release,topic-a1bdfa98df29126e,2026-10-04,subject and complete plain-text bodies; follow-up pending,release_family_followup_pending,"Ivy 2.5.3: December 23 2024 formal vote, December 29 passage, January 2 2025 announcement. The announcement does not open a 2025 family. DOAP follow-up was read in the accepted checkpoint; signed-tag request and update-site uncertainty remain release context."
ant,<1695478550.2222772.1735463428727@mail.yahoo.com>,lyl87n30jbxfpt0bwzjqg5gscgplw59k,https://lists.apache.org/api/source.lua?id=lyl87n30jbxfpt0bwzjqg5gscgplw59k,2024-12-29T09:10:28+00:00,2024-12,Re: [VOTE] Ivy 2.5.3 Release,topic-a1bdfa98df29126e,2026-10-04,subject and complete plain-text bodies; follow-up pending,release_family_followup_pending,"Ivy 2.5.3: December 23 2024 formal vote, December 29 passage, January 2 2025 announcement. The announcement does not open a 2025 family. DOAP follow-up was read in the accepted checkpoint; signed-tag request and update-site uncertainty remain release context."
ant,<CAHgmaKrdP3v_u20_yZiN_Apm-jzeeUbC3fzFZRgp-z-e6wOitg@mail.gmail.com>,4zbtt5ns10vy0kwzzybg3s6ft4g6ddgl,https://lists.apache.org/api/source.lua?id=4zbtt5ns10vy0kwzzybg3s6ft4g6ddgl,2024-12-29T09:17:10+00:00,2024-12,[RESULT] Ivy 2.5.3 Release,topic-8992a490886fc1d1,2026-10-04,subject and complete plain-text bodies; follow-up pending,release_family_followup_pending,"Ivy 2.5.3: December 23 2024 formal vote, December 29 passage, January 2 2025 announcement. The announcement does not open a 2025 family. DOAP follow-up was read in the accepted checkpoint; signed-tag request and update-site uncertainty remain release context."
ant,<CAHgmaKq7DJ_ERVy4ffB2q8P1BHrYtfDJFfUavQmtZgSfAS4H-Q@mail.gmail.com>,44h350mm4562bnh9rnsf5tv1q2zr76t2,https://lists.apache.org/api/source.lua?id=44h350mm4562bnh9rnsf5tv1q2zr76t2,2025-01-02T09:36:06+00:00,2025-01,[Announce] Release of Apache Ivy 2.5.3,topic-e74470ec31bf288f,2026-10-04,subject and complete plain-text bodies; follow-up pending,release_family_followup_pending,"Ivy 2.5.3: December 23 2024 formal vote, December 29 passage, January 2 2025 announcement. The announcement does not open a 2025 family. DOAP follow-up was read in the accepted checkpoint; signed-tag request and update-site uncertainty remain release context."
ant,<PR_kwDOATT2FM5wjxbD-3d6fe8f1-d66d-4c21-b160-f2fcb3c9cf89@gitbox.apache.org>,o3jttmh6w25msphghnps1xqt4q2nsov4,https://lists.apache.org/api/source.lua?id=o3jttmh6w25msphghnps1xqt4q2nsov4,2025-01-06T19:49:58+00:00,2025-01,Re: [PR] Add checksum check to `TarEntry` [ant],topic-cc8073842a5ec52b,2026-10-04,subject only,excluded_ordinary_patch,"Subject inspected: ordinary implementation/documentation patch, not a formal vote or directed foundation-project decision proposal."
ant,<PR_kwDOATT2FM5wjxbD-430e53dc-17de-4bb5-92a1-9b713a04decc@gitbox.apache.org>,7zr6drgmx1nwfyz7g9gvo31ljsfl85ry,https://lists.apache.org/api/source.lua?id=7zr6drgmx1nwfyz7g9gvo31ljsfl85ry,2025-01-07T04:28:16+00:00,2025-01,Re: [PR] Add checksum check to `TarEntry` [ant],topic-cc8073842a5ec52b,2026-10-04,subject only,excluded_ordinary_patch,"Subject inspected: ordinary implementation/documentation patch, not a formal vote or directed foundation-project decision proposal."
ant,<PR_kwDOATT2FM5wjxbD-cb7d4d43-2395-4cd4-b4db-5a07aecdb97c@gitbox.apache.org>,v2k4c3kkt9q9x146z5fgqjqfmlfhjob3,https://lists.apache.org/api/source.lua?id=v2k4c3kkt9q9x146z5fgqjqfmlfhjob3,2025-01-07T04:28:17+00:00,2025-01,Re: [PR] Add checksum check to `TarEntry` [ant],topic-cc8073842a5ec52b,2026-10-04,subject only,excluded_ordinary_patch,"Subject inspected: ordinary implementation/documentation patch, not a formal vote or directed foundation-project decision proposal."
ant,<PR_kwDOATT2Es5l6BPw-5d22580c-16f9-4704-a5c0-dc03791aeeb2@gitbox.apache.org>,mr5rh4qwvgq3lxclxcsrso7k6h875l8s,https://lists.apache.org/api/source.lua?id=mr5rh4qwvgq3lxclxcsrso7k6h875l8s,2025-01-14T22:01:41+00:00,2025-01,Re: [PR] Add classifier to extra info [ant-ivy],topic-5f9b82ec107f9539,2026-10-04,subject only,excluded_ordinary_patch,"Subject inspected: ordinary implementation/documentation patch, not a formal vote or directed foundation-project decision proposal."
ant,<PR_kwDOATT2Es5l6BPw-b6e7be50-827d-4a9d-be53-e24444bf939f@gitbox.apache.org>,wnrvk4gs2xtr0nhf38f57zq35fttqy9o,https://lists.apache.org/api/source.lua?id=wnrvk4gs2xtr0nhf38f57zq35fttqy9o,2025-01-15T09:41:01+00:00,2025-01,Re: [PR] Add classifier to extra info [ant-ivy],topic-5f9b82ec107f9539,2026-10-04,subject only,excluded_ordinary_patch,"Subject inspected: ordinary implementation/documentation patch, not a formal vote or directed foundation-project decision proposal."
ant,<PR_kwDOATT2Es5l6BPw-0b1dbb65-9673-4033-9f66-f14bdebd72e7@gitbox.apache.org>,6o51rmbx11g0p70c9yrct9ym7nkgkg3r,https://lists.apache.org/api/source.lua?id=6o51rmbx11g0p70c9yrct9ym7nkgkg3r,2025-01-15T09:47:07+00:00,2025-01,Re: [PR] Add classifier to extra info [ant-ivy],topic-5f9b82ec107f9539,2026-10-04,subject only,excluded_ordinary_patch,"Subject inspected: ordinary implementation/documentation patch, not a formal vote or directed foundation-project decision proposal."
ant,<PR_kwDOATT2FM6FQn_h-eb29295f-90ad-4b75-9035-1342bad04a4e@gitbox.apache.org>,91hrf0l97qr2smrm91vzsx9c07bkr13n,https://lists.apache.org/api/source.lua?id=91hrf0l97qr2smrm91vzsx9c07bkr13n,2025-02-05T00:26:45+00:00,2025-02,Re: [PR] Consider VM-configuration when determining if SecurityManager may be set [ant],topic-9b3d71c01dbcf70c,2026-10-04,subject only,excluded_ordinary_patch,"Subject inspected: ordinary implementation/documentation patch, not a formal vote or directed foundation-project decision proposal."
ant,<PR_kwDOATT2FM6FQn_h-e2f6682a-fb9c-47f3-9086-e07234deeead@gitbox.apache.org>,tndk3l65bs4o1j21zjc8352phq929czz,https://lists.apache.org/api/source.lua?id=tndk3l65bs4o1j21zjc8352phq929czz,2025-02-05T05:15:06+00:00,2025-02,Re: [PR] Consider VM-configuration when determining if SecurityManager may be set [ant],topic-9b3d71c01dbcf70c,2026-10-04,subject only,excluded_ordinary_patch,"Subject inspected: ordinary implementation/documentation patch, not a formal vote or directed foundation-project decision proposal."
ant,<PR_kwDOATT2FM6FQn_h-4cb88c49-acd8-4171-bd6a-3cd61e4ca762@gitbox.apache.org>,1xnxhzjpcrnq45f0gznbppk8khx20rnv,https://lists.apache.org/api/source.lua?id=1xnxhzjpcrnq45f0gznbppk8khx20rnv,2025-02-05T18:28:12+00:00,2025-02,Re: [PR] Consider VM-configuration when determining if SecurityManager may be set [ant],topic-9b3d71c01dbcf70c,2026-10-04,subject only,excluded_ordinary_patch,"Subject inspected: ordinary implementation/documentation patch, not a formal vote or directed foundation-project decision proposal."
ant,<PH7PR10MB7696ECE9922ED33BC60D366EFCFD2@PH7PR10MB7696.namprd10.prod.outlook.com>,7vw0gm6w0zwv88kn1oyckn0m5f129ky4,https://lists.apache.org/api/source.lua?id=7vw0gm6w0zwv88kn1oyckn0m5f129ky4,2025-02-11T15:28:46+00:00,2025-02,JDK 24 Release Candidate | JavaOne and More Heads-Up,topic-66ee0b84fd96fb61,2026-10-04,subject only,body_pending,Subject inspected and retained for ambiguity/context review; no final eligibility decision from the title.
ant,<PR_kwDOATT2FM6OccgZ@gitbox.apache.org>,qf9dflhr54s9gpl93639no0kmb80968k,https://lists.apache.org/api/source.lua?id=qf9dflhr54s9gpl93639no0kmb80968k,2025-03-13T04:52:29+00:00,2025-03,[PR] Fix PermissionUtils.FileType.of for sym links [ant],topic-b86e1c5bac0717c3,2026-10-04,subject only,excluded_automated_notification,Subject inspected: automated bug-summary or ordinary GitHub patch notification; excluded from the decision frame. Related evidence may still be followed from an eligible episode.
ant,<CAHgmaKqMFu5ot4hR-e5_WOFkFdP8hgEb83C6m8JnxOF2syOnmA@mail.gmail.com>,g2c0rqp6pvhsvt5yfybzzz6tjxxv9y79,https://lists.apache.org/api/source.lua?id=g2c0rqp6pvhsvt5yfybzzz6tjxxv9y79,2025-03-26T00:20:11+00:00,2025-03,Ivy git push not seen on CI,topic-2a57fc189985693a,2026-09-22,subject; body review retained at accepted September checkpoint,service_candidate,Ivy Gitbox lag prompted a local GitHub-remote workaround; April reply says Gitbox caught up. No identified foundation act or causal remedy in this thread.
ant,<73fbd6cf-9ef8-4cf7-8bd9-bc5d2157ab68@apache.org>,h25c64wboq763tl1msv9oz35wl3v84pf,https://lists.apache.org/api/source.lua?id=h25c64wboq763tl1msv9oz35wl3v84pf,2025-03-26T00:49:00+00:00,2025-03,Re: Ivy git push not seen on CI,topic-2a57fc189985693a,2026-09-22,subject; body review retained at accepted September checkpoint,service_candidate,Ivy Gitbox lag prompted a local GitHub-remote workaround; April reply says Gitbox caught up. No identified foundation act or causal remedy in this thread.
ant,<CAHgmaKqj0gnqgpUoGWG8dx62pk7-uLKfQ51SOm1Uyr1iqzSvrw@mail.gmail.com>,5xp2p38rhby98j01ol38kzzk738w51x6,https://lists.apache.org/api/source.lua?id=5xp2p38rhby98j01ol38kzzk738w51x6,2025-03-26T19:19:55+00:00,2025-03,Re: Ivy git push not seen on CI,topic-2a57fc189985693a,2026-09-22,subject; body review retained at accepted September checkpoint,service_candidate,Ivy Gitbox lag prompted a local GitHub-remote workaround; April reply says Gitbox caught up. No identified foundation act or causal remedy in this thread.
ant,<PR_kwDOATT2Es5l6BPw-5e2b346d-b750-4aa2-80e4-c142a26950f7@gitbox.apache.org>,xxf418r6jt23j30tg60m1y0okm9m9zcs,https://lists.apache.org/api/source.lua?id=xxf418r6jt23j30tg60m1y0okm9m9zcs,2025-03-26T19:24:08+00:00,2025-03,Re: [PR] Add classifier to extra info [ant-ivy],topic-5f9b82ec107f9539,2026-10-04,subject only,excluded_ordinary_patch,"Subject inspected: ordinary implementation/documentation patch, not a formal vote or directed foundation-project decision proposal."
ant,<PR_kwDOATT2Es5l6BPw-0b4e8c50-ae20-4016-a24a-4138698ac3b9@gitbox.apache.org>,ct1x8sxtmpt7szjtc91652n1mt1pn7bk,https://lists.apache.org/api/source.lua?id=ct1x8sxtmpt7szjtc91652n1mt1pn7bk,2025-03-26T19:24:09+00:00,2025-03,Re: [PR] Add classifier to extra info [ant-ivy],topic-5f9b82ec107f9539,2026-10-04,subject only,excluded_ordinary_patch,"Subject inspected: ordinary implementation/documentation patch, not a formal vote or directed foundation-project decision proposal."
ant,<PR_kwDOATT2Es5l6BPw-59b994b5-8bbe-4ad0-9985-b2d35e371cec@gitbox.apache.org>,fq7vjrbbckhhsdc19qpcb3m5y948xczm,https://lists.apache.org/api/source.lua?id=fq7vjrbbckhhsdc19qpcb3m5y948xczm,2025-03-26T19:25:27+00:00,2025-03,Re: [PR] Add classifier to extra info [ant-ivy],topic-5f9b82ec107f9539,2026-10-04,subject only,excluded_ordinary_patch,"Subject inspected: ordinary implementation/documentation patch, not a formal vote or directed foundation-project decision proposal."
ant,<PR_kwDOATT2Es5l6BPw-6df43693-d01a-4f1b-a2cb-eabd637ef537@gitbox.apache.org>,kos1n6blgzy8l16q890mj1dhm9789x45,https://lists.apache.org/api/source.lua?id=kos1n6blgzy8l16q890mj1dhm9789x45,2025-03-26T20:17:38+00:00,2025-03,Re: [PR] Add classifier to extra info [ant-ivy],topic-5f9b82ec107f9539,2026-10-04,subject only,excluded_ordinary_patch,"Subject inspected: ordinary implementation/documentation patch, not a formal vote or directed foundation-project decision proposal."
ant,<PR_kwDOATT2Es5l6BPw-dc89074a-e9da-4ccb-858a-d837fe70ebc0@gitbox.apache.org>,036prv1zxw1rcrfd057gnfdt4vnltg0z,https://lists.apache.org/api/source.lua?id=036prv1zxw1rcrfd057gnfdt4vnltg0z,2025-03-26T20:20:58+00:00,2025-03,Re: [PR] Add classifier to extra info [ant-ivy],topic-5f9b82ec107f9539,2026-10-04,subject only,excluded_ordinary_patch,"Subject inspected: ordinary implementation/documentation patch, not a formal vote or directed foundation-project decision proposal."
ant,<b04795c4-3ff8-47e7-9ee7-8dda8cb19aac@apache.org>,1bbwogplq464rzw6s3rg04l0w74tvjvr,https://lists.apache.org/api/source.lua?id=1bbwogplq464rzw6s3rg04l0w74tvjvr,2025-04-01T07:03:17+00:00,2025-04,Re: Ivy git push not seen on CI,topic-2a57fc189985693a,2026-09-22,subject; body review retained at accepted September checkpoint,service_candidate,Ivy Gitbox lag prompted a local GitHub-remote workaround; April reply says Gitbox caught up. No identified foundation act or causal remedy in this thread.
ant,<SA1PR10MB7699F1C54C9855F8C7FF8772FCAA2@SA1PR10MB7699.namprd10.prod.outlook.com>,qyvqt9hxjfhrgm96spn0nxgbb68v55rc,https://lists.apache.org/api/source.lua?id=qyvqt9hxjfhrgm96spn0nxgbb68v55rc,2025-04-07T16:17:32+00:00,2025-04,OpenJDK Quality Outreach: Java 24 Is Now Available!,topic-18636b4eb23c2465,2026-10-04,subject only,body_pending,Subject inspected and retained for ambiguity/context review; no final eligibility decision from the title.
ant,<1006129139.84739.1745269379100@mail.yahoo.com>,ztc5qdb11z98r3q0krfmb5oontnw4dfr,https://lists.apache.org/api/source.lua?id=ztc5qdb11z98r3q0krfmb5oontnw4dfr,2025-04-21T21:02:59+00:00,2025-04,Re: Ivy git push not seen on CI,topic-2a57fc189985693a,2026-09-22,subject; body review retained at accepted September checkpoint,service_candidate,Ivy Gitbox lag prompted a local GitHub-remote workaround; April reply says Gitbox caught up. No identified foundation act or causal remedy in this thread.
ant,<PR_kwDOATT2FM6V0V_z@gitbox.apache.org>,fqzmogs2xflqh9q082gdfcxmrb0kkyms,https://lists.apache.org/api/source.lua?id=fqzmogs2xflqh9q082gdfcxmrb0kkyms,2025-05-12T11:09:19+00:00,2025-05,[PR] Improve JUnit report title handling [ant],topic-1275f5bd65fb232d,2026-10-04,subject only,excluded_automated_notification,Subject inspected: automated bug-summary or ordinary GitHub patch notification; excluded from the decision frame. Related evidence may still be followed from an eligible episode.
ant,<CANDwYve9HmOPue4y-8ezX3g+aJNEzbNC5OxqTW69LzsRdRMFug@mail.gmail.com>,ryfb3qtwyxm2xdwcvxzlwxbn9o0r5sg2,https://lists.apache.org/api/source.lua?id=ryfb3qtwyxm2xdwcvxzlwxbn9o0r5sg2,2025-05-29T22:18:17+00:00,2025-05,Support for -cp launcher option,topic-87870da9ff4237e8,2026-10-04,subject and complete plain-text bodies; follow-up pending,excluded_user_support,Question about undocumented launcher option and compatibility advice; no binding change is requested in the inspected exchange.
ant,<87plfphtfs.fsf@v45346.1blu.de>,w2s6fv46qdstln54v2fc4txmmf2fk4rc,https://lists.apache.org/api/source.lua?id=w2s6fv46qdstln54v2fc4txmmf2fk4rc,2025-05-31T12:10:31+00:00,2025-05,Re: Support for -cp launcher option,topic-87870da9ff4237e8,2026-10-04,subject and complete plain-text bodies; follow-up pending,excluded_user_support,Question about undocumented launcher option and compatibility advice; no binding change is requested in the inspected exchange.
ant,<PR_kwDOATT2FM5Eadwb-ca4a18a6-dd56-4683-8eb6-dcc429295307@gitbox.apache.org>,mlpddd30cjdrc3wswk4p0jn9o2ok2to0,https://lists.apache.org/api/source.lua?id=mlpddd30cjdrc3wswk4p0jn9o2ok2to0,2025-05-31T12:16:01+00:00,2025-05,Re: [PR] Bump commons-net from 3.8.0 to 3.9.0 in /src/etc/poms/ant-commons-net [ant],topic-01c200a9a1acb10a,2026-10-04,subject only,excluded_ordinary_patch,"Subject inspected: ordinary implementation/documentation patch, not a formal vote or directed foundation-project decision proposal."
ant,<PR_kwDOATT2FM5Eadwb-c301016d-876f-4780-8f8f-7f536e5b016d@gitbox.apache.org>,6jgb66w0ccqpmh18gynrkopg4ofq57qt,https://lists.apache.org/api/source.lua?id=6jgb66w0ccqpmh18gynrkopg4ofq57qt,2025-05-31T12:16:04+00:00,2025-05,Re: [PR] Bump commons-net from 3.8.0 to 3.9.0 in /src/etc/poms/ant-commons-net [ant],topic-01c200a9a1acb10a,2026-10-04,subject only,excluded_ordinary_patch,"Subject inspected: ordinary implementation/documentation patch, not a formal vote or directed foundation-project decision proposal."
ant,<PR_kwDOATT2FM5Xz_LL-2ebfa0f1-0e71-4bd5-8b66-c79024937795@gitbox.apache.org>,d7ldt6qpnm28qqvxj5y03y0d6kts2zkq,https://lists.apache.org/api/source.lua?id=d7ldt6qpnm28qqvxj5y03y0d6kts2zkq,2025-05-31T12:16:18+00:00,2025-05,Re: [PR] Bump xalan:xalan from 2.7.2 to 2.7.3 in /src/etc/poms/ant-junit [ant],topic-a0afbcbbd01d34e3,2026-10-04,subject only,excluded_ordinary_patch,"Subject inspected: ordinary implementation/documentation patch, not a formal vote or directed foundation-project decision proposal."
ant,<PR_kwDOATT2FM5Xz_LL-05ba1c5b-8f58-4c5b-a0fc-75977d3550ba@gitbox.apache.org>,dtr91o9kqj2npl6x3zh9do733g8m4z20,https://lists.apache.org/api/source.lua?id=dtr91o9kqj2npl6x3zh9do733g8m4z20,2025-05-31T12:16:20+00:00,2025-05,Re: [PR] Bump xalan:xalan from 2.7.2 to 2.7.3 in /src/etc/poms/ant-junit [ant],topic-a0afbcbbd01d34e3,2026-10-04,subject only,excluded_ordinary_patch,"Subject inspected: ordinary implementation/documentation patch, not a formal vote or directed foundation-project decision proposal."
ant,<PR_kwDOATT2FM435LF_-ac674197-2fcc-4e60-865c-07be3283e0ff@gitbox.apache.org>,bx35f3d1hot7gjw702qczv28byoqodj6,https://lists.apache.org/api/source.lua?id=bx35f3d1hot7gjw702qczv28byoqodj6,2025-05-31T12:17:04+00:00,2025-05,Re: [PR] Bump xercesImpl from 2.12.0 to 2.12.2 in /src/etc/poms/ant-junit [ant],topic-745a6ff3c94efa9e,2026-10-04,subject only,excluded_ordinary_patch,"Subject inspected: ordinary implementation/documentation patch, not a formal vote or directed foundation-project decision proposal."
ant,<PR_kwDOATT2FM435LF_-77432ec2-f8f9-4f99-970f-275bd25ff65d@gitbox.apache.org>,hvrshw53l1pnfz9bg9s7ktkbg3525m50,https://lists.apache.org/api/source.lua?id=hvrshw53l1pnfz9bg9s7ktkbg3525m50,2025-05-31T12:17:07+00:00,2025-05,Re: [PR] Bump xercesImpl from 2.12.0 to 2.12.2 in /src/etc/poms/ant-junit [ant],topic-745a6ff3c94efa9e,2026-10-04,subject only,excluded_ordinary_patch,"Subject inspected: ordinary implementation/documentation patch, not a formal vote or directed foundation-project decision proposal."
ant,<PR_kwDOATT2FM435LIJ-6fb5ce6f-6463-4f0f-b06f-af7b4f17b42d@gitbox.apache.org>,dor82yvh2vyldosrlh6dct8gs6mldmhl,https://lists.apache.org/api/source.lua?id=dor82yvh2vyldosrlh6dct8gs6mldmhl,2025-05-31T12:17:23+00:00,2025-05,Re: [PR] Bump xercesImpl from 2.12.0 to 2.12.2 in /src/etc/poms/ant [ant],topic-c4f7228d8c3ff85d,2026-10-04,subject only,excluded_ordinary_patch,"Subject inspected: ordinary implementation/documentation patch, not a formal vote or directed foundation-project decision proposal."
ant,<PR_kwDOATT2FM435LIJ-d9754401-aefc-4fea-a229-808de227ee8d@gitbox.apache.org>,do9flhosxfdh56tdhxlbw4jh9rw3odbn,https://lists.apache.org/api/source.lua?id=do9flhosxfdh56tdhxlbw4jh9rw3odbn,2025-05-31T12:17:26+00:00,2025-05,Re: [PR] Bump xercesImpl from 2.12.0 to 2.12.2 in /src/etc/poms/ant [ant],topic-c4f7228d8c3ff85d,2026-10-04,subject only,excluded_ordinary_patch,"Subject inspected: ordinary implementation/documentation patch, not a formal vote or directed foundation-project decision proposal."
ant,<PR_kwDOATT2FM6EbbJ8-46ce2ecb-793c-4150-8251-cb8425252858@gitbox.apache.org>,zvm22nccpnld9jrry5q8b5ttg00zs1o6,https://lists.apache.org/api/source.lua?id=zvm22nccpnld9jrry5q8b5ttg00zs1o6,2025-05-31T12:33:17+00:00,2025-05,Re: [PR] Upgrade Hamcrest to 3.0 [ant],topic-34d342957dfdfec5,2026-10-04,subject only,excluded_ordinary_patch,"Subject inspected: ordinary implementation/documentation patch, not a formal vote or directed foundation-project decision proposal."
ant,<PR_kwDOATT2FM56dDtP-b762944f-12f9-4567-882c-c97e89e78f92@gitbox.apache.org>,02hbkthmsfodcrrk8z6l1523trpl34n0,https://lists.apache.org/api/source.lua?id=02hbkthmsfodcrrk8z6l1523trpl34n0,2025-05-31T12:46:03+00:00,2025-05,Re: [PR] improve filtering performance [ant],topic-586b870ae5e97158,2026-10-04,subject only,excluded_ordinary_patch,"Subject inspected: ordinary implementation/documentation patch, not a formal vote or directed foundation-project decision proposal."
ant,<PR_kwDOATT2FM6OccgZ-035baef1-5f21-472b-a096-b874b4c9d147@gitbox.apache.org>,yd0cz5z90dkynssd0tqys69fr788rgvr,https://lists.apache.org/api/source.lua?id=yd0cz5z90dkynssd0tqys69fr788rgvr,2025-05-31T13:06:54+00:00,2025-05,Re: [PR] Fix PermissionUtils.FileType.of for sym links [ant],topic-b86e1c5bac0717c3,2026-10-04,subject only,excluded_ordinary_patch,"Subject inspected: ordinary implementation/documentation patch, not a formal vote or directed foundation-project decision proposal."
ant,<PR_kwDOATT2FM6V0V_z-90be914d-9ed7-47ca-8693-87c9924e3967@gitbox.apache.org>,vgv7bb9p5lw6b3gwj2oglvm62qrtj3fh,https://lists.apache.org/api/source.lua?id=vgv7bb9p5lw6b3gwj2oglvm62qrtj3fh,2025-05-31T13:08:37+00:00,2025-05,Re: [PR] Improve JUnit report title handling [ant],topic-1275f5bd65fb232d,2026-10-04,subject only,excluded_ordinary_patch,"Subject inspected: ordinary implementation/documentation patch, not a formal vote or directed foundation-project decision proposal."
ant,<PR_kwDOATT2FM6V0V_z-bad05849-a19a-486a-bf2e-398e006327cf@gitbox.apache.org>,yl5v4k6113z1mg1wlw7mgn5qxg9pw88m,https://lists.apache.org/api/source.lua?id=yl5v4k6113z1mg1wlw7mgn5qxg9pw88m,2025-05-31T13:09:51+00:00,2025-05,Re: [PR] Improve JUnit report title handling [ant],topic-1275f5bd65fb232d,2026-10-04,subject only,excluded_ordinary_patch,"Subject inspected: ordinary implementation/documentation patch, not a formal vote or directed foundation-project decision proposal."
ant,<PR_kwDOATT2FM56dDtP-ec527207-0d7f-402f-9b73-d3afa549daf7@gitbox.apache.org>,vxmyz238c29btovy8lxyskx3p4swjrlg,https://lists.apache.org/api/source.lua?id=vxmyz238c29btovy8lxyskx3p4swjrlg,2025-05-31T14:16:36+00:00,2025-05,Re: [PR] improve filtering performance [ant],topic-586b870ae5e97158,2026-10-04,subject only,excluded_ordinary_patch,"Subject inspected: ordinary implementation/documentation patch, not a formal vote or directed foundation-project decision proposal."
ant,<PR_kwDOATT2FM6YZbmg@gitbox.apache.org>,qbt3mzcgvs7c41gxr51mb8hrvx22f65z,https://lists.apache.org/api/source.lua?id=qbt3mzcgvs7c41gxr51mb8hrvx22f65z,2025-05-31T14:33:51+00:00,2025-05,[PR] improve security of TLS handling in MimeMailers [ant],topic-2cf64d6717bd42ba,2026-10-04,subject only,excluded_automated_notification,Subject inspected: automated bug-summary or ordinary GitHub patch notification; excluded from the decision frame. Related evidence may still be followed from an eligible episode.
ant,<87cyboon5w.fsf@v45346.1blu.de>,fbjnvdrn1oft7hktortc3rk93kpnlllv,https://lists.apache.org/api/source.lua?id=fbjnvdrn1oft7hktortc3rk93kpnlllv,2025-05-31T14:44:11+00:00,2025-05,looks as if sync github -> gitbox wasn't working for Ant,topic-d541747f7be4cb58,2026-09-22,subject; body review retained at accepted September checkpoint,service_candidate,Ant repository sync failure is reported with a reference to earlier Ivy trouble. Different repository/deliverable; do not merge solely because symptom is shared.
ant,<PR_kwDOATT2FM6V0V_z-ab3ded37-8642-4548-834e-da908f6a4f42@gitbox.apache.org>,6fj4pnwx9qr1bjdzd7zsbht9cr4tzc0l,https://lists.apache.org/api/source.lua?id=6fj4pnwx9qr1bjdzd7zsbht9cr4tzc0l,2025-05-31T20:46:01+00:00,2025-05,Re: [PR] Improve JUnit report title handling [ant],topic-1275f5bd65fb232d,2026-10-04,subject only,excluded_ordinary_patch,"Subject inspected: ordinary implementation/documentation patch, not a formal vote or directed foundation-project decision proposal."
ant,<PR_kwDOATT2FM6EbbJ8-27b01077-b140-47c9-ba7c-b72ec2a4e643@gitbox.apache.org>,d2c38hnq1f5h12ds6rjfdnt51rv9dlqo,https://lists.apache.org/api/source.lua?id=d2c38hnq1f5h12ds6rjfdnt51rv9dlqo,2025-06-01T03:34:30+00:00,2025-06,Re: [PR] Upgrade Hamcrest to 3.0 [ant],topic-34d342957dfdfec5,2026-10-04,subject only,excluded_ordinary_patch,"Subject inspected: ordinary implementation/documentation patch, not a formal vote or directed foundation-project decision proposal."
ant,<PR_kwDOATT2FM6EbbJ8-65ba76c7-0865-4b5a-815d-fb2af3d93e23@gitbox.apache.org>,43kwfrgd7bmz04nvr6k8w25o49d3s054,https://lists.apache.org/api/source.lua?id=43kwfrgd7bmz04nvr6k8w25o49d3s054,2025-06-01T06:46:30+00:00,2025-06,Re: [PR] Upgrade Hamcrest to 3.0 [ant],topic-34d342957dfdfec5,2026-10-04,subject only,excluded_ordinary_patch,"Subject inspected: ordinary implementation/documentation patch, not a formal vote or directed foundation-project decision proposal."
ant,<PR_kwDOATT2FM6EbbJ8-15b61573-c7d0-4fc6-8ee9-757fe7883350@gitbox.apache.org>,f41rht0gkj7c0nq4q0chsk9jnclhyh0q,https://lists.apache.org/api/source.lua?id=f41rht0gkj7c0nq4q0chsk9jnclhyh0q,2025-06-01T06:47:02+00:00,2025-06,Re: [PR] Upgrade Hamcrest to 3.0 [ant],topic-34d342957dfdfec5,2026-10-04,subject only,excluded_ordinary_patch,"Subject inspected: ordinary implementation/documentation patch, not a formal vote or directed foundation-project decision proposal."
ant,<PR_kwDOATT2FM6OccgZ-27ad6b95-f351-4291-ac53-62f489ba3c13@gitbox.apache.org>,rrv2n2fjlp59dqrlnsj4hhp3j5vdfp67,https://lists.apache.org/api/source.lua?id=rrv2n2fjlp59dqrlnsj4hhp3j5vdfp67,2025-06-01T12:03:25+00:00,2025-06,Re: [PR] Fix PermissionUtils.FileType.of for sym links [ant],topic-b86e1c5bac0717c3,2026-10-04,subject only,excluded_ordinary_patch,"Subject inspected: ordinary implementation/documentation patch, not a formal vote or directed foundation-project decision proposal."
ant,<CANDwYveG8tYQ1DRjLxfsXhy9uYthiV5iBZytTx-0gkQTWvyQNg@mail.gmail.com>,h6sr8lxzohorlxdf4zg88vtkzt1hb7db,https://lists.apache.org/api/source.lua?id=h6sr8lxzohorlxdf4zg88vtkzt1hb7db,2025-06-01T12:41:25+00:00,2025-06,Re: [PR] improve filtering performance [ant],topic-586b870ae5e97158,2026-10-04,subject only,excluded_ordinary_patch,"Subject inspected: ordinary implementation/documentation patch, not a formal vote or directed foundation-project decision proposal."
ant,<PR_kwDOATT2FM6OccgZ-c49b3f06-d0d6-4232-939d-e2fc405e39d7@gitbox.apache.org>,zzjkk4fz3hxgg6p6osxp691s2q4tfkxo,https://lists.apache.org/api/source.lua?id=zzjkk4fz3hxgg6p6osxp691s2q4tfkxo,2025-06-01T13:36:36+00:00,2025-06,Re: [PR] Fix PermissionUtils.FileType.of for sym links [ant],topic-b86e1c5bac0717c3,2026-10-04,subject only,excluded_ordinary_patch,"Subject inspected: ordinary implementation/documentation patch, not a formal vote or directed foundation-project decision proposal."
ant,<PR_kwDOATT2FM6OccgZ-9d4ffa2e-e395-40b6-86c2-55e0f3cc64f2@gitbox.apache.org>,d4vfmbnbmjs46ssc0onw700rxvqyqxf8,https://lists.apache.org/api/source.lua?id=d4vfmbnbmjs46ssc0onw700rxvqyqxf8,2025-06-01T13:36:42+00:00,2025-06,Re: [PR] Fix PermissionUtils.FileType.of for sym links [ant],topic-b86e1c5bac0717c3,2026-10-04,subject only,excluded_ordinary_patch,"Subject inspected: ordinary implementation/documentation patch, not a formal vote or directed foundation-project decision proposal."
ant,<PR_kwDOATT2FM6OccgZ-e65f9983-de6d-4101-9970-908287e48e83@gitbox.apache.org>,88ormcz8c5gmfyfp1w9sf51w61dbcx5l,https://lists.apache.org/api/source.lua?id=88ormcz8c5gmfyfp1w9sf51w61dbcx5l,2025-06-01T13:41:27+00:00,2025-06,Re: [PR] Fix PermissionUtils.FileType.of for sym links [ant],topic-b86e1c5bac0717c3,2026-10-04,subject only,excluded_ordinary_patch,"Subject inspected: ordinary implementation/documentation patch, not a formal vote or directed foundation-project decision proposal."
ant,<PR_kwDOATT2FM56dDtP-49a7db63-0c61-4958-aaca-2dfc89f0af6d@gitbox.apache.org>,ntclzp1xmyng770mvqfbyr49ryw04byo,https://lists.apache.org/api/source.lua?id=ntclzp1xmyng770mvqfbyr49ryw04byo,2025-06-01T13:46:52+00:00,2025-06,Re: [PR] improve filtering performance [ant],topic-586b870ae5e97158,2026-10-04,subject only,excluded_ordinary_patch,"Subject inspected: ordinary implementation/documentation patch, not a formal vote or directed foundation-project decision proposal."
ant,<PR_kwDOATT2FM6V0V_z-cb5457c4-ac52-4091-828c-0110f5573fcf@gitbox.apache.org>,zts60xjzcx3g33q2ywyynr07vtpnnrn9,https://lists.apache.org/api/source.lua?id=zts60xjzcx3g33q2ywyynr07vtpnnrn9,2025-06-01T13:53:30+00:00,2025-06,Re: [PR] Improve JUnit report title handling [ant],topic-1275f5bd65fb232d,2026-10-04,subject only,excluded_ordinary_patch,"Subject inspected: ordinary implementation/documentation patch, not a formal vote or directed foundation-project decision proposal."
ant,<PR_kwDOATT2FM6V0V_z-968dcb0a-f527-4d89-bdb4-2200abd8c011@gitbox.apache.org>,lqn8sjw892917jth84rwplp3yqxmz0w6,https://lists.apache.org/api/source.lua?id=lqn8sjw892917jth84rwplp3yqxmz0w6,2025-06-01T14:06:29+00:00,2025-06,Re: [PR] Improve JUnit report title handling [ant],topic-1275f5bd65fb232d,2026-10-04,subject only,excluded_ordinary_patch,"Subject inspected: ordinary implementation/documentation patch, not a formal vote or directed foundation-project decision proposal."
ant,<PR_kwDOATT2FM6OccgZ-770ab250-2b6e-4cee-9947-884601ca9991@gitbox.apache.org>,258h95lqxvv56lbscn53z13whc94tmfz,https://lists.apache.org/api/source.lua?id=258h95lqxvv56lbscn53z13whc94tmfz,2025-06-01T14:34:22+00:00,2025-06,Re: [PR] Fix PermissionUtils.FileType.of for sym links [ant],topic-b86e1c5bac0717c3,2026-10-04,subject only,excluded_ordinary_patch,"Subject inspected: ordinary implementation/documentation patch, not a formal vote or directed foundation-project decision proposal."
ant,<PR_kwDOATT2FM6EbbJ8-e245b879-74cb-44d1-90fa-e8ad162a7923@gitbox.apache.org>,w23bgqkhr3qhz1ko9t5mbgtryt3rsc0w,https://lists.apache.org/api/source.lua?id=w23bgqkhr3qhz1ko9t5mbgtryt3rsc0w,2025-06-01T19:59:08+00:00,2025-06,Re: [PR] Upgrade Hamcrest to 3.0 [ant],topic-34d342957dfdfec5,2026-10-04,subject only,excluded_ordinary_patch,"Subject inspected: ordinary implementation/documentation patch, not a formal vote or directed foundation-project decision proposal."
ant,<PR_kwDOATT2FM6Yx8Mx@gitbox.apache.org>,4w3p4joffmo3zt8v7061byl1xhp4wdpt,https://lists.apache.org/api/source.lua?id=4w3p4joffmo3zt8v7061byl1xhp4wdpt,2025-06-03T09:16:33+00:00,2025-06,[PR] Update the SPDX ID of license [ant],topic-9cfff2d96ef901d4,2026-10-04,subject only,excluded_automated_notification,Subject inspected: automated bug-summary or ordinary GitHub patch notification; excluded from the decision frame. Related evidence may still be followed from an eligible episode.
ant,<PR_kwDOATT2FM6Yx8Mx-a87d753e-3ad9-4ac1-8e96-4dc41a7d8ee5@gitbox.apache.org>,x2p5dlrt33qnjcg7v2k30chyhdr48gd1,https://lists.apache.org/api/source.lua?id=x2p5dlrt33qnjcg7v2k30chyhdr48gd1,2025-06-03T11:02:12+00:00,2025-06,Re: [PR] Update the SPDX ID of license [ant],topic-9cfff2d96ef901d4,2026-10-04,subject only,excluded_ordinary_patch,"Subject inspected: ordinary implementation/documentation patch, not a formal vote or directed foundation-project decision proposal."
ant,<PR_kwDOATT2FM6Yx8Mx-a08b5752-eeca-4708-af1e-0d7b52cbdf39@gitbox.apache.org>,2rxs2d1039nkd1r8soxm2yco9n8ps6lw,https://lists.apache.org/api/source.lua?id=2rxs2d1039nkd1r8soxm2yco9n8ps6lw,2025-06-03T11:35:10+00:00,2025-06,Re: [PR] Update the SPDX ID of license [ant],topic-9cfff2d96ef901d4,2026-10-04,subject only,excluded_ordinary_patch,"Subject inspected: ordinary implementation/documentation patch, not a formal vote or directed foundation-project decision proposal."
ant,<PR_kwDOATT2FM6EbbJ8-74613b5b-57be-4948-8fb6-a24f3ec15591@gitbox.apache.org>,p82bml5jv6xdmjl13tdb3dwgygcxlyd6,https://lists.apache.org/api/source.lua?id=p82bml5jv6xdmjl13tdb3dwgygcxlyd6,2025-06-04T17:34:24+00:00,2025-06,Re: [PR] Upgrade Hamcrest to 3.0 [ant],topic-34d342957dfdfec5,2026-10-04,subject only,excluded_ordinary_patch,"Subject inspected: ordinary implementation/documentation patch, not a formal vote or directed foundation-project decision proposal."
ant,<PR_kwDOATT2FM56dDtP-766a7e51-8dbe-487f-a300-047a3f4835d5@gitbox.apache.org>,wpwooo3w00d1w3zqsmtfvng2kj3olkgn,https://lists.apache.org/api/source.lua?id=wpwooo3w00d1w3zqsmtfvng2kj3olkgn,2025-06-04T17:38:41+00:00,2025-06,Re: [PR] refactor array filtering [ant],topic-f415a9287f09c967,2026-10-04,subject only,excluded_ordinary_patch,"Subject inspected: ordinary implementation/documentation patch, not a formal vote or directed foundation-project decision proposal."
ant,<PR_kwDOATT2FM6Yx8Mx-e20a2cbb-8b84-4be8-a81d-9405ae201ac4@gitbox.apache.org>,0vd6vt56pk77npw7r52pc0wb30fgd42q,https://lists.apache.org/api/source.lua?id=0vd6vt56pk77npw7r52pc0wb30fgd42q,2025-06-04T17:40:50+00:00,2025-06,Re: [PR] Update the SPDX ID of license [ant],topic-9cfff2d96ef901d4,2026-10-04,subject only,excluded_ordinary_patch,"Subject inspected: ordinary implementation/documentation patch, not a formal vote or directed foundation-project decision proposal."
ant,<PR_kwDOATT2FM56dDtP-581866a9-5ef2-4c08-a731-abf949aa6d8d@gitbox.apache.org>,k6mogqm7ox03f93byxg8hh7wgcdw841v,https://lists.apache.org/api/source.lua?id=k6mogqm7ox03f93byxg8hh7wgcdw841v,2025-06-05T16:15:48+00:00,2025-06,Re: [PR] refactor array filtering [ant],topic-f415a9287f09c967,2026-10-04,subject only,excluded_ordinary_patch,"Subject inspected: ordinary implementation/documentation patch, not a formal vote or directed foundation-project decision proposal."
ant,<PR_kwDOATT2FM56dDtP-7b435fde-410c-4af5-9ce2-32421c7bdc5c@gitbox.apache.org>,cblzm5br5ppq9qo14qcdg5hmxmy7585c,https://lists.apache.org/api/source.lua?id=cblzm5br5ppq9qo14qcdg5hmxmy7585c,2025-06-05T16:16:00+00:00,2025-06,Re: [PR] refactor array filtering [ant],topic-f415a9287f09c967,2026-10-04,subject only,excluded_ordinary_patch,"Subject inspected: ordinary implementation/documentation patch, not a formal vote or directed foundation-project decision proposal."
ant,<PR_kwDOATT2FM6YZbmg-4fcf7d1b-bf9a-40ad-9847-dc1c80531458@gitbox.apache.org>,fllm4bvmct2pkhvqrqrxrpzr16jjp5oj,https://lists.apache.org/api/source.lua?id=fllm4bvmct2pkhvqrqrxrpzr16jjp5oj,2025-06-05T21:32:54+00:00,2025-06,Re: [PR] improve security of TLS handling in MimeMailers [ant],topic-2cf64d6717bd42ba,2026-10-04,subject only,excluded_ordinary_patch,"Subject inspected: ordinary implementation/documentation patch, not a formal vote or directed foundation-project decision proposal."
ant,<SA1PR10MB7699565CA5CC7F8CB6570BC2FC6EA@SA1PR10MB7699.namprd10.prod.outlook.com>,c0p1f5sgqrkj9l9j2rnj0flvbjdoxgbb,https://lists.apache.org/api/source.lua?id=c0p1f5sgqrkj9l9j2rnj0flvbjdoxgbb,2025-06-06T07:29:03+00:00,2025-06,JDK 25 feature set is now frozen!,topic-e3da8add945d321f,2026-10-04,subject only,body_pending,Subject inspected and retained for ambiguity/context review; no final eligibility decision from the title.
ant,<PR_kwDOATT2FM6YZbmg-0da3d1eb-b283-4ad9-bb21-0db0d903ece7@gitbox.apache.org>,f7z3wockvq1gf29cdwj3kfs0f01rwx1g,https://lists.apache.org/api/source.lua?id=f7z3wockvq1gf29cdwj3kfs0f01rwx1g,2025-06-06T07:37:33+00:00,2025-06,Re: [PR] improve security of TLS handling in MimeMailers [ant],topic-2cf64d6717bd42ba,2026-10-04,subject only,excluded_ordinary_patch,"Subject inspected: ordinary implementation/documentation patch, not a formal vote or directed foundation-project decision proposal."
ant,<PR_kwDOATT2FM6ZlEkp@gitbox.apache.org>,sdljq71sxdf83qhxky8x70ztnzp9w58j,https://lists.apache.org/api/source.lua?id=sdljq71sxdf83qhxky8x70ztnzp9w58j,2025-06-08T12:16:38+00:00,2025-06,[PR] differenciate between errors and failures for junitlauncher [ant],topic-2a4add36a294cc93,2026-10-04,subject only,excluded_automated_notification,Subject inspected: automated bug-summary or ordinary GitHub patch notification; excluded from the decision frame. Related evidence may still be followed from an eligible episode.
ant,<PR_kwDOATT2FM6YZbmg-3ca94bfa-d546-4d37-b7c4-e20774558855@gitbox.apache.org>,l9z1wqrz91gs7k47v437mogpoy25t1tm,https://lists.apache.org/api/source.lua?id=l9z1wqrz91gs7k47v437mogpoy25t1tm,2025-06-08T15:36:12+00:00,2025-06,Re: [PR] improve security of TLS handling in MimeMailers [ant],topic-2cf64d6717bd42ba,2026-10-04,subject only,excluded_ordinary_patch,"Subject inspected: ordinary implementation/documentation patch, not a formal vote or directed foundation-project decision proposal."
ant,<PR_kwDOATT2FM6YZbmg-08aff4e0-53b0-437e-82c2-d7874227cddf@gitbox.apache.org>,cq7snr3xnzgd3o37r8zy76rrvlt5j386,https://lists.apache.org/api/source.lua?id=cq7snr3xnzgd3o37r8zy76rrvlt5j386,2025-06-08T15:39:14+00:00,2025-06,Re: [PR] improve security of TLS handling in MimeMailers [ant],topic-2cf64d6717bd42ba,2026-10-04,subject only,excluded_ordinary_patch,"Subject inspected: ordinary implementation/documentation patch, not a formal vote or directed foundation-project decision proposal."
ant,<PR_kwDOATT2FM6YZbmg-d4af3d21-1e5e-42b5-8f2f-b4d5158ae077@gitbox.apache.org>,0vbc886kd2vqn9ohp3wrdnjo1zprv16k,https://lists.apache.org/api/source.lua?id=0vbc886kd2vqn9ohp3wrdnjo1zprv16k,2025-06-08T15:39:43+00:00,2025-06,Re: [PR] improve security of TLS handling in MimeMailers [ant],topic-2cf64d6717bd42ba,2026-10-04,subject only,excluded_ordinary_patch,"Subject inspected: ordinary implementation/documentation patch, not a formal vote or directed foundation-project decision proposal."
ant,<PR_kwDOATT2FM6ZlEkp-2fd36e40-e140-449e-9a73-86c608d9e20e@gitbox.apache.org>,y49sl8lgjhmysmbmxpooz80mn3kj3526,https://lists.apache.org/api/source.lua?id=y49sl8lgjhmysmbmxpooz80mn3kj3526,2025-06-08T15:50:43+00:00,2025-06,Re: [PR] differenciate between errors and failures for junitlauncher [ant],topic-2a4add36a294cc93,2026-10-04,subject only,excluded_ordinary_patch,"Subject inspected: ordinary implementation/documentation patch, not a formal vote or directed foundation-project decision proposal."
ant,<PR_kwDOATT2FM6ZlEkp-f5207e02-544f-4d89-8456-36f61527cab5@gitbox.apache.org>,l5798xgrjy3xmc302m6djq2yxq8oy0ys,https://lists.apache.org/api/source.lua?id=l5798xgrjy3xmc302m6djq2yxq8oy0ys,2025-06-08T16:09:02+00:00,2025-06,Re: [PR] differenciate between errors and failures for junitlauncher [ant],topic-2a4add36a294cc93,2026-10-04,subject only,excluded_ordinary_patch,"Subject inspected: ordinary implementation/documentation patch, not a formal vote or directed foundation-project decision proposal."
ant,<PR_kwDOATT2FM6YZbmg-d131159b-5d2a-4e0e-ae15-647d423db73d@gitbox.apache.org>,qlosp4q3bgr10dvohwt93rglnofclzqr,https://lists.apache.org/api/source.lua?id=qlosp4q3bgr10dvohwt93rglnofclzqr,2025-06-08T16:13:56+00:00,2025-06,Re: [PR] improve security of TLS handling in MimeMailers [ant],topic-2cf64d6717bd42ba,2026-10-04,subject only,excluded_ordinary_patch,"Subject inspected: ordinary implementation/documentation patch, not a formal vote or directed foundation-project decision proposal."
ant,<PR_kwDOATT2FM6YZbmg-642c4dc2-45c5-47df-859f-6465245cf6fd@gitbox.apache.org>,3m0fpyy66bfxyonpmfbny5xzq1kvfntw,https://lists.apache.org/api/source.lua?id=3m0fpyy66bfxyonpmfbny5xzq1kvfntw,2025-06-08T16:16:36+00:00,2025-06,Re: [PR] improve security of TLS handling in MimeMailers [ant],topic-2cf64d6717bd42ba,2026-10-04,subject only,excluded_ordinary_patch,"Subject inspected: ordinary implementation/documentation patch, not a formal vote or directed foundation-project decision proposal."
ant,<PR_kwDOATT2FM6ZlEkp-aa691843-aad7-4451-ac36-3f1c0c85f62e@gitbox.apache.org>,dc4slrs1xfg7q5q15d7g64jc4pqglxyw,https://lists.apache.org/api/source.lua?id=dc4slrs1xfg7q5q15d7g64jc4pqglxyw,2025-06-08T23:28:01+00:00,2025-06,Re: [PR] differenciate between errors and failures for junitlauncher [ant],topic-2a4add36a294cc93,2026-10-04,subject only,excluded_ordinary_patch,"Subject inspected: ordinary implementation/documentation patch, not a formal vote or directed foundation-project decision proposal."
ant,<PR_kwDOATT2FM6YZbmg-9d34e6b5-72ea-4bf7-837f-385e1111ab74@gitbox.apache.org>,13qrj7bf1hd8z9x6vx1lcgnqhqf3c4kc,https://lists.apache.org/api/source.lua?id=13qrj7bf1hd8z9x6vx1lcgnqhqf3c4kc,2025-06-09T12:55:35+00:00,2025-06,Re: [PR] improve security of TLS handling in MimeMailers [ant],topic-2cf64d6717bd42ba,2026-10-04,subject only,excluded_ordinary_patch,"Subject inspected: ordinary implementation/documentation patch, not a formal vote or directed foundation-project decision proposal."
ant,<PR_kwDOATT2FM6YZbmg-c2f6d177-8745-4165-a8f9-b8fb3f49421c@gitbox.apache.org>,n0qlhsk5trf812kmvllol3ro0jwmks56,https://lists.apache.org/api/source.lua?id=n0qlhsk5trf812kmvllol3ro0jwmks56,2025-06-09T12:57:27+00:00,2025-06,Re: [PR] improve security of TLS handling in MimeMailers [ant],topic-2cf64d6717bd42ba,2026-10-04,subject only,excluded_ordinary_patch,"Subject inspected: ordinary implementation/documentation patch, not a formal vote or directed foundation-project decision proposal."
ant,<PR_kwDOATT2FM6YZbmg-5cbed17c-b2ae-4c6f-8731-ce78c4a77f3b@gitbox.apache.org>,7t21lg6myjngl9rjtbqwrlsjpzdoowl6,https://lists.apache.org/api/source.lua?id=7t21lg6myjngl9rjtbqwrlsjpzdoowl6,2025-06-09T16:11:16+00:00,2025-06,Re: [PR] improve security of TLS handling in MimeMailers [ant],topic-2cf64d6717bd42ba,2026-10-04,subject only,excluded_ordinary_patch,"Subject inspected: ordinary implementation/documentation patch, not a formal vote or directed foundation-project decision proposal."
ant,<PR_kwDOATT2FM6YZbmg-358248bf-98e0-4a1b-8ff2-a6bf8297c4bb@gitbox.apache.org>,bz2932tbbgwb8wtp5rqs1y1p4rrmf3wr,https://lists.apache.org/api/source.lua?id=bz2932tbbgwb8wtp5rqs1y1p4rrmf3wr,2025-06-09T16:11:20+00:00,2025-06,Re: [PR] improve security of TLS handling in MimeMailers [ant],topic-2cf64d6717bd42ba,2026-10-04,subject only,excluded_ordinary_patch,"Subject inspected: ordinary implementation/documentation patch, not a formal vote or directed foundation-project decision proposal."
ant,<PR_kwDOATT2FM6ZlEkp-53920f36-b6aa-49c9-a859-8f86e3366362@gitbox.apache.org>,hwqwy26pm88brspddkfzpvtkyf2l1kow,https://lists.apache.org/api/source.lua?id=hwqwy26pm88brspddkfzpvtkyf2l1kow,2025-06-17T07:39:18+00:00,2025-06,Re: [PR] differenciate between errors and failures for junitlauncher [ant],topic-2a4add36a294cc93,2026-10-04,subject only,excluded_ordinary_patch,"Subject inspected: ordinary implementation/documentation patch, not a formal vote or directed foundation-project decision proposal."
ant,<14dec6cf-19b6-4693-8f41-d02102810ede@alipsa.se>,xo478nkpb18q7503nxomg8hk4x2rvhoo,https://lists.apache.org/api/source.lua?id=xo478nkpb18q7503nxomg8hk4x2rvhoo,2025-06-17T17:01:11+00:00,2025-06,[PR] adding support for dependency management,topic-b5c4c1e4a426bd30,2026-10-04,subject only,excluded_ordinary_patch,"Subject inspected: ordinary implementation/documentation patch, not a formal vote or directed foundation-project decision proposal."
ant,<e6aeb923-0bf0-4788-8fbb-93c5213729a6@apache.org>,82vsxjmbqdpm6517jxth6jdoc72kr7nb,https://lists.apache.org/api/source.lua?id=82vsxjmbqdpm6517jxth6jdoc72kr7nb,2025-06-18T04:35:41+00:00,2025-06,Re: [PR] adding support for dependency management,topic-b5c4c1e4a426bd30,2026-10-04,subject only,excluded_ordinary_patch,"Subject inspected: ordinary implementation/documentation patch, not a formal vote or directed foundation-project decision proposal."
ant,<0d27f38d-cdc6-4364-8be9-a82df09bf487@alipsa.se>,lxvzssm42sqjwvv733zdm7hjoycgxsvj,https://lists.apache.org/api/source.lua?id=lxvzssm42sqjwvv733zdm7hjoycgxsvj,2025-06-18T19:16:27+00:00,2025-06,Re: [PR] adding support for dependency management,topic-b5c4c1e4a426bd30,2026-10-04,subject only,excluded_ordinary_patch,"Subject inspected: ordinary implementation/documentation patch, not a formal vote or directed foundation-project decision proposal."
ant,<87bjqjssai.fsf@v45346.1blu.de>,zqyg6x95dk4yx00hpmx8qnlzqv0dn1ss,https://lists.apache.org/api/source.lua?id=zqyg6x95dk4yx00hpmx8qnlzqv0dn1ss,2025-06-19T14:46:29+00:00,2025-06,Bugzilla now reqires an account,topic-474ca7689f10fa3d,2026-09-22,subject; body review retained at accepted September checkpoint,service_candidate,"Project message reports Bugzilla login requirement due to abuse. Official effective rule, actor, and dated receiver behavior require corroboration; no credential access."
ant,<e96f089f-2e98-41fb-9bca-659706027290@apache.org>,klg7yp3qpd971y0y9ofhjovd52k3x0hb,https://lists.apache.org/api/source.lua?id=klg7yp3qpd971y0y9ofhjovd52k3x0hb,2025-06-26T09:09:26+00:00,2025-06,Re: JDK 25 feature set is now frozen!,topic-e3da8add945d321f,2026-10-04,subject only,body_pending,Subject inspected and retained for ambiguity/context review; no final eligibility decision from the title.
ant,<875xgirahz.fsf@v45346.1blu.de>,dqx1s0gkxg4dfpfjbqp8msolw9yo9vb1,https://lists.apache.org/api/source.lua?id=dqx1s0gkxg4dfpfjbqp8msolw9yo9vb1,2025-06-26T11:46:32+00:00,2025-06,Re: JDK 25 feature set is now frozen!,topic-e3da8add945d321f,2026-10-04,subject only,body_pending,Subject inspected and retained for ambiguity/context review; no final eligibility decision from the title.
ant,<871pr6b75a.fsf@v45346.1blu.de>,vz1jfd44ob77t60ntwfp33675901sz4l,https://lists.apache.org/api/source.lua?id=vz1jfd44ob77t60ntwfp33675901sz4l,2025-06-26T20:05:37+00:00,2025-06,In less than four weeks Ant's first release will be 25 years old,topic-fba105efb032b4ef,2026-10-04,subject and complete plain-text bodies; follow-up pending,excluded_social_discussion,"Release anniversary and possible celebration, with no directed governance, service, or release decision request."
ant,<5f8f7b52-7da9-4007-8995-6a56d6f5393b@apache.org>,lr56cspojhdr0fk533nb6wqwkmkddgq4,https://lists.apache.org/api/source.lua?id=lr56cspojhdr0fk533nb6wqwkmkddgq4,2025-06-27T04:32:00+00:00,2025-06,Re: In less than four weeks Ant's first release will be 25 years old,topic-fba105efb032b4ef,2026-10-04,subject and complete plain-text bodies; follow-up pending,excluded_social_discussion,"Release anniversary and possible celebration, with no directed governance, service, or release decision request."
ant,<fd021af1-8543-4fa9-a883-19f95106e388@apache.org>,0794tjjdj0xf48r3wcxp9hr59rdnrd9x,https://lists.apache.org/api/source.lua?id=0794tjjdj0xf48r3wcxp9hr59rdnrd9x,2025-06-27T14:25:19+00:00,2025-06,Re: JDK 25 feature set is now frozen!,topic-e3da8add945d321f,2026-10-04,subject only,body_pending,Subject inspected and retained for ambiguity/context review; no final eligibility decision from the title.
ant,<PR_kwDOATT2Es6ceZHu-b2d520f9-0faa-4003-ba70-8da2ecc0e47d@gitbox.apache.org>,lzjp4torvhfqsgrzrkwg5nt7vwqcp1ry,https://lists.apache.org/api/source.lua?id=lzjp4torvhfqsgrzrkwg5nt7vwqcp1ry,2025-06-28T17:40:32+00:00,2025-06,Re: [PR] Remove spurious indent for 'Inline mode' [ant-ivy],topic-5e1b873127ce9f84,2026-10-04,subject only,excluded_ordinary_patch,"Subject inspected: ordinary implementation/documentation patch, not a formal vote or directed foundation-project decision proposal."
ant,<PR_kwDOATT2Es6ceZHu-2da60292-2987-4cf1-b77f-6d670a6f3882@gitbox.apache.org>,xgft8zld8wzpch50k3zm5vzm3yr8r1pv,https://lists.apache.org/api/source.lua?id=xgft8zld8wzpch50k3zm5vzm3yr8r1pv,2025-06-28T17:41:56+00:00,2025-06,Re: [PR] Remove spurious indent for 'Inline mode' [ant-ivy],topic-5e1b873127ce9f84,2026-10-04,subject only,excluded_ordinary_patch,"Subject inspected: ordinary implementation/documentation patch, not a formal vote or directed foundation-project decision proposal."
ant,<PR_kwDOATT2Es6ceZHu-1b096268-1d38-4be3-8198-196f800fc7d4@gitbox.apache.org>,roxyzfodzcfmtttfk06wof6jrkpwg3zp,https://lists.apache.org/api/source.lua?id=roxyzfodzcfmtttfk06wof6jrkpwg3zp,2025-06-30T21:04:50+00:00,2025-06,Re: [PR] Remove spurious indent for 'Inline mode' [ant-ivy],topic-5e1b873127ce9f84,2026-10-04,subject only,excluded_ordinary_patch,"Subject inspected: ordinary implementation/documentation patch, not a formal vote or directed foundation-project decision proposal."
ant,<PR_kwDOATT2Es6ceZHu-d4ae83a4-678b-45cf-8ff1-b0cfeec2aeaf@gitbox.apache.org>,onw5fkkn7jt7mq0718j6153go9xx5yzs,https://lists.apache.org/api/source.lua?id=onw5fkkn7jt7mq0718j6153go9xx5yzs,2025-07-01T14:18:09+00:00,2025-07,Re: [PR] Remove spurious indent for 'Inline mode' [ant-ivy],topic-5e1b873127ce9f84,2026-10-04,subject only,excluded_ordinary_patch,"Subject inspected: ordinary implementation/documentation patch, not a formal vote or directed foundation-project decision proposal."
ant,<9f025263-8a41-491c-aa63-c8eddcdf2875@apache.org>,qzobdvh844wkdkzy8qv1yvom3lvbzowm,https://lists.apache.org/api/source.lua?id=qzobdvh844wkdkzy8qv1yvom3lvbzowm,2025-07-01T16:51:16+00:00,2025-07,Re: JDK 25 feature set is now frozen!,topic-e3da8add945d321f,2026-10-04,subject only,body_pending,Subject inspected and retained for ambiguity/context review; no final eligibility decision from the title.
ant,<EB00119C-A6EF-4BC9-ACE3-7909EB233E3A@rbwhitcomb.com>,xmrvdn6898q5bjd31pq58xtzc86grkzz,https://lists.apache.org/api/source.lua?id=xmrvdn6898q5bjd31pq58xtzc86grkzz,2025-07-02T00:41:01+00:00,2025-07,Re: JDK 25 feature set is now frozen!,topic-e3da8add945d321f,2026-10-04,subject only,body_pending,Subject inspected and retained for ambiguity/context review; no final eligibility decision from the title.
ant,<87tt3un8pl.fsf@v45346.1blu.de>,x4r9lyx8mks52hnzzp0jpo2psoxhojsm,https://lists.apache.org/api/source.lua?id=x4r9lyx8mks52hnzzp0jpo2psoxhojsm,2025-07-02T11:16:54+00:00,2025-07,Re: JDK 25 feature set is now frozen!,topic-e3da8add945d321f,2026-10-04,subject only,body_pending,Subject inspected and retained for ambiguity/context review; no final eligibility decision from the title.
ant,<927e858f-d85c-4996-8f7d-9c5c5dbf44c2@apache.org>,0g8mwfw9ccwwn4zwpdrcv0lxkpqlj2cw,https://lists.apache.org/api/source.lua?id=0g8mwfw9ccwwn4zwpdrcv0lxkpqlj2cw,2025-07-02T12:09:50+00:00,2025-07,Re: JDK 25 feature set is now frozen!,topic-e3da8add945d321f,2026-10-04,subject only,body_pending,Subject inspected and retained for ambiguity/context review; no final eligibility decision from the title.
ant,<PR_kwDOATT2FM6cZbs2-ca233749-97cf-45a1-afa5-aa2988d15f07@gitbox.apache.org>,zpho25vshpk9grx6gk46lr8spjhnvgqn,https://lists.apache.org/api/source.lua?id=zpho25vshpk9grx6gk46lr8spjhnvgqn,2025-07-03T11:45:26+00:00,2025-07,Re: [PR] Exit ant.bat with ERROR_FILE_NOT_FOUND if ANT_HOME isn't/can't be set [ant],topic-2992f9ffca67c154,2026-10-04,subject only,excluded_ordinary_patch,"Subject inspected: ordinary implementation/documentation patch, not a formal vote or directed foundation-project decision proposal."
ant,<PR_kwDOATT2FM6cZbs2-ca50f8bb-6de1-44ef-aada-d2d0eeb91b24@gitbox.apache.org>,8cq9gr7mqhogp26mgqs6gb7glto5kq6x,https://lists.apache.org/api/source.lua?id=8cq9gr7mqhogp26mgqs6gb7glto5kq6x,2025-07-03T13:28:34+00:00,2025-07,Re: [PR] Exit ant.bat with ERROR_ENVVAR_NOT_FOUND if ANT_HOME isn't/can't be set [ant],topic-28550683d90e8521,2026-10-04,subject only,excluded_ordinary_patch,"Subject inspected: ordinary implementation/documentation patch, not a formal vote or directed foundation-project decision proposal."
ant,<PR_kwDOATT2FM6cZbs2-f49b8c81-1aeb-4b54-a92b-cf4c45142b7d@gitbox.apache.org>,ngcto2dnql23dlhoho4v5myk7wbk0l1s,https://lists.apache.org/api/source.lua?id=ngcto2dnql23dlhoho4v5myk7wbk0l1s,2025-07-03T15:30:15+00:00,2025-07,Re: [PR] Exit ant.bat with ERROR_ENVVAR_NOT_FOUND if ANT_HOME isn't/can't be set [ant],topic-28550683d90e8521,2026-10-04,subject only,excluded_ordinary_patch,"Subject inspected: ordinary implementation/documentation patch, not a formal vote or directed foundation-project decision proposal."
ant,<PR_kwDOATT2FM6cZbs2-f8ca7503-6fc4-4229-89b4-ff58576d25cf@gitbox.apache.org>,3lvj1km5f38h1v1svyp5114d831vzvcg,https://lists.apache.org/api/source.lua?id=3lvj1km5f38h1v1svyp5114d831vzvcg,2025-07-03T15:30:30+00:00,2025-07,Re: [PR] Exit ant.bat with ERROR_ENVVAR_NOT_FOUND if ANT_HOME isn't/can't be set [ant],topic-28550683d90e8521,2026-10-04,subject only,excluded_ordinary_patch,"Subject inspected: ordinary implementation/documentation patch, not a formal vote or directed foundation-project decision proposal."
ant,<PR_kwDOATT2FM6cZbs2-849e3814-22f1-42f4-a3a4-18afbab45c2c@gitbox.apache.org>,vymgfcbfnpo5sd93l5c5kwt0pj4js9g8,https://lists.apache.org/api/source.lua?id=vymgfcbfnpo5sd93l5c5kwt0pj4js9g8,2025-07-03T19:57:18+00:00,2025-07,Re: [PR] Exit ant.bat with ERROR_ENVVAR_NOT_FOUND if ANT_HOME isn't/can't be set [ant],topic-28550683d90e8521,2026-10-04,subject only,excluded_ordinary_patch,"Subject inspected: ordinary implementation/documentation patch, not a formal vote or directed foundation-project decision proposal."
ant,<PR_kwDOATT2FM6cZbs2-360deade-82db-44c0-9d99-0cd14d6c51d6@gitbox.apache.org>,oyr19pqogcpnw5lnkjj9q26k020qmb0q,https://lists.apache.org/api/source.lua?id=oyr19pqogcpnw5lnkjj9q26k020qmb0q,2025-07-04T06:12:36+00:00,2025-07,Re: [PR] Exit ant.bat with ERROR_ENVVAR_NOT_FOUND if ANT_HOME isn't/can't be set [ant],topic-28550683d90e8521,2026-10-04,subject only,excluded_ordinary_patch,"Subject inspected: ordinary implementation/documentation patch, not a formal vote or directed foundation-project decision proposal."
ant,<PR_kwDOATT2Es6dozRq@gitbox.apache.org>,60cy52vh3twq7zgjvlqmr996fq49sl85,https://lists.apache.org/api/source.lua?id=60cy52vh3twq7zgjvlqmr996fq49sl85,2025-07-06T15:07:03+00:00,2025-07,[PR] Less wide osgi tables [ant-ivy],topic-00a306472b878f28,2026-10-04,subject only,excluded_automated_notification,Subject inspected: automated bug-summary or ordinary GitHub patch notification; excluded from the decision frame. Related evidence may still be followed from an eligible episode.
ant,<PR_kwDOATT2FM6gw4gW@gitbox.apache.org>,320fo623qq1n4prwmzqd6xdv0mwkdc8d,https://lists.apache.org/api/source.lua?id=320fo623qq1n4prwmzqd6xdv0mwkdc8d,2025-07-26T15:06:23+00:00,2025-07,[PR] Use StreamSupport and spliterator to create a stream for ResourceCollection [ant],topic-5b96e9194739e1bf,2026-10-04,subject only,excluded_automated_notification,Subject inspected: automated bug-summary or ordinary GitHub patch notification; excluded from the decision frame. Related evidence may still be followed from an eligible episode.
ant,<PR_kwDOATT2D86g5KJb@gitbox.apache.org>,kjl8k9292jcz4b5rqt8js7525111gm7p,https://lists.apache.org/api/source.lua?id=kjl8k9292jcz4b5rqt8js7525111gm7p,2025-07-28T06:25:45+00:00,2025-07,[PR] Update build.xml to allow current JVM [ant-antlibs-props],topic-7712ee23a3f57dea,2026-10-04,subject only,excluded_automated_notification,Subject inspected: automated bug-summary or ordinary GitHub patch notification; excluded from the decision frame. Related evidence may still be followed from an eligible episode.
ant,<PR_kwDOATT2Es6hld2T@gitbox.apache.org>,vpyky0pnwm3rvnmok8bbtmk2398xdsgd,https://lists.apache.org/api/source.lua?id=vpyky0pnwm3rvnmok8bbtmk2398xdsgd,2025-07-31T18:23:37+00:00,2025-07,[PR] IVY-1662: collect updates by conf and check transitive on old dependency [ant-ivy],topic-e5db8a858c388b8e,2026-10-04,subject only,excluded_automated_notification,Subject inspected: automated bug-summary or ordinary GitHub patch notification; excluded from the decision frame. Related evidence may still be followed from an eligible episode.
ant,<PR_kwDOATT2Es6hvdy7@gitbox.apache.org>,1y6twtjhyg3qwmtm369g4t7oo601oclo,https://lists.apache.org/api/source.lua?id=1y6twtjhyg3qwmtm369g4t7oo601oclo,2025-08-01T15:30:26+00:00,2025-08,"[PR] IVY-1485, IVY-1661: collect dependency properties by conf [ant-ivy]",topic-d1e04d41257069ad,2026-10-04,subject only,excluded_automated_notification,Subject inspected: automated bug-summary or ordinary GitHub patch notification; excluded from the decision frame. Related evidence may still be followed from an eligible episode.
ant,<PR_kwDOATT2Es6hvdy7-655e1787-aea1-4089-a088-db94eca1048a@gitbox.apache.org>,5sqprmywjzbwx4qylg41vn0oqd5hbc9l,https://lists.apache.org/api/source.lua?id=5sqprmywjzbwx4qylg41vn0oqd5hbc9l,2025-08-01T20:46:18+00:00,2025-08,"Re: [PR] IVY-1485, IVY-1661: collect dependency properties by conf [ant-ivy]",topic-d1e04d41257069ad,2026-10-04,subject only,excluded_ordinary_patch,"Subject inspected: ordinary implementation/documentation patch, not a formal vote or directed foundation-project decision proposal."
ant,<PR_kwDOATT2D86g5KJb-167020d3-4511-492f-b628-a8b14cc8135a@gitbox.apache.org>,smdon68c42kf8t3czzw3ydp4hbhyxx41,https://lists.apache.org/api/source.lua?id=smdon68c42kf8t3czzw3ydp4hbhyxx41,2025-08-02T15:52:02+00:00,2025-08,Re: [PR] Update build.xml to allow current JVM [ant-antlibs-props],topic-7712ee23a3f57dea,2026-10-04,subject only,excluded_ordinary_patch,"Subject inspected: ordinary implementation/documentation patch, not a formal vote or directed foundation-project decision proposal."
ant,<PR_kwDOATT2FM6gw4gW-177a68ab-f6f8-4fbc-9bf9-fe9f4a63c203@gitbox.apache.org>,vhs49ktsmo98g0wyk910sxphrwkpvy1z,https://lists.apache.org/api/source.lua?id=vhs49ktsmo98g0wyk910sxphrwkpvy1z,2025-08-02T16:12:02+00:00,2025-08,Re: [PR] Use StreamSupport and spliterator to create a stream for ResourceCollection [ant],topic-5b96e9194739e1bf,2026-10-04,subject only,excluded_ordinary_patch,"Subject inspected: ordinary implementation/documentation patch, not a formal vote or directed foundation-project decision proposal."
ant,<PR_kwDOATT2Es6iCFmj@gitbox.apache.org>,d8o5h7scl2mcow6nf99nqkt030dkx93r,https://lists.apache.org/api/source.lua?id=d8o5h7scl2mcow6nf99nqkt030dkx93r,2025-08-04T15:55:55+00:00,2025-08,[PR] IVY-813: add typedef for nearest conflict manager [ant-ivy],topic-a113fdffd3913a7d,2026-10-04,subject only,excluded_automated_notification,Subject inspected: automated bug-summary or ordinary GitHub patch notification; excluded from the decision frame. Related evidence may still be followed from an eligible episode.
ant,<PR_kwDOATT2Es6iCFmj-0afdad59-6a45-4d3a-81f4-cd73c65f5258@gitbox.apache.org>,0k7v0jyzjnmwpcwkot4bb799l2k21om1,https://lists.apache.org/api/source.lua?id=0k7v0jyzjnmwpcwkot4bb799l2k21om1,2025-08-04T20:59:39+00:00,2025-08,Re: [PR] IVY-813: add typedef for nearest conflict manager [ant-ivy],topic-a113fdffd3913a7d,2026-10-04,subject only,excluded_ordinary_patch,"Subject inspected: ordinary implementation/documentation patch, not a formal vote or directed foundation-project decision proposal."
ant,<PR_kwDOATT2Es6iCFmj-266852b5-fbd8-4765-930f-7aae45611284@gitbox.apache.org>,hcjk9vfx242jpfnt6dt7451kg9mo3y60,https://lists.apache.org/api/source.lua?id=hcjk9vfx242jpfnt6dt7451kg9mo3y60,2025-08-04T21:00:07+00:00,2025-08,Re: [PR] IVY-813: add typedef for nearest conflict manager [ant-ivy],topic-a113fdffd3913a7d,2026-10-04,subject only,excluded_ordinary_patch,"Subject inspected: ordinary implementation/documentation patch, not a formal vote or directed foundation-project decision proposal."
ant,<PR_kwDOATT2Es6iE09a@gitbox.apache.org>,szrwngbrbwxr614rww0wh9lgtclhzz9m,https://lists.apache.org/api/source.lua?id=szrwngbrbwxr614rww0wh9lgtclhzz9m,2025-08-04T21:03:59+00:00,2025-08,[PR] IVY-1658: merge `ivy-module` namespaces [ant-ivy],topic-164ca7724146a5e4,2026-10-04,subject only,excluded_automated_notification,Subject inspected: automated bug-summary or ordinary GitHub patch notification; excluded from the decision frame. Related evidence may still be followed from an eligible episode.
ant,<MDExOlB1bGxSZXF1ZXN0MTc3ODQxMDYx-13617d15-f74e-4f88-b904-20d48c95b638@gitbox.apache.org>,3s199yg8sll12wq8dfh4cs8ltglj3b0s,https://lists.apache.org/api/source.lua?id=3s199yg8sll12wq8dfh4cs8ltglj3b0s,2025-08-05T20:11:54+00:00,2025-08,Re: [PR] Ivy main/standalone: Patch to include 'makepom' function  [ant-ivy],topic-36681d8b5364e259,2026-10-04,subject only,excluded_ordinary_patch,"Subject inspected: ordinary implementation/documentation patch, not a formal vote or directed foundation-project decision proposal."
ant,<MDExOlB1bGxSZXF1ZXN0MTc3ODQxMDYx-312ca8c0-4d97-49e0-b412-fc932a55f2bb@gitbox.apache.org>,5g47kf1gxpk9bpfloyv3pqhcg66zl8r0,https://lists.apache.org/api/source.lua?id=5g47kf1gxpk9bpfloyv3pqhcg66zl8r0,2025-08-05T20:11:55+00:00,2025-08,Re: [PR] Ivy main/standalone: Patch to include 'makepom' function  [ant-ivy],topic-36681d8b5364e259,2026-10-04,subject only,excluded_ordinary_patch,"Subject inspected: ordinary implementation/documentation patch, not a formal vote or directed foundation-project decision proposal."
ant,<PR_kwDOATT2Es6iat9I@gitbox.apache.org>,j1hfo392vj80s5dp5s0chm1sq5gjz6hd,https://lists.apache.org/api/source.lua?id=j1hfo392vj80s5dp5s0chm1sq5gjz6hd,2025-08-06T16:08:33+00:00,2025-08,[PR] IVY-1410: apply resolved revision to inherited dependency [ant-ivy],topic-451b29895e8ed16a,2026-10-04,subject only,excluded_automated_notification,Subject inspected: automated bug-summary or ordinary GitHub patch notification; excluded from the decision frame. Related evidence may still be followed from an eligible episode.
ant,<PR_kwDOATT2Es6icab5@gitbox.apache.org>,3rpc2bbhvw4krqq7zn6qofoy59zsvn2f,https://lists.apache.org/api/source.lua?id=3rpc2bbhvw4krqq7zn6qofoy59zsvn2f,2025-08-06T19:12:40+00:00,2025-08,[PR] IVY-1659: fix for `NullPointerException` [ant-ivy],topic-2bf06ca0f613742f,2026-10-04,subject only,excluded_automated_notification,Subject inspected: automated bug-summary or ordinary GitHub patch notification; excluded from the decision frame. Related evidence may still be followed from an eligible episode.
ant,<PR_kwDOATT2Es6icab5-80bff61e-57a3-4c1f-9a67-df00b55f5879@gitbox.apache.org>,x5ktoth3ko06n9rrnqtywxg0kksprndm,https://lists.apache.org/api/source.lua?id=x5ktoth3ko06n9rrnqtywxg0kksprndm,2025-08-08T06:34:46+00:00,2025-08,Re: [PR] IVY-1659: fix for `NullPointerException` [ant-ivy],topic-2bf06ca0f613742f,2026-10-04,subject only,excluded_ordinary_patch,"Subject inspected: ordinary implementation/documentation patch, not a formal vote or directed foundation-project decision proposal."
ant,<PR_kwDOATT2Es6icab5-97cfd8c4-0cd9-4e05-bbf9-c3c09c7ea4ff@gitbox.apache.org>,h7nh91dn2bk03xsk2m8bxftcjj95x1co,https://lists.apache.org/api/source.lua?id=h7nh91dn2bk03xsk2m8bxftcjj95x1co,2025-08-08T13:55:55+00:00,2025-08,Re: [PR] IVY-1659: fix for `NullPointerException` [ant-ivy],topic-2bf06ca0f613742f,2026-10-04,subject only,excluded_ordinary_patch,"Subject inspected: ordinary implementation/documentation patch, not a formal vote or directed foundation-project decision proposal."
ant,<PR_kwDOATT2Es6izEsm@gitbox.apache.org>,c0thzo9b4nh76837z0ckqtozxns1tc51,https://lists.apache.org/api/source.lua?id=c0thzo9b4nh76837z0ckqtozxns1tc51,2025-08-08T16:43:52+00:00,2025-08,[PR] IVY-1653: `makepom`: write overrides to Maven `dependencyManagement` section [ant-ivy],topic-29137bf709f5a618,2026-10-04,subject only,excluded_automated_notification,Subject inspected: automated bug-summary or ordinary GitHub patch notification; excluded from the decision frame. Related evidence may still be followed from an eligible episode.
ant,<PR_kwDOATT2FM6gw4gW-d0b8b0e0-7004-4b7c-bfd0-7184278ab1a3@gitbox.apache.org>,z9p8lhyr4yncft8w4ovoz2mpndpxhn03,https://lists.apache.org/api/source.lua?id=z9p8lhyr4yncft8w4ovoz2mpndpxhn03,2025-08-12T01:47:27+00:00,2025-08,Re: [PR] Use StreamSupport and spliterator to create a stream for ResourceCollection [ant],topic-5b96e9194739e1bf,2026-10-04,subject only,excluded_ordinary_patch,"Subject inspected: ordinary implementation/documentation patch, not a formal vote or directed foundation-project decision proposal."
ant,<PR_kwDOATT2FM6gw4gW-edaadc9e-bc14-4eec-b6b6-f62e3d968280@gitbox.apache.org>,wgg8clf058r6nbyjf04f4zgmlz8vb0hf,https://lists.apache.org/api/source.lua?id=wgg8clf058r6nbyjf04f4zgmlz8vb0hf,2025-08-12T03:53:47+00:00,2025-08,Re: [PR] Use StreamSupport and spliterator to create a stream for ResourceCollection [ant],topic-5b96e9194739e1bf,2026-10-04,subject only,excluded_ordinary_patch,"Subject inspected: ordinary implementation/documentation patch, not a formal vote or directed foundation-project decision proposal."
ant,<DM8PR10MB5477AA861F91C07D61EFD587FC2BA@DM8PR10MB5477.namprd10.prod.outlook.com>,y1oqy4v52vq5rkh1pjhck8n44ycjw0vm,https://lists.apache.org/api/source.lua?id=y1oqy4v52vq5rkh1pjhck8n44ycjw0vm,2025-08-12T09:03:09+00:00,2025-08,JDK 25 Initial Release Candidate,topic-3918eac754c0ea36,2026-10-04,subject only,body_pending,Subject inspected and retained for ambiguity/context review; no final eligibility decision from the title.
ant,<a8750ddd-c821-4c94-bee3-364f30cc13b4@apache.org>,z0qpj6jyzk69m0bgsrbwlswmg9r7fk9m,https://lists.apache.org/api/source.lua?id=z0qpj6jyzk69m0bgsrbwlswmg9r7fk9m,2025-08-14T11:40:00+00:00,2025-08,Re: JDK 25 Initial Release Candidate,topic-3918eac754c0ea36,2026-10-04,subject only,body_pending,Subject inspected and retained for ambiguity/context review; no final eligibility decision from the title.
ant,<PR_kwDOATT2Es6icab5-92879d7a-5d9d-40f5-9832-6326fdac2105@gitbox.apache.org>,qkp3ycf5b6otrz81h1wf8hqcw4n9115d,https://lists.apache.org/api/source.lua?id=qkp3ycf5b6otrz81h1wf8hqcw4n9115d,2025-08-14T19:29:35+00:00,2025-08,Re: [PR] IVY-1659: fix for `NullPointerException` [ant-ivy],topic-2bf06ca0f613742f,2026-10-04,subject only,excluded_ordinary_patch,"Subject inspected: ordinary implementation/documentation patch, not a formal vote or directed foundation-project decision proposal."
ant,<PR_kwDOATT2Es6izEsm-207688ed-7f0a-40a8-997e-f99939f17238@gitbox.apache.org>,4fv10klc3hxpkynkx7qxs62cdr1c7g0t,https://lists.apache.org/api/source.lua?id=4fv10klc3hxpkynkx7qxs62cdr1c7g0t,2025-08-14T19:32:03+00:00,2025-08,Re: [PR] IVY-1653: `makepom`: write overrides to Maven `dependencyManagement` section [ant-ivy],topic-29137bf709f5a618,2026-10-04,subject only,excluded_ordinary_patch,"Subject inspected: ordinary implementation/documentation patch, not a formal vote or directed foundation-project decision proposal."
ant,<PR_kwDOATT2Es6izEsm-9a4fd581-e4c9-42e9-a717-629532549af5@gitbox.apache.org>,hjz94pqfh0h338nh80swlo3y3o64pgdd,https://lists.apache.org/api/source.lua?id=hjz94pqfh0h338nh80swlo3y3o64pgdd,2025-08-15T13:30:29+00:00,2025-08,Re: [PR] IVY-1653: `makepom`: write overrides to Maven `dependencyManagement` section [ant-ivy],topic-29137bf709f5a618,2026-10-04,subject only,excluded_ordinary_patch,"Subject inspected: ordinary implementation/documentation patch, not a formal vote or directed foundation-project decision proposal."
ant,<PR_kwDOATT2Es6icab5-787e66f1-f955-495f-ba1c-bf66a6487e9a@gitbox.apache.org>,qr3ynpgl0so5ppy98bd9q38dzmdzn6zo,https://lists.apache.org/api/source.lua?id=qr3ynpgl0so5ppy98bd9q38dzmdzn6zo,2025-08-15T13:33:15+00:00,2025-08,Re: [PR] IVY-1659: fix for `NullPointerException` [ant-ivy],topic-2bf06ca0f613742f,2026-10-04,subject only,excluded_ordinary_patch,"Subject inspected: ordinary implementation/documentation patch, not a formal vote or directed foundation-project decision proposal."
ant,<PR_kwDOATT2Es6icab5-002900d3-5601-4998-9288-1b6b3befe48e@gitbox.apache.org>,rs8qp19wjrh14mc5z98p7gj6wroy9blm,https://lists.apache.org/api/source.lua?id=rs8qp19wjrh14mc5z98p7gj6wroy9blm,2025-08-15T17:57:28+00:00,2025-08,Re: [PR] IVY-1659: fix for `NullPointerException` [ant-ivy],topic-2bf06ca0f613742f,2026-10-04,subject only,excluded_ordinary_patch,"Subject inspected: ordinary implementation/documentation patch, not a formal vote or directed foundation-project decision proposal."
ant,<PR_kwDOATT2FM6gw4gW-1228c08b-0e77-43a0-92dc-e1a730787226@gitbox.apache.org>,10b716h1f9ox0soto8m09tjwskpn81xz,https://lists.apache.org/api/source.lua?id=10b716h1f9ox0soto8m09tjwskpn81xz,2025-08-15T18:38:52+00:00,2025-08,Re: [PR] Use StreamSupport and spliterator to create a stream for ResourceCollection [ant],topic-5b96e9194739e1bf,2026-10-04,subject only,excluded_ordinary_patch,"Subject inspected: ordinary implementation/documentation patch, not a formal vote or directed foundation-project decision proposal."
ant,<PR_kwDOATT2FM6gw4gW-f24675fc-31d1-4649-8029-71631adba279@gitbox.apache.org>,z12mtmsl9vb0jztpyxxno6nwojvqhn7k,https://lists.apache.org/api/source.lua?id=z12mtmsl9vb0jztpyxxno6nwojvqhn7k,2025-08-15T18:42:40+00:00,2025-08,Re: [PR] Use StreamSupport and spliterator to create a stream for ResourceCollection [ant],topic-5b96e9194739e1bf,2026-10-04,subject only,excluded_ordinary_patch,"Subject inspected: ordinary implementation/documentation patch, not a formal vote or directed foundation-project decision proposal."
ant,<PR_kwDOATT2FM6gw4gW-9e8399e2-e49b-4305-9ace-103e93abe269@gitbox.apache.org>,kwtq98rd5678q7n7s7k59f4yl1p58gpm,https://lists.apache.org/api/source.lua?id=kwtq98rd5678q7n7s7k59f4yl1p58gpm,2025-08-17T18:47:03+00:00,2025-08,Re: [PR] Use StreamSupport and spliterator to create a stream for ResourceCollection [ant],topic-5b96e9194739e1bf,2026-10-04,subject only,excluded_ordinary_patch,"Subject inspected: ordinary implementation/documentation patch, not a formal vote or directed foundation-project decision proposal."
ant,<PR_kwDOATT2Es6izEsm-efe4e845-50c4-4370-8531-2af1dbdda512@gitbox.apache.org>,ogt7htnlpzl4f96cz33tnrodsxwvlcob,https://lists.apache.org/api/source.lua?id=ogt7htnlpzl4f96cz33tnrodsxwvlcob,2025-08-18T08:10:39+00:00,2025-08,Re: [PR] IVY-1653: `makepom`: write overrides to Maven `dependencyManagement` section [ant-ivy],topic-29137bf709f5a618,2026-10-04,subject only,excluded_ordinary_patch,"Subject inspected: ordinary implementation/documentation patch, not a formal vote or directed foundation-project decision proposal."
ant,<PR_kwDOATT2Es6icab5-f0793665-b582-4f8b-8e71-d911e6b9594d@gitbox.apache.org>,r5bc2t08r2tkypld6fkqngqd0lvg7ymq,https://lists.apache.org/api/source.lua?id=r5bc2t08r2tkypld6fkqngqd0lvg7ymq,2025-08-18T08:15:49+00:00,2025-08,Re: [PR] IVY-1659: fix for `NullPointerException` [ant-ivy],topic-2bf06ca0f613742f,2026-10-04,subject only,excluded_ordinary_patch,"Subject inspected: ordinary implementation/documentation patch, not a formal vote or directed foundation-project decision proposal."
ant,<PR_kwDOATT2Es6hld2T-e03424e4-d673-4553-98c6-0392c98f619e@gitbox.apache.org>,8pyl6xmp5m4cgj3m483lvo1mrw13o098,https://lists.apache.org/api/source.lua?id=8pyl6xmp5m4cgj3m483lvo1mrw13o098,2025-08-18T14:03:14+00:00,2025-08,Re: [PR] IVY-1662: collect updates by conf and check transitive on old dependency [ant-ivy],topic-e5db8a858c388b8e,2026-10-04,subject only,excluded_ordinary_patch,"Subject inspected: ordinary implementation/documentation patch, not a formal vote or directed foundation-project decision proposal."
ant,<PR_kwDOATT2Es6hld2T-cb9d58d0-c69e-4810-9a06-96f46a9c34ee@gitbox.apache.org>,gltcrh8ckvkf6dtjxgl8x2jc2zhfzbky,https://lists.apache.org/api/source.lua?id=gltcrh8ckvkf6dtjxgl8x2jc2zhfzbky,2025-08-18T14:15:22+00:00,2025-08,Re: [PR] IVY-1662: collect updates by conf and check transitive on old dependency [ant-ivy],topic-e5db8a858c388b8e,2026-10-04,subject only,excluded_ordinary_patch,"Subject inspected: ordinary implementation/documentation patch, not a formal vote or directed foundation-project decision proposal."
ant,<PR_kwDOATT2Es6icab5-a5ef9afb-27b6-4a69-aede-44680bf844d2@gitbox.apache.org>,n4byf42nvpkw1h64otq9wtr5o1vqym9f,https://lists.apache.org/api/source.lua?id=n4byf42nvpkw1h64otq9wtr5o1vqym9f,2025-08-18T14:17:25+00:00,2025-08,Re: [PR] IVY-1659: fix for `NullPointerException` [ant-ivy],topic-2bf06ca0f613742f,2026-10-04,subject only,excluded_ordinary_patch,"Subject inspected: ordinary implementation/documentation patch, not a formal vote or directed foundation-project decision proposal."
ant,<PR_kwDOATT2Es6izEsm-f2f11a45-1b1b-4b2b-b8df-671ce15f2251@gitbox.apache.org>,1wr7f8s8sorhwty8vrk9kcjlowdll6gd,https://lists.apache.org/api/source.lua?id=1wr7f8s8sorhwty8vrk9kcjlowdll6gd,2025-08-18T14:19:01+00:00,2025-08,Re: [PR] IVY-1653: `makepom`: write overrides to Maven `dependencyManagement` section [ant-ivy],topic-29137bf709f5a618,2026-10-04,subject only,excluded_ordinary_patch,"Subject inspected: ordinary implementation/documentation patch, not a formal vote or directed foundation-project decision proposal."
ant,<PR_kwDOATT2Es6izEsm-524ce208-16b3-4bc3-b1ad-c1c9315bf10f@gitbox.apache.org>,ct7khc45csoot45d62cngvyv74dnkg46,https://lists.apache.org/api/source.lua?id=ct7khc45csoot45d62cngvyv74dnkg46,2025-08-18T14:31:02+00:00,2025-08,Re: [PR] IVY-1653: `makepom`: write overrides to Maven `dependencyManagement` section [ant-ivy],topic-29137bf709f5a618,2026-10-04,subject only,excluded_ordinary_patch,"Subject inspected: ordinary implementation/documentation patch, not a formal vote or directed foundation-project decision proposal."
ant,<PR_kwDOATT2Es6izEsm-37d02522-9deb-40e0-a44f-59ea9aa4ca26@gitbox.apache.org>,52mjt9rxtz1zp3h93o9fr5gd2p3qddvw,https://lists.apache.org/api/source.lua?id=52mjt9rxtz1zp3h93o9fr5gd2p3qddvw,2025-08-18T14:44:58+00:00,2025-08,Re: [PR] IVY-1653: `makepom`: write overrides to Maven `dependencyManagement` section [ant-ivy],topic-29137bf709f5a618,2026-10-04,subject only,excluded_ordinary_patch,"Subject inspected: ordinary implementation/documentation patch, not a formal vote or directed foundation-project decision proposal."
ant,<PR_kwDOATT2Es6izEsm-50c28d85-0d27-4d8c-a3a2-64ad7f7a57e8@gitbox.apache.org>,yplo3v0s90lfbtnzgnp04zbj1rjfn4hn,https://lists.apache.org/api/source.lua?id=yplo3v0s90lfbtnzgnp04zbj1rjfn4hn,2025-08-18T16:21:21+00:00,2025-08,Re: [PR] IVY-1653: `makepom`: write overrides to Maven `dependencyManagement` section [ant-ivy],topic-29137bf709f5a618,2026-10-04,subject only,excluded_ordinary_patch,"Subject inspected: ordinary implementation/documentation patch, not a formal vote or directed foundation-project decision proposal."
ant,<PR_kwDOATT2Es6izEsm-3bc8ecec-48f3-412e-a2a8-00959a37f16b@gitbox.apache.org>,4126wbo9owoxkxwtl9fy4hq08ynxcsjv,https://lists.apache.org/api/source.lua?id=4126wbo9owoxkxwtl9fy4hq08ynxcsjv,2025-08-18T17:46:13+00:00,2025-08,Re: [PR] IVY-1653: `makepom`: write overrides to Maven `dependencyManagement` section [ant-ivy],topic-29137bf709f5a618,2026-10-04,subject only,excluded_ordinary_patch,"Subject inspected: ordinary implementation/documentation patch, not a formal vote or directed foundation-project decision proposal."
ant,<PR_kwDOATT2Es6izEsm-e8e27f3d-90d5-4fae-bca7-79741d8d232d@gitbox.apache.org>,76f1ncshxwn620clgn44tgoxykn6pbvb,https://lists.apache.org/api/source.lua?id=76f1ncshxwn620clgn44tgoxykn6pbvb,2025-08-18T17:48:23+00:00,2025-08,Re: [PR] IVY-1653: `makepom`: write overrides to Maven `dependencyManagement` section [ant-ivy],topic-29137bf709f5a618,2026-10-04,subject only,excluded_ordinary_patch,"Subject inspected: ordinary implementation/documentation patch, not a formal vote or directed foundation-project decision proposal."
ant,<PR_kwDOATT2Es6izEsm-64d0011e-d93a-4462-8aca-ea495c26cb2b@gitbox.apache.org>,oqrpdc5vjyhh8m2ndmy66sp9c8hfmcdl,https://lists.apache.org/api/source.lua?id=oqrpdc5vjyhh8m2ndmy66sp9c8hfmcdl,2025-08-18T17:50:19+00:00,2025-08,Re: [PR] IVY-1653: `makepom`: write overrides to Maven `dependencyManagement` section [ant-ivy],topic-29137bf709f5a618,2026-10-04,subject only,excluded_ordinary_patch,"Subject inspected: ordinary implementation/documentation patch, not a formal vote or directed foundation-project decision proposal."
ant,<PR_kwDOATT2Es6izEsm-18e8e0b3-d6fb-4659-96b4-caf29998fc1b@gitbox.apache.org>,446xt8ncxxbjv6lmsm0c8j25kfv3rbbb,https://lists.apache.org/api/source.lua?id=446xt8ncxxbjv6lmsm0c8j25kfv3rbbb,2025-08-18T17:52:54+00:00,2025-08,Re: [PR] IVY-1653: `makepom`: write overrides to Maven `dependencyManagement` section [ant-ivy],topic-29137bf709f5a618,2026-10-04,subject only,excluded_ordinary_patch,"Subject inspected: ordinary implementation/documentation patch, not a formal vote or directed foundation-project decision proposal."
ant,<PR_kwDOATT2Es6izEsm-c029ff46-9df9-400c-8074-ecfb9f4cc72e@gitbox.apache.org>,j3q53c4zyvzqwjr5zmqrn6jdnp9cfjzw,https://lists.apache.org/api/source.lua?id=j3q53c4zyvzqwjr5zmqrn6jdnp9cfjzw,2025-08-18T17:57:46+00:00,2025-08,Re: [PR] IVY-1653: `makepom`: write overrides to Maven `dependencyManagement` section [ant-ivy],topic-29137bf709f5a618,2026-10-04,subject only,excluded_ordinary_patch,"Subject inspected: ordinary implementation/documentation patch, not a formal vote or directed foundation-project decision proposal."
ant,<PR_kwDOATT2Es6izEsm-8ff46b4b-963a-41ca-9ada-6cd37ca2bb6b@gitbox.apache.org>,80d9br883crzmgl5xbm9zps9xh0c8ztz,https://lists.apache.org/api/source.lua?id=80d9br883crzmgl5xbm9zps9xh0c8ztz,2025-08-18T18:01:44+00:00,2025-08,Re: [PR] IVY-1653: `makepom`: write overrides to Maven `dependencyManagement` section [ant-ivy],topic-29137bf709f5a618,2026-10-04,subject only,excluded_ordinary_patch,"Subject inspected: ordinary implementation/documentation patch, not a formal vote or directed foundation-project decision proposal."
ant,<PR_kwDOATT2Es6izEsm-31334ff9-4919-464b-8121-1432ad3e0701@gitbox.apache.org>,v3nj0256cz64wxbfbqg6rpk7gmn0gjhc,https://lists.apache.org/api/source.lua?id=v3nj0256cz64wxbfbqg6rpk7gmn0gjhc,2025-08-18T18:04:55+00:00,2025-08,Re: [PR] IVY-1653: `makepom`: write overrides to Maven `dependencyManagement` section [ant-ivy],topic-29137bf709f5a618,2026-10-04,subject only,excluded_ordinary_patch,"Subject inspected: ordinary implementation/documentation patch, not a formal vote or directed foundation-project decision proposal."
ant,<PR_kwDOATT2Es6izEsm-e1897da3-1f77-429e-b920-06f98c9f17f0@gitbox.apache.org>,k9wvvowmw2nbn4t7rgrpohl7qbbxmwyb,https://lists.apache.org/api/source.lua?id=k9wvvowmw2nbn4t7rgrpohl7qbbxmwyb,2025-08-18T18:06:19+00:00,2025-08,Re: [PR] IVY-1653: `makepom`: write overrides to Maven `dependencyManagement` section [ant-ivy],topic-29137bf709f5a618,2026-10-04,subject only,excluded_ordinary_patch,"Subject inspected: ordinary implementation/documentation patch, not a formal vote or directed foundation-project decision proposal."
ant,<PR_kwDOATT2Es6izEsm-5859dddc-8dfc-4af5-9915-3dd28dfa4cc7@gitbox.apache.org>,0qxdd2ocw2kns1vf256nh9v452zy4z8k,https://lists.apache.org/api/source.lua?id=0qxdd2ocw2kns1vf256nh9v452zy4z8k,2025-08-18T18:26:47+00:00,2025-08,Re: [PR] IVY-1653: `makepom`: write overrides to Maven `dependencyManagement` section [ant-ivy],topic-29137bf709f5a618,2026-10-04,subject only,excluded_ordinary_patch,"Subject inspected: ordinary implementation/documentation patch, not a formal vote or directed foundation-project decision proposal."
ant,<PR_kwDOATT2Es6izEsm-b6c83c16-2c01-4756-bd40-7960345c006e@gitbox.apache.org>,gmlj2nylh20k5f57fpx61zbq7kblxq5q,https://lists.apache.org/api/source.lua?id=gmlj2nylh20k5f57fpx61zbq7kblxq5q,2025-08-18T18:27:57+00:00,2025-08,Re: [PR] IVY-1653: `makepom`: write overrides to Maven `dependencyManagement` section [ant-ivy],topic-29137bf709f5a618,2026-10-04,subject only,excluded_ordinary_patch,"Subject inspected: ordinary implementation/documentation patch, not a formal vote or directed foundation-project decision proposal."
ant,<PR_kwDOATT2Es6izEsm-26bc63ab-d8aa-4339-a113-68239b8fc720@gitbox.apache.org>,9wkqm3sczj5pqpjpjrlgpjr3pol6g8qj,https://lists.apache.org/api/source.lua?id=9wkqm3sczj5pqpjpjrlgpjr3pol6g8qj,2025-08-18T18:28:37+00:00,2025-08,Re: [PR] IVY-1653: `makepom`: write overrides to Maven `dependencyManagement` section [ant-ivy],topic-29137bf709f5a618,2026-10-04,subject only,excluded_ordinary_patch,"Subject inspected: ordinary implementation/documentation patch, not a formal vote or directed foundation-project decision proposal."
ant,<PR_kwDOATT2Es6izEsm-dcf9008e-9668-4388-8f44-7cddc8d40de9@gitbox.apache.org>,28br0rrzhhklhp7f6nsggskvw68y1jy5,https://lists.apache.org/api/source.lua?id=28br0rrzhhklhp7f6nsggskvw68y1jy5,2025-08-18T18:29:42+00:00,2025-08,Re: [PR] IVY-1653: `makepom`: write overrides to Maven `dependencyManagement` section [ant-ivy],topic-29137bf709f5a618,2026-10-04,subject only,excluded_ordinary_patch,"Subject inspected: ordinary implementation/documentation patch, not a formal vote or directed foundation-project decision proposal."
ant,<PR_kwDOATT2Es6izEsm-d167b4d0-3246-4a1f-a670-51c695d8e974@gitbox.apache.org>,2wl43lhyxv9ys66nx2ggpg2c5nf0nf80,https://lists.apache.org/api/source.lua?id=2wl43lhyxv9ys66nx2ggpg2c5nf0nf80,2025-08-18T18:45:22+00:00,2025-08,Re: [PR] IVY-1653: `makepom`: write overrides to Maven `dependencyManagement` section [ant-ivy],topic-29137bf709f5a618,2026-10-04,subject only,excluded_ordinary_patch,"Subject inspected: ordinary implementation/documentation patch, not a formal vote or directed foundation-project decision proposal."
ant,<PR_kwDOATT2Es6izEsm-93575812-84c3-4677-8b98-5301239a908c@gitbox.apache.org>,099gmv26tx8vgo5lyqrkdy3nnz53bl39,https://lists.apache.org/api/source.lua?id=099gmv26tx8vgo5lyqrkdy3nnz53bl39,2025-08-18T18:50:22+00:00,2025-08,Re: [PR] IVY-1653: `makepom`: write overrides to Maven `dependencyManagement` section [ant-ivy],topic-29137bf709f5a618,2026-10-04,subject only,excluded_ordinary_patch,"Subject inspected: ordinary implementation/documentation patch, not a formal vote or directed foundation-project decision proposal."
ant,<PR_kwDOATT2Es6izEsm-a716c5de-67fe-40a9-b9a3-6163f22c540c@gitbox.apache.org>,8sxblgydx7ov1590bswzkqdmn9jx8g3s,https://lists.apache.org/api/source.lua?id=8sxblgydx7ov1590bswzkqdmn9jx8g3s,2025-08-18T18:50:53+00:00,2025-08,Re: [PR] IVY-1653: `makepom`: write overrides to Maven `dependencyManagement` section [ant-ivy],topic-29137bf709f5a618,2026-10-04,subject only,excluded_ordinary_patch,"Subject inspected: ordinary implementation/documentation patch, not a formal vote or directed foundation-project decision proposal."
ant,<PR_kwDOATT2FM6gw4gW-0bf53556-cb4b-45ec-96a2-e615cbbe4a9c@gitbox.apache.org>,7d80on44kmldbg439rdn51yk6tfb5cvm,https://lists.apache.org/api/source.lua?id=7d80on44kmldbg439rdn51yk6tfb5cvm,2025-08-19T01:13:41+00:00,2025-08,Re: [PR] Use StreamSupport and spliterator to create a stream for ResourceCollection [ant],topic-5b96e9194739e1bf,2026-10-04,subject only,excluded_ordinary_patch,"Subject inspected: ordinary implementation/documentation patch, not a formal vote or directed foundation-project decision proposal."
ant,<PR_kwDOATT2FM6gw4gW-0991ad58-2a34-4789-93ca-ff081b0d7ff1@gitbox.apache.org>,csrprdk8vr449hw4rwf6dpkk0t3fypyr,https://lists.apache.org/api/source.lua?id=csrprdk8vr449hw4rwf6dpkk0t3fypyr,2025-08-19T03:41:28+00:00,2025-08,Re: [PR] Use StreamSupport and spliterator to create a stream for ResourceCollection [ant],topic-5b96e9194739e1bf,2026-10-04,subject only,excluded_ordinary_patch,"Subject inspected: ordinary implementation/documentation patch, not a formal vote or directed foundation-project decision proposal."
ant,<PR_kwDOATT2FM6gw4gW-f761c526-d15a-4bfd-9d78-dd21babb7924@gitbox.apache.org>,f8kt8ropycpyytyv8y6wgbwd30shy0qx,https://lists.apache.org/api/source.lua?id=f8kt8ropycpyytyv8y6wgbwd30shy0qx,2025-08-19T03:41:32+00:00,2025-08,Re: [PR] Use StreamSupport and spliterator to create a stream for ResourceCollection [ant],topic-5b96e9194739e1bf,2026-10-04,subject only,excluded_ordinary_patch,"Subject inspected: ordinary implementation/documentation patch, not a formal vote or directed foundation-project decision proposal."
ant,<PR_kwDOATT2Es6hvdy7-dd946995-605c-4623-8904-ea6b8753c4da@gitbox.apache.org>,c3bh2p8sbrnfkjr4h76d7hojx1jyt7ww,https://lists.apache.org/api/source.lua?id=c3bh2p8sbrnfkjr4h76d7hojx1jyt7ww,2025-08-25T20:41:56+00:00,2025-08,"Re: [PR] IVY-1485, IVY-1661: collect dependency properties by conf [ant-ivy]",topic-d1e04d41257069ad,2026-10-04,subject only,excluded_ordinary_patch,"Subject inspected: ordinary implementation/documentation patch, not a formal vote or directed foundation-project decision proposal."
ant,<PR_kwDOATT2Es6hvdy7-a1db6814-9562-4e86-8a7b-218ebd567156@gitbox.apache.org>,rph4hcoz66vjksftwz31oqhhdkw3glkh,https://lists.apache.org/api/source.lua?id=rph4hcoz66vjksftwz31oqhhdkw3glkh,2025-08-31T12:46:05+00:00,2025-08,"Re: [PR] IVY-1485, IVY-1661: collect dependency properties by conf [ant-ivy]",topic-d1e04d41257069ad,2026-10-04,subject only,excluded_ordinary_patch,"Subject inspected: ordinary implementation/documentation patch, not a formal vote or directed foundation-project decision proposal."
ant,<PR_kwDOATT2Es6iat9I-d3e789af-6007-4925-9e72-a7af198df79a@gitbox.apache.org>,wtb2g4zsn21pwgz1jwc5j2t3ddxsydnd,https://lists.apache.org/api/source.lua?id=wtb2g4zsn21pwgz1jwc5j2t3ddxsydnd,2025-08-31T21:41:38+00:00,2025-08,Re: [PR] IVY-1410: apply resolved revision to inherited dependency [ant-ivy],topic-451b29895e8ed16a,2026-10-04,subject only,excluded_ordinary_patch,"Subject inspected: ordinary implementation/documentation patch, not a formal vote or directed foundation-project decision proposal."
ant,<PR_kwDOATT2Es6iat9I-75914d98-ce5d-4779-99be-e9cfc48d2cd5@gitbox.apache.org>,z51pgwv4r8h4bxjtknqb93j6pmhrkhwj,https://lists.apache.org/api/source.lua?id=z51pgwv4r8h4bxjtknqb93j6pmhrkhwj,2025-08-31T21:41:38+00:00,2025-08,Re: [PR] IVY-1410: apply resolved revision to inherited dependency [ant-ivy],topic-451b29895e8ed16a,2026-10-04,subject only,excluded_ordinary_patch,"Subject inspected: ordinary implementation/documentation patch, not a formal vote or directed foundation-project decision proposal."
ant,<PR_kwDOATT2Es6hvdy7-765b6584-52b8-4f65-a54f-7c2afbac5877@gitbox.apache.org>,22rcwmlb6wpk9r9xp6w5fpxf6767v1fl,https://lists.apache.org/api/source.lua?id=22rcwmlb6wpk9r9xp6w5fpxf6767v1fl,2025-09-02T18:41:40+00:00,2025-09,"Re: [PR] IVY-1485, IVY-1661: collect dependency properties by conf [ant-ivy]",topic-d1e04d41257069ad,2026-10-04,subject only,excluded_ordinary_patch,"Subject inspected: ordinary implementation/documentation patch, not a formal vote or directed foundation-project decision proposal."
ant,<PR_kwDOATT2Es6iat9I-cb96a25d-e874-4d38-85cf-e8c38b739397@gitbox.apache.org>,joopjomzq4c5o06671wcn4lt0r9s8kt6,https://lists.apache.org/api/source.lua?id=joopjomzq4c5o06671wcn4lt0r9s8kt6,2025-09-02T18:43:02+00:00,2025-09,Re: [PR] IVY-1410: apply resolved revision to inherited dependency [ant-ivy],topic-451b29895e8ed16a,2026-10-04,subject only,excluded_ordinary_patch,"Subject inspected: ordinary implementation/documentation patch, not a formal vote or directed foundation-project decision proposal."
ant,<PR_kwDOATT2Es6hvdy7-08886fbe-e51c-45b5-a5c4-06270633855e@gitbox.apache.org>,4lwq5pxgqtl2zndp02fvcyl0bcp7fm0z,https://lists.apache.org/api/source.lua?id=4lwq5pxgqtl2zndp02fvcyl0bcp7fm0z,2025-09-03T15:50:50+00:00,2025-09,"Re: [PR] IVY-1485, IVY-1661: collect dependency properties by conf [ant-ivy]",topic-d1e04d41257069ad,2026-10-04,subject only,excluded_ordinary_patch,"Subject inspected: ordinary implementation/documentation patch, not a formal vote or directed foundation-project decision proposal."
ant,<PR_kwDOATT2Es6hvdy7-0ba45bfa-861c-41ce-a7f6-846a8e9ca4ed@gitbox.apache.org>,1rfkqsx4nqm503gq60rstv9vhvg76ldg,https://lists.apache.org/api/source.lua?id=1rfkqsx4nqm503gq60rstv9vhvg76ldg,2025-09-03T15:57:02+00:00,2025-09,"Re: [PR] IVY-1485, IVY-1661: collect dependency properties by conf [ant-ivy]",topic-d1e04d41257069ad,2026-10-04,subject only,excluded_ordinary_patch,"Subject inspected: ordinary implementation/documentation patch, not a formal vote or directed foundation-project decision proposal."
ant,<PR_kwDOATT2Es6iat9I-d92d32c9-3b5c-4d0e-867d-6efde6260745@gitbox.apache.org>,1gskd3d5xyx13wjzhzt36mvln20xc1q4,https://lists.apache.org/api/source.lua?id=1gskd3d5xyx13wjzhzt36mvln20xc1q4,2025-09-03T16:05:54+00:00,2025-09,Re: [PR] IVY-1410: apply resolved revision to inherited dependency [ant-ivy],topic-451b29895e8ed16a,2026-10-04,subject only,excluded_ordinary_patch,"Subject inspected: ordinary implementation/documentation patch, not a formal vote or directed foundation-project decision proposal."
ant,<PR_kwDOATT2Es6hvdy7-b6ea4c70-83bf-440c-bd64-e7dc60b7d9f4@gitbox.apache.org>,1k6t2ompqgpc21vc6dl70qjh3y0nldnv,https://lists.apache.org/api/source.lua?id=1k6t2ompqgpc21vc6dl70qjh3y0nldnv,2025-09-03T16:13:36+00:00,2025-09,"Re: [PR] IVY-1485, IVY-1661: collect dependency properties by conf [ant-ivy]",topic-d1e04d41257069ad,2026-10-04,subject only,excluded_ordinary_patch,"Subject inspected: ordinary implementation/documentation patch, not a formal vote or directed foundation-project decision proposal."
ant,<PR_kwDOATT2Es6hvdy7-1d5afc50-68cf-4e28-a1bb-ed20c6790b1a@gitbox.apache.org>,ybmd16ocjq56gzhmbclkj3drw6nln3gf,https://lists.apache.org/api/source.lua?id=ybmd16ocjq56gzhmbclkj3drw6nln3gf,2025-09-03T17:38:57+00:00,2025-09,"Re: [PR] IVY-1485, IVY-1661: collect dependency properties by conf [ant-ivy]",topic-d1e04d41257069ad,2026-10-04,subject only,excluded_ordinary_patch,"Subject inspected: ordinary implementation/documentation patch, not a formal vote or directed foundation-project decision proposal."
ant,<PR_kwDOATT2Es6hvdy7-34b2453c-5d3a-42f9-bc66-5b44dcdc2f9a@gitbox.apache.org>,h14mt39rz87nxtjd378n0j9vx14nj88z,https://lists.apache.org/api/source.lua?id=h14mt39rz87nxtjd378n0j9vx14nj88z,2025-09-03T17:52:21+00:00,2025-09,"Re: [PR] IVY-1485, IVY-1661: collect dependency properties by conf [ant-ivy]",topic-d1e04d41257069ad,2026-10-04,subject only,excluded_ordinary_patch,"Subject inspected: ordinary implementation/documentation patch, not a formal vote or directed foundation-project decision proposal."
ant,<PR_kwDOATT2Es6hvdy7-73350b05-779f-454f-94ea-b8f7160f958b@gitbox.apache.org>,2fp5lw59v7dr81tlxcohz0h7vgcsq3of,https://lists.apache.org/api/source.lua?id=2fp5lw59v7dr81tlxcohz0h7vgcsq3of,2025-09-03T17:56:05+00:00,2025-09,"Re: [PR] IVY-1485, IVY-1661: collect dependency properties by conf [ant-ivy]",topic-d1e04d41257069ad,2026-10-04,subject only,excluded_ordinary_patch,"Subject inspected: ordinary implementation/documentation patch, not a formal vote or directed foundation-project decision proposal."
ant,<PR_kwDOATT2Es6hvdy7-641352cb-a65a-491f-8f4c-bd10e315edbf@gitbox.apache.org>,sylctw1rw7qzm240qk7xx3v2lx3tb7mk,https://lists.apache.org/api/source.lua?id=sylctw1rw7qzm240qk7xx3v2lx3tb7mk,2025-09-03T18:07:18+00:00,2025-09,"Re: [PR] IVY-1485, IVY-1661: collect dependency properties by conf [ant-ivy]",topic-d1e04d41257069ad,2026-10-04,subject only,excluded_ordinary_patch,"Subject inspected: ordinary implementation/documentation patch, not a formal vote or directed foundation-project decision proposal."
ant,<PR_kwDOATT2Es6hvdy7-009b0e05-32a5-4caa-9b51-24d120a86c26@gitbox.apache.org>,omwg7w32lyp4csotpsdmom9tdc5qhj34,https://lists.apache.org/api/source.lua?id=omwg7w32lyp4csotpsdmom9tdc5qhj34,2025-09-03T21:03:20+00:00,2025-09,"Re: [PR] IVY-1485, IVY-1661: collect dependency properties by conf [ant-ivy]",topic-d1e04d41257069ad,2026-10-04,subject only,excluded_ordinary_patch,"Subject inspected: ordinary implementation/documentation patch, not a formal vote or directed foundation-project decision proposal."
ant,<PR_kwDOATT2Es6hld2T-40834c15-4704-4fbc-82cf-f59bf7baeb50@gitbox.apache.org>,gr0bwbqxlttvb2kcg5pm3394l6ckvm4m,https://lists.apache.org/api/source.lua?id=gr0bwbqxlttvb2kcg5pm3394l6ckvm4m,2025-09-04T15:29:25+00:00,2025-09,Re: [PR] IVY-1662: collect updates by conf and check transitive on old dependency [ant-ivy],topic-e5db8a858c388b8e,2026-10-04,subject only,excluded_ordinary_patch,"Subject inspected: ordinary implementation/documentation patch, not a formal vote or directed foundation-project decision proposal."
ant,<PR_kwDOATT2Es6hld2T-67f7dd4b-4910-4e42-8a08-2eb4b5a60095@gitbox.apache.org>,3pbh40nwhgmvnnmqttdfyoqzlv2ckw2p,https://lists.apache.org/api/source.lua?id=3pbh40nwhgmvnnmqttdfyoqzlv2ckw2p,2025-09-04T15:34:41+00:00,2025-09,Re: [PR] IVY-1662: collect updates by conf and check transitive on old dependency [ant-ivy],topic-e5db8a858c388b8e,2026-10-04,subject only,excluded_ordinary_patch,"Subject inspected: ordinary implementation/documentation patch, not a formal vote or directed foundation-project decision proposal."
ant,<PR_kwDOATT2Es6hld2T-dd72eced-056e-441b-940a-d2541ba84213@gitbox.apache.org>,y6mbkpqw7ww9x6b5kn5y5lp0s8v9drj8,https://lists.apache.org/api/source.lua?id=y6mbkpqw7ww9x6b5kn5y5lp0s8v9drj8,2025-09-04T15:54:58+00:00,2025-09,Re: [PR] IVY-1662: collect updates by conf and check transitive on old dependency [ant-ivy],topic-e5db8a858c388b8e,2026-10-04,subject only,excluded_ordinary_patch,"Subject inspected: ordinary implementation/documentation patch, not a formal vote or directed foundation-project decision proposal."
ant,<CAOQrJk73PcXT1uNEe58e16iec8S6tz2-n6sxmhzJr5M2N1b+gA@mail.gmail.com>,9bl6vk33blcfgfcx9lvwhcph3bd9t3jb,https://lists.apache.org/api/source.lua?id=9bl6vk33blcfgfcx9lvwhcph3bd9t3jb,2025-09-06T13:37:59+00:00,2025-09,testutils + GitHub action -> fail,topic-e46f9324ff9dfe03,2026-09-22,subject; body review retained at accepted September checkpoint,ordinary_support,RAT testutils failure differs between GitHub Linux and other environments. Technical troubleshooting thread does not document a foundation-project decision request; actual service cause remains unknown.
ant,<PR_kwDOATT2Es6hld2T-7ccfc471-89ca-4833-806b-7319a91c3b7a@gitbox.apache.org>,z9rt7xo940prvsnfdq33grhkyv4of4c5,https://lists.apache.org/api/source.lua?id=z9rt7xo940prvsnfdq33grhkyv4of4c5,2025-09-10T15:18:19+00:00,2025-09,Re: [PR] IVY-1662: collect updates by conf and check transitive on old dependency [ant-ivy],topic-e5db8a858c388b8e,2026-10-04,subject only,excluded_ordinary_patch,"Subject inspected: ordinary implementation/documentation patch, not a formal vote or directed foundation-project decision proposal."
ant,<PR_kwDOATT2Es6hld2T-d5c4ee9c-d781-4902-a20d-2701149a4000@gitbox.apache.org>,pxgf03g0k16stdyomlw0kz8zchdjzz99,https://lists.apache.org/api/source.lua?id=pxgf03g0k16stdyomlw0kz8zchdjzz99,2025-09-10T18:06:00+00:00,2025-09,Re: [PR] IVY-1662: collect updates by conf and check transitive on old dependency [ant-ivy],topic-e5db8a858c388b8e,2026-10-04,subject only,excluded_ordinary_patch,"Subject inspected: ordinary implementation/documentation patch, not a formal vote or directed foundation-project decision proposal."
ant,<PR_kwDOATT2Es6oExje@gitbox.apache.org>,cl6ljqch2pwdjlwcp3x0y5w48zxyxmzd,https://lists.apache.org/api/source.lua?id=cl6ljqch2pwdjlwcp3x0y5w48zxyxmzd,2025-09-11T16:19:05+00:00,2025-09,[PR] Java 8: use `assertThrows` instead of `ExpectedException` rule [ant-ivy],topic-606b6be3d30359f5,2026-10-04,subject only,excluded_automated_notification,Subject inspected: automated bug-summary or ordinary GitHub patch notification; excluded from the decision frame. Related evidence may still be followed from an eligible episode.
ant,<PR_kwDOATT2Es6hvdy7-ecc8d2d9-cb77-444f-9a4c-b1249edbb3e1@gitbox.apache.org>,k6kbwrm9hkosb76nmcwt7gqgmpfprl4d,https://lists.apache.org/api/source.lua?id=k6kbwrm9hkosb76nmcwt7gqgmpfprl4d,2025-09-11T16:40:50+00:00,2025-09,"Re: [PR] IVY-1485, IVY-1661: collect dependency properties by conf [ant-ivy]",topic-d1e04d41257069ad,2026-10-04,subject only,excluded_ordinary_patch,"Subject inspected: ordinary implementation/documentation patch, not a formal vote or directed foundation-project decision proposal."
ant,<PR_kwDOATT2Es6hvdy7-6cb3231c-198e-4874-ae77-5bffaf9030fb@gitbox.apache.org>,voc7f79npm99lmdx48vh0ct3s0jbplh4,https://lists.apache.org/api/source.lua?id=voc7f79npm99lmdx48vh0ct3s0jbplh4,2025-09-11T16:40:57+00:00,2025-09,"Re: [PR] IVY-1485, IVY-1661: collect dependency properties by conf [ant-ivy]",topic-d1e04d41257069ad,2026-10-04,subject only,excluded_ordinary_patch,"Subject inspected: ordinary implementation/documentation patch, not a formal vote or directed foundation-project decision proposal."
ant,<PR_kwDOATT2Es6oExje-ce2523d4-df0b-45ca-a81d-a4dc3f3b93c0@gitbox.apache.org>,42kn7wxh1my3frg37kw5r5rnswqm90sd,https://lists.apache.org/api/source.lua?id=42kn7wxh1my3frg37kw5r5rnswqm90sd,2025-09-11T18:27:32+00:00,2025-09,Re: [PR] Java 8: use `assertThrows` instead of `ExpectedException` rule [ant-ivy],topic-606b6be3d30359f5,2026-10-04,subject only,excluded_ordinary_patch,"Subject inspected: ordinary implementation/documentation patch, not a formal vote or directed foundation-project decision proposal."
ant,<PR_kwDOATT2Es6oExje-af2b9a28-1470-4cc1-8fdf-b244e1394ddc@gitbox.apache.org>,cw25m7y3b1m3smoy1jgn8pymc3t3c1lt,https://lists.apache.org/api/source.lua?id=cw25m7y3b1m3smoy1jgn8pymc3t3c1lt,2025-09-11T18:33:34+00:00,2025-09,Re: [PR] Java 8: use `assertThrows` instead of `ExpectedException` rule [ant-ivy],topic-606b6be3d30359f5,2026-10-04,subject only,excluded_ordinary_patch,"Subject inspected: ordinary implementation/documentation patch, not a formal vote or directed foundation-project decision proposal."
ant,<PR_kwDOATT2Es6oExje-b57cff84-13c5-4431-98aa-1469089a8fc1@gitbox.apache.org>,n5v8p2cdp8rfnt9jmkt9nw1gl66rhtmb,https://lists.apache.org/api/source.lua?id=n5v8p2cdp8rfnt9jmkt9nw1gl66rhtmb,2025-09-11T21:10:21+00:00,2025-09,Re: [PR] Java 8: use `assertThrows` instead of `ExpectedException` rule [ant-ivy],topic-606b6be3d30359f5,2026-10-04,subject only,excluded_ordinary_patch,"Subject inspected: ordinary implementation/documentation patch, not a formal vote or directed foundation-project decision proposal."
ant,<PR_kwDOATT2Es6oExje-43d4dd55-f426-4d50-8954-9b8d4a5da2c9@gitbox.apache.org>,w7yt5oqkmvn8b0ktn3sh1vzox6wsx1lf,https://lists.apache.org/api/source.lua?id=w7yt5oqkmvn8b0ktn3sh1vzox6wsx1lf,2025-09-11T21:10:40+00:00,2025-09,Re: [PR] Java 8: use `assertThrows` instead of `ExpectedException` rule [ant-ivy],topic-606b6be3d30359f5,2026-10-04,subject only,excluded_ordinary_patch,"Subject inspected: ordinary implementation/documentation patch, not a formal vote or directed foundation-project decision proposal."
ant,<PR_kwDOATT2Es6oExje-41b39cd9-9c22-4f84-a4b9-5a52ea183918@gitbox.apache.org>,9zdz5b2br6dt0lp7plcgfxkd4v92syhl,https://lists.apache.org/api/source.lua?id=9zdz5b2br6dt0lp7plcgfxkd4v92syhl,2025-09-11T21:11:22+00:00,2025-09,Re: [PR] Java 8: use `assertThrows` instead of `ExpectedException` rule [ant-ivy],topic-606b6be3d30359f5,2026-10-04,subject only,excluded_ordinary_patch,"Subject inspected: ordinary implementation/documentation patch, not a formal vote or directed foundation-project decision proposal."
ant,<PR_kwDOATT2Es6oUUTC@gitbox.apache.org>,7gvr8xdlsfkh1hw34wmf9njzpn88p463,https://lists.apache.org/api/source.lua?id=7gvr8xdlsfkh1hw34wmf9njzpn88p463,2025-09-12T19:58:57+00:00,2025-09,[PR] reformat and refactor [ant-ivy],topic-4275317d746b88c7,2026-10-04,subject only,excluded_automated_notification,Subject inspected: automated bug-summary or ordinary GitHub patch notification; excluded from the decision frame. Related evidence may still be followed from an eligible episode.
ant,<874it6634g.fsf@v45346.1blu.de>,y5ogv784nq88w40jwn7rr0txr3t88c14,https://lists.apache.org/api/source.lua?id=y5ogv784nq88w40jwn7rr0txr3t88c14,2025-09-13T10:47:11+00:00,2025-09,Re: testutils + GitHub action -> fail,topic-e46f9324ff9dfe03,2026-09-22,subject; body review retained at accepted September checkpoint,ordinary_support,RAT testutils failure differs between GitHub Linux and other environments. Technical troubleshooting thread does not document a foundation-project decision request; actual service cause remains unknown.
ant,<CAOQrJk7=o-JE0g32FJTfz4XnaaxtPFdonnYJSBUxE2zm_rTvPw@mail.gmail.com>,sd3stqjwot88mj0rcsbg0bb03k6dn852,https://lists.apache.org/api/source.lua?id=sd3stqjwot88mj0rcsbg0bb03k6dn852,2025-09-13T12:58:18+00:00,2025-09,Re: testutils + GitHub action -> fail,topic-e46f9324ff9dfe03,2026-09-22,subject; body review retained at accepted September checkpoint,ordinary_support,RAT testutils failure differs between GitHub Linux and other environments. Technical troubleshooting thread does not document a foundation-project decision request; actual service cause remains unknown.
ant,<DM8PR10MB5477FCA4CADA8F15A60D663DFC1DA@DM8PR10MB5477.namprd10.prod.outlook.com>,346g8ksy87v7ycgdxt0z6x7h7lobsdl4,https://lists.apache.org/api/source.lua?id=346g8ksy87v7ycgdxt0z6x7h7lobsdl4,2025-09-23T08:11:20+00:00,2025-09,Java 25 Released and New Leyden EA Builds,topic-5d3a7aadefb9fa4d,2026-10-04,subject only,body_pending,Subject inspected and retained for ambiguity/context review; no final eligibility decision from the title.
ant,<PR_kwDOATT2FM6qe5ru@gitbox.apache.org>,fnnhxx47tgwqy7gkk8lh5wblpggovlqr,https://lists.apache.org/api/source.lua?id=fnnhxx47tgwqy7gkk8lh5wblpggovlqr,2025-09-25T11:06:41+00:00,2025-09,[PR] Added a new DownloadProgress class to Get.java to display a progress bar. [ant],topic-f4fe820b4eb9d780,2026-10-04,subject only,excluded_automated_notification,Subject inspected: automated bug-summary or ordinary GitHub patch notification; excluded from the decision frame. Related evidence may still be followed from an eligible episode.
ant,<PR_kwDOATT2FM6qe5ru-c29deb4a-b9a1-4c8c-a3d7-e101d38ed003@gitbox.apache.org>,9nmo9fg41l9k4jk9q0sv0xjxzd3ojlno,https://lists.apache.org/api/source.lua?id=9nmo9fg41l9k4jk9q0sv0xjxzd3ojlno,2025-10-09T15:32:31+00:00,2025-10,Re: [PR] Added a new DownloadProgress class to Get.java to display a progress bar. [ant],topic-f4fe820b4eb9d780,2026-10-04,subject only,excluded_ordinary_patch,"Subject inspected: ordinary implementation/documentation patch, not a formal vote or directed foundation-project decision proposal."
ant,<PR_kwDOATT2FM6qe5ru-38138d71-48f5-4395-92fe-f857bff93f5b@gitbox.apache.org>,4ojcb2bgb8x9drbowm1djql305gh960s,https://lists.apache.org/api/source.lua?id=4ojcb2bgb8x9drbowm1djql305gh960s,2025-10-09T15:35:40+00:00,2025-10,Re: [PR] Added a new DownloadProgress class to Get.java to display a progress bar. [ant],topic-f4fe820b4eb9d780,2026-10-04,subject only,excluded_ordinary_patch,"Subject inspected: ordinary implementation/documentation patch, not a formal vote or directed foundation-project decision proposal."
ant,<PR_kwDOATT2FM6qe5ru-88fb328e-ee55-451c-99db-8a4cf94e6017@gitbox.apache.org>,8nc1hocowy0s3vprn32qz36px3zpb8hb,https://lists.apache.org/api/source.lua?id=8nc1hocowy0s3vprn32qz36px3zpb8hb,2025-10-09T15:37:01+00:00,2025-10,Re: [PR] Added a new DownloadProgress class to Get.java to display a progress bar. [ant],topic-f4fe820b4eb9d780,2026-10-04,subject only,excluded_ordinary_patch,"Subject inspected: ordinary implementation/documentation patch, not a formal vote or directed foundation-project decision proposal."
ant,<PR_kwDOATT2FM6qe5ru-4e241395-1449-42da-94a9-f55d6fd4d01c@gitbox.apache.org>,cm5zf0j4lb46q3drhd60tz59zxrt90ft,https://lists.apache.org/api/source.lua?id=cm5zf0j4lb46q3drhd60tz59zxrt90ft,2025-10-10T09:52:18+00:00,2025-10,Re: [PR] Added a new DownloadProgress class to Get.java to display a progress bar. [ant],topic-f4fe820b4eb9d780,2026-10-04,subject only,excluded_ordinary_patch,"Subject inspected: ordinary implementation/documentation patch, not a formal vote or directed foundation-project decision proposal."
ant,<CAHcSR6_Kn=XuXMMmda9OT9f7WCKYDLbQRGuoNYd-OXW4=qaFnA@mail.gmail.com>,74993hmql0tobpfnt1011pv5blg2zvd3,https://lists.apache.org/api/source.lua?id=74993hmql0tobpfnt1011pv5blg2zvd3,2025-10-15T08:26:10+00:00,2025-10,Get task progress bar,topic-d669cdc2c08ef352,2026-10-04,subject and complete plain-text bodies; follow-up pending,excluded_ordinary_patch,Get-task progress-bar patch review and reminders; requester delay is not a foundation-project service commitment.
ant,<fec45f21-46b0-49de-931b-acb78e18d51a@apache.org>,m0mvjjhhf9pc1w2h44yo94pkt0r0xx0s,https://lists.apache.org/api/source.lua?id=m0mvjjhhf9pc1w2h44yo94pkt0r0xx0s,2025-10-17T14:44:22+00:00,2025-10,Re: Get task progress bar,topic-d669cdc2c08ef352,2026-10-04,subject and complete plain-text bodies; follow-up pending,excluded_ordinary_patch,Get-task progress-bar patch review and reminders; requester delay is not a foundation-project service commitment.
ant,<PR_kwDOATT2FM6qe5ru-3a13c5cc-8bac-46ab-a164-26240848fee7@gitbox.apache.org>,mhj4wbsrnrhzx04hln05bvtfkh75kmwo,https://lists.apache.org/api/source.lua?id=mhj4wbsrnrhzx04hln05bvtfkh75kmwo,2025-10-31T13:39:57+00:00,2025-10,Re: [PR] Added a new DownloadProgress class to Get.java to display a progress bar. [ant],topic-f4fe820b4eb9d780,2026-10-04,subject only,excluded_ordinary_patch,"Subject inspected: ordinary implementation/documentation patch, not a formal vote or directed foundation-project decision proposal."
ant,<PR_kwDOATT2FM6qe5ru-8616b9d9-5e99-40ca-8ce8-9221aee11b59@gitbox.apache.org>,6oytzznh96q5c4txno59wol7yk5lnfgm,https://lists.apache.org/api/source.lua?id=6oytzznh96q5c4txno59wol7yk5lnfgm,2025-10-31T13:42:34+00:00,2025-10,Re: [PR] Added a new DownloadProgress class to Get.java to display a progress bar. [ant],topic-f4fe820b4eb9d780,2026-10-04,subject only,excluded_ordinary_patch,"Subject inspected: ordinary implementation/documentation patch, not a formal vote or directed foundation-project decision proposal."
ant,<ee6d0828-8139-489f-ab43-a3bde070857f@apache.org>,rccnq84jm6xxfhz11cy2blpq1s5hy0h5,https://lists.apache.org/api/source.lua?id=rccnq84jm6xxfhz11cy2blpq1s5hy0h5,2025-11-03T09:07:11+00:00,2025-11,Re: Java 25 Released and New Leyden EA Builds,topic-5d3a7aadefb9fa4d,2026-10-04,subject only,body_pending,Subject inspected and retained for ambiguity/context review; no final eligibility decision from the title.
ant,<PR_kwDOATT2FM6qe5ru-c35c9c28-9166-4f06-a02d-5dd509287fa8@gitbox.apache.org>,f7nf50674487vxjq3x36w0cr1pokyw6w,https://lists.apache.org/api/source.lua?id=f7nf50674487vxjq3x36w0cr1pokyw6w,2025-11-06T14:34:41+00:00,2025-11,Re: [PR] Added a new DownloadProgress class to Get.java to display a progress bar. [ant],topic-f4fe820b4eb9d780,2026-10-04,subject only,excluded_ordinary_patch,"Subject inspected: ordinary implementation/documentation patch, not a formal vote or directed foundation-project decision proposal."
ant,<87seelnn5l.fsf@v45346.1blu.de>,kctywshvyqtmljfjwcy51sdt926jcjz0,https://lists.apache.org/api/source.lua?id=kctywshvyqtmljfjwcy51sdt926jcjz0,2025-11-11T05:39:18+00:00,2025-11,SBOM for Ant,topic-be9afc394c43b23d,2026-09-22,subject; body review retained at accepted September checkpoint,policy_candidate,"Local SBOM proposal discusses tooling, maintenance cost, and CISA/CRA uncertainty. Foundation policy link and external-shock sources remain to be checked; no mandate or completed implementation inferred."
ant,<decd10be-248e-4b98-8ef2-17bc496c7d1f@apache.org>,5cc5tm7573424x1l9zfwonnm4k4z3p3j,https://lists.apache.org/api/source.lua?id=5cc5tm7573424x1l9zfwonnm4k4z3p3j,2025-11-15T12:48:37+00:00,2025-11,Re: SBOM for Ant,topic-be9afc394c43b23d,2026-09-22,subject; body review retained at accepted September checkpoint,policy_candidate,"Local SBOM proposal discusses tooling, maintenance cost, and CISA/CRA uncertainty. Foundation policy link and external-shock sources remain to be checked; no mandate or completed implementation inferred."
ant,<87qztztga0.fsf@v45346.1blu.de>,j7gtsg40c4k7hx1qkw4jool9f2kn6jnj,https://lists.apache.org/api/source.lua?id=j7gtsg40c4k7hx1qkw4jool9f2kn6jnj,2025-11-15T16:24:55+00:00,2025-11,Re: SBOM for Ant,topic-be9afc394c43b23d,2026-09-22,subject; body review retained at accepted September checkpoint,policy_candidate,"Local SBOM proposal discusses tooling, maintenance cost, and CISA/CRA uncertainty. Foundation policy link and external-shock sources remain to be checked; no mandate or completed implementation inferred."
ant,<CALVNWHXrQknZLKgfexd=t-RtbdrFC9A8ZRU_AhVWOcYF-jLukg@mail.gmail.com>,rx1fjkzlc4xomf4rhhkbbo9l8qyhjq7d,https://lists.apache.org/api/source.lua?id=rx1fjkzlc4xomf4rhhkbbo9l8qyhjq7d,2025-11-15T16:47:58+00:00,2025-11,Re: SBOM for Ant,topic-be9afc394c43b23d,2026-09-22,subject; body review retained at accepted September checkpoint,policy_candidate,"Local SBOM proposal discusses tooling, maintenance cost, and CISA/CRA uncertainty. Foundation policy link and external-shock sources remain to be checked; no mandate or completed implementation inferred."
ant,<87346f3z77.fsf@v45346.1blu.de>,q5yrk2xzdcqtrhofr118cnwj2mnjo8n0,https://lists.apache.org/api/source.lua?id=q5yrk2xzdcqtrhofr118cnwj2mnjo8n0,2025-11-15T18:53:00+00:00,2025-11,Re: SBOM for Ant,topic-be9afc394c43b23d,2026-09-22,subject; body review retained at accepted September checkpoint,policy_candidate,"Local SBOM proposal discusses tooling, maintenance cost, and CISA/CRA uncertainty. Foundation policy link and external-shock sources remain to be checked; no mandate or completed implementation inferred."
ant,<CALVNWHWPLs19PokDy=eFGa2f5FvS1v=dPopGS5d_4y5Y6B9OkA@mail.gmail.com>,m4t8wsk815s7wq0fzrohp34ztkpc113p,https://lists.apache.org/api/source.lua?id=m4t8wsk815s7wq0fzrohp34ztkpc113p,2025-11-15T20:02:02+00:00,2025-11,Re: SBOM for Ant,topic-be9afc394c43b23d,2026-09-22,subject; body review retained at accepted September checkpoint,policy_candidate,"Local SBOM proposal discusses tooling, maintenance cost, and CISA/CRA uncertainty. Foundation policy link and external-shock sources remain to be checked; no mandate or completed implementation inferred."
ant,<87ikf9963r.fsf@v45346.1blu.de>,x9t1scyyq7ojkmhov5scnkszvpdvg4fz,https://lists.apache.org/api/source.lua?id=x9t1scyyq7ojkmhov5scnkszvpdvg4fz,2025-11-16T18:37:12+00:00,2025-11,Re: SBOM for Ant,topic-be9afc394c43b23d,2026-09-22,subject; body review retained at accepted September checkpoint,policy_candidate,"Local SBOM proposal discusses tooling, maintenance cost, and CISA/CRA uncertainty. Foundation policy link and external-shock sources remain to be checked; no mandate or completed implementation inferred."
ant,<CALVNWHXT_we5FitORuDxtQhXN8KzFCG2jsYYKbcyQuAsfK+96A@mail.gmail.com>,zrz77oxqox4w87bkctj935svg7bc791z,https://lists.apache.org/api/source.lua?id=zrz77oxqox4w87bkctj935svg7bc791z,2025-11-16T21:14:00+00:00,2025-11,Re: SBOM for Ant,topic-be9afc394c43b23d,2026-09-22,subject; body review retained at accepted September checkpoint,policy_candidate,"Local SBOM proposal discusses tooling, maintenance cost, and CISA/CRA uncertainty. Foundation policy link and external-shock sources remain to be checked; no mandate or completed implementation inferred."
ant,<CALVNWHW1Hu7ODUryJDdt-DF5HmJugx7DdN=6OfvfoaQeKDc96w@mail.gmail.com>,ocwt778ydyns17nvz6v0bjo86hjjph4x,https://lists.apache.org/api/source.lua?id=ocwt778ydyns17nvz6v0bjo86hjjph4x,2025-11-21T05:44:43+00:00,2025-11,Re: SBOM for Ant,topic-be9afc394c43b23d,2026-09-22,subject; body review retained at accepted September checkpoint,policy_candidate,"Local SBOM proposal discusses tooling, maintenance cost, and CISA/CRA uncertainty. Foundation policy link and external-shock sources remain to be checked; no mandate or completed implementation inferred."
ant,<CAH5iBXi-8heH9dDwc6fd_oWE_CzCGprAk61+wQB9JdpH73BmEQ@mail.gmail.com>,v88kmwqppwgrhq4p9p967g27hrgmjqng,https://lists.apache.org/api/source.lua?id=v88kmwqppwgrhq4p9p967g27hrgmjqng,2025-11-21T08:28:16+00:00,2025-11,RE: Re: Get task progress bar,topic-d669cdc2c08ef352,2026-10-04,subject and complete plain-text bodies; follow-up pending,excluded_ordinary_patch,Get-task progress-bar patch review and reminders; requester delay is not a foundation-project service commitment.
ant,<497cce10-3d48-4e8a-801b-27a63e774fd3@apache.org>,l5n19vs8hm1y2vzmhn1zhg8wgylp6j45,https://lists.apache.org/api/source.lua?id=l5n19vs8hm1y2vzmhn1zhg8wgylp6j45,2025-11-21T09:30:19+00:00,2025-11,Re: Get task progress bar,topic-d669cdc2c08ef352,2026-10-04,subject and complete plain-text bodies; follow-up pending,excluded_ordinary_patch,Get-task progress-bar patch review and reminders; requester delay is not a foundation-project service commitment.
ant,<87y0nzobub.fsf@v45346.1blu.de>,4jsyyvyfdhjkckhlohphh1qxhdqh7yrs,https://lists.apache.org/api/source.lua?id=4jsyyvyfdhjkckhlohphh1qxhdqh7yrs,2025-11-21T11:37:48+00:00,2025-11,Re: SBOM for Ant,topic-be9afc394c43b23d,2026-09-22,subject; body review retained at accepted September checkpoint,policy_candidate,"Local SBOM proposal discusses tooling, maintenance cost, and CISA/CRA uncertainty. Foundation policy link and external-shock sources remain to be checked; no mandate or completed implementation inferred."
ant,<CALVNWHXjtuWete4Y3sP5Fq=DK8WkVH5mf9c7uDPv8ghRhcpRYw@mail.gmail.com>,nomj9ly6sygrkkbk173w87fkporwd3jn,https://lists.apache.org/api/source.lua?id=nomj9ly6sygrkkbk173w87fkporwd3jn,2025-11-26T21:29:54+00:00,2025-11,Re: SBOM for Ant,topic-be9afc394c43b23d,2026-09-22,subject; body review retained at accepted September checkpoint,policy_candidate,"Local SBOM proposal discusses tooling, maintenance cost, and CISA/CRA uncertainty. Foundation policy link and external-shock sources remain to be checked; no mandate or completed implementation inferred."
ant,<87pl8yhx8i.fsf@v45346.1blu.de>,fmpjfz2yxgbbrdc1skkzoxfmof5hh17f,https://lists.apache.org/api/source.lua?id=fmpjfz2yxgbbrdc1skkzoxfmof5hh17f,2025-12-01T18:29:17+00:00,2025-12,Re: (ant) branch master updated: bz-69485 Revert the foreach loop change that was done to FTP.java in 1c80d507f496dde98869890e671edf635bef8dec,topic-f891b5d030af717f,2026-10-04,subject only,body_pending,Subject inspected and retained for ambiguity/context review; no final eligibility decision from the title.
ant,<f3523a0f-ecc3-44e9-8770-65d0cd0cde6d@apache.org>,om7kx4nv85wfo6lw3ypypbnnqmb41vb5,https://lists.apache.org/api/source.lua?id=om7kx4nv85wfo6lw3ypypbnnqmb41vb5,2025-12-02T02:14:05+00:00,2025-12,Re: (ant) branch master updated: bz-69485 Revert the foreach loop change that was done to FTP.java in 1c80d507f496dde98869890e671edf635bef8dec,topic-f891b5d030af717f,2026-10-04,subject only,body_pending,Subject inspected and retained for ambiguity/context review; no final eligibility decision from the title.
ant,<871pld9zwm.fsf@v45346.1blu.de>,q4vgmt9h428y51tc8xnorl6crw98l4hl,https://lists.apache.org/api/source.lua?id=q4vgmt9h428y51tc8xnorl6crw98l4hl,2025-12-02T06:11:05+00:00,2025-12,Re: (ant) branch master updated: bz-69485 Revert the foreach loop change that was done to FTP.java in 1c80d507f496dde98869890e671edf635bef8dec,topic-f891b5d030af717f,2026-10-04,subject only,body_pending,Subject inspected and retained for ambiguity/context review; no final eligibility decision from the title.
ant,<PR_kwDOATT2Es6hld2T-805e53ee-9645-4d87-b7df-7d2f7057b8b9@gitbox.apache.org>,2hfvtnnw7xj66gok75gqko66vbmkts42,https://lists.apache.org/api/source.lua?id=2hfvtnnw7xj66gok75gqko66vbmkts42,2025-12-05T15:36:34+00:00,2025-12,Re: [PR] IVY-1662: collect updates by conf and check transitive on old dependency [ant-ivy],topic-e5db8a858c388b8e,2026-10-04,subject only,excluded_ordinary_patch,"Subject inspected: ordinary implementation/documentation patch, not a formal vote or directed foundation-project decision proposal."
ant,<DM8PR10MB547717198D49CAE2269BCE4CFCA2A@DM8PR10MB5477.namprd10.prod.outlook.com>,7s61z83ksqo55orc9xvj9mq26d70zjms,https://lists.apache.org/api/source.lua?id=7s61z83ksqo55orc9xvj9mq26d70zjms,2025-12-08T09:09:32+00:00,2025-12,"JDK 26 Feature Freeze, HTTP/3, and more Heads-Ups",topic-ff4a3a6a82cdd636,2026-10-04,subject only,body_pending,Subject inspected and retained for ambiguity/context review; no final eligibility decision from the title.
ant,<c20f5628-f8e7-4135-8141-d0921d72f4aa@apache.org>,2wn9cx1of36x85sckz4b6dqj333xn633,https://lists.apache.org/api/source.lua?id=2wn9cx1of36x85sckz4b6dqj333xn633,2025-12-16T15:39:43+00:00,2025-12,"Re: JDK 26 Feature Freeze, HTTP/3, and more Heads-Ups",topic-ff4a3a6a82cdd636,2026-10-04,subject only,body_pending,Subject inspected and retained for ambiguity/context review; no final eligibility decision from the title.
ant,<ca371738-ebfe-4afb-846b-896854b45fdb@apache.org>,hbl48szrco0yrl43r2wvk1tkb5wjsk04,https://lists.apache.org/api/source.lua?id=hbl48szrco0yrl43r2wvk1tkb5wjsk04,2025-12-25T09:50:47+00:00,2025-12,Re: (ant) branch master updated: bz-69485 Revert the foreach loop change that was done to FTP.java in 1c80d507f496dde98869890e671edf635bef8dec,topic-f891b5d030af717f,2026-10-04,subject only,body_pending,Subject inspected and retained for ambiguity/context review; no final eligibility decision from the title.
