support,opposition,modal_regime,seed_disagreement,symmetric_fixed_point,lambda_symmetric,lambda_antisymmetric,symmetric_fixed_stable,n_collapse,n_equilibrium,n_lock_in,n_oscillation,n_unresolved,regime_transition_candidate,bifurcation_candidate
-6.0,0.0,collapse,False,0.0024973853,0.0099645935,0.0000000000,True,7,0,0,0,0,False,False
-6.0,0.25,collapse,False,0.0024958158,0.0093359502,0.0006223967,True,7,0,0,0,0,False,False
-6.0,0.5,collapse,False,0.0024942493,0.0087080979,0.0012440140,True,7,0,0,0,0,False,False
-6.0,0.75,collapse,False,0.0024926857,0.0080810346,0.0018648541,True,7,0,0,0,0,False,False
-6.0,1.0,collapse,False,0.0024911250,0.0074547579,0.0024849193,True,7,0,0,0,0,False,False
-6.0,1.25,collapse,False,0.0024895673,0.0068292657,0.0031042117,True,7,0,0,0,0,False,False
-6.0,1.5,collapse,False,0.0024880125,0.0062045557,0.0037227334,True,7,0,0,0,0,False,False
-6.0,1.75,collapse,False,0.0024864606,0.0055806258,0.0043404867,True,7,0,0,0,0,False,False
-6.0,2.0,collapse,False,0.0024849116,0.0049574737,0.0049574737,True,7,0,0,0,0,False,False
-6.0,2.25,collapse,False,0.0024833655,0.0043350973,0.0055736965,True,7,0,0,0,0,False,False
-6.0,2.5,collapse,False,0.0024818223,0.0037134943,0.0061891572,True,7,0,0,0,0,False,False
-6.0,2.75,collapse,False,0.0024802820,0.0030926628,0.0068038581,True,7,0,0,0,0,False,False
-6.0,3.0,collapse,False,0.0024787445,0.0024726004,0.0074178011,True,7,0,0,0,0,False,False
-6.0,3.25,collapse,False,0.0024772099,0.0018533050,0.0080309885,True,7,0,0,0,0,False,False
-6.0,3.5,collapse,False,0.0024756782,0.0012347746,0.0086434222,True,7,0,0,0,0,False,False
-6.0,3.75,collapse,False,0.0024741493,0.0006170070,0.0092551044,True,7,0,0,0,0,False,False
-6.0,4.0,collapse,False,0.0024726232,0.0000000000,0.0098660372,True,7,0,0,0,0,False,False
-6.0,4.25,collapse,False,0.0024710999,-0.0006162484,0.0104762226,True,7,0,0,0,0,False,False
-6.0,4.5,collapse,False,0.0024695794,-0.0012317403,0.0110856626,True,7,0,0,0,0,False,False
-6.0,4.75,collapse,False,0.0024680617,-0.0018464778,0.0116943594,True,7,0,0,0,0,False,False
-6.0,5.0,collapse,False,0.0024665469,-0.0024604630,0.0123023150,True,7,0,0,0,0,False,False
-6.0,5.25,collapse,False,0.0024650348,-0.0030736980,0.0129095314,True,7,0,0,0,0,False,False
-6.0,5.5,collapse,False,0.0024635254,-0.0036861847,0.0135160106,True,7,0,0,0,0,False,False
-6.0,5.75,collapse,False,0.0024620189,-0.0042979253,0.0141217547,True,7,0,0,0,0,False,False
-6.0,6.0,collapse,False,0.0024605151,-0.0049089219,0.0147267656,True,7,0,0,0,0,False,False
-6.0,6.25,collapse,False,0.0024590140,-0.0055191763,0.0153310453,True,7,0,0,0,0,False,False
-6.0,6.5,collapse,False,0.0024575157,-0.0061286907,0.0159345959,True,7,0,0,0,0,False,False
-6.0,6.75,collapse,False,0.0024560201,-0.0067374671,0.0165374193,True,7,0,0,0,0,False,False
-6.0,7.0,collapse,False,0.0024545272,-0.0073455075,0.0171395174,True,7,0,0,0,0,False,False
-6.0,7.25,collapse,False,0.0024530370,-0.0079528138,0.0177408923,True,7,0,0,0,0,False,False
-6.0,7.5,collapse,False,0.0024515496,-0.0085593881,0.0183415459,True,7,0,0,0,0,False,False
-6.0,7.75,collapse,False,0.0024500648,-0.0091652324,0.0189414802,True,7,0,0,0,0,False,False
-6.0,8.0,collapse,False,0.0024485827,-0.0097703485,0.0195406971,True,7,0,0,0,0,False,False
-6.0,8.25,collapse,False,0.0024471033,-0.0103747386,0.0201391984,True,7,0,0,0,0,False,False
-6.0,8.5,collapse,False,0.0024456265,-0.0109784045,0.0207369862,True,7,0,0,0,0,False,False
-6.0,8.75,collapse,False,0.0024441524,-0.0115813481,0.0213340624,True,7,0,0,0,0,False,False
-6.0,9.0,collapse,False,0.0024426810,-0.0121835715,0.0219304287,True,7,0,0,0,0,False,False
-6.0,9.25,collapse,False,0.0024412122,-0.0127850766,0.0225260873,True,7,0,0,0,0,False,False
-6.0,9.5,collapse,False,0.0024397460,-0.0133858652,0.0231210399,True,7,0,0,0,0,False,False
-6.0,9.75,collapse,False,0.0024382825,-0.0139859393,0.0237152884,True,7,0,0,0,0,False,False
-6.0,10.0,collapse,False,0.0024368216,-0.0145853008,0.0243088347,True,7,0,0,0,0,False,False
-6.0,10.25,collapse,False,0.0024353633,-0.0151839516,0.0249016806,True,7,0,0,0,0,False,False
-6.0,10.5,collapse,False,0.0024339075,-0.0157818936,0.0254938281,True,7,0,0,0,0,False,False
-6.0,10.75,collapse,False,0.0024324544,-0.0163791287,0.0260852790,True,7,0,0,0,0,False,False
-6.0,11.0,collapse,False,0.0024310039,-0.0169756586,0.0266760350,True,7,0,0,0,0,False,False
-6.0,11.25,collapse,False,0.0024295559,-0.0175714855,0.0272660981,True,7,0,0,0,0,False,False
-6.0,11.5,collapse,False,0.0024281105,-0.0181666109,0.0278554701,True,7,0,0,0,0,False,False
-6.0,11.75,collapse,False,0.0024266677,-0.0187610369,0.0284441527,True,7,0,0,0,0,False,False
-6.0,12.0,collapse,False,0.0024252274,-0.0193547653,0.0290321479,True,7,0,0,0,0,False,False
-6.0,12.25,collapse,False,0.0024237896,-0.0199477978,0.0296194573,True,7,0,0,0,0,False,False
-6.0,12.5,collapse,False,0.0024223544,-0.0205401364,0.0302060829,True,7,0,0,0,0,False,False
-6.0,12.75,collapse,False,0.0024209218,-0.0211317828,0.0307920263,True,7,0,0,0,0,False,False
-6.0,13.0,collapse,False,0.0024194916,-0.0217227389,0.0313772895,True,7,0,0,0,0,False,False
-6.0,13.25,collapse,False,0.0024180639,-0.0223130064,0.0319618740,True,7,0,0,0,0,False,False
-6.0,13.5,collapse,False,0.0024166388,-0.0229025872,0.0325457818,True,7,0,0,0,0,False,False
-6.0,13.75,collapse,False,0.0024152161,-0.0234914830,0.0331290145,True,7,0,0,0,0,False,False
-6.0,14.0,collapse,False,0.0024137960,-0.0240796957,0.0337115740,True,7,0,0,0,0,False,False
-5.75,0.0,collapse,False,0.0032135971,0.0128130795,0.0000000000,True,7,0,0,0,0,False,False
-5.75,0.25,collapse,False,0.0032109934,0.0120025608,0.0008001707,True,7,0,0,0,0,False,False
-5.75,0.5,collapse,False,0.0032083960,0.0111933575,0.0015990511,True,7,0,0,0,0,False,False
-5.75,0.75,collapse,False,0.0032058049,0.0103854650,0.0023966458,True,7,0,0,0,0,False,False
-5.75,1.0,collapse,False,0.0032032201,0.0095788784,0.0031929595,True,7,0,0,0,0,False,False
-5.75,1.25,collapse,False,0.0032006415,0.0087735929,0.0039879968,True,7,0,0,0,0,False,False
-5.75,1.5,collapse,False,0.0031980692,0.0079696039,0.0047817624,True,7,0,0,0,0,False,False
-5.75,1.75,collapse,False,0.0031955031,0.0071669067,0.0055742608,True,7,0,0,0,0,False,False
-5.75,2.0,collapse,False,0.0031929432,0.0063654966,0.0063654966,True,7,0,0,0,0,False,False
-5.75,2.25,collapse,False,0.0031903894,0.0055653689,0.0071554743,True,7,0,0,0,0,False,False
-5.75,2.5,collapse,False,0.0031878417,0.0047665191,0.0079441984,True,7,0,0,0,0,False,False
-5.75,2.75,collapse,False,0.0031853001,0.0039689425,0.0087316735,True,7,0,0,0,0,False,False
-5.75,3.0,collapse,False,0.0031827646,0.0031726347,0.0095179040,True,7,0,0,0,0,False,False
-5.75,3.25,collapse,False,0.0031802352,0.0023775910,0.0103028942,True,7,0,0,0,0,False,False
-5.75,3.5,collapse,False,0.0031777118,0.0015838070,0.0110866487,True,7,0,0,0,0,False,False
-5.75,3.75,collapse,False,0.0031751943,0.0007912781,0.0118691717,True,7,0,0,0,0,False,False
-5.75,4.0,collapse,False,0.0031726828,0.0000000000,0.0126504677,True,7,0,0,0,0,False,False
-5.75,4.25,collapse,False,0.0031701773,-0.0007900318,0.0134305410,True,7,0,0,0,0,False,False
-5.75,4.5,collapse,False,0.0031676777,-0.0015788218,0.0142093959,True,7,0,0,0,0,False,False
-5.75,4.75,collapse,False,0.0031651840,-0.0023663742,0.0149870366,True,7,0,0,0,0,False,False
-5.75,5.0,collapse,False,0.0031626961,-0.0031526935,0.0157634675,True,7,0,0,0,0,False,False
-5.75,5.25,collapse,False,0.0031602141,-0.0039377840,0.0165386928,True,7,0,0,0,0,False,False
-5.75,5.5,collapse,False,0.0031577380,-0.0047216500,0.0173127166,True,7,0,0,0,0,False,False
-5.75,5.75,collapse,False,0.0031552676,-0.0055042958,0.0180855432,True,7,0,0,0,0,False,False
-5.75,6.0,collapse,False,0.0031528030,-0.0062857256,0.0188571768,True,7,0,0,0,0,False,False
-5.75,6.25,collapse,False,0.0031503441,-0.0070659437,0.0196276215,True,7,0,0,0,0,False,False
-5.75,6.5,collapse,False,0.0031478910,-0.0078449544,0.0203968814,True,7,0,0,0,0,False,False
-5.75,6.75,collapse,False,0.0031454435,-0.0086227617,0.0211649606,True,7,0,0,0,0,False,False
-5.75,7.0,collapse,False,0.0031430018,-0.0093993699,0.0219318632,True,7,0,0,0,0,False,False
-5.75,7.25,collapse,False,0.0031405657,-0.0101747832,0.0226975932,True,7,0,0,0,0,False,False
-5.75,7.5,collapse,False,0.0031381352,-0.0109490056,0.0234621548,True,7,0,0,0,0,False,False
-5.75,7.75,collapse,False,0.0031357103,-0.0117220412,0.0242255518,True,7,0,0,0,0,False,False
-5.75,8.0,collapse,False,0.0031332910,-0.0124938941,0.0249877883,True,7,0,0,0,0,False,False
-5.75,8.25,collapse,False,0.0031308773,-0.0132645685,0.0257488682,True,7,0,0,0,0,False,False
-5.75,8.5,collapse,False,0.0031284691,-0.0140340682,0.0265087955,True,7,0,0,0,0,False,False
-5.75,8.75,collapse,False,0.0031260665,-0.0148023974,0.0272675742,True,7,0,0,0,0,False,False
-5.75,9.0,collapse,False,0.0031236693,-0.0155695600,0.0280252081,True,7,0,0,0,0,False,False
-5.75,9.25,collapse,False,0.0031212776,-0.0163355601,0.0287817011,True,7,0,0,0,0,False,False
-5.75,9.5,collapse,False,0.0031188914,-0.0171004014,0.0295370570,True,7,0,0,0,0,False,False
-5.75,9.75,collapse,False,0.0031165106,-0.0178640881,0.0302912798,True,7,0,0,0,0,False,False
-5.75,10.0,collapse,False,0.0031141352,-0.0186266239,0.0310443731,True,7,0,0,0,0,False,False
-5.75,10.25,collapse,False,0.0031117651,-0.0193880128,0.0317963410,True,7,0,0,0,0,False,False
-5.75,10.5,collapse,False,0.0031094005,-0.0201482586,0.0325471870,True,7,0,0,0,0,False,False
-5.75,10.75,collapse,False,0.0031070411,-0.0209073652,0.0332969150,True,7,0,0,0,0,False,False
-5.75,11.0,collapse,False,0.0031046871,-0.0216653364,0.0340455287,True,7,0,0,0,0,False,False
-5.75,11.25,collapse,False,0.0031023384,-0.0224221761,0.0347930319,True,7,0,0,0,0,False,False
-5.75,11.5,collapse,False,0.0030999950,-0.0231778879,0.0355394281,True,7,0,0,0,0,False,False
-5.75,11.75,collapse,False,0.0030976569,-0.0239324757,0.0362847212,True,7,0,0,0,0,False,False
-5.75,12.0,collapse,False,0.0030953239,-0.0246859432,0.0370289148,True,7,0,0,0,0,False,False
-5.75,12.25,collapse,False,0.0030929962,-0.0254382941,0.0377720125,True,7,0,0,0,0,False,False
-5.75,12.5,collapse,False,0.0030906737,-0.0261895322,0.0385140179,True,7,0,0,0,0,False,False
-5.75,12.75,collapse,False,0.0030883564,-0.0269396611,0.0392549347,True,7,0,0,0,0,False,False
-5.75,13.0,collapse,False,0.0030860442,-0.0276886845,0.0399947665,True,7,0,0,0,0,False,False
-5.75,13.25,collapse,False,0.0030837371,-0.0284366060,0.0407335167,True,7,0,0,0,0,False,False
-5.75,13.5,collapse,False,0.0030814352,-0.0291834293,0.0414711890,True,7,0,0,0,0,False,False
-5.75,13.75,collapse,False,0.0030791383,-0.0299291580,0.0422077869,True,7,0,0,0,0,False,False
-5.75,14.0,collapse,False,0.0030768465,-0.0306737956,0.0429433139,True,7,0,0,0,0,False,False
-5.5,0.0,collapse,False,0.0041377826,0.0164826455,0.0000000000,True,7,0,0,0,0,False,False
-5.5,0.25,collapse,False,0.0041334554,0.0154363873,0.0010290925,True,7,0,0,0,0,False,False
-5.5,0.5,collapse,False,0.0041291418,0.0143923219,0.0020560460,True,7,0,0,0,0,False,False
-5.5,0.75,collapse,False,0.0041248417,0.0133504390,0.0030808705,True,7,0,0,0,0,False,False
-5.5,1.0,collapse,False,0.0041205551,0.0123107282,0.0041035761,True,7,0,0,0,0,False,False
-5.5,1.25,collapse,False,0.0041162818,0.0112731795,0.0051241725,True,7,0,0,0,0,False,False
-5.5,1.5,collapse,False,0.0041120218,0.0102377827,0.0061426696,True,7,0,0,0,0,False,False
-5.5,1.75,collapse,False,0.0041077751,0.0092045278,0.0071590772,True,7,0,0,0,0,False,False
-5.5,2.0,collapse,False,0.0041035415,0.0081734049,0.0081734049,True,7,0,0,0,0,False,False
-5.5,2.25,collapse,False,0.0040993210,0.0071444040,0.0091856622,True,7,0,0,0,0,False,False
-5.5,2.5,collapse,False,0.0040951135,0.0061175153,0.0101958588,True,7,0,0,0,0,False,False
-5.5,2.75,collapse,False,0.0040909189,0.0050927291,0.0112040041,True,7,0,0,0,0,False,False
-5.5,3.0,collapse,False,0.0040867372,0.0040700358,0.0122101074,True,7,0,0,0,0,False,False
-5.5,3.25,collapse,False,0.0040825683,0.0030494257,0.0132141781,True,7,0,0,0,0,False,False
-5.5,3.5,collapse,False,0.0040784121,0.0020308894,0.0142162255,True,7,0,0,0,0,False,False
-5.5,3.75,collapse,False,0.0040742686,0.0010144172,0.0152162586,True,7,0,0,0,0,False,False
-5.5,4.0,collapse,False,0.0040701377,0.0000000000,0.0162142868,True,7,0,0,0,0,False,False
-5.5,4.25,collapse,False,0.0040660193,-0.0010123717,0.0172103189,True,7,0,0,0,0,False,False
-5.5,4.5,collapse,False,0.0040619134,-0.0020227071,0.0182043641,True,7,0,0,0,0,False,False
-5.5,4.75,collapse,False,0.0040578198,-0.0030310154,0.0191964311,True,7,0,0,0,0,False,False
-5.5,5.0,collapse,False,0.0040537386,-0.0040373058,0.0201865290,True,7,0,0,0,0,False,False
-5.5,5.25,collapse,False,0.0040496696,-0.0050415872,0.0211746664,True,7,0,0,0,0,False,False
-5.5,5.5,collapse,False,0.0040456128,-0.0060438688,0.0221608521,True,7,0,0,0,0,False,False
-5.5,5.75,collapse,False,0.0040415682,-0.0070441593,0.0231450949,True,7,0,0,0,0,False,False
-5.5,6.0,collapse,False,0.0040375356,-0.0080424678,0.0241274033,True,7,0,0,0,0,False,False
-5.5,6.25,collapse,False,0.0040335150,-0.0090388029,0.0251077858,True,7,0,0,0,0,False,False
-5.5,6.5,collapse,False,0.0040295063,-0.0100331735,0.0260862511,True,7,0,0,0,0,False,False
-5.5,6.75,collapse,False,0.0040255095,-0.0110255882,0.0270628074,True,7,0,0,0,0,False,False
-5.5,7.0,collapse,False,0.0040215246,-0.0120160557,0.0280374633,True,7,0,0,0,0,False,False
-5.5,7.25,collapse,False,0.0040175513,-0.0130045845,0.0290102269,True,7,0,0,0,0,False,False
-5.5,7.5,collapse,False,0.0040135898,-0.0139911831,0.0299811066,True,7,0,0,0,0,False,False
-5.5,7.75,collapse,False,0.0040096399,-0.0149758600,0.0309501106,True,7,0,0,0,0,False,False
-5.5,8.0,collapse,False,0.0040057015,-0.0159586235,0.0319172470,True,7,0,0,0,0,False,False
-5.5,8.25,collapse,False,0.0040017747,-0.0169394820,0.0328825240,True,7,0,0,0,0,False,False
-5.5,8.5,collapse,False,0.0039978593,-0.0179184438,0.0338459495,True,7,0,0,0,0,False,False
-5.5,8.75,collapse,False,0.0039939553,-0.0188955171,0.0348075315,True,7,0,0,0,0,False,False
-5.5,9.0,collapse,False,0.0039900626,-0.0198707100,0.0357672781,True,7,0,0,0,0,False,False
-5.5,9.25,collapse,False,0.0039861812,-0.0208440307,0.0367251969,True,7,0,0,0,0,False,False
-5.5,9.5,collapse,False,0.0039823110,-0.0218154872,0.0376812960,True,7,0,0,0,0,False,False
-5.5,9.75,collapse,False,0.0039784520,-0.0227850874,0.0386355830,True,7,0,0,0,0,False,False
-5.5,10.0,collapse,False,0.0039746040,-0.0237528394,0.0395880656,True,7,0,0,0,0,False,False
-5.5,10.25,collapse,False,0.0039707671,-0.0247187510,0.0405387516,True,7,0,0,0,0,False,False
-5.5,10.5,collapse,False,0.0039669412,-0.0256828300,0.0414876485,True,7,0,0,0,0,False,False
-5.5,10.75,collapse,False,0.0039631263,-0.0266450843,0.0424347639,True,7,0,0,0,0,False,False
-5.5,11.0,collapse,False,0.0039593222,-0.0276055216,0.0433801054,True,7,0,0,0,0,False,False
-5.5,11.25,collapse,False,0.0039555289,-0.0285641495,0.0443236803,True,7,0,0,0,0,False,False
-5.5,11.5,collapse,False,0.0039517464,-0.0295209757,0.0452654961,True,7,0,0,0,0,False,False
-5.5,11.75,collapse,False,0.0039479746,-0.0304760077,0.0462055601,True,7,0,0,0,0,False,False
-5.5,12.0,collapse,False,0.0039442135,-0.0314292531,0.0471438797,True,7,0,0,0,0,False,False
-5.5,12.25,collapse,False,0.0039404629,-0.0323807194,0.0480804622,True,7,0,0,0,0,False,False
-5.5,12.5,collapse,False,0.0039367230,-0.0333304140,0.0490153147,True,7,0,0,0,0,False,False
-5.5,12.75,collapse,False,0.0039329935,-0.0342783442,0.0499484444,True,7,0,0,0,0,False,False
-5.5,13.0,collapse,False,0.0039292745,-0.0352245174,0.0508798585,True,7,0,0,0,0,False,False
-5.5,13.25,collapse,False,0.0039255658,-0.0361689409,0.0518095640,True,7,0,0,0,0,False,False
-5.5,13.5,collapse,False,0.0039218676,-0.0371116219,0.0527375680,True,7,0,0,0,0,False,False
-5.5,13.75,collapse,False,0.0039181796,-0.0380525676,0.0536638774,True,7,0,0,0,0,False,False
-5.5,14.0,collapse,False,0.0039145018,-0.0389917851,0.0545884992,True,7,0,0,0,0,False,False
-5.25,0.0,collapse,False,0.0053320575,0.0212145066,0.0000000000,True,7,0,0,0,0,False,False
-5.25,0.25,collapse,False,0.0053248492,0.0198618568,0.0013241238,True,7,0,0,0,0,False,False
-5.25,0.5,collapse,False,0.0053176701,0.0185128739,0.0026446963,True,7,0,0,0,0,False,False
-5.25,0.75,collapse,False,0.0053105202,0.0171675354,0.0039617389,True,7,0,0,0,0,False,False
-5.25,1.0,collapse,False,0.0053033992,0.0158258193,0.0052752731,True,7,0,0,0,0,False,False
-5.25,1.25,collapse,False,0.0052963068,0.0144877037,0.0065853199,True,7,0,0,0,0,False,False
-5.25,1.5,collapse,False,0.0052892428,0.0131531669,0.0078919001,True,7,0,0,0,0,False,False
-5.25,1.75,collapse,False,0.0052822072,0.0118221873,0.0091950346,True,7,0,0,0,0,False,False
-5.25,2.0,collapse,False,0.0052751996,0.0104947437,0.0104947437,True,7,0,0,0,0,False,False
-5.25,2.25,collapse,False,0.0052682199,0.0091708150,0.0117910479,True,7,0,0,0,0,False,False
-5.25,2.5,collapse,False,0.0052612678,0.0078503803,0.0130839671,True,7,0,0,0,0,False,False
-5.25,2.75,collapse,False,0.0052543432,0.0065334189,0.0143735215,True,7,0,0,0,0,False,False
-5.25,3.0,collapse,False,0.0052474459,0.0052199102,0.0156597306,True,7,0,0,0,0,False,False
-5.25,3.25,collapse,False,0.0052405757,0.0039098340,0.0169426142,True,7,0,0,0,0,False,False
-5.25,3.5,collapse,False,0.0052337324,0.0026031702,0.0182221914,True,7,0,0,0,0,False,False
-5.25,3.75,collapse,False,0.0052269158,0.0012998988,0.0194984817,True,7,0,0,0,0,False,False
-5.25,4.0,collapse,False,0.0052201257,0.0000000000,0.0207715039,True,7,0,0,0,0,False,False
-5.25,4.25,collapse,False,0.0052133620,-0.0012965457,0.0220412770,True,7,0,0,0,0,False,False
-5.25,4.5,collapse,False,0.0052066244,-0.0025897577,0.0233078196,True,7,0,0,0,0,False,False
-5.25,4.75,collapse,False,0.0051999128,-0.0038796553,0.0245711503,True,7,0,0,0,0,False,False
-5.25,5.0,collapse,False,0.0051932271,-0.0051662575,0.0258312874,True,7,0,0,0,0,False,False
-5.25,5.25,collapse,False,0.0051865670,-0.0064495831,0.0270882490,True,7,0,0,0,0,False,False
-5.25,5.5,collapse,False,0.0051799323,-0.0077296509,0.0283420533,True,7,0,0,0,0,False,False
-5.25,5.75,collapse,False,0.0051733229,-0.0090064794,0.0295927180,True,7,0,0,0,0,False,False
-5.25,6.0,collapse,False,0.0051667387,-0.0102800869,0.0308402608,True,7,0,0,0,0,False,False
-5.25,6.25,collapse,False,0.0051601793,-0.0115504918,0.0320846994,True,7,0,0,0,0,False,False
-5.25,6.5,collapse,False,0.0051536448,-0.0128177119,0.0333260510,True,7,0,0,0,0,False,False
-5.25,6.75,collapse,False,0.0051471349,-0.0140817652,0.0345643329,True,7,0,0,0,0,False,False
-5.25,7.0,collapse,False,0.0051406494,-0.0153426695,0.0357995622,True,7,0,0,0,0,False,False
-5.25,7.25,collapse,False,0.0051341883,-0.0166004422,0.0370317558,True,7,0,0,0,0,False,False
-5.25,7.5,collapse,False,0.0051277512,-0.0178551009,0.0382609305,True,7,0,0,0,0,False,False
-5.25,7.75,collapse,False,0.0051213382,-0.0191066627,0.0394871029,True,7,0,0,0,0,False,False
-5.25,8.0,collapse,False,0.0051149489,-0.0203551448,0.0407102896,True,7,0,0,0,0,False,False
-5.25,8.25,collapse,False,0.0051085833,-0.0216005641,0.0419305068,True,7,0,0,0,0,False,False
-5.25,8.5,collapse,False,0.0051022412,-0.0228429374,0.0431477707,True,7,0,0,0,0,False,False
-5.25,8.75,collapse,False,0.0050959224,-0.0240822815,0.0443620975,True,7,0,0,0,0,False,False
-5.25,9.0,collapse,False,0.0050896269,-0.0253186128,0.0455735031,True,7,0,0,0,0,False,False
-5.25,9.25,collapse,False,0.0050833544,-0.0265519478,0.0467820032,True,7,0,0,0,0,False,False
-5.25,9.5,collapse,False,0.0050771047,-0.0277823026,0.0479876136,True,7,0,0,0,0,False,False
-5.25,9.75,collapse,False,0.0050708779,-0.0290096934,0.0491903497,True,7,0,0,0,0,False,False
-5.25,10.0,collapse,False,0.0050646736,-0.0302341361,0.0503902269,True,7,0,0,0,0,False,False
-5.25,10.25,collapse,False,0.0050584918,-0.0314556466,0.0515872605,True,7,0,0,0,0,False,False
-5.25,10.5,collapse,False,0.0050523323,-0.0326742406,0.0527814656,True,7,0,0,0,0,False,False
-5.25,10.75,collapse,False,0.0050461950,-0.0338899336,0.0539728573,True,7,0,0,0,0,False,False
-5.25,11.0,collapse,False,0.0050400797,-0.0351027411,0.0551614504,True,7,0,0,0,0,False,False
-5.25,11.25,collapse,False,0.0050339863,-0.0363126784,0.0563472596,True,7,0,0,0,0,False,False
-5.25,11.5,collapse,False,0.0050279147,-0.0375197607,0.0575302997,True,7,0,0,0,0,False,False
-5.25,11.75,collapse,False,0.0050218647,-0.0387240029,0.0587105851,True,7,0,0,0,0,False,False
-5.25,12.0,collapse,False,0.0050158361,-0.0399254201,0.0598881302,True,7,0,0,0,0,False,False
-5.25,12.25,collapse,False,0.0050098289,-0.0411240270,0.0610629492,True,7,0,0,0,0,False,False
-5.25,12.5,collapse,False,0.0050038430,-0.0423198384,0.0622350565,True,7,0,0,0,0,False,False
-5.25,12.75,collapse,False,0.0049978781,-0.0435128688,0.0634044659,True,7,0,0,0,0,False,False
-5.25,13.0,collapse,False,0.0049919341,-0.0447031325,0.0645711914,True,7,0,0,0,0,False,False
-5.25,13.25,collapse,False,0.0049860110,-0.0458906441,0.0657352469,True,7,0,0,0,0,False,False
-5.25,13.5,collapse,False,0.0049801086,-0.0470754176,0.0668966460,True,7,0,0,0,0,False,False
-5.25,13.75,collapse,False,0.0049742267,-0.0482574671,0.0680554023,True,7,0,0,0,0,False,False
-5.25,14.0,collapse,False,0.0049683653,-0.0494368067,0.0692115294,True,7,0,0,0,0,False,False
-5.0,0.0,collapse,False,0.0068782641,0.0273238143,0.0000000000,True,7,0,0,0,0,False,False
-5.0,0.25,collapse,False,0.0068662198,0.0255715305,0.0017047687,True,7,0,0,0,0,False,False
-5.0,0.5,collapse,False,0.0068542389,0.0238254041,0.0034036292,True,7,0,0,0,0,False,False
-5.0,0.75,collapse,False,0.0068423209,0.0220853865,0.0050966276,True,7,0,0,0,0,False,False
-5.0,1.0,collapse,False,0.0068304651,0.0203514297,0.0067838099,True,7,0,0,0,0,False,False
-5.0,1.25,collapse,False,0.0068186711,0.0186234863,0.0084652210,True,7,0,0,0,0,False,False
-5.0,1.5,collapse,False,0.0068069382,0.0169015094,0.0101409057,True,7,0,0,0,0,False,False
-5.0,1.75,collapse,False,0.0067952658,0.0151854529,0.0118109078,True,7,0,0,0,0,False,False
-5.0,2.0,collapse,False,0.0067836535,0.0134752711,0.0134752711,True,7,0,0,0,0,False,False
-5.0,2.25,collapse,False,0.0067721006,0.0117709187,0.0151340383,True,7,0,0,0,0,False,False
-5.0,2.5,collapse,False,0.0067606066,0.0100723513,0.0167872521,True,7,0,0,0,0,False,False
-5.0,2.75,collapse,False,0.0067491711,0.0083795247,0.0184349543,True,7,0,0,0,0,False,False
-5.0,3.0,collapse,False,0.0067377934,0.0066923955,0.0200771865,True,7,0,0,0,0,False,False
-5.0,3.25,collapse,False,0.0067264730,0.0050109207,0.0217139896,True,7,0,0,0,0,False,False
-5.0,3.5,collapse,False,0.0067152095,0.0033350577,0.0233454041,True,7,0,0,0,0,False,False
-5.0,3.75,collapse,False,0.0067040023,0.0016647647,0.0249714699,True,7,0,0,0,0,False,False
-5.0,4.0,collapse,False,0.0066928509,0.0000000000,0.0265922267,True,7,0,0,0,0,False,False
-5.0,4.25,collapse,False,0.0066817549,-0.0016592773,0.0282077135,True,7,0,0,0,0,False,False
-5.0,4.5,collapse,False,0.0066707137,-0.0033131077,0.0298179689,True,7,0,0,0,0,False,False
-5.0,4.75,collapse,False,0.0066597269,-0.0049615312,0.0314230311,True,7,0,0,0,0,False,False
-5.0,5.0,collapse,False,0.0066487940,-0.0066045876,0.0330229378,True,7,0,0,0,0,False,False
-5.0,5.25,collapse,False,0.0066379146,-0.0082423158,0.0346177264,True,7,0,0,0,0,False,False
-5.0,5.5,collapse,False,0.0066270881,-0.0098747547,0.0362074337,True,7,0,0,0,0,False,False
-5.0,5.75,collapse,False,0.0066163141,-0.0115019423,0.0377920962,True,7,0,0,0,0,False,False
-5.0,6.0,collapse,False,0.0066055922,-0.0131239166,0.0393717499,True,7,0,0,0,0,False,False
-5.0,6.25,collapse,False,0.0065949219,-0.0147407150,0.0409464305,True,7,0,0,0,0,False,False
-5.0,6.5,collapse,False,0.0065843028,-0.0163523743,0.0425161732,True,7,0,0,0,0,False,False
-5.0,6.75,collapse,False,0.0065737344,-0.0179589311,0.0440810128,True,7,0,0,0,0,False,False
-5.0,7.0,collapse,False,0.0065632164,-0.0195604216,0.0456409838,True,7,0,0,0,0,False,False
-5.0,7.25,collapse,False,0.0065527482,-0.0211568815,0.0471961203,True,7,0,0,0,0,False,False
-5.0,7.5,collapse,False,0.0065423295,-0.0227483461,0.0487464560,True,7,0,0,0,0,False,False
-5.0,7.75,collapse,False,0.0065319599,-0.0243348504,0.0502920242,True,7,0,0,0,0,False,False
-5.0,8.0,collapse,False,0.0065216390,-0.0259164289,0.0518328578,True,7,0,0,0,0,False,False
-5.0,8.25,collapse,False,0.0065113663,-0.0274931158,0.0533689895,True,7,0,0,0,0,False,False
-5.0,8.5,collapse,False,0.0065011415,-0.0290649449,0.0549004516,True,7,0,0,0,0,False,False
-5.0,8.75,collapse,False,0.0064909641,-0.0306319497,0.0564272758,True,7,0,0,0,0,False,False
-5.0,9.0,collapse,False,0.0064808339,-0.0321941633,0.0579494939,True,7,0,0,0,0,False,False
-5.0,9.25,collapse,False,0.0064707503,-0.0337516182,0.0594671369,True,7,0,0,0,0,False,False
-5.0,9.5,collapse,False,0.0064607130,-0.0353043470,0.0609802358,True,7,0,0,0,0,False,False
-5.0,9.75,collapse,False,0.0064507217,-0.0368523817,0.0624888212,True,7,0,0,0,0,False,False
-5.0,10.0,collapse,False,0.0064407759,-0.0383957539,0.0639929232,True,7,0,0,0,0,False,False
-5.0,10.25,collapse,False,0.0064308754,-0.0399344950,0.0654925718,True,7,0,0,0,0,False,False
-5.0,10.5,collapse,False,0.0064210196,-0.0414686360,0.0669877966,True,7,0,0,0,0,False,False
-5.0,10.75,collapse,False,0.0064112084,-0.0429982076,0.0684786268,True,7,0,0,0,0,False,False
-5.0,11.0,collapse,False,0.0064014413,-0.0445232401,0.0699650916,True,7,0,0,0,0,False,False
-5.0,11.25,collapse,False,0.0063917180,-0.0460437636,0.0714472194,True,7,0,0,0,0,False,False
-5.0,11.5,collapse,False,0.0063820381,-0.0475598079,0.0729250388,True,7,0,0,0,0,False,False
-5.0,11.75,collapse,False,0.0063724014,-0.0490714024,0.0743985778,True,7,0,0,0,0,False,False
-5.0,12.0,collapse,False,0.0063628073,-0.0505785761,0.0758678642,True,7,0,0,0,0,False,False
-5.0,12.25,collapse,False,0.0063532557,-0.0520813580,0.0773329255,True,7,0,0,0,0,False,False
-5.0,12.5,collapse,False,0.0063437462,-0.0535797765,0.0787937890,True,7,0,0,0,0,False,False
-5.0,12.75,collapse,False,0.0063342785,-0.0550738599,0.0802504816,True,7,0,0,0,0,False,False
-5.0,13.0,collapse,False,0.0063248522,-0.0565636362,0.0817030301,True,7,0,0,0,0,False,False
-5.0,13.25,collapse,False,0.0063154671,-0.0580491330,0.0831514607,True,7,0,0,0,0,False,False
-5.0,13.5,collapse,False,0.0063061227,-0.0595303777,0.0845957998,True,7,0,0,0,0,False,False
-5.0,13.75,collapse,False,0.0062968189,-0.0610073974,0.0860360732,True,7,0,0,0,0,False,False
-5.0,14.0,collapse,False,0.0062875552,-0.0624802189,0.0874723065,True,7,0,0,0,0,False,False
-4.75,0.0,collapse,False,0.0088850558,0.0352244462,0.0000000000,True,7,0,0,0,0,False,False
-4.75,0.25,collapse,False,0.0088648506,0.0329484940,0.0021965663,True,7,0,0,0,0,False,False
-4.75,0.5,collapse,False,0.0088447839,0.0306829378,0.0043832768,True,7,0,0,0,0,False,False
-4.75,0.75,collapse,False,0.0088248537,0.0284276710,0.0065602318,True,7,0,0,0,0,False,False
-4.75,1.0,collapse,False,0.0088050586,0.0261825888,0.0087275296,True,7,0,0,0,0,False,False
-4.75,1.25,collapse,False,0.0087853969,0.0239475878,0.0108852672,True,7,0,0,0,0,False,False
-4.75,1.5,collapse,False,0.0087658670,0.0217225665,0.0130335399,True,7,0,0,0,0,False,False
-4.75,1.75,collapse,False,0.0087464674,0.0195074250,0.0151724417,True,7,0,0,0,0,False,False
-4.75,2.0,collapse,False,0.0087271964,0.0173020648,0.0173020648,True,7,0,0,0,0,False,False
-4.75,2.25,collapse,False,0.0087080526,0.0151063892,0.0194225004,True,7,0,0,0,0,False,False
-4.75,2.5,collapse,False,0.0086890345,0.0129203027,0.0215338379,True,7,0,0,0,0,False,False
-4.75,2.75,collapse,False,0.0086701406,0.0107437116,0.0236361655,True,7,0,0,0,0,False,False
-4.75,3.0,collapse,False,0.0086513696,0.0085765234,0.0257295701,True,7,0,0,0,0,False,False
-4.75,3.25,collapse,False,0.0086327199,0.0064186470,0.0278141371,True,7,0,0,0,0,False,False
-4.75,3.5,collapse,False,0.0086141902,0.0042699930,0.0298899508,True,7,0,0,0,0,False,False
-4.75,3.75,collapse,False,0.0085957792,0.0021304729,0.0319570940,True,7,0,0,0,0,False,False
-4.75,4.0,collapse,False,0.0085774854,0.0000000000,0.0340156486,True,7,0,0,0,0,False,False
-4.75,4.25,collapse,False,0.0085593076,-0.0021215115,0.0360656950,True,7,0,0,0,0,False,False
-4.75,4.5,collapse,False,0.0085412445,-0.0042341458,0.0381073125,True,7,0,0,0,0,False,False
-4.75,4.75,collapse,False,0.0085232948,-0.0063379862,0.0401405793,True,7,0,0,0,0,False,False
-4.75,5.0,collapse,False,0.0085054572,-0.0084331144,0.0421655722,True,7,0,0,0,0,False,False
-4.75,5.25,collapse,False,0.0084877306,-0.0105196113,0.0441823673,True,7,0,0,0,0,False,False
-4.75,5.5,collapse,False,0.0084701136,-0.0125975562,0.0461910392,True,7,0,0,0,0,False,False
-4.75,5.75,collapse,False,0.0084526051,-0.0146670275,0.0481916617,True,7,0,0,0,0,False,False
-4.75,6.0,collapse,False,0.0084352039,-0.0167281025,0.0501843075,True,7,0,0,0,0,False,False
-4.75,6.25,collapse,False,0.0084179089,-0.0187808573,0.0521690480,True,7,0,0,0,0,False,False
-4.75,6.5,collapse,False,0.0084007188,-0.0208253669,0.0541459539,True,7,0,0,0,0,False,False
-4.75,6.75,collapse,False,0.0083836327,-0.0228617053,0.0561150949,True,7,0,0,0,0,False,False
-4.75,7.0,collapse,False,0.0083666493,-0.0248899455,0.0580765395,True,7,0,0,0,0,False,False
-4.75,7.25,collapse,False,0.0083497676,-0.0269101593,0.0600303555,True,7,0,0,0,0,False,False
-4.75,7.5,collapse,False,0.0083329866,-0.0289224177,0.0619766094,True,7,0,0,0,0,False,False
-4.75,7.75,collapse,False,0.0083163051,-0.0309267906,0.0639153672,True,7,0,0,0,0,False,False
-4.75,8.0,collapse,False,0.0082997221,-0.0329233469,0.0658466938,True,7,0,0,0,0,False,False
-4.75,8.25,collapse,False,0.0082832366,-0.0349121547,0.0677706532,True,7,0,0,0,0,False,False
-4.75,8.5,collapse,False,0.0082668476,-0.0368932809,0.0696873085,True,7,0,0,0,0,False,False
-4.75,8.75,collapse,False,0.0082505542,-0.0388667919,0.0715967220,True,7,0,0,0,0,False,False
-4.75,9.0,collapse,False,0.0082343552,-0.0408327529,0.0734989552,True,7,0,0,0,0,False,False
-4.75,9.25,collapse,False,0.0082182498,-0.0427912282,0.0753940687,True,7,0,0,0,0,False,False
-4.75,9.5,collapse,False,0.0082022369,-0.0447422814,0.0772821224,True,7,0,0,0,0,False,False
-4.75,9.75,collapse,False,0.0081863158,-0.0466859752,0.0791631753,True,7,0,0,0,0,False,False
-4.75,10.0,collapse,False,0.0081704854,-0.0486223714,0.0810372857,True,7,0,0,0,0,False,False
-4.75,10.25,collapse,False,0.0081547448,-0.0505515311,0.0829045110,True,7,0,0,0,0,False,False
-4.75,10.5,collapse,False,0.0081390932,-0.0524735145,0.0847649081,True,7,0,0,0,0,False,False
-4.75,10.75,collapse,False,0.0081235297,-0.0543883811,0.0866185328,True,7,0,0,0,0,False,False
-4.75,11.0,collapse,False,0.0081080533,-0.0562961895,0.0884654406,True,7,0,0,0,0,False,False
-4.75,11.25,collapse,False,0.0080926633,-0.0581969976,0.0903056859,True,7,0,0,0,0,False,False
-4.75,11.5,collapse,False,0.0080773587,-0.0600908627,0.0921393227,True,7,0,0,0,0,False,False
-4.75,11.75,collapse,False,0.0080621389,-0.0619778411,0.0939664042,True,7,0,0,0,0,False,False
-4.75,12.0,collapse,False,0.0080470028,-0.0638579885,0.0957869828,True,7,0,0,0,0,False,False
-4.75,12.25,collapse,False,0.0080319498,-0.0657313601,0.0976011104,True,7,0,0,0,0,False,False
-4.75,12.5,collapse,False,0.0080169790,-0.0675980100,0.0994088383,True,7,0,0,0,0,False,False
-4.75,12.75,collapse,False,0.0080020897,-0.0694579920,0.1012102169,True,7,0,0,0,0,False,False
-4.75,13.0,collapse,False,0.0079872810,-0.0713113590,0.1030052963,True,7,0,0,0,0,False,False
-4.75,13.25,collapse,False,0.0079725522,-0.0731581632,0.1047941257,True,7,0,0,0,0,False,False
-4.75,13.5,collapse,False,0.0079579026,-0.0749984564,0.1065767538,True,7,0,0,0,0,False,False
-4.75,13.75,collapse,False,0.0079433313,-0.0768322895,0.1083532288,True,7,0,0,0,0,False,False
-4.75,14.0,collapse,False,0.0079288378,-0.0786597130,0.1101235982,True,7,0,0,0,0,False,False
-4.5,0.0,collapse,False,0.0114981138,0.0454636288,0.0000000000,True,7,0,0,0,0,False,False
-4.5,0.25,collapse,False,0.0114640399,0.0424973088,0.0028331539,True,7,0,0,0,0,False,False
-4.5,0.5,collapse,False,0.0114302703,0.0395486673,0.0056498096,True,7,0,0,0,0,False,False
-4.5,0.75,collapse,False,0.0113968003,0.0366174680,0.0084501849,True,7,0,0,0,0,False,False
-4.5,1.0,collapse,False,0.0113636251,0.0337034793,0.0112344931,True,7,0,0,0,0,False,False
-4.5,1.25,collapse,False,0.0113307401,0.0308064746,0.0140029430,True,7,0,0,0,0,False,False
-4.5,1.5,collapse,False,0.0112981408,0.0279262320,0.0167557392,True,7,0,0,0,0,False,False
-4.5,1.75,collapse,False,0.0112658229,0.0250625342,0.0194930822,True,7,0,0,0,0,False,False
-4.5,2.0,collapse,False,0.0112337820,0.0222151682,0.0222151682,True,7,0,0,0,0,False,False
-4.5,2.25,collapse,False,0.0112020139,0.0193839254,0.0249221898,True,7,0,0,0,0,False,False
-4.5,2.5,collapse,False,0.0111705146,0.0165686012,0.0276143354,True,7,0,0,0,0,False,False
-4.5,2.75,collapse,False,0.0111392799,0.0137689954,0.0302917900,True,7,0,0,0,0,False,False
-4.5,3.0,collapse,False,0.0111083060,0.0109849116,0.0329547348,True,7,0,0,0,0,False,False
-4.5,3.25,collapse,False,0.0110775891,0.0082161571,0.0356033474,True,7,0,0,0,0,False,False
-4.5,3.5,collapse,False,0.0110471253,0.0054625432,0.0382378023,True,7,0,0,0,0,False,False
-4.5,3.75,collapse,False,0.0110169110,0.0027238847,0.0408582702,True,7,0,0,0,0,False,False
-4.5,4.0,collapse,False,0.0109869426,0.0000000000,0.0434649189,True,7,0,0,0,0,False,False
-4.5,4.25,collapse,False,0.0109572166,-0.0027092890,0.0460579129,True,7,0,0,0,0,False,False
-4.5,4.5,collapse,False,0.0109277294,-0.0054041571,0.0486374135,True,7,0,0,0,0,False,False
-4.5,4.75,collapse,False,0.0108984777,-0.0080847757,0.0512035792,True,7,0,0,0,0,False,False
-4.5,5.0,collapse,False,0.0108694582,-0.0107513131,0.0537565655,True,7,0,0,0,0,False,False
-4.5,5.25,collapse,False,0.0108406677,-0.0134039345,0.0562965249,True,7,0,0,0,0,False,False
-4.5,5.5,collapse,False,0.0108121029,-0.0160428020,0.0588236074,True,7,0,0,0,0,False,False
-4.5,5.75,collapse,False,0.0107837608,-0.0186680747,0.0613379599,True,7,0,0,0,0,False,False
-4.5,6.0,collapse,False,0.0107556382,-0.0212799090,0.0638397269,True,7,0,0,0,0,False,False
-4.5,6.25,collapse,False,0.0107277323,-0.0238784581,0.0663290504,True,7,0,0,0,0,False,False
-4.5,6.5,collapse,False,0.0107000400,-0.0264638729,0.0688060696,True,7,0,0,0,0,False,False
-4.5,6.75,collapse,False,0.0106725585,-0.0290363013,0.0712709214,True,7,0,0,0,0,False,False
-4.5,7.0,collapse,False,0.0106452850,-0.0315958888,0.0737237405,True,7,0,0,0,0,False,False
-4.5,7.25,collapse,False,0.0106182167,-0.0341427781,0.0761646587,True,7,0,0,0,0,False,False
-4.5,7.5,collapse,False,0.0105913509,-0.0366771096,0.0785938062,True,7,0,0,0,0,False,False
-4.5,7.75,collapse,False,0.0105646849,-0.0391990212,0.0810113104,True,7,0,0,0,0,False,False
-4.5,8.0,collapse,False,0.0105382161,-0.0417086484,0.0834172968,True,7,0,0,0,0,False,False
-4.5,8.25,collapse,False,0.0105119420,-0.0442061245,0.0858118888,True,7,0,0,0,0,False,False
-4.5,8.5,collapse,False,0.0104858600,-0.0466915804,0.0881952075,True,7,0,0,0,0,False,False
-4.5,8.75,collapse,False,0.0104599677,-0.0491651449,0.0905673721,True,7,0,0,0,0,False,False
-4.5,9.0,collapse,False,0.0104342627,-0.0516269444,0.0929285000,True,7,0,0,0,0,False,False
-4.5,9.25,collapse,False,0.0104087426,-0.0540771036,0.0952787063,True,7,0,0,0,0,False,False
-4.5,9.5,collapse,False,0.0103834050,-0.0565157447,0.0976181044,True,7,0,0,0,0,False,False
-4.5,9.75,collapse,False,0.0103582478,-0.0589429881,0.0999468059,True,7,0,0,0,0,False,False
-4.5,10.0,collapse,False,0.0103332685,-0.0613589523,0.1022649205,True,7,0,0,0,0,False,False
-4.5,10.25,collapse,False,0.0103084650,-0.0637637537,0.1045725561,True,7,0,0,0,0,False,False
-4.5,10.5,collapse,False,0.0102838353,-0.0661575070,0.1068698190,True,7,0,0,0,0,False,False
-4.5,10.75,collapse,False,0.0102593770,-0.0685403248,0.1091568135,True,7,0,0,0,0,False,False
-4.5,11.0,collapse,False,0.0102350882,-0.0709123181,0.1114336427,True,7,0,0,0,0,False,False
-4.5,11.25,collapse,False,0.0102109667,-0.0732735960,0.1137004077,True,7,0,0,0,0,False,False
-4.5,11.5,collapse,False,0.0101870107,-0.0756242662,0.1159572081,True,7,0,0,0,0,False,False
-4.5,11.75,collapse,False,0.0101632180,-0.0779644342,0.1182041422,True,7,0,0,0,0,False,False
-4.5,12.0,collapse,False,0.0101395867,-0.0802942042,0.1204413063,True,7,0,0,0,0,False,False
-4.5,12.25,collapse,False,0.0101161150,-0.0826136787,0.1226687957,True,7,0,0,0,0,False,False
-4.5,12.5,collapse,False,0.0100928009,-0.0849229587,0.1248867040,True,7,0,0,0,0,False,False
-4.5,12.75,collapse,False,0.0100696427,-0.0872221434,0.1270951233,True,7,0,0,0,0,False,False
-4.5,13.0,collapse,False,0.0100466384,-0.0895113308,0.1292941445,True,7,0,0,0,0,False,False
-4.5,13.25,collapse,False,0.0100237862,-0.0917906171,0.1314838570,True,7,0,0,0,0,False,False
-4.5,13.5,collapse,False,0.0100010846,-0.0940600973,0.1336643489,True,7,0,0,0,0,False,False
-4.5,13.75,collapse,False,0.0099785316,-0.0963198649,0.1358357070,True,7,0,0,0,0,False,False
-4.5,14.0,collapse,False,0.0099561256,-0.0985700120,0.1379980167,True,7,0,0,0,0,False,False
-4.25,0.0,collapse,False,0.0149153202,0.0587714138,0.0000000000,True,7,0,0,0,0,False,False
-4.25,0.25,collapse,False,0.0148574557,0.0548876688,0.0036591779,True,7,0,0,0,0,False,False
-4.25,0.5,collapse,False,0.0148002687,0.0510342725,0.0072906104,True,7,0,0,0,0,False,False
-4.25,0.75,collapse,False,0.0147437452,0.0472106932,0.0108947754,True,7,0,0,0,0,False,False
-4.25,1.0,collapse,False,0.0146878715,0.0434164139,0.0144721380,True,7,0,0,0,0,False,False
-4.25,1.25,collapse,False,0.0146326345,0.0396509315,0.0180231507,True,7,0,0,0,0,False,False
-4.25,1.5,collapse,False,0.0145780214,0.0359137566,0.0215482540,True,7,0,0,0,0,False,False
-4.25,1.75,collapse,False,0.0145240195,0.0322044128,0.0250478767,True,7,0,0,0,0,False,False
-4.25,2.0,collapse,False,0.0144706169,0.0285224364,0.0285224364,True,7,0,0,0,0,False,False
-4.25,2.25,collapse,False,0.0144178019,0.0248673755,0.0319723399,True,7,0,0,0,0,False,False
-4.25,2.5,collapse,False,0.0143655629,0.0212387902,0.0353979837,True,7,0,0,0,0,False,False
-4.25,2.75,collapse,False,0.0143138889,0.0176362519,0.0387997541,True,7,0,0,0,0,False,False
-4.25,3.0,collapse,False,0.0142627692,0.0140593426,0.0421780278,True,7,0,0,0,0,False,False
-4.25,3.25,collapse,False,0.0142121932,0.0105076551,0.0455331719,True,7,0,0,0,0,False,False
-4.25,3.5,collapse,False,0.0141621507,0.0069807921,0.0488655447,True,7,0,0,0,0,False,False
-4.25,3.75,collapse,False,0.0141126319,0.0034783664,0.0521754957,True,7,0,0,0,0,False,False
-4.25,4.0,collapse,False,0.0140636270,0.0000000000,0.0554633658,True,7,0,0,0,0,False,False
-4.25,4.25,collapse,False,0.0140151268,-0.0034546758,0.0587294878,True,7,0,0,0,0,False,False
-4.25,4.5,collapse,False,0.0139671220,-0.0068860207,0.0619741867,True,7,0,0,0,0,False,False
-4.25,4.75,collapse,False,0.0139196037,-0.0102943863,0.0651977797,True,7,0,0,0,0,False,False
-4.25,5.0,collapse,False,0.0138725633,-0.0136801153,0.0684005766,True,7,0,0,0,0,False,False
-4.25,5.25,collapse,False,0.0138259924,-0.0170435429,0.0715828802,True,7,0,0,0,0,False,False
-4.25,5.5,collapse,False,0.0137798826,-0.0203849962,0.0747449861,True,7,0,0,0,0,False,False
-4.25,5.75,collapse,False,0.0137342261,-0.0237047949,0.0778871833,True,7,0,0,0,0,False,False
-4.25,6.0,collapse,False,0.0136890149,-0.0270032515,0.0810097544,True,7,0,0,0,0,False,False
-4.25,6.25,collapse,False,0.0136442414,-0.0302806711,0.0841129754,True,7,0,0,0,0,False,False
-4.25,6.5,collapse,False,0.0135998982,-0.0335373525,0.0871971165,True,7,0,0,0,0,False,False
-4.25,6.75,collapse,False,0.0135559781,-0.0367735873,0.0902624417,True,7,0,0,0,0,False,False
-4.25,7.0,collapse,False,0.0135124740,-0.0399896611,0.0933092093,True,7,0,0,0,0,False,False
-4.25,7.25,collapse,False,0.0134693790,-0.0431858530,0.0963376722,True,7,0,0,0,0,False,False
-4.25,7.5,collapse,False,0.0134266863,-0.0463624362,0.0993480776,True,7,0,0,0,0,False,False
-4.25,7.75,collapse,False,0.0133843893,-0.0495196779,0.1023406677,True,7,0,0,0,0,False,False
-4.25,8.0,collapse,False,0.0133424817,-0.0526578396,0.1053156793,True,7,0,0,0,0,False,False
-4.25,8.25,collapse,False,0.0133009572,-0.0557771774,0.1082733444,True,7,0,0,0,0,False,False
-4.25,8.5,collapse,False,0.0132598097,-0.0588779420,0.1112138904,True,7,0,0,0,0,False,False
-4.25,8.75,collapse,False,0.0132190331,-0.0619603786,0.1141375395,True,7,0,0,0,0,False,False
-4.25,9.0,collapse,False,0.0131786216,-0.0650247277,0.1170445098,True,7,0,0,0,0,False,False
-4.25,9.25,collapse,False,0.0131385695,-0.0680712246,0.1199350147,True,7,0,0,0,0,False,False
-4.25,9.5,collapse,False,0.0130988713,-0.0711001000,0.1228092636,True,7,0,0,0,0,False,False
-4.25,9.75,collapse,False,0.0130595215,-0.0741115797,0.1256674613,True,7,0,0,0,0,False,False
-4.25,10.0,collapse,False,0.0130205147,-0.0771058853,0.1285098088,True,7,0,0,0,0,False,False
-4.25,10.25,collapse,False,0.0129818457,-0.0800832337,0.1313365032,True,7,0,0,0,0,False,False
-4.25,10.5,collapse,False,0.0129435094,-0.0830438375,0.1341477375,True,7,0,0,0,0,False,False
-4.25,10.75,collapse,False,0.0129055009,-0.0859879054,0.1369437013,True,7,0,0,0,0,False,False
-4.25,11.0,collapse,False,0.0128678152,-0.0889156419,0.1397245801,True,7,0,0,0,0,False,False
-4.25,11.25,collapse,False,0.0128304476,-0.0918272473,0.1424905562,True,7,0,0,0,0,False,False
-4.25,11.5,collapse,False,0.0127933934,-0.0947229185,0.1452418083,True,7,0,0,0,0,False,False
-4.25,11.75,collapse,False,0.0127566480,-0.0976028482,0.1479785118,True,7,0,0,0,0,False,False
-4.25,12.0,collapse,False,0.0127202069,-0.1004672258,0.1507008387,True,7,0,0,0,0,False,False
-4.25,12.25,collapse,False,0.0126840658,-0.1033162369,0.1534089579,True,7,0,0,0,0,False,False
-4.25,12.5,collapse,False,0.0126482203,-0.1061500639,0.1561030351,True,7,0,0,0,0,False,False
-4.25,12.75,collapse,False,0.0126126663,-0.1089688855,0.1587832331,True,7,0,0,0,0,False,False
-4.25,13.0,collapse,False,0.0125773996,-0.1117728773,0.1614497116,True,7,0,0,0,0,False,False
-4.25,13.25,collapse,False,0.0125424162,-0.1145622116,0.1641026275,True,7,0,0,0,0,False,False
-4.25,13.5,collapse,False,0.0125077121,-0.1173370578,0.1667421347,True,7,0,0,0,0,False,False
-4.25,13.75,collapse,False,0.0124732835,-0.1200975818,0.1693683846,True,7,0,0,0,0,False,False
-4.25,14.0,collapse,False,0.0124391266,-0.1228439470,0.1719815258,True,7,0,0,0,0,False,False
-4.0,0.0,collapse,False,0.0194101243,0.0761334856,0.0000000000,True,7,0,0,0,0,False,False
-4.0,0.25,collapse,False,0.0193109338,0.0710175812,0.0047345054,True,7,0,0,0,0,False,False
-4.0,0.5,collapse,False,0.0192132759,0.0659544409,0.0094220630,True,7,0,0,0,0,False,False
-4.0,0.75,collapse,False,0.0191171087,0.0609428459,0.0140637337,True,7,0,0,0,0,False,False
-4.0,1.0,collapse,False,0.0190223920,0.0559816217,0.0186605406,True,7,0,0,0,0,False,False
-4.0,1.25,collapse,False,0.0189290870,0.0510696358,0.0232134708,True,7,0,0,0,0,False,False
-4.0,1.5,collapse,False,0.0188371566,0.0462057953,0.0277234772,True,7,0,0,0,0,False,False
-4.0,1.75,collapse,False,0.0187465651,0.0413890456,0.0321914799,True,7,0,0,0,0,False,False
-4.0,2.0,collapse,False,0.0186572781,0.0366183681,0.0366183681,True,7,0,0,0,0,False,False
-4.0,2.25,collapse,False,0.0185692624,0.0318927785,0.0410050009,True,7,0,0,0,0,False,False
-4.0,2.5,collapse,False,0.0184824861,0.0272113257,0.0453522095,True,7,0,0,0,0,False,False
-4.0,2.75,collapse,False,0.0183969186,0.0225730899,0.0496607978,True,7,0,0,0,0,False,False
-4.0,3.0,collapse,False,0.0183125301,0.0179771813,0.0539315439,True,7,0,0,0,0,False,False
-4.0,3.25,collapse,False,0.0182292921,0.0134227387,0.0581652012,True,7,0,0,0,0,False,False
-4.0,3.5,collapse,False,0.0181471770,0.0089089285,0.0623624994,True,7,0,0,0,0,False,False
-4.0,3.75,collapse,False,0.0180661582,0.0044349430,0.0665241454,True,7,0,0,0,0,False,False
-4.0,4.0,collapse,False,0.0179862100,0.0000000000,0.0706508249,True,7,0,0,0,0,False,False
-4.0,4.25,collapse,False,0.0179073075,-0.0043966590,0.0747432022,True,7,0,0,0,0,False,False
-4.0,4.5,collapse,False,0.0178294267,-0.0087557691,0.0788019223,True,7,0,0,0,0,False,False
-4.0,4.75,collapse,False,0.0177525445,-0.0130780438,0.0828276105,True,7,0,0,0,0,False,False
-4.0,5.0,collapse,False,0.0176766384,-0.0173641749,0.0868208744,True,7,0,0,0,0,False,False
-4.0,5.25,collapse,False,0.0176016867,-0.0216148341,0.0907823034,True,7,0,0,0,0,False,False
-4.0,5.5,collapse,False,0.0175276683,-0.0258306738,0.0947124704,True,7,0,0,0,0,False,False
-4.0,5.75,collapse,False,0.0174545630,-0.0300123271,0.0986119320,True,7,0,0,0,0,False,False
-4.0,6.0,collapse,False,0.0173823510,-0.0341604097,0.1024812290,True,7,0,0,0,0,False,False
-4.0,6.25,collapse,False,0.0173110132,-0.0382755195,0.1063208875,True,7,0,0,0,0,False,False
-4.0,6.5,collapse,False,0.0172405311,-0.0423582380,0.1101314188,True,7,0,0,0,0,False,False
-4.0,6.75,collapse,False,0.0171708868,-0.0464091306,0.1139133205,True,7,0,0,0,0,False,False
-4.0,7.0,collapse,False,0.0171020630,-0.0504287472,0.1176670769,True,7,0,0,0,0,False,False
-4.0,7.25,collapse,False,0.0170340426,-0.0544176231,0.1213931592,True,7,0,0,0,0,False,False
-4.0,7.5,collapse,False,0.0169668095,-0.0583762789,0.1250920263,True,7,0,0,0,0,False,False
-4.0,7.75,collapse,False,0.0169003476,-0.0623052218,0.1287641251,True,7,0,0,0,0,False,False
-4.0,8.0,collapse,False,0.0168346415,-0.0662049454,0.1324098909,True,7,0,0,0,0,False,False
-4.0,8.25,collapse,False,0.0167696763,-0.0700759307,0.1360297479,True,7,0,0,0,0,False,False
-4.0,8.5,collapse,False,0.0167054375,-0.0739186462,0.1396241095,True,7,0,0,0,0,False,False
-4.0,8.75,collapse,False,0.0166419108,-0.0777335486,0.1431933789,True,7,0,0,0,0,False,False
-4.0,9.0,collapse,False,0.0165790825,-0.0815210828,0.1467379490,True,7,0,0,0,0,False,False
-4.0,9.25,collapse,False,0.0165169394,-0.0852816829,0.1502582032,True,7,0,0,0,0,False,False
-4.0,9.5,collapse,False,0.0164554683,-0.0890157721,0.1537545155,True,7,0,0,0,0,False,False
-4.0,9.75,collapse,False,0.0163946566,-0.0927237633,0.1572272508,True,7,0,0,0,0,False,False
-4.0,10.0,collapse,False,0.0163344922,-0.0964060591,0.1606767652,True,7,0,0,0,0,False,False
-4.0,10.25,collapse,False,0.0162749629,-0.1000630528,0.1641034066,True,7,0,0,0,0,False,False
-4.0,10.5,collapse,False,0.0162160571,-0.1036951280,0.1675075144,True,7,0,0,0,0,False,False
-4.0,10.75,collapse,False,0.0161577636,-0.1073026592,0.1708894203,True,7,0,0,0,0,False,False
-4.0,11.0,collapse,False,0.0161000712,-0.1108860124,0.1742494481,True,7,0,0,0,0,False,False
-4.0,11.25,collapse,False,0.0160429693,-0.1144455449,0.1775879144,True,7,0,0,0,0,False,False
-4.0,11.5,collapse,False,0.0159864472,-0.1179816056,0.1809051286,True,7,0,0,0,0,False,False
-4.0,11.75,collapse,False,0.0159304950,-0.1214945357,0.1842013928,True,7,0,0,0,0,False,False
-4.0,12.0,collapse,False,0.0158751024,-0.1249846685,0.1874770028,True,7,0,0,0,0,False,False
-4.0,12.25,collapse,False,0.0158202600,-0.1284523299,0.1907322475,True,7,0,0,0,0,False,False
-4.0,12.5,collapse,False,0.0157659582,-0.1318978385,0.1939674095,True,7,0,0,0,0,False,False
-4.0,12.75,collapse,False,0.0157121878,-0.1353215057,0.1971827655,True,7,0,0,0,0,False,False
-4.0,13.0,collapse,False,0.0156589398,-0.1387236364,0.2003785858,True,7,0,0,0,0,False,False
-4.0,13.25,collapse,False,0.0156062054,-0.1421045284,0.2035551353,True,7,0,0,0,0,False,False
-4.0,13.5,collapse,False,0.0155539760,-0.1454644736,0.2067126730,True,7,0,0,0,0,False,False
-4.0,13.75,collapse,False,0.0155022434,-0.1488037572,0.2098514524,True,7,0,0,0,0,False,False
-4.0,14.0,collapse,False,0.0154509992,-0.1521226586,0.2129717220,True,7,0,0,0,0,False,False
-3.75,0.0,collapse,False,0.0253691916,0.0989023828,0.0000000000,True,7,0,0,0,0,False,False
-3.75,0.25,collapse,False,0.0251969786,0.0921078408,0.0061405227,True,7,0,0,0,0,False,False
-3.75,0.5,collapse,False,0.0250283083,0.0854066222,0.0122009460,True,7,0,0,0,0,False,False
-3.75,0.75,collapse,False,0.0248630518,0.0787958616,0.0181836604,True,7,0,0,0,0,False,False
-3.75,1.0,collapse,False,0.0247010873,0.0722728308,0.0240909436,True,7,0,0,0,0,False,False
-3.75,1.25,collapse,False,0.0245422990,0.0658349301,0.0299249682,True,7,0,0,0,0,False,False
-3.75,1.5,collapse,False,0.0243865772,0.0594796802,0.0356878081,True,7,0,0,0,0,False,False
-3.75,1.75,collapse,False,0.0242338176,0.0532047143,0.0413814445,True,7,0,0,0,0,False,False
-3.75,2.0,collapse,False,0.0240839210,0.0470077715,0.0470077715,True,7,0,0,0,0,False,False
-3.75,2.25,collapse,False,0.0239367931,0.0408866902,0.0525686017,True,7,0,0,0,0,False,False
-3.75,2.5,collapse,False,0.0237923439,0.0348394023,0.0580656706,True,7,0,0,0,0,False,False
-3.75,2.75,collapse,False,0.0236504878,0.0288639277,0.0635006410,True,7,0,0,0,0,False,False
-3.75,3.0,collapse,False,0.0235111431,0.0229583692,0.0688751077,True,7,0,0,0,0,False,False
-3.75,3.25,collapse,False,0.0233742318,0.0171209078,0.0741906006,True,7,0,0,0,0,False,False
-3.75,3.5,collapse,False,0.0232396795,0.0113497984,0.0794485887,True,7,0,0,0,0,False,False
-3.75,3.75,collapse,False,0.0231074149,0.0056433656,0.0846504834,True,7,0,0,0,0,False,False
-3.75,4.0,collapse,False,0.0229773699,0.0000000000,0.0897976415,True,7,0,0,0,0,False,False
-3.75,4.25,collapse,False,0.0228494794,-0.0055818452,0.0948913680,True,7,0,0,0,0,False,False
-3.75,4.5,collapse,False,0.0227236810,-0.0111036576,0.0999329188,True,7,0,0,0,0,False,False
-3.75,4.75,collapse,False,0.0225999148,-0.0165668690,0.1049235035,True,7,0,0,0,0,False,False
-3.75,5.0,collapse,False,0.0224781235,-0.0219728575,0.1098642874,True,7,0,0,0,0,False,False
-3.75,5.25,collapse,False,0.0223582522,-0.0273229509,0.1147563937,True,7,0,0,0,0,False,False
-3.75,5.5,collapse,False,0.0222402479,-0.0326184289,0.1196009060,True,7,0,0,0,0,False,False
-3.75,5.75,collapse,False,0.0221240600,-0.0378605255,0.1243988696,True,7,0,0,0,0,False,False
-3.75,6.0,collapse,False,0.0220096399,-0.0430504313,0.1291512938,True,7,0,0,0,0,False,False
-3.75,6.25,collapse,False,0.0218969405,-0.0481892952,0.1338591534,True,7,0,0,0,0,False,False
-3.75,6.5,collapse,False,0.0217859170,-0.0532782271,0.1385233904,True,7,0,0,0,0,False,False
-3.75,6.75,collapse,False,0.0216765259,-0.0583182989,0.1431449154,True,7,0,0,0,0,False,False
-3.75,7.0,collapse,False,0.0215687255,-0.0633105468,0.1477246091,True,7,0,0,0,0,False,False
-3.75,7.25,collapse,False,0.0214624756,-0.0682559727,0.1522633236,True,7,0,0,0,0,False,False
-3.75,7.5,collapse,False,0.0213577374,-0.0731555457,0.1567618837,True,7,0,0,0,0,False,False
-3.75,7.75,collapse,False,0.0212544737,-0.0780102039,0.1612210881,True,7,0,0,0,0,False,False
-3.75,8.0,collapse,False,0.0211526483,-0.0828208552,0.1656417104,True,7,0,0,0,0,False,False
-3.75,8.25,collapse,False,0.0210522266,-0.0875883790,0.1700245004,True,7,0,0,0,0,False,False
-3.75,8.5,collapse,False,0.0209531749,-0.0923136273,0.1743701849,True,7,0,0,0,0,False,False
-3.75,8.75,collapse,False,0.0208554610,-0.0969974260,0.1786794689,True,7,0,0,0,0,False,False
-3.75,9.0,collapse,False,0.0207590534,-0.1016405755,0.1829530360,True,7,0,0,0,0,False,False
-3.75,9.25,collapse,False,0.0206639220,-0.1062438526,0.1871915499,True,7,0,0,0,0,False,False
-3.75,9.5,collapse,False,0.0205700375,-0.1108080107,0.1913956548,True,7,0,0,0,0,False,False
-3.75,9.75,collapse,False,0.0204773716,-0.1153337809,0.1955659764,True,7,0,0,0,0,False,False
-3.75,10.0,collapse,False,0.0203858970,-0.1198218734,0.1997031223,True,7,0,0,0,0,False,False
-3.75,10.25,collapse,False,0.0202955873,-0.1242729775,0.2038076831,True,7,0,0,0,0,False,False
-3.75,10.5,collapse,False,0.0202064167,-0.1286877632,0.2078802328,True,7,0,0,0,0,False,False
-3.75,10.75,collapse,False,0.0201183605,-0.1330668814,0.2119213296,True,7,0,0,0,0,False,False
-3.75,11.0,collapse,False,0.0200313946,-0.1374109649,0.2159315163,True,7,0,0,0,0,False,False
-3.75,11.25,collapse,False,0.0199454958,-0.1417206291,0.2199113210,True,7,0,0,0,0,False,False
-3.75,11.5,collapse,False,0.0198606414,-0.1459964724,0.2238612576,True,7,0,0,0,0,False,False
-3.75,11.75,collapse,False,0.0197768096,-0.1502390771,0.2277818265,True,7,0,0,0,0,False,False
-3.75,12.0,collapse,False,0.0196939790,-0.1544490099,0.2316735148,True,7,0,0,0,0,False,False
-3.75,12.25,collapse,False,0.0196121292,-0.1586268224,0.2355367969,True,7,0,0,0,0,False,False
-3.75,12.5,collapse,False,0.0195312401,-0.1627730518,0.2393721351,True,7,0,0,0,0,False,False
-3.75,12.75,collapse,False,0.0194512924,-0.1668882213,0.2431799796,True,7,0,0,0,0,False,False
-3.75,13.0,collapse,False,0.0193722670,-0.1709728405,0.2469607696,True,7,0,0,0,0,False,False
-3.75,13.25,collapse,False,0.0192941458,-0.1750274060,0.2507149330,True,7,0,0,0,0,False,False
-3.75,13.5,collapse,False,0.0192169109,-0.1790524020,0.2544428871,True,7,0,0,0,0,False,False
-3.75,13.75,collapse,False,0.0191405451,-0.1830483005,0.2581450392,True,7,0,0,0,0,False,False
-3.75,14.0,collapse,False,0.0190650316,-0.1870155616,0.2618217863,True,7,0,0,0,0,False,False
-3.5,0.0,collapse,False,0.0333566150,0.1289758048,0.0000000000,True,7,0,0,0,0,False,False
-3.5,0.25,collapse,False,0.0330522774,0.1198493415,0.0079899561,True,7,0,0,0,0,False,False
-3.5,0.5,collapse,False,0.0327563791,0.1108918956,0.0158416994,True,7,0,0,0,0,False,False
-3.5,0.75,collapse,False,0.0324685077,0.1020964869,0.0235607278,True,7,0,0,0,0,False,False
-3.5,1.0,collapse,False,0.0321882798,0.0934565832,0.0311521944,True,7,0,0,0,0,False,False
-3.5,1.25,collapse,False,0.0319153385,0.0849660616,0.0386209371,True,7,0,0,0,0,False,False
-3.5,1.5,collapse,False,0.0316493509,0.0766191737,0.0459715042,True,7,0,0,0,0,False,False
-3.5,1.75,collapse,False,0.0313900060,0.0684105154,0.0532081786,True,7,0,0,0,0,False,False
-3.5,2.0,collapse,False,0.0311370127,0.0603349983,0.0603349983,True,7,0,0,0,0,False,False
-3.5,2.25,collapse,False,0.0308900985,0.0523878255,0.0673557757,True,7,0,0,0,0,False,False
-3.5,2.5,collapse,False,0.0306490075,0.0445644687,0.0742741145,True,7,0,0,0,0,False,False
-3.5,2.75,collapse,False,0.0304134993,0.0368606480,0.0810934256,True,7,0,0,0,0,False,False
-3.5,3.0,collapse,False,0.0301833480,0.0292723135,0.0878169406,True,7,0,0,0,0,False,False
-3.5,3.25,collapse,False,0.0299583407,0.0217956289,0.0944477252,True,7,0,0,0,0,False,False
-3.5,3.5,collapse,False,0.0297382766,0.0144269558,0.1009886904,True,7,0,0,0,0,False,False
-3.5,3.75,collapse,False,0.0295229663,0.0071628402,0.1074426029,True,7,0,0,0,0,False,False
-3.5,4.0,collapse,False,0.0293122308,0.0000000000,0.1138120955,True,7,0,0,0,0,False,False
-3.5,4.25,collapse,False,0.0291059006,-0.0070646868,0.1200996754,True,7,0,0,0,0,False,False
-3.5,4.5,collapse,False,0.0289038156,-0.0140341925,0.1263077325,True,7,0,0,0,0,False,False
-3.5,4.75,collapse,False,0.0287058237,-0.0209113495,0.1324385469,True,7,0,0,0,0,False,False
-3.5,5.0,collapse,False,0.0285117808,-0.0276988591,0.1384942956,True,7,0,0,0,0,False,False
-3.5,5.25,collapse,False,0.0283215500,-0.0343992998,0.1444770590,True,7,0,0,0,0,False,False
-3.5,5.5,collapse,False,0.0281350014,-0.0410151346,0.1503888270,True,7,0,0,0,0,False,False
-3.5,5.75,collapse,False,0.0279520112,-0.0475487185,0.1562315037,True,7,0,0,0,0,False,False
-3.5,6.0,collapse,False,0.0277724618,-0.0540023043,0.1620069129,True,7,0,0,0,0,False,False
-3.5,6.25,collapse,False,0.0275962410,-0.0603780490,0.1677168027,True,7,0,0,0,0,False,False
-3.5,6.5,collapse,False,0.0274232418,-0.0666780191,0.1733628498,True,7,0,0,0,0,False,False
-3.5,6.75,collapse,False,0.0272533625,-0.0729041960,0.1789466630,True,7,0,0,0,0,False,False
-3.5,7.0,collapse,False,0.0270865056,-0.0790584804,0.1844697877,True,7,0,0,0,0,False,False
-3.5,7.25,collapse,False,0.0269225781,-0.0851426970,0.1899337087,True,7,0,0,0,0,False,False
-3.5,7.5,collapse,False,0.0267614912,-0.0911585984,0.1953398537,True,7,0,0,0,0,False,False
-3.5,7.75,collapse,False,0.0266031599,-0.0971078692,0.2006895962,True,7,0,0,0,0,False,False
-3.5,8.0,collapse,False,0.0264475027,-0.1029921293,0.2059842586,True,7,0,0,0,0,False,False
-3.5,8.25,collapse,False,0.0262944418,-0.1088129376,0.2112251141,True,7,0,0,0,0,False,False
-3.5,8.5,collapse,False,0.0261439025,-0.1145717947,0.2164133900,True,7,0,0,0,0,False,False
-3.5,8.75,collapse,False,0.0259958131,-0.1202701463,0.2215502694,True,7,0,0,0,0,False,False
-3.5,9.0,collapse,False,0.0258501050,-0.1259093854,0.2266368937,True,7,0,0,0,0,False,False
-3.5,9.25,collapse,False,0.0257067123,-0.1314908554,0.2316743642,True,7,0,0,0,0,False,False
-3.5,9.5,collapse,False,0.0255655716,-0.1370158521,0.2366637446,True,7,0,0,0,0,False,False
-3.5,9.75,collapse,False,0.0254266221,-0.1424856264,0.2416060622,True,7,0,0,0,0,False,False
-3.5,10.0,collapse,False,0.0252898052,-0.1479013859,0.2465023098,True,7,0,0,0,0,False,False
-3.5,10.25,collapse,False,0.0251550649,-0.1532642973,0.2513534476,True,7,0,0,0,0,False,False
-3.5,10.5,collapse,False,0.0250223468,-0.1585754881,0.2561604039,True,7,0,0,0,0,False,False
-3.5,10.75,collapse,False,0.0248915989,-0.1638360486,0.2609240774,True,7,0,0,0,0,False,False
-3.5,11.0,collapse,False,0.0247627710,-0.1690470332,0.2656453380,True,7,0,0,0,0,False,False
-3.5,11.25,collapse,False,0.0246358147,-0.1742094624,0.2703250279,True,7,0,0,0,0,False,False
-3.5,11.5,collapse,False,0.0245106835,-0.1793243239,0.2749639634,True,7,0,0,0,0,False,False
-3.5,11.75,collapse,False,0.0243873322,-0.1843925744,0.2795629354,True,7,0,0,0,0,False,False
-3.5,12.0,collapse,False,0.0242657176,-0.1894151406,0.2841227108,True,7,0,0,0,0,False,False
-3.5,12.25,collapse,False,0.0241457978,-0.1943929205,0.2886440335,True,7,0,0,0,0,False,False
-3.5,12.5,collapse,False,0.0240275323,-0.1993267849,0.2931276249,True,7,0,0,0,0,False,False
-3.5,12.75,collapse,False,0.0239108821,-0.2042175784,0.2975741856,True,7,0,0,0,0,False,False
-3.5,13.0,collapse,False,0.0237958094,-0.2090661200,0.3019843956,True,7,0,0,0,0,False,False
-3.5,13.25,collapse,False,0.0236822778,-0.2138732050,0.3063589152,True,7,0,0,0,0,False,False
-3.5,13.5,collapse,False,0.0235702520,-0.2186396050,0.3106983861,True,7,0,0,0,0,False,False
-3.5,13.75,collapse,False,0.0234596979,-0.2233660698,0.3150034318,True,7,0,0,0,0,False,False
-3.5,14.0,collapse,False,0.0233505824,-0.2280533274,0.3192746583,True,7,0,0,0,0,False,False
-3.25,0.0,collapse,False,0.0442317302,0.1691011369,0.0000000000,True,7,0,0,0,0,False,False
-3.25,0.25,collapse,False,0.0436801116,0.1566455980,0.0104430399,True,7,0,0,0,0,False,False
-3.25,0.5,collapse,False,0.0431494798,0.1445066077,0.0206438011,True,7,0,0,0,0,False,False
-3.25,0.75,collapse,False,0.0426384335,0.1326662918,0.0306152981,True,7,0,0,0,0,False,False
-3.25,1.0,collapse,False,0.0421457053,0.1211083346,0.0403694449,True,7,0,0,0,0,False,False
-3.25,1.25,collapse,False,0.0416701454,0.1098177970,0.0499171805,True,7,0,0,0,0,False,False
-3.25,1.5,collapse,False,0.0412107071,0.0987809617,0.0592685770,True,7,0,0,0,0,False,False
-3.25,1.75,collapse,False,0.0407664351,0.0879851990,0.0684329326,True,7,0,0,0,0,False,False
-3.25,2.0,collapse,False,0.0403364554,0.0774188514,0.0774188514,True,7,0,0,0,0,False,False
-3.25,2.25,collapse,False,0.0399199656,0.0670711334,0.0862343144,True,7,0,0,0,0,False,False
-3.25,2.5,collapse,False,0.0395162282,0.0569320439,0.0948867398,True,7,0,0,0,0,False,False
-3.25,2.75,collapse,False,0.0391245633,0.0469922898,0.1033830375,True,7,0,0,0,0,False,False
-3.25,3.0,collapse,False,0.0387443426,0.0372432186,0.1117296557,True,7,0,0,0,0,False,False
-3.25,3.25,collapse,False,0.0383749850,0.0276767592,0.1199326231,True,7,0,0,0,0,False,False
-3.25,3.5,collapse,False,0.0380159514,0.0182853694,0.1279975859,True,7,0,0,0,0,False,False
-3.25,3.75,collapse,False,0.0376667408,0.0090619894,0.1359298405,True,7,0,0,0,0,False,False
-3.25,4.0,collapse,False,0.0373268873,0.0000000000,0.1437343633,True,7,0,0,0,0,False,False
-3.25,4.25,collapse,False,0.0369959565,-0.0089068139,0.1514158365,True,7,0,0,0,0,False,False
-3.25,4.5,collapse,False,0.0366735425,-0.0176642969,0.1589786722,True,7,0,0,0,0,False,False
-3.25,4.75,collapse,False,0.0363592664,-0.0262779526,0.1664270331,True,7,0,0,0,0,False,False
-3.25,5.0,collapse,False,0.0360527728,-0.0347529704,0.1737648520,True,7,0,0,0,0,False,False
-3.25,5.25,collapse,False,0.0357537289,-0.0430942497,0.1809958488,True,7,0,0,0,0,False,False
-3.25,5.5,collapse,False,0.0354618220,-0.0513064218,0.1881235466,True,7,0,0,0,0,False,False
-3.25,5.75,collapse,False,0.0351767583,-0.0593938694,0.1951512852,True,7,0,0,0,0,False,False
-3.25,6.0,collapse,False,0.0348982611,-0.0673607449,0.2020822348,True,7,0,0,0,0,False,False
-3.25,6.25,collapse,False,0.0346260698,-0.0752109865,0.2089194070,True,7,0,0,0,0,False,False
-3.25,6.5,collapse,False,0.0343599386,-0.0829483331,0.2156656661,True,7,0,0,0,0,False,False
-3.25,6.75,collapse,False,0.0340996353,-0.0905763380,0.2223237388,True,7,0,0,0,0,False,False
-3.25,7.0,collapse,False,0.0338449404,-0.0980983813,0.2288962229,True,7,0,0,0,0,False,False
-3.25,7.25,collapse,False,0.0335956462,-0.1055176810,0.2353855962,True,7,0,0,0,0,False,False
-3.25,7.5,collapse,False,0.0333515561,-0.1128373042,0.2417942233,True,7,0,0,0,0,False,False
-3.25,7.75,collapse,False,0.0331124834,-0.1200601757,0.2481243632,True,7,0,0,0,0,False,False
-3.25,8.0,collapse,False,0.0328782513,-0.1271890877,0.2543781754,True,7,0,0,0,0,False,False
-3.25,8.25,collapse,False,0.0326486918,-0.1342267074,0.2605577262,True,7,0,0,0,0,False,False
-3.25,8.5,collapse,False,0.0324236450,-0.1411755849,0.2666649938,True,7,0,0,0,0,False,False
-3.25,8.75,collapse,False,0.0322029590,-0.1480381599,0.2727018735,True,7,0,0,0,0,False,False
-3.25,9.0,collapse,False,0.0319864891,-0.1548167682,0.2786701828,True,7,0,0,0,0,False,False
-3.25,9.25,collapse,False,0.0317740976,-0.1615136478,0.2845716652,True,7,0,0,0,0,False,False
-3.25,9.5,collapse,False,0.0315656530,-0.1681309443,0.2904079946,True,7,0,0,0,0,False,False
-3.25,9.75,collapse,False,0.0313610300,-0.1746707159,0.2961807792,True,7,0,0,0,0,False,False
-3.25,10.0,collapse,False,0.0311601088,-0.1811349388,0.3018915646,True,7,0,0,0,0,False,False
-3.25,10.25,collapse,False,0.0309627752,-0.1875255108,0.3075418377,True,7,0,0,0,0,False,False
-3.25,10.5,collapse,False,0.0307689197,-0.1938442561,0.3131330291,True,7,0,0,0,0,False,False
-3.25,10.75,collapse,False,0.0305784377,-0.2000929289,0.3186665165,True,7,0,0,0,0,False,False
-3.25,11.0,collapse,False,0.0303912293,-0.2062732172,0.3241436270,True,7,0,0,0,0,False,False
-3.25,11.25,collapse,False,0.0302071984,-0.2123867459,0.3295656401,True,7,0,0,0,0,False,False
-3.25,11.5,collapse,False,0.0300262532,-0.2184350801,0.3349337895,True,7,0,0,0,0,False,False
-3.25,11.75,collapse,False,0.0298483057,-0.2244197284,0.3402492656,True,7,0,0,0,0,False,False
-3.25,12.0,collapse,False,0.0296732712,-0.2303421451,0.3455132176,True,7,0,0,0,0,False,False
-3.25,12.25,collapse,False,0.0295010686,-0.2362037331,0.3507267553,True,7,0,0,0,0,False,False
-3.25,12.5,collapse,False,0.0293316200,-0.2420058467,0.3558909511,True,7,0,0,0,0,False,False
-3.25,12.75,collapse,False,0.0291648506,-0.2477497932,0.3610068415,True,7,0,0,0,0,False,False
-3.25,13.0,collapse,False,0.0290006883,-0.2534368355,0.3660754291,True,7,0,0,0,0,False,False
-3.25,13.25,collapse,False,0.0288390640,-0.2590681942,0.3710976836,True,7,0,0,0,0,False,False
-3.25,13.5,collapse,False,0.0286799109,-0.2646450494,0.3760745438,True,7,0,0,0,0,False,False
-3.25,13.75,collapse,False,0.0285231650,-0.2701685423,0.3810069186,True,7,0,0,0,0,False,False
-3.25,14.0,collapse,False,0.0283687645,-0.2756397774,0.3858956883,True,7,0,0,0,0,False,False
-3.0,0.0,collapse,False,0.0593873196,0.2234418635,0.0000000000,True,7,0,0,0,0,False,False
-3.0,0.25,collapse,False,0.0583490863,0.2060417641,0.0137361176,True,7,0,0,0,0,False,False
-3.0,0.5,collapse,False,0.0573664863,0.1892645039,0.0270377863,True,7,0,0,0,0,False,False
-3.0,0.75,collapse,False,0.0564343220,0.1730608403,0.0399371170,True,7,0,0,0,0,False,False
-3.0,1.0,collapse,False,0.0555480843,0.1573874838,0.0524624946,True,7,0,0,0,0,False,False
-3.0,1.25,collapse,False,0.0547038356,0.1422061464,0.0646391575,True,7,0,0,0,0,False,False
-3.0,1.5,collapse,False,0.0538981177,0.1274827766,0.0764896659,True,7,0,0,0,0,False,False
-3.0,1.75,collapse,False,0.0531278766,0.1131869369,0.0880342843,True,7,0,0,0,0,False,False
-3.0,2.0,collapse,False,0.0523904019,0.0992912954,0.0992912954,True,7,0,0,0,0,False,False
-3.0,2.25,collapse,False,0.0516832776,0.0857712037,0.1102772618,True,7,0,0,0,0,False,False
-3.0,2.5,collapse,False,0.0510043404,0.0726043465,0.1210072442,True,7,0,0,0,0,False,False
-3.0,2.75,collapse,False,0.0503516465,0.0597704478,0.1314949851,True,7,0,0,0,0,False,False
-3.0,3.0,collapse,False,0.0497234423,0.0472510216,0.1417530647,True,7,0,0,0,0,False,False
-3.0,3.25,collapse,False,0.0491181408,0.0350291618,0.1517930343,True,7,0,0,0,0,False,False
-3.0,3.5,collapse,False,0.0485343011,0.0230893614,0.1616255295,True,7,0,0,0,0,False,False
-3.0,3.75,collapse,False,0.0479706112,0.0114173579,0.1712603689,True,7,0,0,0,0,False,False
-3.0,4.0,collapse,False,0.0474258732,0.0000000000,0.1807066389,True,7,0,0,0,0,False,False
-3.0,4.25,collapse,False,0.0468989901,-0.0111748687,0.1899727680,True,7,0,0,0,0,False,False
-3.0,4.5,collapse,False,0.0463889554,-0.0221185101,0.1990665909,True,7,0,0,0,0,False,False
-3.0,4.75,collapse,False,0.0458948431,-0.0328413799,0.2079954058,True,7,0,0,0,0,False,False
-3.0,5.0,collapse,False,0.0454157996,-0.0433532048,0.2167660238,True,7,0,0,0,0,False,False
-3.0,5.25,collapse,False,0.0449510363,-0.0536630508,0.2253848132,True,7,0,0,0,0,False,False
-3.0,5.5,collapse,False,0.0444998231,-0.0637793833,0.2338577387,True,7,0,0,0,0,False,False
-3.0,5.75,collapse,False,0.0440614831,-0.0737101205,0.2421903958,True,7,0,0,0,0,False,False
-3.0,6.0,collapse,False,0.0436353874,-0.0834626808,0.2503880423,True,7,0,0,0,0,False,False
-3.0,6.25,collapse,False,0.0432209507,-0.0930440252,0.2584556257,True,7,0,0,0,0,False,False
-3.0,6.5,collapse,False,0.0428176274,-0.1024606954,0.2663978079,True,7,0,0,0,0,False,False
-3.0,6.75,collapse,False,0.0424249081,-0.1117188471,0.2742189883,True,7,0,0,0,0,False,False
-3.0,7.0,collapse,False,0.0420423168,-0.1208242813,0.2819233229,True,7,0,0,0,0,False,False
-3.0,7.25,collapse,False,0.0416694076,-0.1297824713,0.2895147437,True,7,0,0,0,0,False,False
-3.0,7.5,collapse,False,0.0413057626,-0.1385985880,0.2969969742,True,7,0,0,0,0,False,False
-3.0,7.75,collapse,False,0.0409509893,-0.1472775218,0.3043735450,True,7,0,0,0,0,False,False
-3.0,8.0,collapse,False,0.0406047191,-0.1558239035,0.3116478071,True,7,0,0,0,0,False,False
-3.0,8.25,collapse,False,0.0402666049,-0.1642421229,0.3188229445,True,7,0,0,0,0,False,False
-3.0,8.5,collapse,False,0.0399363197,-0.1725363452,0.3259019854,True,7,0,0,0,0,False,False
-3.0,8.75,collapse,False,0.0396135552,-0.1807105269,0.3328878127,True,7,0,0,0,0,False,False
-3.0,9.0,collapse,False,0.0392980203,-0.1887684297,0.3397831734,True,7,0,0,0,0,False,False
-3.0,9.25,collapse,False,0.0389894399,-0.1967136333,0.3465906873,True,7,0,0,0,0,False,False
-3.0,9.5,collapse,False,0.0386875537,-0.2045495477,0.3533128550,True,7,0,0,0,0,False,False
-3.0,9.75,collapse,False,0.0383921151,-0.2122794233,0.3599520656,True,7,0,0,0,0,False,False
-3.0,10.0,collapse,False,0.0381028906,-0.2199063617,0.3665106028,True,7,0,0,0,0,False,False
-3.0,10.25,collapse,False,0.0378196585,-0.2274333244,0.3729906520,True,7,0,0,0,0,False,False
-3.0,10.5,collapse,False,0.0375422084,-0.2348631415,0.3793943055,True,7,0,0,0,0,False,False
-3.0,10.75,collapse,False,0.0372703404,-0.2421985195,0.3857235680,True,7,0,0,0,0,False,False
-3.0,11.0,collapse,False,0.0370038643,-0.2494420485,0.3919803619,True,7,0,0,0,0,False,False
-3.0,11.25,collapse,False,0.0367425992,-0.2565962093,0.3981665316,True,7,0,0,0,0,False,False
-3.0,11.5,collapse,False,0.0364863726,-0.2636633790,0.4042838478,True,7,0,0,0,0,False,False
-3.0,11.75,collapse,False,0.0362350202,-0.2706458375,0.4103340117,True,7,0,0,0,0,False,False
-3.0,12.0,collapse,False,0.0359883854,-0.2775457723,0.4163186585,True,7,0,0,0,0,False,False
-3.0,12.25,collapse,False,0.0357463186,-0.2843652841,0.4222393612,True,7,0,0,0,0,False,False
-3.0,12.5,collapse,False,0.0355086768,-0.2911063907,0.4280976333,True,7,0,0,0,0,False,False
-3.0,12.75,collapse,False,0.0352753236,-0.2977710322,0.4338949326,True,7,0,0,0,0,False,False
-3.0,13.0,collapse,False,0.0350461283,-0.3043610745,0.4396326632,True,7,0,0,0,0,False,False
-3.0,13.25,collapse,False,0.0348209660,-0.3108783134,0.4453121787,True,7,0,0,0,0,False,False
-3.0,13.5,collapse,False,0.0345997171,-0.3173244780,0.4509347845,True,7,0,0,0,0,False,False
-3.0,13.75,collapse,False,0.0343822668,-0.3237012341,0.4565017404,True,7,0,0,0,0,False,False
-3.0,14.0,collapse,False,0.0341685055,-0.3300101872,0.4620142621,True,7,0,0,0,0,False,False
-2.75,0.0,collapse,False,0.0813014497,0.2987660960,0.0000000000,True,7,0,0,0,0,True,False
-2.75,0.25,collapse,False,0.0792267625,0.2735620597,0.0182374706,True,7,0,0,0,0,True,False
-2.75,0.5,collapse,False,0.0773152293,0.2496815462,0.0356687923,True,7,0,0,0,0,True,False
-2.75,0.75,collapse,False,0.0755447398,0.2269726292,0.0523782990,True,7,0,0,0,0,True,False
-2.75,1.0,collapse,False,0.0738973641,0.2053096310,0.0684365437,True,7,0,0,0,0,False,False
-2.75,1.25,collapse,False,0.0723583591,0.1845872241,0.0839032837,True,7,0,0,0,0,False,False
-2.75,1.5,collapse,False,0.0709154539,0.1647161307,0.0988296784,True,7,0,0,0,0,False,False
-2.75,1.75,collapse,False,0.0695583261,0.1456199221,0.1132599394,True,7,0,0,0,0,False,False
-2.75,2.0,collapse,False,0.0682782100,0.1272325920,0.1272325920,True,7,0,0,0,0,False,False
-2.75,2.25,collapse,False,0.0670675984,0.1094966874,0.1407814553,True,7,0,0,0,0,False,False
-2.75,2.5,collapse,False,0.0659200137,0.0923618483,0.1539364138,True,7,0,0,0,0,False,False
-2.75,2.75,collapse,False,0.0648298276,0.0757836513,0.1667240329,True,7,0,0,0,0,False,False
-2.75,3.0,collapse,False,0.0637921196,0.0597226851,0.1791680553,True,7,0,0,0,0,False,False
-2.75,3.25,collapse,False,0.0628025636,0.0441438012,0.1912898052,True,7,0,0,0,0,False,False
-2.75,3.5,collapse,False,0.0618573359,0.0290155029,0.2031085206,True,7,0,0,0,0,False,False
-2.75,3.75,collapse,False,0.0609530410,0.0143094419,0.2146416292,True,7,0,0,0,0,False,False
-2.75,4.0,collapse,False,0.0600866502,0.0000000000,0.2259049786,True,7,0,0,0,0,False,False
-2.75,4.25,collapse,False,0.0592554508,-0.0139360606,0.2369130300,True,7,0,0,0,0,False,False
-2.75,4.5,collapse,False,0.0584570042,-0.0275198914,0.2476790227,True,7,0,0,0,0,False,False
-2.75,4.75,collapse,False,0.0576891099,-0.0407708074,0.2582151135,True,7,0,0,0,0,False,False
-2.75,5.0,collapse,False,0.0569497764,-0.0537064994,0.2685324970,True,7,0,0,0,0,False,False
-2.75,5.25,collapse,False,0.0562371952,-0.0663432164,0.2786415087,True,7,0,0,0,0,False,False
-2.75,5.5,collapse,False,0.0555497194,-0.0786959222,0.2885517146,True,7,0,0,0,0,False,False
-2.75,5.75,collapse,False,0.0548858454,-0.0907784313,0.2982719887,True,7,0,0,0,0,False,False
-2.75,6.0,collapse,False,0.0542441964,-0.1026035271,0.3078105812,True,7,0,0,0,0,False,False
-2.75,6.25,collapse,False,0.0536235092,-0.1141830640,0.3171751778,True,7,0,0,0,0,False,False
-2.75,6.5,collapse,False,0.0530226219,-0.1255280586,0.3263729524,True,7,0,0,0,0,False,False
-2.75,6.75,collapse,False,0.0524404634,-0.1366487683,0.3354106132,True,7,0,0,0,0,False,False
-2.75,7.0,collapse,False,0.0518760446,-0.1475547617,0.3442944440,True,7,0,0,0,0,False,False
-2.75,7.25,collapse,False,0.0513284498,-0.1582549802,0.3530303404,True,7,0,0,0,0,False,False
-2.75,7.5,collapse,False,0.0507968303,-0.1687577933,0.3616238427,True,7,0,0,0,0,False,False
-2.75,7.75,collapse,False,0.0502803977,-0.1790710475,0.3700801649,True,7,0,0,0,0,False,False
-2.75,8.0,collapse,False,0.0497784185,-0.1892021103,0.3784042205,True,7,0,0,0,0,False,False
-2.75,8.25,collapse,False,0.0492902092,-0.1991579090,0.3866006469,True,7,0,0,0,0,False,False
-2.75,8.5,collapse,False,0.0488151319,-0.2089449664,0.3946738254,True,7,0,0,0,0,False,False
-2.75,8.75,collapse,False,0.0483525903,-0.2185694322,0.4026279014,True,7,0,0,0,0,False,False
-2.75,9.0,collapse,False,0.0479020265,-0.2280371118,0.4104668012,True,7,0,0,0,0,False,False
-2.75,9.25,collapse,False,0.0474629175,-0.2373534919,0.4181942477,True,7,0,0,0,0,False,False
-2.75,9.5,collapse,False,0.0470347724,-0.2465237644,0.4258137749,True,7,0,0,0,0,False,False
-2.75,9.75,collapse,False,0.0466171303,-0.2555528473,0.4333287410,True,7,0,0,0,0,False,False
-2.75,10.0,collapse,False,0.0462095572,-0.2644454041,0.4407423402,True,7,0,0,0,0,False,False
-2.75,10.25,collapse,False,0.0458116447,-0.2732058620,0.4480576136,True,7,0,0,0,0,False,False
-2.75,10.5,collapse,False,0.0454230076,-0.2818384271,0.4552774591,True,7,0,0,0,0,False,False
-2.75,10.75,collapse,False,0.0450432825,-0.2903471001,0.4624046408,True,7,0,0,0,0,False,False
-2.75,11.0,collapse,False,0.0446721258,-0.2987356892,0.4694417972,True,7,0,0,0,0,False,False
-2.75,11.25,collapse,False,0.0443092129,-0.3070078228,0.4763914491,True,7,0,0,0,0,False,False
-2.75,11.5,collapse,False,0.0439542363,-0.3151669608,0.4832560066,True,7,0,0,0,0,False,False
-2.75,11.75,collapse,False,0.0436069048,-0.3232164053,0.4900377758,True,7,0,0,0,0,False,False
-2.75,12.0,collapse,False,0.0432669420,-0.3311593101,0.4967389651,True,7,0,0,0,0,False,False
-2.75,12.25,collapse,False,0.0429340860,-0.3389986895,0.5033616904,True,7,0,0,0,0,False,False
-2.75,12.5,collapse,False,0.0426080876,-0.3467374270,0.5099079808,True,7,0,0,0,0,False,False
-2.75,12.75,collapse,False,0.0422887102,-0.3543782826,0.5163797832,True,7,0,0,0,0,False,False
-2.75,13.0,collapse,False,0.0419757285,-0.3619239001,0.5227789667,True,7,0,0,0,0,False,False
-2.75,13.25,collapse,False,0.0416689281,-0.3693768135,0.5291073274,True,7,0,0,0,0,False,False
-2.75,13.5,collapse,False,0.0413681047,-0.3767394534,0.5353665917,True,7,0,0,0,0,False,False
-2.75,13.75,collapse,False,0.0410730635,-0.3840141524,0.5415584200,True,7,0,0,0,0,False,False
-2.75,14.0,collapse,False,0.0407836186,-0.3912031505,0.5476844107,True,7,0,0,0,0,False,False
-2.5,0.0,equilibrium,False,0.1151126044,0.4074467708,0.0000000000,True,0,7,0,0,0,True,False
-2.5,0.25,equilibrium,False,0.1105029556,0.3685951964,0.0245730131,True,0,7,0,0,0,True,False
-2.5,0.5,equilibrium,False,0.1064645312,0.3329544219,0.0475649174,True,0,7,0,0,0,True,False
-2.5,0.75,equilibrium,False,0.1028782032,0.2999564052,0.0692207089,True,0,7,0,0,0,True,False
-2.5,1.0,collapse,False,0.0996585361,0.2691801369,0.0897267123,True,7,0,0,0,0,True,False
-2.5,1.25,collapse,False,0.0967421249,0.2403034869,0.1092288577,True,7,0,0,0,0,True,False
-2.5,1.5,collapse,False,0.0940805976,0.2130735969,0.1278441581,True,7,0,0,0,0,True,False
-2.5,1.75,collapse,False,0.0916362019,0.1872877690,0.1456682648,True,7,0,0,0,0,True,False
-2.5,2.0,collapse,False,0.0893789056,0.1627806337,0.1627806337,True,7,0,0,0,0,True,False
-2.5,2.25,collapse,False,0.0872844258,0.1394152459,0.1792481733,True,7,0,0,0,0,True,False
-2.5,2.5,collapse,False,0.0853328510,0.1170767334,0.1951278890,True,7,0,0,0,0,True,False
-2.5,2.75,collapse,False,0.0835076532,0.0956676564,0.2104688440,True,7,0,0,0,0,True,False
-2.5,3.0,collapse,False,0.0817949643,0.0751045481,0.2253136443,True,7,0,0,0,0,True,False
-2.5,3.25,collapse,False,0.0801830363,0.0553152877,0.2396995802,True,7,0,0,0,0,True,False
-2.5,3.5,collapse,False,0.0786618322,0.0362370742,0.2536595193,True,7,0,0,0,0,False,False
-2.5,3.75,collapse,False,0.0772227106,0.0178148409,0.2672226135,True,7,0,0,0,0,False,False
-2.5,4.0,collapse,False,0.0758581800,0.0000000000,0.2804148662,True,7,0,0,0,0,False,False
-2.5,4.25,collapse,False,0.0745617046,-0.0172505642,0.2932595914,True,7,0,0,0,0,False,False
-2.5,4.5,collapse,False,0.0733275495,-0.0339753100,0.3057777901,True,7,0,0,0,0,False,False
-2.5,4.75,collapse,False,0.0721506563,-0.0502087044,0.3179884609,True,7,0,0,0,0,False,False
-2.5,5.0,collapse,False,0.0710265412,-0.0659817717,0.3299088584,True,7,0,0,0,0,False,False
-2.5,5.25,collapse,False,0.0699512121,-0.0813225501,0.3415547103,True,7,0,0,0,0,False,False
-2.5,5.5,collapse,False,0.0689211000,-0.0962564729,0.3529404006,True,7,0,0,0,0,False,False
-2.5,5.75,collapse,False,0.0679330014,-0.1108066903,0.3640791253,True,7,0,0,0,0,False,False
-2.5,6.0,collapse,False,0.0669840314,-0.1249943418,0.3749830255,True,7,0,0,0,0,False,False
-2.5,6.25,collapse,False,0.0660715823,-0.1388387887,0.3856633019,True,7,0,0,0,0,False,False
-2.5,6.5,collapse,False,0.0651932903,-0.1523578131,0.3961303139,True,7,0,0,0,0,False,False
-2.5,6.75,collapse,False,0.0643470061,-0.1655677895,0.4063936652,True,7,0,0,0,0,False,False
-2.5,7.0,collapse,False,0.0635307700,-0.1784838337,0.4164622787,True,7,0,0,0,0,False,False
-2.5,7.25,collapse,False,0.0627427905,-0.1911199314,0.4263444623,True,7,0,0,0,0,False,False
-2.5,7.5,collapse,False,0.0619814260,-0.2034890509,0.4360479662,True,7,0,0,0,0,False,False
-2.5,7.75,collapse,False,0.0612451687,-0.2156032424,0.4455800343,True,7,0,0,0,0,False,False
-2.5,8.0,collapse,False,0.0605326304,-0.2274737242,0.4549474484,True,7,0,0,0,0,False,False
-2.5,8.25,collapse,False,0.0598425308,-0.2391109598,0.4641565691,True,7,0,0,0,0,False,False
-2.5,8.5,collapse,False,0.0591736864,-0.2505247257,0.4732133708,True,7,0,0,0,0,False,False
-2.5,8.75,collapse,False,0.0585250014,-0.2617241715,0.4821234737,True,7,0,0,0,0,False,False
-2.5,9.0,collapse,False,0.0578954589,-0.2727178737,0.4908921727,True,7,0,0,0,0,False,False
-2.5,9.25,collapse,False,0.0572841144,-0.2835138842,0.4995244626,True,7,0,0,0,0,False,False
-2.5,9.5,collapse,False,0.0566900884,-0.2941197723,0.5080250613,True,7,0,0,0,0,False,False
-2.5,9.75,collapse,False,0.0561125612,-0.3045426644,0.5163984309,True,7,0,0,0,0,False,False
-2.5,10.0,collapse,False,0.0555507674,-0.3147892778,0.5246487964,True,7,0,0,0,0,False,False
-2.5,10.25,collapse,False,0.0550039916,-0.3248659529,0.5327801628,True,7,0,0,0,0,False,False
-2.5,10.5,collapse,False,0.0544715637,-0.3347786810,0.5407963309,True,7,0,0,0,0,False,False
-2.5,10.75,collapse,False,0.0539528559,-0.3445331302,0.5487009111,True,7,0,0,0,0,False,False
-2.5,11.0,collapse,False,0.0534472786,-0.3541346688,0.5564973368,True,7,0,0,0,0,False,False
-2.5,11.25,collapse,False,0.0529542778,-0.3635883866,0.5641888758,True,7,0,0,0,0,False,False
-2.5,11.5,collapse,False,0.0524733325,-0.3728991140,0.5717786415,True,7,0,0,0,0,False,False
-2.5,11.75,collapse,False,0.0520039516,-0.3820714400,0.5792696026,True,7,0,0,0,0,False,False
-2.5,12.0,collapse,False,0.0515456724,-0.3911097283,0.5866645925,True,7,0,0,0,0,False,False
-2.5,12.25,collapse,False,0.0510980578,-0.4000181320,0.5939663171,True,7,0,0,0,0,False,False
-2.5,12.5,collapse,False,0.0506606951,-0.4088006072,0.6011773636,True,7,0,0,0,0,False,False
-2.5,12.75,collapse,False,0.0502331939,-0.4174609260,0.6083002064,True,7,0,0,0,0,False,False
-2.5,13.0,collapse,False,0.0498151845,-0.4260026872,0.6153372148,True,7,0,0,0,0,False,False
-2.5,13.25,collapse,False,0.0494063169,-0.4344293277,0.6222906586,True,7,0,0,0,0,False,False
-2.5,13.5,collapse,False,0.0490062589,-0.4427441319,0.6291627137,True,7,0,0,0,0,False,False
-2.5,13.75,collapse,False,0.0486146953,-0.4509502406,0.6359554676,True,7,0,0,0,0,False,False
-2.5,14.0,collapse,False,0.0482313269,-0.4590506601,0.6426709242,True,7,0,0,0,0,False,False
-2.25,0.0,equilibrium,False,0.1752043677,0.5780311890,0.0000000000,True,0,7,0,0,0,True,False
-2.25,0.25,equilibrium,False,0.1622552319,0.5097317686,0.0339821179,True,0,7,0,0,0,False,False
-2.25,0.5,equilibrium,False,0.1522351401,0.4517086078,0.0645298011,True,0,7,0,0,0,False,False
-2.25,0.75,equilibrium,False,0.1440940397,0.4008255790,0.0924982105,True,0,7,0,0,0,False,False
-2.25,1.0,equilibrium,False,0.1372630184,0.3552656465,0.1184218822,True,0,7,0,0,0,True,False
-2.25,1.25,equilibrium,False,0.1313977733,0.3138640959,0.1426654981,True,0,7,0,0,0,True,False
-2.25,1.5,equilibrium,False,0.1262736460,0.2758215308,0.1654929185,True,0,7,0,0,0,True,False
-2.25,1.75,equilibrium,False,0.1217357841,0.2405614116,0.1871033202,True,0,7,0,0,0,True,False
-2.25,2.0,equilibrium,False,0.1176728879,0.2076519587,0.2076519587,True,0,7,0,0,0,True,False
-2.25,2.25,equilibrium,False,0.1140022701,0.1767600669,0.2272629431,True,0,7,0,0,0,True,False
-2.25,2.5,equilibrium,False,0.1106608287,0.1476225145,0.2460375242,True,0,7,0,0,0,True,False
-2.25,2.75,equilibrium,False,0.1075993251,0.1200271379,0.2640597034,True,0,7,0,0,0,True,False
-2.25,3.0,equilibrium,False,0.1047786113,0.0938000539,0.2814001618,True,0,7,0,0,0,True,False
-2.25,3.25,equilibrium,False,0.1021670594,0.0687967135,0.2981190919,True,0,7,0,0,0,True,False
-2.25,3.5,collapse,False,0.0997387600,0.0448954699,0.3142682892,True,7,0,0,0,0,True,False
-2.25,3.75,collapse,False,0.0974722300,0.0219928486,0.3298927290,True,7,0,0,0,0,True,False
-2.25,4.0,collapse,False,0.0953494649,0.0000000000,0.3450317778,True,7,0,0,0,0,True,False
-2.25,4.25,collapse,False,0.0933552315,-0.0211600081,0.3597201370,True,7,0,0,0,0,True,False
-2.25,4.5,collapse,False,0.0914765316,-0.0415542879,0.3739885908,True,7,0,0,0,0,True,False
-2.25,4.75,collapse,False,0.0897021887,-0.0612417796,0.3878646039,True,7,0,0,0,0,True,False
-2.25,5.0,collapse,False,0.0880225264,-0.0802745612,0.4013728062,True,7,0,0,0,0,True,False
-2.25,5.25,collapse,False,0.0864291134,-0.0986989022,0.4145353893,True,7,0,0,0,0,True,False
-2.25,5.5,collapse,False,0.0849145616,-0.1165561183,0.4273724337,True,7,0,0,0,0,True,False
-2.25,5.75,collapse,False,0.0834723624,-0.1338832725,0.4399021810,True,7,0,0,0,0,True,False
-2.25,6.0,collapse,False,0.0820967541,-0.1507137542,0.4521412626,True,7,0,0,0,0,False,False
-2.25,6.25,collapse,False,0.0807826134,-0.1670777612,0.4641048921,True,7,0,0,0,0,False,False
-2.25,6.5,collapse,False,0.0795253653,-0.1830027039,0.4758070302,True,7,0,0,0,0,False,False
-2.25,6.75,collapse,False,0.0783209091,-0.1985135468,0.4872605239,True,7,0,0,0,0,False,False
-2.25,7.0,collapse,False,0.0771655555,-0.2136330976,0.4984772278,True,7,0,0,0,0,False,False
-2.25,7.25,collapse,False,0.0760559744,-0.2283822553,0.5094681080,True,7,0,0,0,0,False,False
-2.25,7.5,collapse,False,0.0749891503,-0.2427802218,0.5202433324,True,7,0,0,0,0,False,False
-2.25,7.75,collapse,False,0.0739623446,-0.2568446855,0.5308123501,True,7,0,0,0,0,False,False
-2.25,8.0,collapse,False,0.0729730629,-0.2705919800,0.5411839600,True,7,0,0,0,0,False,False
-2.25,8.25,collapse,False,0.0720190279,-0.2840372218,0.5513663718,True,7,0,0,0,0,False,False
-2.25,8.5,collapse,False,0.0710981546,-0.2971944315,0.5613672596,True,7,0,0,0,0,False,False
-2.25,8.75,collapse,False,0.0702085302,-0.3100766393,0.5711938093,True,7,0,0,0,0,False,False
-2.25,9.0,collapse,False,0.0693483957,-0.3226959784,0.5808527610,True,7,0,0,0,0,False,False
-2.25,9.25,collapse,False,0.0685161300,-0.3350637670,0.5903504466,True,7,0,0,0,0,False,False
-2.25,9.5,collapse,False,0.0677102364,-0.3471905817,0.5996928229,True,7,0,0,0,0,False,False
-2.25,9.75,collapse,False,0.0669293304,-0.3590863220,0.6088855026,True,7,0,0,0,0,False,False
-2.25,10.0,collapse,False,0.0661721287,-0.3707602684,0.6179337806,True,7,0,0,0,0,False,False
-2.25,10.25,collapse,False,0.0654374399,-0.3822211335,0.6268426590,True,7,0,0,0,0,False,False
-2.25,10.5,collapse,False,0.0647241563,-0.3934771092,0.6356168686,True,7,0,0,0,0,False,False
-2.25,10.75,collapse,False,0.0640312460,-0.4045359074,0.6442608895,True,7,0,0,0,0,False,False
-2.25,11.0,collapse,False,0.0633577467,-0.4154047981,0.6527789685,True,7,0,0,0,0,False,False
-2.25,11.25,collapse,False,0.0627027592,-0.4260906433,0.6611751362,True,7,0,0,0,0,False,False
-2.25,11.5,collapse,False,0.0620654428,-0.4365999270,0.6694532214,True,7,0,0,0,0,False,False
-2.25,11.75,collapse,False,0.0614450097,-0.4469387836,0.6776168654,True,7,0,0,0,0,False,False
-2.25,12.0,collapse,False,0.0608407212,-0.4571130227,0.6856695341,True,7,0,0,0,0,False,False
-2.25,12.25,collapse,False,0.0602518837,-0.4671281525,0.6936145294,True,7,0,0,0,0,False,False
-2.25,12.5,collapse,False,0.0596778452,-0.4769894002,0.7014550003,True,7,0,0,0,0,False,False
-2.25,12.75,collapse,False,0.0591179920,-0.4867017316,0.7091939517,True,7,0,0,0,0,False,False
-2.25,13.0,collapse,False,0.0585717459,-0.4962698683,0.7168342542,True,7,0,0,0,0,False,False
-2.25,13.25,collapse,False,0.0580385615,-0.5056983039,0.7243786516,True,7,0,0,0,0,False,False
-2.25,13.5,collapse,False,0.0575179241,-0.5149913188,0.7318297688,True,7,0,0,0,0,False,False
-2.25,13.75,collapse,False,0.0570093470,-0.5241529934,0.7391901188,True,7,0,0,0,0,False,False
-2.25,14.0,collapse,False,0.0565123701,-0.5331872209,0.7464621093,True,7,0,0,0,0,False,False
-2.0,0.0,unresolved,False,0.4999960363,0.9999999999,0.0000000000,True,0,0,0,0,7,True,False
-2.0,0.25,equilibrium,False,0.2755151858,0.7485246307,0.0499016420,True,0,7,0,0,0,True,False
-2.0,0.5,equilibrium,False,0.2363601997,0.6317291949,0.0902470278,True,0,7,0,0,0,False,False
-2.0,0.75,equilibrium,False,0.2127006055,0.5442419383,0.1255942934,True,0,7,0,0,0,False,False
-2.0,1.0,equilibrium,False,0.1958460469,0.4724711184,0.1574903728,True,0,7,0,0,0,False,False
-2.0,1.25,equilibrium,False,0.1828484863,0.4108910228,0.1867686467,True,0,7,0,0,0,False,False
-2.0,1.5,equilibrium,False,0.1723362694,0.3565911992,0.2139547195,True,0,7,0,0,0,False,False
-2.0,1.75,equilibrium,False,0.1635570145,0.3078137645,0.2394107057,True,0,7,0,0,0,False,False
-2.0,2.0,equilibrium,False,0.1560530006,0.2634009232,0.2634009232,True,0,7,0,0,0,False,False
-2.0,2.25,equilibrium,False,0.1495250268,0.2225427631,0.2861264097,True,0,7,0,0,0,False,False
-2.0,2.5,equilibrium,False,0.1437668644,0.1846469296,0.3077448827,True,0,7,0,0,0,False,False
-2.0,2.75,equilibrium,False,0.1386304395,0.1492650510,0.3283831121,True,0,7,0,0,0,False,False
-2.0,3.0,equilibrium,False,0.1340059219,0.1160483348,0.3481450044,True,0,7,0,0,0,False,False
-2.0,3.25,equilibrium,False,0.1298096588,0.0847193335,0.3671171118,True,0,7,0,0,0,False,False
-2.0,3.5,equilibrium,False,0.1259765153,0.0550532165,0.3853725152,True,0,7,0,0,0,True,False
-2.0,3.75,equilibrium,False,0.1224548201,0.0268649093,0.4029736391,True,0,7,0,0,0,True,False
-2.0,4.0,equilibrium,False,0.1192029220,0.0000000000,0.4199743416,True,0,7,0,0,0,True,False
-2.0,4.25,equilibrium,False,0.1161867787,-0.0256718528,0.4364214975,True,0,7,0,0,0,True,False
-2.0,4.5,equilibrium,False,0.1133782265,-0.0502618021,0.4523562193,True,0,7,0,0,0,True,False
-2.0,4.75,equilibrium,False,0.1107537145,-0.0738654969,0.4678148138,True,0,7,0,0,0,True,False
-2.0,5.0,equilibrium,False,0.1082933599,-0.0965659081,0.4828295404,True,0,7,0,0,0,True,False
-2.0,5.25,equilibrium,False,0.1059802329,-0.1184355289,0.4974292215,True,0,7,0,0,0,True,False
-2.0,5.5,equilibrium,False,0.1037998067,-0.1395381102,0.5116397374,True,0,7,0,0,0,True,False
-2.0,5.75,equilibrium,False,0.1017395288,-0.1599300449,0.5254844332,True,0,7,0,0,0,True,False
-2.0,6.0,collapse,False,0.0997884840,-0.1796614849,0.5389844546,True,7,0,0,0,0,True,False
-2.0,6.25,collapse,False,0.0979371251,-0.1987772504,0.5521590290,True,7,0,0,0,0,True,False
-2.0,6.5,collapse,False,0.0961770572,-0.2173175772,0.5650257006,True,7,0,0,0,0,True,False
-2.0,6.75,collapse,False,0.0945008619,-0.2353187348,0.5776005308,True,7,0,0,0,0,True,False
-2.0,7.0,collapse,False,0.0929019542,-0.2528135432,0.5898982676,True,7,0,0,0,0,True,False
-2.0,7.25,collapse,False,0.0913744638,-0.2698318064,0.6019324912,True,7,0,0,0,0,True,False
-2.0,7.5,collapse,False,0.0899131376,-0.2864006785,0.6137157397,True,7,0,0,0,0,True,False
-2.0,7.75,collapse,False,0.0885132569,-0.3025449760,0.6252596171,True,7,0,0,0,0,True,False
-2.0,8.0,collapse,False,0.0871705691,-0.3182874440,0.6365748880,True,7,0,0,0,0,True,False
-2.0,8.25,collapse,False,0.0858812292,-0.3336489854,0.6476715600,True,7,0,0,0,0,True,False
-2.0,8.5,collapse,False,0.0846417500,-0.3486488587,0.6585589553,True,7,0,0,0,0,False,False
-2.0,8.75,collapse,False,0.0834489605,-0.3633048495,0.6692457753,True,7,0,0,0,0,False,False
-2.0,9.0,collapse,False,0.0822999689,-0.3776334200,0.6797401559,True,7,0,0,0,0,False,False
-2.0,9.25,collapse,False,0.0811921317,-0.3916498398,0.6900497177,True,7,0,0,0,0,False,False
-2.0,9.5,collapse,False,0.0801230268,-0.4053683007,0.7001816103,True,7,0,0,0,0,False,False
-2.0,9.75,collapse,False,0.0790904295,-0.4188020175,0.7101425515,True,7,0,0,0,0,False,False
-2.0,10.0,collapse,False,0.0780922924,-0.4319633178,0.7199388630,True,7,0,0,0,0,False,False
-2.0,10.25,collapse,False,0.0771267274,-0.4448637208,0.7295765020,True,7,0,0,0,0,False,False
-2.0,10.5,collapse,False,0.0761919897,-0.4575140079,0.7390610896,True,7,0,0,0,0,False,False
-2.0,10.75,collapse,False,0.0752864644,-0.4699242857,0.7483979366,True,7,0,0,0,0,False,False
-2.0,11.0,collapse,False,0.0744086538,-0.4821040423,0.7575920665,True,7,0,0,0,0,False,False
-2.0,11.25,collapse,False,0.0735571668,-0.4940621973,0.7666482373,True,7,0,0,0,0,False,False
-2.0,11.5,collapse,False,0.0727307090,-0.5058071475,0.7755709594,True,7,0,0,0,0,False,False
-2.0,11.75,collapse,False,0.0719280747,-0.5173468073,0.7843645143,True,7,0,0,0,0,False,False
-2.0,12.0,collapse,False,0.0711481384,-0.5286886461,0.7930329692,True,7,0,0,0,0,False,False
-2.0,12.25,collapse,False,0.0703898485,-0.5398397215,0.8015801926,True,7,0,0,0,0,False,False
-2.0,12.5,collapse,False,0.0696522212,-0.5508067092,0.8100098665,True,7,0,0,0,0,False,False
-2.0,12.75,collapse,False,0.0689343346,-0.5615959310,0.8183254995,True,7,0,0,0,0,False,False
-2.0,13.0,collapse,False,0.0682353238,-0.5722133795,0.8265304371,True,7,0,0,0,0,False,False
-2.0,13.25,collapse,False,0.0675543766,-0.5826647412,0.8346278725,True,7,0,0,0,0,False,False
-2.0,13.5,collapse,False,0.0668907293,-0.5929554169,0.8426208556,True,7,0,0,0,0,False,False
-2.0,13.75,collapse,False,0.0662436631,-0.6030905415,0.8505123022,True,7,0,0,0,0,False,False
-2.0,14.0,collapse,False,0.0656125003,-0.6130750010,0.8583050014,True,7,0,0,0,0,False,False
-1.75,0.0,equilibrium,False,0.8247956323,0.5780311890,0.0000000000,True,0,7,0,0,0,True,False
-1.75,0.25,equilibrium,False,0.7244848142,0.7485246307,0.0499016420,True,0,7,0,0,0,False,False
-1.75,0.5,equilibrium,False,0.5000000000,0.8750000000,0.1250000000,True,0,7,0,0,0,False,False
-1.75,0.75,equilibrium,False,0.3557914293,0.7449126365,0.1719029161,True,0,7,0,0,0,False,False
-1.75,1.0,equilibrium,False,0.2984723869,0.6281598635,0.2093866212,True,0,7,0,0,0,False,False
-1.75,1.25,equilibrium,False,0.2645352655,0.5350299867,0.2431954485,True,0,7,0,0,0,False,False
-1.75,1.5,equilibrium,False,0.2409005428,0.4571686783,0.2743012070,True,0,7,0,0,0,False,False
-1.75,1.75,equilibrium,False,0.2230052762,0.3898663267,0.3032293652,True,0,7,0,0,0,False,False
-1.75,2.0,equilibrium,False,0.2087442308,0.3303401538,0.3303401538,True,0,7,0,0,0,False,False
-1.75,2.25,equilibrium,False,0.1969783420,0.2768112808,0.3559002182,True,0,7,0,0,0,False,False
-1.75,2.5,equilibrium,False,0.1870241257,0.2280691531,0.3801152552,True,0,7,0,0,0,False,False
-1.75,2.75,equilibrium,False,0.1784404598,0.1832493276,0.4031485208,True,0,7,0,0,0,False,False
-1.75,3.0,equilibrium,False,0.1709267762,0.1417108134,0.4251324401,True,0,7,0,0,0,False,False
-1.75,3.25,equilibrium,False,0.1642694917,0.1029637694,0.4461763339,True,0,7,0,0,0,False,False
-1.75,3.5,equilibrium,False,0.1583116616,0.0666245397,0.4663717780,True,0,7,0,0,0,False,False
-1.75,3.75,equilibrium,False,0.1529347575,0.0323864294,0.4857964404,True,0,7,0,0,0,False,False
-1.75,4.0,equilibrium,False,0.1480471980,0.0000000000,0.5045169007,True,0,7,0,0,0,False,False
-1.75,4.25,equilibrium,False,0.1435768433,-0.0307406333,0.5225907668,True,0,7,0,0,0,False,False
-1.75,4.5,equilibrium,False,0.1394659188,-0.0600075881,0.5400682933,True,0,7,0,0,0,False,False
-1.75,4.75,equilibrium,False,0.1356674858,-0.0879463643,0.5569936408,True,0,7,0,0,0,False,False
-1.75,5.0,equilibrium,False,0.1321429264,-0.1146811734,0.5734058672,True,0,7,0,0,0,False,False
-1.75,5.25,equilibrium,False,0.1288601137,-0.1403189810,0.5893397202,True,0,7,0,0,0,False,False
-1.75,5.5,equilibrium,False,0.1257920552,-0.1649526210,0.6048262771,True,0,7,0,0,0,False,False
-1.75,5.75,equilibrium,False,0.1229158706,-0.1886632289,0.6198934664,True,0,7,0,0,0,False,False
-1.75,6.0,equilibrium,False,0.1202120104,-0.2115221658,0.6345664975,True,0,7,0,0,0,True,False
-1.75,6.25,equilibrium,False,0.1176636491,-0.2335925583,0.6488682174,True,0,7,0,0,0,True,False
-1.75,6.5,equilibrium,False,0.1152562110,-0.2549305420,0.6628194092,True,0,7,0,0,0,True,False
-1.75,6.75,equilibrium,False,0.1129769925,-0.2755862770,0.6764390435,True,0,7,0,0,0,True,False
-1.75,7.0,equilibrium,False,0.1108148607,-0.2956047821,0.6897444915,True,0,7,0,0,0,True,False
-1.75,7.25,equilibrium,False,0.1087600097,-0.3150266275,0.7027517075,True,0,7,0,0,0,True,False
-1.75,7.5,equilibrium,False,0.1068037613,-0.3338885126,0.7154753842,True,0,7,0,0,0,True,False
-1.75,7.75,equilibrium,False,0.1049384022,-0.3522237522,0.7279290879,True,0,7,0,0,0,True,False
-1.75,8.0,equilibrium,False,0.1031570486,-0.3700626876,0.7401253752,True,0,7,0,0,0,True,False
-1.75,8.25,equilibrium,False,0.1014535340,-0.3874330363,0.7520758941,True,0,7,0,0,0,True,False
-1.75,8.5,collapse,False,0.0998223149,-0.4043601916,0.7637914730,True,7,0,0,0,0,True,False
-1.75,8.75,collapse,False,0.0982583913,-0.4208674794,0.7752821989,True,7,0,0,0,0,True,False
-1.75,9.0,collapse,False,0.0967572396,-0.4369763809,0.7865574856,True,7,0,0,0,0,True,False
-1.75,9.25,collapse,False,0.0953147549,-0.4527067251,0.7976261347,True,7,0,0,0,0,True,False
-1.75,9.5,collapse,False,0.0939272024,-0.4680768569,0.8084963892,True,7,0,0,0,0,True,False
-1.75,9.75,collapse,False,0.0925911751,-0.4831037840,0.8191759816,True,7,0,0,0,0,True,False
-1.75,10.0,collapse,False,0.0913035572,-0.4978033060,0.8296721766,True,7,0,0,0,0,True,False
-1.75,10.25,collapse,False,0.0900614929,-0.5121901276,0.8399918093,True,7,0,0,0,0,True,False
-1.75,10.5,collapse,False,0.0888623588,-0.5262779598,0.8501413196,True,7,0,0,0,0,True,False
-1.75,10.75,collapse,False,0.0877037397,-0.5400796080,0.8601267831,True,7,0,0,0,0,True,False
-1.75,11.0,collapse,False,0.0865834083,-0.5536070520,0.8699539388,True,7,0,0,0,0,False,False
-1.75,11.25,collapse,False,0.0854993060,-0.5668715162,0.8796282147,True,7,0,0,0,0,True,False
-1.75,11.5,collapse,False,0.0844495270,-0.5798835327,0.8891547502,True,7,0,0,0,0,True,True
-1.75,11.75,collapse,False,0.0834323040,-0.5926529984,0.8985384170,True,7,0,0,0,0,True,True
-1.75,12.0,collapse,False,0.0824459953,-0.6051892253,0.9077838379,True,7,0,0,0,0,True,True
-1.75,12.25,collapse,False,0.0814890735,-0.6175009864,0.9168954041,True,7,0,0,0,0,True,True
-1.75,12.5,collapse,False,0.0805601155,-0.6295965578,0.9258772909,True,7,0,0,0,0,True,True
-1.75,12.75,collapse,False,0.0796577932,-0.6414837552,0.9347334719,True,7,0,0,0,0,True,True
-1.75,13.0,collapse,False,0.0787808658,-0.6531699685,0.9434677323,True,7,0,0,0,0,True,True
-1.75,13.25,collapse,False,0.0779281721,-0.6646621922,0.9520836808,True,7,0,0,0,0,True,True
-1.75,13.5,collapse,False,0.0770986247,-0.6759670541,0.9605847610,True,7,0,0,0,0,True,True
-1.75,13.75,collapse,False,0.0762912031,-0.6870908400,0.9689742616,True,7,0,0,0,0,True,True
-1.75,14.0,collapse,False,0.0755049492,-0.6980395181,0.9772553254,True,7,0,0,0,0,True,True
-1.5,0.0,equilibrium,False,0.8848873956,0.4074467708,0.0000000000,True,0,7,0,0,0,False,False
-1.5,0.25,equilibrium,False,0.8377447681,0.5097317686,0.0339821179,True,0,7,0,0,0,False,False
-1.5,0.5,equilibrium,False,0.7636398003,0.6317291949,0.0902470278,True,0,7,0,0,0,False,False
-1.5,0.75,equilibrium,False,0.6442085707,0.7449126365,0.1719029161,True,0,7,0,0,0,False,False
-1.5,1.0,equilibrium,False,0.5000000000,0.7500000000,0.2500000000,True,0,7,0,0,0,False,False
-1.5,1.25,equilibrium,False,0.4038758568,0.6620904100,0.3009501864,True,0,7,0,0,0,False,False
-1.5,1.5,equilibrium,False,0.3468705855,0.5663784560,0.3398270736,True,0,7,0,0,0,False,False
-1.5,1.75,equilibrium,False,0.3090199507,0.4804348967,0.3736715864,True,0,7,0,0,0,False,False
-1.5,2.0,equilibrium,False,0.2815112964,0.4045253728,0.4045253728,True,0,7,0,0,0,False,False
-1.5,2.25,equilibrium,False,0.2602810923,0.3369359792,0.4332034019,True,0,7,0,0,0,False,False
-1.5,2.5,equilibrium,False,0.2432037801,0.2760835521,0.4601392536,True,0,7,0,0,0,False,False
-1.5,2.75,equilibrium,False,0.2290490257,0.2207319619,0.4856103161,True,0,7,0,0,0,False,False
-1.5,3.0,equilibrium,False,0.2170481769,0.1699382658,0.5098147975,True,0,7,0,0,0,False,False
-1.5,3.25,equilibrium,False,0.2066921462,0.1229778772,0.5329041345,True,0,7,0,0,0,False,False
-1.5,3.5,equilibrium,False,0.1976279768,0.0792855798,0.5549990585,True,0,7,0,0,0,False,False
-1.5,3.75,equilibrium,False,0.1896018157,0.0384132418,0.5761986270,True,0,7,0,0,0,False,False
-1.5,4.0,equilibrium,False,0.1824255238,0.0000000000,0.5965858083,True,0,7,0,0,0,False,False
-1.5,4.25,equilibrium,False,0.1759561347,-0.0362488933,0.6162311868,True,0,7,0,0,0,False,False
-1.5,4.5,equilibrium,False,0.1700826892,-0.0705772840,0.6351955561,True,0,7,0,0,0,False,False
-1.5,4.75,equilibrium,False,0.1647174976,-0.1031892327,0.6535318070,True,0,7,0,0,0,False,False
-1.5,5.0,equilibrium,False,0.1597901666,-0.1342572693,0.6712863463,True,0,7,0,0,0,False,False
-1.5,5.25,equilibrium,False,0.1552434091,-0.1639286163,0.6885001884,True,0,7,0,0,0,False,False
-1.5,5.5,equilibrium,False,0.1510300384,-0.1923299489,0.7052098126,True,0,7,0,0,0,False,False
-1.5,5.75,equilibrium,False,0.1471107692,-0.2195710838,0.7214478468,True,0,7,0,0,0,False,False
-1.5,6.0,equilibrium,False,0.1434525794,-0.2457478737,0.7372436210,True,0,7,0,0,0,False,False
-1.5,6.25,equilibrium,False,0.1400274721,-0.2709445030,0.7526236195,True,0,7,0,0,0,False,False
-1.5,6.5,equilibrium,False,0.1368115251,-0.2952353293,0.7676118561,True,0,7,0,0,0,False,False
-1.5,6.75,equilibrium,False,0.1337841530,-0.3186863719,0.7822301855,True,0,7,0,0,0,False,False
-1.5,7.0,equilibrium,False,0.1309275268,-0.3413565286,0.7964985668,True,0,7,0,0,0,False,False
-1.5,7.25,equilibrium,False,0.1282261135,-0.3632985762,0.8104352854,True,0,7,0,0,0,False,False
-1.5,7.5,equilibrium,False,0.1256663063,-0.3845600002,0.8240571433,True,0,7,0,0,0,False,False
-1.5,7.75,equilibrium,False,0.1232361262,-0.4051836876,0.8373796211,True,0,7,0,0,0,False,False
-1.5,8.0,equilibrium,False,0.1209249776,-0.4252085095,0.8504170191,True,0,7,0,0,0,False,False
-1.5,8.25,equilibrium,False,0.1187234485,-0.4446698131,0.8631825783,True,0,7,0,0,0,False,False
-1.5,8.5,equilibrium,False,0.1166231445,-0.4635998400,0.8756885867,True,0,7,0,0,0,True,False
-1.5,8.75,equilibrium,False,0.1146165504,-0.4820280848,0.8879464720,True,0,7,0,0,0,True,True
-1.5,9.0,equilibrium,False,0.1126969149,-0.4999816014,0.8999668825,True,0,7,0,0,0,True,True
-1.5,9.25,equilibrium,False,0.1108581526,-0.5174852688,0.9117597593,True,0,7,0,0,0,True,True
-1.5,9.5,equilibrium,False,0.1090947617,-0.5345620207,0.9233343995,True,0,7,0,0,0,True,True
-1.5,9.75,equilibrium,False,0.1074017533,-0.5512330458,0.9346995125,True,0,7,0,0,0,True,True
-1.5,10.0,equilibrium,False,0.1057745912,-0.5675179622,0.9458632703,True,0,7,0,0,0,True,True
-1.5,10.25,equilibrium,False,0.1042091402,-0.5834349708,0.9568333522,True,0,7,0,0,0,True,True
-1.5,10.5,equilibrium,False,0.1027016216,-0.5990009904,0.9676169846,True,0,7,0,0,0,True,True
-1.5,10.75,equilibrium,False,0.1012485740,-0.6142317765,0.9782209775,True,0,7,0,0,0,True,True
-1.5,11.0,collapse,False,0.0998468198,-0.6291420269,0.9886517566,True,7,0,0,0,0,True,True
-1.5,11.25,unresolved,False,0.0984934363,-0.6437454752,0.9989153926,True,0,0,0,0,7,True,True
-1.5,11.5,unresolved,False,0.0971857293,-0.6580549747,1.0090176279,False,0,0,0,0,7,True,True
-1.5,11.75,equilibrium,True,0.0959212106,-0.6720825724,1.0189639001,False,0,4,0,0,3,True,True
-1.5,12.0,equilibrium,False,0.0946975784,-0.6858395762,1.0287593643,False,0,7,0,0,0,True,True
-1.5,12.25,equilibrium,False,0.0935126995,-0.6993366146,1.0384089126,False,0,7,0,0,0,True,True
-1.5,12.5,equilibrium,False,0.0923645935,-0.7125836908,1.0479171924,False,0,7,0,0,0,True,True
-1.5,12.75,equilibrium,False,0.0912514194,-0.7255902312,1.0572886226,False,0,7,0,0,0,True,True
-1.5,13.0,equilibrium,False,0.0901714626,-0.7383651294,1.0665274092,False,0,7,0,0,0,True,True
-1.5,13.25,equilibrium,False,0.0891231244,-0.7509167863,1.0756375588,False,0,7,0,0,0,True,True
-1.5,13.5,equilibrium,False,0.0881049119,-0.7632531459,1.0846228916,False,0,7,0,0,0,True,True
-1.5,13.75,equilibrium,False,0.0871154291,-0.7753817283,1.0934870528,False,0,7,0,0,0,True,True
-1.5,14.0,equilibrium,False,0.0861533690,-0.7873096598,1.1022335237,False,0,7,0,0,0,True,True
-1.25,0.0,equilibrium,False,0.9186985503,0.2987660960,0.0000000000,True,0,7,0,0,0,False,False
-1.25,0.25,equilibrium,False,0.8894970444,0.3685951964,0.0245730131,True,0,7,0,0,0,False,False
-1.25,0.5,equilibrium,False,0.8477648599,0.4517086078,0.0645298011,True,0,7,0,0,0,False,False
-1.25,0.75,equilibrium,False,0.7872993945,0.5442419383,0.1255942934,True,0,7,0,0,0,False,False
-1.25,1.0,equilibrium,False,0.7015276131,0.6281598635,0.2093866212,True,0,7,0,0,0,False,False
-1.25,1.25,equilibrium,False,0.5961241432,0.6620904100,0.3009501864,True,0,7,0,0,0,False,False
-1.25,1.5,equilibrium,False,0.5000000000,0.6250000000,0.3750000000,True,0,7,0,0,0,False,False
-1.25,1.75,equilibrium,False,0.4296455122,0.5513630536,0.4288379306,True,0,7,0,0,0,False,False
-1.25,2.0,equilibrium,False,0.3797987567,0.4711033222,0.4711033222,True,0,7,0,0,0,False,False
-1.25,2.25,equilibrium,False,0.3430757534,0.3944058665,0.5070932569,True,0,7,0,0,0,False,False
-1.25,2.5,equilibrium,False,0.3147914702,0.3235467007,0.5392445012,True,0,7,0,0,0,False,False
-1.25,2.75,equilibrium,False,0.2921924881,0.2585200475,0.5687441045,True,0,7,0,0,0,False,False
-1.25,3.0,equilibrium,False,0.2736083445,0.1987468183,0.5962404550,True,0,7,0,0,0,False,False
-1.25,3.25,equilibrium,False,0.2579753362,0.1435680466,0.6221282019,True,0,7,0,0,0,False,False
-1.25,3.5,equilibrium,False,0.2445843629,0.0923814262,0.6466699831,True,0,7,0,0,0,False,False
-1.25,3.75,equilibrium,False,0.2329435753,0.0446702165,0.6700532475,True,0,7,0,0,0,False,False
-1.25,4.0,equilibrium,False,0.2227001388,0.0000000000,0.6924191480,True,0,7,0,0,0,False,False
-1.25,4.25,equilibrium,False,0.2135936263,-0.0419928473,0.7138784037,True,0,7,0,0,0,False,False
-1.25,4.5,equilibrium,False,0.2054270941,-0.0816134016,0.7345206141,True,0,7,0,0,0,False,False
-1.25,4.75,equilibrium,False,0.1980484726,-0.1191189563,0.7544200568,True,0,7,0,0,0,False,False
-1.25,5.0,equilibrium,False,0.1913382053,-0.1547278965,0.7736394826,True,0,7,0,0,0,False,False
-1.25,5.25,equilibrium,False,0.1852008077,-0.1886268357,0.7922327098,True,0,7,0,0,0,False,False
-1.25,5.5,equilibrium,False,0.1795589585,-0.2209763084,0.8102464640,True,0,7,0,0,0,False,False
-1.25,5.75,equilibrium,False,0.1743492735,-0.2519153076,0.8277217249,True,0,7,0,0,0,False,False
-1.25,6.0,equilibrium,False,0.1695192237,-0.2815649129,0.8446947388,True,0,7,0,0,0,False,False
-1.25,6.25,equilibrium,False,0.1650248482,-0.3100312073,0.8611977979,True,0,7,0,0,0,False,False
-1.25,6.5,equilibrium,False,0.1608290314,-0.3374076351,0.8772598513,True,0,7,0,0,0,True,False
-1.25,6.75,equilibrium,False,0.1569001858,-0.3637769231,0.8929069929,True,0,7,0,0,0,True,True
-1.25,7.0,equilibrium,False,0.1532112328,-0.3892126528,0.9081628566,True,0,7,0,0,0,False,True
-1.25,7.25,equilibrium,False,0.1497388048,-0.4137805592,0.9230489398,True,0,7,0,0,0,True,True
-1.25,7.5,equilibrium,False,0.1464626135,-0.4375396072,0.9375848725,True,0,7,0,0,0,True,True
-1.25,7.75,equilibrium,False,0.1433649452,-0.4605428912,0.9517886418,True,0,7,0,0,0,True,True
-1.25,8.0,equilibrium,False,0.1404302540,-0.4828383910,0.9656767821,True,0,7,0,0,0,True,True
-1.25,8.25,equilibrium,False,0.1376448313,-0.5044696098,0.9792645367,True,0,7,0,0,0,True,True
-1.25,8.5,unresolved,False,0.1349965345,-0.5254761159,0.9925659966,True,0,0,0,0,7,True,True
-1.25,8.75,unresolved,False,0.1324745637,-0.5458940050,1.0055942198,False,0,0,0,0,7,True,True
-1.25,9.0,equilibrium,False,0.1300692760,-0.5657562972,1.0183613350,False,0,7,0,0,0,True,True
-1.25,9.25,equilibrium,False,0.1277720304,-0.5850932778,1.0308786323,False,0,7,0,0,0,True,True
-1.25,9.5,equilibrium,False,0.1255750574,-0.6039327928,1.0431566421,False,0,7,0,0,0,True,True
-1.25,9.75,equilibrium,False,0.1234713489,-0.6223005055,1.0552052049,False,0,7,0,0,0,True,True
-1.25,10.0,lock-in,False,0.1214545645,-0.6402201197,1.0670335329,False,0,0,7,0,0,True,True
-1.25,10.25,lock-in,False,0.1195189520,-0.6577135759,1.0786502645,False,0,0,7,0,0,True,True
-1.25,10.5,lock-in,False,0.1176592785,-0.6748012222,1.0900635129,False,0,0,7,0,0,True,True
-1.25,10.75,lock-in,False,0.1158707714,-0.6915019664,1.1012809095,False,0,0,7,0,0,True,True
-1.25,11.0,lock-in,False,0.1141490682,-0.7078334092,1.1123096430,False,0,0,7,0,0,True,True
-1.25,11.25,lock-in,False,0.1124901714,-0.7238119626,1.1231564936,False,0,0,7,0,0,True,True
-1.25,11.5,lock-in,False,0.1108904106,-0.7394529556,1.1338278652,False,0,0,7,0,0,True,False
-1.25,11.75,lock-in,False,0.1093464084,-0.7547707278,1.1443298131,False,0,0,7,0,0,True,False
-1.25,12.0,lock-in,False,0.1078550513,-0.7697787135,1.1546680702,False,0,0,7,0,0,True,False
-1.25,12.25,lock-in,False,0.1064134636,-0.7844895164,1.1648480698,False,0,0,7,0,0,True,False
-1.25,12.5,lock-in,False,0.1050189845,-0.7989149777,1.1748749672,False,0,0,7,0,0,True,False
-1.25,12.75,lock-in,False,0.1036691478,-0.8130662362,1.1847536584,False,0,0,7,0,0,True,False
-1.25,13.0,lock-in,False,0.1023616640,-0.8269537836,1.1944887986,False,0,0,7,0,0,True,False
-1.25,13.25,lock-in,False,0.1010944044,-0.8405875138,1.2040848171,False,0,0,7,0,0,True,False
-1.25,13.5,lock-in,False,0.0998653868,-0.8539767678,1.2135459331,False,0,0,7,0,0,True,False
-1.25,13.75,lock-in,False,0.0986727627,-0.8671303742,1.2228761688,False,0,0,7,0,0,True,False
-1.25,14.0,lock-in,False,0.0975148061,-0.8800566867,1.2320793614,False,0,0,7,0,0,True,False
-1.0,0.0,equilibrium,False,0.9406126804,0.2234418635,0.0000000000,True,0,7,0,0,0,False,False
-1.0,0.25,equilibrium,False,0.9207732375,0.2735620597,0.0182374706,True,0,7,0,0,0,False,False
-1.0,0.5,equilibrium,False,0.8935354688,0.3329544219,0.0475649174,True,0,7,0,0,0,False,False
-1.0,0.75,equilibrium,False,0.8559059603,0.4008255790,0.0924982105,True,0,7,0,0,0,False,False
-1.0,1.0,equilibrium,False,0.8041539531,0.4724711184,0.1574903728,True,0,7,0,0,0,False,False
-1.0,1.25,equilibrium,False,0.7354647345,0.5350299867,0.2431954485,True,0,7,0,0,0,False,False
-1.0,1.5,equilibrium,False,0.6531294145,0.5663784560,0.3398270736,True,0,7,0,0,0,False,False
-1.0,1.75,equilibrium,False,0.5703544878,0.5513630536,0.4288379306,True,0,7,0,0,0,False,False
-1.0,2.0,equilibrium,False,0.5000000000,0.5000000000,0.5000000000,True,0,7,0,0,0,False,False
-1.0,2.25,equilibrium,False,0.4448450857,0.4321763870,0.5556553547,True,0,7,0,0,0,False,False
-1.0,2.5,equilibrium,False,0.4020521354,0.3606093237,0.6010155396,True,0,7,0,0,0,False,False
-1.0,2.75,equilibrium,False,0.3682644964,0.2908071964,0.6397758320,True,0,7,0,0,0,False,False
-1.0,3.0,equilibrium,False,0.3409539316,0.2247043481,0.6741130444,True,0,7,0,0,0,False,False
-1.0,3.25,equilibrium,False,0.3183830275,0.1627614565,0.7052996447,True,0,7,0,0,0,False,False
-1.0,3.5,equilibrium,False,0.2993664064,0.1048730806,0.7341115639,True,0,7,0,0,0,False,False
-1.0,3.75,equilibrium,False,0.2830810081,0.0507365377,0.7610480660,True,0,7,0,0,0,False,False
-1.0,4.0,equilibrium,False,0.2689414214,0.0000000000,0.7864477330,True,0,7,0,0,0,False,False
-1.0,4.25,equilibrium,False,0.2565209523,-0.0476794883,0.8105513017,True,0,7,0,0,0,False,False
-1.0,4.5,equilibrium,False,0.2455014123,-0.0926152344,0.8335371100,True,0,7,0,0,0,False,False
-1.0,4.75,equilibrium,False,0.2356405817,-0.1350855735,0.8555419652,True,0,7,0,0,0,False,False
-1.0,5.0,equilibrium,False,0.2267506448,-0.1753347899,0.8766739495,True,0,7,0,0,0,False,False
-1.0,5.25,equilibrium,False,0.2186835652,-0.2135763294,0.8970205836,True,0,7,0,0,0,True,False
-1.0,5.5,equilibrium,False,0.2113209453,-0.2499966050,0.9166542185,True,0,7,0,0,0,False,True
-1.0,5.75,equilibrium,False,0.2045668506,-0.2847586949,0.9356357118,True,0,7,0,0,0,True,True
-1.0,6.0,equilibrium,False,0.1983426357,-0.3180056691,0.9540170074,True,0,7,0,0,0,True,True
-1.0,6.25,equilibrium,False,0.1925831479,-0.3498634778,0.9718429940,True,0,7,0,0,0,True,True
-1.0,6.5,unresolved,False,0.1872338979,-0.3804434134,0.9891528749,True,0,0,0,0,7,True,True
-1.0,6.75,unresolved,False,0.1822489213,-0.4098441929,1.0059812008,False,0,0,0,0,7,True,True
-1.0,7.0,equilibrium,False,0.1775891400,-0.4381537120,1.0223586614,False,0,7,0,0,0,True,True
-1.0,7.25,lock-in,False,0.1732210921,-0.4654505224,1.0383127038,False,0,0,7,0,0,True,True
-1.0,7.5,lock-in,False,0.1691159364,-0.4918050775,1.0538680232,False,0,0,7,0,0,True,True
-1.0,7.75,lock-in,False,0.1652486636,-0.5172807854,1.0690469564,False,0,0,7,0,0,True,True
-1.0,8.0,lock-in,False,0.1615974666,-0.5419349015,1.0838698031,False,0,0,7,0,0,True,True
-1.0,8.25,lock-in,False,0.1581432320,-0.5658192884,1.0983550892,False,0,0,7,0,0,True,True
-1.0,8.5,lock-in,False,0.1548691274,-0.5889810635,1.1125197866,False,0,0,7,0,0,True,True
-1.0,8.75,lock-in,False,0.1517602627,-0.6114631556,1.1263794972,False,0,0,7,0,0,True,False
-1.0,9.0,lock-in,False,0.1488034118,-0.6333047823,1.1399486082,False,0,0,7,0,0,True,False
-1.0,9.25,lock-in,False,0.1459867807,-0.6545418629,1.1532404251,False,0,0,7,0,0,True,False
-1.0,9.5,lock-in,False,0.1432998142,-0.6752073758,1.1662672855,False,0,0,7,0,0,True,False
-1.0,9.75,lock-in,False,0.1407330337,-0.6953316697,1.1790406573,False,0,0,7,0,0,True,False
-1.0,10.0,lock-in,False,0.1382779000,-0.7149427344,1.1915712240,False,0,0,7,0,0,False,False
-1.0,10.25,lock-in,False,0.1359266972,-0.7340664386,1.2038689593,False,0,0,7,0,0,False,False
-1.0,10.5,lock-in,False,0.1336724329,-0.7527267382,1.2159431924,False,0,0,7,0,0,False,False
-1.0,10.75,lock-in,False,0.1315087538,-0.7709458600,1.2278026659,False,0,0,7,0,0,False,False
-1.0,11.0,lock-in,False,0.1294298724,-0.7887444639,1.2394555862,False,0,0,7,0,0,False,False
-1.0,11.25,lock-in,False,0.1274305039,-0.8061417869,1.2509096694,False,0,0,7,0,0,False,False
-1.0,11.5,lock-in,False,0.1255058114,-0.8231557703,1.2621721811,False,0,0,7,0,0,False,False
-1.0,11.75,lock-in,False,0.1236513582,-0.8398031737,1.2732499731,False,0,0,7,0,0,False,False
-1.0,12.0,lock-in,False,0.1218630666,-0.8560996767,1.2841495151,False,0,0,7,0,0,False,False
-1.0,12.25,lock-in,False,0.1201371810,-0.8720599695,1.2948769244,False,0,0,7,0,0,False,False
-1.0,12.5,lock-in,False,0.1184702362,-0.8876978346,1.3054379921,False,0,0,7,0,0,False,False
-1.0,12.75,lock-in,False,0.1168590293,-0.9030262202,1.3158382066,False,0,0,7,0,0,False,False
-1.0,13.0,lock-in,False,0.1153005944,-0.9180573062,1.3260827756,False,0,0,7,0,0,False,False
-1.0,13.25,lock-in,False,0.1137921808,-0.9328025637,1.3361766453,False,0,0,7,0,0,False,False
-1.0,13.5,lock-in,False,0.1123312333,-0.9472728095,1.3461245187,False,0,0,7,0,0,False,False
-1.0,13.75,lock-in,False,0.1109153746,-0.9614782545,1.3559308717,False,0,0,7,0,0,False,False
-1.0,14.0,lock-in,False,0.1095423901,-0.9754285485,1.3655999679,False,0,0,7,0,0,False,False
-0.75,0.0,equilibrium,False,0.9557682698,0.1691011369,0.0000000000,True,0,7,0,0,0,False,False
-0.75,0.25,equilibrium,False,0.9416509137,0.2060417641,0.0137361176,True,0,7,0,0,0,False,False
-0.75,0.5,equilibrium,False,0.9226847707,0.2496815462,0.0356687923,True,0,7,0,0,0,False,False
-0.75,0.75,equilibrium,False,0.8971217968,0.2999564052,0.0692207089,True,0,7,0,0,0,False,False
-0.75,1.0,equilibrium,False,0.8627369816,0.3552656465,0.1184218822,True,0,7,0,0,0,False,False
-0.75,1.25,equilibrium,False,0.8171515137,0.4108910228,0.1867686467,True,0,7,0,0,0,False,False
-0.75,1.5,equilibrium,False,0.7590994572,0.4571686783,0.2743012070,True,0,7,0,0,0,False,False
-0.75,1.75,equilibrium,False,0.6909800493,0.4804348967,0.3736715864,True,0,7,0,0,0,False,False
-0.75,2.0,equilibrium,False,0.6202012433,0.4711033222,0.4711033222,True,0,7,0,0,0,False,False
-0.75,2.25,equilibrium,False,0.5551549143,0.4321763870,0.5556553547,True,0,7,0,0,0,False,False
-0.75,2.5,equilibrium,False,0.5000000000,0.3750000000,0.6250000000,True,0,7,0,0,0,False,False
-0.75,2.75,equilibrium,False,0.4547263165,0.3099378670,0.6818633074,True,0,7,0,0,0,False,False
-0.75,3.0,equilibrium,False,0.4176750299,0.2432225993,0.7296677979,True,0,7,0,0,0,False,False
-0.75,3.25,equilibrium,False,0.3870549011,0.1779325535,0.7710410651,True,0,7,0,0,0,False,False
-0.75,3.5,equilibrium,False,0.3613981482,0.1153947633,0.8077633434,True,0,7,0,0,0,False,False
-0.75,3.75,equilibrium,False,0.3395945966,0.0560675266,0.8410128996,True,0,7,0,0,0,False,False
-0.75,4.0,equilibrium,False,0.3208213008,0.0000000000,0.8715799750,True,0,7,0,0,0,False,False
-0.75,4.25,equilibrium,False,0.3044667991,-0.0529416918,0.9000087613,True,0,7,0,0,0,False,False
-0.75,4.5,equilibrium,False,0.2900716991,-0.1029650542,0.9266854882,True,0,7,0,0,0,True,True
-0.75,4.75,equilibrium,False,0.2772859313,-0.1502988327,0.9518926070,True,0,7,0,0,0,True,True
-0.75,5.0,equilibrium,False,0.2658387531,-0.1951685105,0.9758425523,True,0,7,0,0,0,True,True
-0.75,5.25,unresolved,False,0.2555177414,-0.2377855315,0.9986992324,True,0,0,0,0,7,True,True
-0.75,5.5,equilibrium,False,0.2461539632,-0.2783432844,1.0205920429,False,0,7,0,0,0,True,True
-0.75,5.75,lock-in,False,0.2376113839,-0.3170163748,1.0416252315,False,0,0,7,0,0,True,True
-0.75,6.0,lock-in,False,0.2297791973,-0.3539614356,1.0618843067,False,0,0,7,0,0,True,True
-0.75,6.25,lock-in,False,0.2225661951,-0.3893185887,1.0814405242,False,0,0,7,0,0,True,True
-0.75,6.5,lock-in,False,0.2158965774,-0.4232131132,1.1003540943,False,0,0,7,0,0,True,True
-0.75,6.75,lock-in,False,0.2097067944,-0.4557571007,1.1186765199,False,0,0,7,0,0,True,False
-0.75,7.0,lock-in,False,0.2039431363,-0.4870510003,1.1364523341,False,0,0,7,0,0,True,False
-0.75,7.25,lock-in,False,0.1985598729,-0.5171850118,1.1537204108,False,0,0,7,0,0,False,False
-0.75,7.5,lock-in,False,0.1935178029,-0.5462403200,1.1705149715,False,0,0,7,0,0,False,False
-0.75,7.75,lock-in,False,0.1887831101,-0.5742901779,1.1868663677,False,0,0,7,0,0,False,False
-0.75,8.0,lock-in,False,0.1843264541,-0.6014008496,1.2028016992,False,0,0,7,0,0,False,False
-0.75,8.25,lock-in,False,0.1801222404,-0.6276324304,1.2183453061,False,0,0,7,0,0,False,False
-0.75,8.5,lock-in,False,0.1761480308,-0.6530395593,1.2335191676,False,0,0,7,0,0,False,False
-0.75,8.75,lock-in,False,0.1723840623,-0.6776720374,1.2483432267,False,0,0,7,0,0,False,False
-0.75,9.0,lock-in,False,0.1688128521,-0.7015753653,1.2628356575,False,0,0,7,0,0,False,False
-0.75,9.25,lock-in,False,0.1654188722,-0.7247912119,1.2770130876,False,0,0,7,0,0,False,False
-0.75,9.5,lock-in,False,0.1621882780,-0.7473578228,1.2908907848,False,0,0,7,0,0,False,False
-0.75,9.75,lock-in,False,0.1591086818,-0.7693103778,1.3044828144,False,0,0,7,0,0,False,False
-0.75,10.0,lock-in,False,0.1561689620,-0.7906813038,1.3178021729,False,0,0,7,0,0,False,False
-0.75,10.25,lock-in,False,0.1533591023,-0.8115005504,1.3308609027,False,0,0,7,0,0,False,False
-0.75,10.5,lock-in,False,0.1506700551,-0.8317958323,1.3436701907,False,0,0,7,0,0,False,False
-0.75,10.75,lock-in,False,0.1480936242,-0.8515928431,1.3562404538,False,0,0,7,0,0,False,False
-0.75,11.0,lock-in,False,0.1456223655,-0.8709154449,1.3685814135,False,0,0,7,0,0,False,False
-0.75,11.25,lock-in,False,0.1432495003,-0.8897858368,1.3807021606,False,0,0,7,0,0,False,False
-0.75,11.5,lock-in,False,0.1409688415,-0.9082247040,1.3926112128,False,0,0,7,0,0,False,False
-0.75,11.75,lock-in,False,0.1387747287,-0.9262513513,1.4043165648,False,0,0,7,0,0,False,False
-0.75,12.0,lock-in,False,0.1366619725,-0.9438838223,1.4158257335,False,0,0,7,0,0,False,False
-0.75,12.25,lock-in,False,0.1346258051,-0.9611390063,1.4271457973,False,0,0,7,0,0,False,False
-0.75,12.5,lock-in,False,0.1326618377,-0.9780327337,1.4382834319,False,0,0,7,0,0,False,False
-0.75,12.75,lock-in,False,0.1307660227,-0.9945798623,1.4492449422,False,0,0,7,0,0,False,False
-0.75,13.0,lock-in,False,0.1289346202,-1.0107943550,1.4600362906,False,0,0,7,0,0,False,False
-0.75,13.25,lock-in,False,0.1271641691,-1.0266893498,1.4706631227,False,0,0,7,0,0,False,False
-0.75,13.5,lock-in,False,0.1254514610,-1.0422772232,1.4811307908,False,0,0,7,0,0,False,False
-0.75,13.75,lock-in,False,0.1237935165,-1.0575696476,1.4914443749,False,0,0,7,0,0,False,False
-0.75,14.0,lock-in,False,0.1221875656,-1.0725776439,1.5016087015,False,0,0,7,0,0,True,False
-0.5,0.0,equilibrium,False,0.9666433850,0.1289758048,0.0000000000,True,0,7,0,0,0,False,False
-0.5,0.25,equilibrium,False,0.9563198884,0.1566455980,0.0104430399,True,0,7,0,0,0,False,False
-0.5,0.5,equilibrium,False,0.9426335137,0.1892645039,0.0270377863,True,0,7,0,0,0,False,False
-0.5,0.75,equilibrium,False,0.9244552602,0.2269726292,0.0523782990,True,0,7,0,0,0,False,False
-0.5,1.0,equilibrium,False,0.9003414639,0.2691801369,0.0897267123,True,0,7,0,0,0,False,False
-0.5,1.25,equilibrium,False,0.8686022267,0.3138640959,0.1426654981,True,0,7,0,0,0,False,False
-0.5,1.5,equilibrium,False,0.8276637306,0.3565911992,0.2139547195,True,0,7,0,0,0,False,False
-0.5,1.75,equilibrium,False,0.7769947238,0.3898663267,0.3032293652,True,0,7,0,0,0,False,False
-0.5,2.0,equilibrium,False,0.7184887036,0.4045253728,0.4045253728,True,0,7,0,0,0,False,False
-0.5,2.25,equilibrium,False,0.6569242466,0.3944058665,0.5070932569,True,0,7,0,0,0,False,False
-0.5,2.5,equilibrium,False,0.5979478646,0.3606093237,0.6010155396,True,0,7,0,0,0,False,False
-0.5,2.75,equilibrium,False,0.5452736835,0.3099378670,0.6818633074,True,0,7,0,0,0,False,False
-0.5,3.0,equilibrium,False,0.5000000000,0.2500000000,0.7500000000,True,0,7,0,0,0,False,False
-0.5,3.25,equilibrium,False,0.4616314820,0.1863958926,0.8077155347,True,0,7,0,0,0,False,False
-0.5,3.5,equilibrium,False,0.4291206783,0.1224880609,0.8574164262,True,0,7,0,0,0,False,False
-0.5,3.75,equilibrium,False,0.4013962062,0.0600693230,0.9010398444,True,0,7,0,0,0,False,False
-0.5,4.0,equilibrium,False,0.3775406688,0.0000000000,0.9400148488,True,0,7,0,0,0,False,False
-0.5,4.25,equilibrium,False,0.3568174323,-0.0573746881,0.9753696973,True,0,7,0,0,0,True,True
-0.5,4.5,unresolved,False,0.3386482024,-0.1119827987,1.0078451883,False,0,0,0,0,7,True,True
-0.5,4.75,lock-in,False,0.3225809945,-0.1638918724,1.0379818584,False,0,0,7,0,0,True,True
-0.5,5.0,lock-in,False,0.3082611564,-0.2132362159,1.0661810794,False,0,0,7,0,0,True,True
-0.5,5.25,lock-in,False,0.2954082412,-0.2601777653,1.0927466142,False,0,0,7,0,0,True,True
-0.5,5.5,lock-in,False,0.2837983945,-0.3048852987,1.1179127618,False,0,0,7,0,0,True,False
-0.5,5.75,lock-in,False,0.2732511660,-0.3475236910,1.1418635562,False,0,0,7,0,0,False,False
-0.5,6.0,lock-in,False,0.2636196669,-0.3882486762,1.1647460286,False,0,0,7,0,0,False,False
-0.5,6.25,lock-in,False,0.2547831994,-0.4272046216,1.1866795043,False,0,0,7,0,0,False,False
-0.5,6.5,lock-in,False,0.2466417023,-0.4645239325,1.2077622245,False,0,0,7,0,0,False,False
-0.5,6.75,lock-in,False,0.2391115284,-0.5003273148,1.2280761363,False,0,0,7,0,0,False,False
-0.5,7.0,lock-in,False,0.2321222057,-0.5347244619,1.2476904111,False,0,0,7,0,0,False,False
-0.5,7.25,lock-in,False,0.2256139312,-0.5678149271,1.2666640682,False,0,0,7,0,0,False,False
-0.5,7.5,lock-in,False,0.2195356130,-0.5996890466,1.2850479570,False,0,0,7,0,0,False,False
-0.5,7.75,lock-in,False,0.2138433266,-0.6304288434,1.3028862764,False,0,0,7,0,0,False,False
-0.5,8.0,lock-in,False,0.2084990892,-0.6601088761,1.3202177522,False,0,0,7,0,0,False,False
-0.5,8.25,lock-in,False,0.2034698771,-0.6887970165,1.3370765613,False,0,0,7,0,0,False,False
-0.5,8.5,lock-in,False,0.1987268320,-0.7165551522,1.3534930653,False,0,0,7,0,0,False,False
-0.5,8.75,lock-in,False,0.1942446164,-0.7434398157,1.3694943973,False,0,0,7,0,0,False,False
-0.5,9.0,lock-in,False,0.1900008850,-0.7695027435,1.3851049383,False,0,0,7,0,0,False,False
-0.5,9.25,lock-in,False,0.1859758496,-0.7947913729,1.4003467047,False,0,0,7,0,0,False,False
-0.5,9.5,lock-in,False,0.1821519179,-0.8193492818,1.4152396685,False,0,0,7,0,0,False,False
-0.5,9.75,lock-in,False,0.1785133926,-0.8432165773,1.4298020225,False,0,0,7,0,0,False,False
-0.5,10.0,lock-in,False,0.1750462190,-0.8664302413,1.4440504022,False,0,0,7,0,0,False,False
-0.5,10.25,lock-in,False,0.1717377718,-0.8890244347,1.4580000729,False,0,0,7,0,0,False,False
-0.5,10.5,lock-in,False,0.1685766752,-0.9110307687,1.4716650879,False,0,0,7,0,0,False,False
-0.5,10.75,lock-in,False,0.1655526493,-0.9324785451,1.4850584236,False,0,0,7,0,0,False,False
-0.5,11.0,lock-in,False,0.1626563791,-0.9533949698,1.4981920955,False,0,0,7,0,0,False,False
-0.5,11.25,lock-in,False,0.1598794015,-0.9738053439,1.5110772578,False,0,0,7,0,0,False,False
-0.5,11.5,lock-in,False,0.1572140090,-0.9937332330,1.5237242906,False,0,0,7,0,0,False,False
-0.5,11.75,lock-in,False,0.1546531654,-1.0132006195,1.5361428747,False,0,0,7,0,0,False,False
-0.5,12.0,lock-in,False,0.1521904326,-1.0322280387,1.5483420581,False,0,0,7,0,0,False,False
-0.5,12.25,lock-in,False,0.1498199080,-1.0508347010,1.5603303135,False,0,0,7,0,0,False,False
-0.5,12.5,lock-in,False,0.1475361681,-1.0690386013,1.5721155902,False,0,0,7,0,0,False,False
-0.5,12.75,lock-in,False,0.1453342207,-1.0868566185,1.5837053584,False,0,0,7,0,0,False,False
-0.5,13.0,lock-in,False,0.1432094614,-1.1043046042,1.5951066505,False,0,0,7,0,0,True,False
-0.5,13.25,lock-in,False,0.1411576365,-1.1213974632,1.6063260959,False,0,0,7,0,0,True,False
-0.5,13.5,lock-in,False,0.1391748094,-1.1381492271,1.6173699543,False,0,0,7,0,0,True,False
-0.5,13.75,lock-in,False,0.1372573307,-1.1545731199,1.6282441435,False,0,0,7,0,0,True,False
-0.5,14.0,oscillation,False,0.1354018127,-1.1706816184,1.6389542657,False,0,0,0,7,0,True,False
-0.25,0.0,equilibrium,False,0.9746308084,0.0989023828,0.0000000000,True,0,7,0,0,0,False,False
-0.25,0.25,equilibrium,False,0.9669477226,0.1198493415,0.0079899561,True,0,7,0,0,0,False,False
-0.25,0.5,equilibrium,False,0.9568505202,0.1445066077,0.0206438011,True,0,7,0,0,0,False,False
-0.25,0.75,equilibrium,False,0.9435656780,0.1730608403,0.0399371170,True,0,7,0,0,0,False,False
-0.25,1.0,equilibrium,False,0.9261026359,0.2053096310,0.0684365437,True,0,7,0,0,0,False,False
-0.25,1.25,equilibrium,False,0.9032578751,0.2403034869,0.1092288577,True,0,7,0,0,0,False,False
-0.25,1.5,equilibrium,False,0.8737263540,0.2758215308,0.1654929185,True,0,7,0,0,0,False,False
-0.25,1.75,equilibrium,False,0.8364429855,0.3078137645,0.2394107057,True,0,7,0,0,0,False,False
-0.25,2.0,equilibrium,False,0.7912557692,0.3303401538,0.3303401538,True,0,7,0,0,0,False,False
-0.25,2.25,equilibrium,False,0.7397189077,0.3369359792,0.4332034019,True,0,7,0,0,0,False,False
-0.25,2.5,equilibrium,False,0.6852085298,0.3235467007,0.5392445012,True,0,7,0,0,0,False,False
-0.25,2.75,equilibrium,False,0.6317355036,0.2908071964,0.6397758320,True,0,7,0,0,0,False,False
-0.25,3.0,equilibrium,False,0.5823249701,0.2432225993,0.7296677979,True,0,7,0,0,0,False,False
-0.25,3.25,equilibrium,False,0.5383685180,0.1863958926,0.8077155347,True,0,7,0,0,0,False,False
-0.25,3.5,equilibrium,False,0.5000000000,0.1250000000,0.8750000000,True,0,7,0,0,0,False,False
-0.25,3.75,equilibrium,False,0.4667192326,0.0622230976,0.9333464644,True,0,7,0,0,0,False,False
-0.25,4.0,equilibrium,True,0.4378234991,0.0000000000,0.9845363310,True,0,6,0,0,1,True,True
-0.25,4.25,lock-in,False,0.4126176913,-0.0605910830,1.0300484116,False,0,0,7,0,0,True,True
-0.25,4.5,lock-in,False,0.3904917005,-0.1190039662,1.0710356955,False,0,0,7,0,0,True,False
-0.25,4.75,lock-in,False,0.3709362898,-0.1750069190,1.1083771539,False,0,0,7,0,0,False,False
-0.25,5.0,lock-in,False,0.3535352918,-0.2285480893,1.1427404463,False,0,0,7,0,0,False,False
-0.25,5.25,lock-in,False,0.3379509837,-0.2796751454,1.1746356107,False,0,0,7,0,0,False,False
-0.25,5.5,lock-in,False,0.3239092588,-0.3284880763,1.2044562798,False,0,0,7,0,0,False,False
-0.25,5.75,lock-in,False,0.3111867753,-0.3751117408,1.2325100056,False,0,0,7,0,0,False,False
-0.25,6.0,lock-in,False,0.2996004950,-0.4196800768,1.2590402303,False,0,0,7,0,0,False,False
-0.25,6.25,lock-in,False,0.2889994016,-0.4623271819,1.2842421718,False,0,0,7,0,0,False,False
-0.25,6.5,lock-in,False,0.2792580202,-0.5031824459,1.3082743594,False,0,0,7,0,0,False,False
-0.25,6.75,lock-in,False,0.2702713610,-0.5423680691,1.3312670788,False,0,0,7,0,0,False,False
-0.25,7.0,lock-in,False,0.2619509700,-0.5799979779,1.3533286152,False,0,0,7,0,0,False,False
-0.25,7.25,lock-in,False,0.2542218320,-0.6161775494,1.3745499179,False,0,0,7,0,0,False,False
-0.25,7.5,lock-in,False,0.2470199281,-0.6510037913,1.3950081243,False,0,0,7,0,0,False,False
-0.25,7.75,lock-in,False,0.2402902985,-0.6845657660,1.4147692497,False,0,0,7,0,0,False,False
-0.25,8.0,lock-in,False,0.2339854949,-0.7169451324,1.4338902647,False,0,0,7,0,0,False,False
-0.25,8.25,lock-in,False,0.2280643377,-0.7482167312,1.4524207136,False,0,0,7,0,0,False,False
-0.25,8.5,lock-in,False,0.2224909094,-0.7784491708,1.4704039892,False,0,0,7,0,0,False,False
-0.25,8.75,lock-in,False,0.2172337354,-0.8077053881,1.4878783466,False,0,0,7,0,0,False,False
-0.25,9.0,lock-in,False,0.2122651134,-0.8360431751,1.5048777151,False,0,0,7,0,0,False,False
-0.25,9.25,lock-in,False,0.2075605595,-0.8635156615,1.5214323560,False,0,0,7,0,0,False,False
-0.25,9.5,lock-in,False,0.2030983501,-0.8901717567,1.5375693979,False,0,0,7,0,0,False,False
-0.25,9.75,lock-in,False,0.1988591397,-0.9160565481,1.5533132773,False,0,0,7,0,0,False,False
-0.25,10.0,lock-in,False,0.1948256404,-0.9412116616,1.5686861027,False,0,0,7,0,0,False,False
-0.25,10.25,lock-in,False,0.1909823524,-0.9656755843,1.5837079583,False,0,0,7,0,0,False,False
-0.25,10.5,lock-in,False,0.1873153358,-0.9894839551,1.5983971583,False,0,0,7,0,0,False,False
-0.25,10.75,lock-in,False,0.1838120167,-1.0126698248,1.6127704618,False,0,0,7,0,0,False,False
-0.25,11.0,lock-in,False,0.1804610217,-1.0352638896,1.6268432551,False,0,0,7,0,0,False,False
-0.25,11.25,lock-in,False,0.1772520360,-1.0572947002,1.6406297071,False,0,0,7,0,0,False,False
-0.25,11.5,lock-in,False,0.1741756813,-1.0787888499,1.6541429032,False,0,0,7,0,0,False,False
-0.25,11.75,lock-in,False,0.1712234102,-1.0997711435,1.6673949595,False,0,0,7,0,0,False,False
-0.25,12.0,lock-in,False,0.1683874152,-1.1202647488,1.6803971233,False,0,0,7,0,0,True,False
-0.25,12.25,lock-in,False,0.1656605488,-1.1402913337,1.6931598592,False,0,0,7,0,0,True,False
-0.25,12.5,lock-in,False,0.1630362542,-1.1598711891,1.7056929252,False,0,0,7,0,0,True,False
-0.25,12.75,lock-in,False,0.1605085047,-1.1790233403,1.7180054387,False,0,0,7,0,0,True,False
-0.25,13.0,oscillation,False,0.1580717502,-1.1977656478,1.7301059357,False,0,0,0,7,0,True,False
-0.25,13.25,oscillation,False,0.1557208703,-1.2161148981,1.7420024215,False,0,0,0,7,0,True,False
-0.25,13.5,oscillation,False,0.1534511330,-1.2340868865,1.7537024176,False,0,0,0,7,0,True,False
-0.25,13.75,oscillation,False,0.1512581577,-1.2516964921,1.7652130017,False,0,0,0,7,0,True,False
-0.25,14.0,oscillation,False,0.1491378826,-1.2689577460,1.7765408444,False,0,0,0,7,0,False,False
0.0,0.0,equilibrium,False,0.9805898757,0.0761334856,0.0000000000,True,0,7,0,0,0,False,False
0.0,0.25,equilibrium,False,0.9748030214,0.0921078408,0.0061405227,True,0,7,0,0,0,False,False
0.0,0.5,equilibrium,False,0.9672436209,0.1108918956,0.0158416994,True,0,7,0,0,0,False,False
0.0,0.75,equilibrium,False,0.9573615665,0.1326662918,0.0306152981,True,0,7,0,0,0,False,False
0.0,1.0,equilibrium,False,0.9444519157,0.1573874838,0.0524624946,True,0,7,0,0,0,False,False
0.0,1.25,equilibrium,False,0.9276416409,0.1845872241,0.0839032837,True,0,7,0,0,0,False,False
0.0,1.5,equilibrium,False,0.9059194024,0.2130735969,0.1278441581,True,0,7,0,0,0,False,False
0.0,1.75,equilibrium,False,0.8782642159,0.2405614116,0.1871033202,True,0,7,0,0,0,False,False
0.0,2.0,equilibrium,False,0.8439469994,0.2634009232,0.2634009232,True,0,7,0,0,0,False,False
0.0,2.25,equilibrium,False,0.8030216580,0.2768112808,0.3559002182,True,0,7,0,0,0,False,False
0.0,2.5,equilibrium,False,0.7567962199,0.2760835521,0.4601392536,True,0,7,0,0,0,False,False
0.0,2.75,equilibrium,False,0.7078075119,0.2585200475,0.5687441045,True,0,7,0,0,0,False,False
0.0,3.0,equilibrium,False,0.6590460684,0.2247043481,0.6741130444,True,0,7,0,0,0,False,False
0.0,3.25,equilibrium,False,0.6129450989,0.1779325535,0.7710410651,True,0,7,0,0,0,False,False
0.0,3.5,equilibrium,False,0.5708793217,0.1224880609,0.8574164262,True,0,7,0,0,0,False,False
0.0,3.75,equilibrium,False,0.5332807674,0.0622230976,0.9333464644,True,0,7,0,0,0,True,True
0.0,4.0,unresolved,False,0.5000000000,0.0000000000,1.0000000000,False,0,0,0,0,7,True,True
0.0,4.25,lock-in,False,0.4706201257,-0.0622842057,1.0588314977,False,0,0,7,0,0,True,False
0.0,4.5,lock-in,False,0.4446469426,-0.1234680195,1.1112121756,False,0,0,7,0,0,False,False
0.0,4.75,lock-in,False,0.4216017881,-0.1828902903,1.1583051717,False,0,0,7,0,0,False,False
0.0,5.0,lock-in,False,0.4010581375,-0.2402105079,1.2010525393,False,0,0,7,0,0,False,False
0.0,5.25,lock-in,False,0.3826505272,-0.2952863765,1.2402027815,False,0,0,7,0,0,False,False
0.0,5.5,lock-in,False,0.3660715435,-0.3480947528,1.2763474269,False,0,0,7,0,0,False,False
0.0,5.75,lock-in,False,0.3510645791,-0.3986819207,1.3099548824,False,0,0,7,0,0,False,False
0.0,6.0,lock-in,False,0.3374158072,-0.4471327605,1.3413982815,False,0,0,7,0,0,False,False
0.0,6.25,lock-in,False,0.3249467598,-0.4935518169,1.3709772692,False,0,0,7,0,0,False,False
0.0,6.5,lock-in,False,0.3135079571,-0.5380517949,1.3989346667,False,0,0,7,0,0,False,False
0.0,6.75,lock-in,False,0.3029736285,-0.5807466746,1.4254691104,False,0,0,7,0,0,False,False
0.0,7.0,lock-in,False,0.2932374134,-0.6217476983,1.4507446294,False,0,0,7,0,0,False,False
0.0,7.25,lock-in,False,0.2842088888,-0.6611611380,1.4748979233,False,0,0,7,0,0,False,False
0.0,7.5,lock-in,False,0.2758107719,-0.6990871650,1.4980439250,False,0,0,7,0,0,False,False
0.0,7.75,lock-in,False,0.2679766641,-0.7356193935,1.5202800800,False,0,0,7,0,0,False,False
0.0,8.0,lock-in,False,0.2606492285,-0.7708448327,1.5416896655,False,0,0,7,0,0,False,False
0.0,8.25,lock-in,False,0.2537787108,-0.8048440761,1.5623443830,False,0,0,7,0,0,False,False
0.0,8.5,lock-in,False,0.2473217348,-0.8376916244,1.5823064016,False,0,0,7,0,0,False,False
0.0,8.75,lock-in,False,0.2412403166,-0.8694562746,1.6016299796,False,0,0,7,0,0,False,False
0.0,9.0,lock-in,False,0.2355010528,-0.9002015347,1.6203627625,False,0,0,7,0,0,False,False
0.0,9.25,lock-in,False,0.2300744507,-0.9299860385,1.6385468298,False,0,0,7,0,0,False,False
0.0,9.5,lock-in,False,0.2249343703,-0.9588639466,1.6562195441,False,0,0,7,0,0,False,False
0.0,9.75,lock-in,False,0.2200575603,-0.9868853251,1.6734142470,False,0,0,7,0,0,False,False
0.0,10.0,lock-in,False,0.2154232670,-1.0140964983,1.6901608304,False,0,0,7,0,0,False,False
0.0,10.25,lock-in,False,0.2110129063,-1.0405403729,1.7064862115,False,0,0,7,0,0,False,False
0.0,10.5,lock-in,False,0.2068097850,-1.0662567359,1.7224147273,False,0,0,7,0,0,False,False
0.0,10.75,lock-in,False,0.2027988649,-1.0912825256,1.7379684667,False,0,0,7,0,0,False,False
0.0,11.0,lock-in,False,0.1989665603,-1.1156520772,1.7531675498,False,0,0,7,0,0,False,False
0.0,11.25,lock-in,False,0.1953005656,-1.1393973463,1.7680303650,False,0,0,7,0,0,True,False
0.0,11.5,lock-in,False,0.1917897063,-1.1625481114,1.7825737708,False,0,0,7,0,0,True,False
0.0,11.75,lock-in,False,0.1884238106,-1.1851321561,1.7968132689,False,0,0,7,0,0,True,False
0.0,12.0,oscillation,False,0.1851935983,-1.2071754354,1.8107631531,False,0,0,0,7,0,True,False
0.0,12.25,oscillation,False,0.1820905838,-1.2287022253,1.8244366376,False,0,0,0,7,0,True,False
0.0,12.5,oscillation,False,0.1791069921,-1.2497352587,1.8378459687,False,0,0,0,7,0,True,False
0.0,12.75,oscillation,False,0.1762356851,-1.2702958484,1.8510025219,False,0,0,0,7,0,True,False
0.0,13.0,oscillation,False,0.1734700964,-1.2904039987,1.8639168870,False,0,0,0,7,0,False,False
0.0,13.25,oscillation,False,0.1708041751,-1.3100785072,1.8765989427,False,0,0,0,7,0,False,False
0.0,13.5,oscillation,False,0.1682323350,-1.3293370564,1.8890579223,False,0,0,0,7,0,False,False
0.0,13.75,oscillation,False,0.1657494105,-1.3481962981,1.9013024717,False,0,0,0,7,0,False,False
0.0,14.0,oscillation,False,0.1633506170,-1.3666719294,1.9133407011,False,0,0,0,7,0,False,False
0.25,0.0,equilibrium,False,0.9850846798,0.0587714138,0.0000000000,True,0,7,0,0,0,False,False
0.25,0.25,equilibrium,False,0.9806890662,0.0710175812,0.0047345054,True,0,7,0,0,0,False,False
0.25,0.5,equilibrium,False,0.9749716917,0.0854066222,0.0122009460,True,0,7,0,0,0,False,False
0.25,0.75,equilibrium,False,0.9675314923,0.1020964869,0.0235607278,True,0,7,0,0,0,False,False
0.25,1.0,equilibrium,False,0.9578542947,0.1211083346,0.0403694449,True,0,7,0,0,0,False,False
0.25,1.25,equilibrium,False,0.9452961644,0.1422061464,0.0646391575,True,0,7,0,0,0,False,False
0.25,1.5,equilibrium,False,0.9290845461,0.1647161307,0.0988296784,True,0,7,0,0,0,False,False
0.25,1.75,equilibrium,False,0.9083637981,0.1872877690,0.1456682648,True,0,7,0,0,0,False,False
0.25,2.0,equilibrium,False,0.8823271121,0.2076519587,0.2076519587,True,0,7,0,0,0,False,False
0.25,2.25,equilibrium,False,0.8504749732,0.2225427631,0.2861264097,True,0,7,0,0,0,False,False
0.25,2.5,equilibrium,False,0.8129758743,0.2280691531,0.3801152552,True,0,7,0,0,0,False,False
0.25,2.75,equilibrium,False,0.7709509743,0.2207319619,0.4856103161,True,0,7,0,0,0,False,False
0.25,3.0,equilibrium,False,0.7263916555,0.1987468183,0.5962404550,True,0,7,0,0,0,False,False
0.25,3.25,equilibrium,False,0.6816169725,0.1627614565,0.7052996447,True,0,7,0,0,0,False,False
0.25,3.5,equilibrium,False,0.6386018518,0.1153947633,0.8077633434,True,0,7,0,0,0,False,False
0.25,3.75,equilibrium,False,0.5986037938,0.0600693230,0.9010398444,True,0,7,0,0,0,False,False
0.25,4.0,equilibrium,True,0.5621765009,0.0000000000,0.9845363310,True,0,6,0,0,1,True,True
0.25,4.25,lock-in,False,0.5293798743,-0.0622842057,1.0588314977,False,0,0,7,0,0,True,True
0.25,4.5,lock-in,False,0.5000000000,-0.1250000000,1.1250000000,False,0,0,7,0,0,False,False
0.25,4.75,lock-in,False,0.4737046591,-0.1869814163,1.1842156365,False,0,0,7,0,0,False,False
0.25,5.0,lock-in,False,0.4501330667,-0.2475132890,1.2375664448,False,0,0,7,0,0,False,False
0.25,5.25,lock-in,False,0.4289404189,-0.3061881699,1.2859903137,False,0,0,7,0,0,False,False
0.25,5.5,lock-in,False,0.4098163681,-0.3628003688,1.3302680190,False,0,0,7,0,0,False,False
0.25,5.75,lock-in,False,0.3924900129,-0.4172728047,1.3710392154,False,0,0,7,0,0,False,False
0.25,6.0,lock-in,False,0.3767285718,-0.4696083100,1.4088249300,False,0,0,7,0,0,False,False
0.25,6.25,lock-in,False,0.3623334979,-0.5198578519,1.4440495887,False,0,0,7,0,0,False,False
0.25,6.5,lock-in,False,0.3491358812,-0.5681000441,1.4770601147,False,0,0,7,0,0,False,False
0.25,6.75,lock-in,False,0.3369919814,-0.6144280611,1.5081416045,False,0,0,7,0,0,False,False
0.25,7.0,lock-in,False,0.3257792268,-0.6589413666,1.5375298553,False,0,0,7,0,0,False,False
0.25,7.25,lock-in,False,0.3153927742,-0.7017405596,1.5654212484,False,0,0,7,0,0,False,False
0.25,7.5,lock-in,False,0.3057426138,-0.7429242377,1.5919805094,False,0,0,7,0,0,False,False
0.25,7.75,lock-in,False,0.2967511606,-0.7825871599,1.6173467970,False,0,0,7,0,0,False,False
0.25,8.0,lock-in,False,0.2883512619,-0.8208192467,1.6416384934,False,0,0,7,0,0,False,False
0.25,8.25,lock-in,False,0.2804845520,-0.8577051144,1.6649569868,False,0,0,7,0,0,False,False
0.25,8.5,lock-in,False,0.2731000931,-0.8933239451,1.6873896741,False,0,0,7,0,0,False,False
0.25,8.75,lock-in,False,0.2661532511,-0.9277495657,1.7090123579,False,0,0,7,0,0,False,False
0.25,9.0,lock-in,False,0.2596047631,-0.9610506503,1.7298911705,False,0,0,7,0,0,False,False
0.25,9.25,lock-in,False,0.2534199608,-0.9932909923,1.7500841293,False,0,0,7,0,0,False,False
0.25,9.5,lock-in,False,0.2475681229,-1.0245298107,1.7696424004,False,0,0,7,0,0,False,False
0.25,9.75,lock-in,False,0.2420219313,-1.0548220674,1.7886113316,False,0,0,7,0,0,False,False
0.25,10.0,lock-in,False,0.2367570140,-1.0842187820,1.8070313033,False,0,0,7,0,0,False,False
0.25,10.25,lock-in,False,0.2317515587,-1.1127673359,1.8249384309,False,0,0,7,0,0,False,False
0.25,10.5,lock-in,False,0.2269859851,-1.1405117598,1.8423651505,False,0,0,7,0,0,False,False
0.25,10.75,lock-in,False,0.2224426660,-1.1674930028,1.8593407081,False,0,0,7,0,0,True,False
0.25,11.0,lock-in,False,0.2181056889,-1.1937491817,1.8758915712,False,0,0,7,0,0,True,False
0.25,11.25,unresolved,True,0.2139606517,-1.2193158115,1.8920417764,False,0,0,1,0,6,True,False
0.25,11.5,oscillation,False,0.2099944865,-1.2442260161,1.9078132247,False,0,0,0,7,0,True,False
0.25,11.75,oscillation,False,0.2061953078,-1.2685107221,1.9232259335,False,0,0,0,7,0,True,False
0.25,12.0,oscillation,False,0.2025522808,-1.2921988348,1.9382982522,False,0,0,0,7,0,False,False
0.25,12.25,oscillation,False,0.1990555070,-1.3153173999,1.9530470483,False,0,0,0,7,0,False,False
0.25,12.5,oscillation,False,0.1956959241,-1.3378917497,1.9674878673,False,0,0,0,7,0,False,False
0.25,12.75,oscillation,False,0.1924652192,-1.3599456379,1.9816350724,False,0,0,0,7,0,False,False
0.25,13.0,oscillation,False,0.1893557520,-1.3815013606,1.9955019654,False,0,0,0,7,0,False,False
0.25,13.25,oscillation,False,0.1863604873,-1.4025798685,2.0091008927,False,0,0,0,7,0,False,False
0.25,13.5,oscillation,False,0.1834729358,-1.4232008677,2.0224433383,False,0,0,0,7,0,False,False
0.25,13.75,oscillation,False,0.1806871019,-1.4433829127,2.0355400051,False,0,0,0,7,0,False,False
0.25,14.0,oscillation,False,0.1779974365,-1.4631434911,2.0484008875,False,0,0,0,7,0,False,False
0.5,0.0,equilibrium,False,0.9885018862,0.0454636288,0.0000000000,True,0,7,0,0,0,False,False
0.5,0.25,equilibrium,False,0.9851425443,0.0548876688,0.0036591779,True,0,7,0,0,0,False,False
0.5,0.5,equilibrium,False,0.9807867241,0.0659544409,0.0094220630,True,0,7,0,0,0,False,False
0.5,0.75,equilibrium,False,0.9751369482,0.0787958616,0.0181836604,True,0,7,0,0,0,False,False
0.5,1.0,equilibrium,False,0.9678117202,0.0934565832,0.0311521944,True,0,7,0,0,0,False,False
0.5,1.25,equilibrium,False,0.9583298546,0.1098177970,0.0499171805,True,0,7,0,0,0,False,False
0.5,1.5,equilibrium,False,0.9461018823,0.1274827766,0.0764896659,True,0,7,0,0,0,False,False
0.5,1.75,equilibrium,False,0.9304416739,0.1456199221,0.1132599394,True,0,7,0,0,0,False,False
0.5,2.0,equilibrium,False,0.9106210944,0.1627806337,0.1627806337,True,0,7,0,0,0,False,False
0.5,2.25,equilibrium,False,0.8859977299,0.1767600669,0.2272629431,True,0,7,0,0,0,False,False
0.5,2.5,equilibrium,False,0.8562331356,0.1846469296,0.3077448827,True,0,7,0,0,0,False,False
0.5,2.75,equilibrium,False,0.8215595402,0.1832493276,0.4031485208,True,0,7,0,0,0,False,False
0.5,3.0,equilibrium,False,0.7829518231,0.1699382658,0.5098147975,True,0,7,0,0,0,False,False
0.5,3.25,equilibrium,False,0.7420246638,0.1435680466,0.6221282019,True,0,7,0,0,0,False,False
0.5,3.5,equilibrium,False,0.7006335936,0.1048730806,0.7341115639,True,0,7,0,0,0,False,False
0.5,3.75,equilibrium,False,0.6604054034,0.0560675266,0.8410128996,True,0,7,0,0,0,False,False
0.5,4.0,equilibrium,False,0.6224593312,0.0000000000,0.9400148488,True,0,7,0,0,0,True,True
0.5,4.25,lock-in,False,0.5873823087,-0.0605910830,1.0300484116,False,0,0,7,0,0,True,True
0.5,4.5,lock-in,False,0.5553530574,-0.1234680195,1.1112121756,False,0,0,7,0,0,False,False
0.5,4.75,lock-in,False,0.5262953409,-0.1869814163,1.1842156365,False,0,0,7,0,0,False,False
0.5,5.0,lock-in,False,0.5000000000,-0.2500000000,1.2500000000,False,0,0,7,0,0,False,False
0.5,5.25,lock-in,False,0.4762041829,-0.3117921989,1.3095272352,False,0,0,7,0,0,False,False
0.5,5.5,lock-in,False,0.4546364270,-0.3719132194,1.3636818044,False,0,0,7,0,0,False,False
0.5,5.75,lock-in,False,0.4350394760,-0.4301152281,1.4132357494,False,0,0,7,0,0,False,False
0.5,6.0,lock-in,False,0.4171800994,-0.4862817281,1.4588451844,False,0,0,7,0,0,False,False
0.5,6.25,lock-in,False,0.4008519009,-0.5403817225,1.5010603402,False,0,0,7,0,0,False,False
0.5,6.5,lock-in,False,0.3858746291,-0.5924384993,1.5403400982,False,0,0,7,0,0,False,False
0.5,6.75,lock-in,False,0.3720919322,-0.6425086970,1.5770668018,False,0,0,7,0,0,False,False
0.5,7.0,lock-in,False,0.3593685796,-0.6906684107,1.6115596251,False,0,0,7,0,0,False,False
0.5,7.25,lock-in,False,0.3475876598,-0.7370040553,1.6440859694,False,0,0,7,0,0,False,False
0.5,7.5,lock-in,False,0.3366479869,-0.7816064193,1.6748708986,False,0,0,7,0,0,False,False
0.5,7.75,lock-in,False,0.3264618023,-0.8245668523,1.7041048282,False,0,0,7,0,0,False,False
0.5,8.0,lock-in,False,0.3169527881,-0.8659748728,1.7319497456,False,0,0,7,0,0,False,False
0.5,8.25,lock-in,False,0.3080543719,-0.9059167224,1.7585442259,False,0,0,7,0,0,False,False
0.5,8.5,lock-in,False,0.2997082940,-0.9444745462,1.7840074762,False,0,0,7,0,0,False,False
0.5,8.75,lock-in,False,0.2918633977,-0.9817259853,1.8084426045,False,0,0,7,0,0,False,False
0.5,9.0,lock-in,False,0.2844746129,-1.0177440376,1.8319392676,False,0,0,7,0,0,False,False
0.5,9.25,lock-in,False,0.2775020988,-1.0525970908,1.8545758266,False,0,0,7,0,0,False,False
0.5,9.5,lock-in,False,0.2709105225,-1.0863490621,1.8764211072,False,0,0,7,0,0,False,False
0.5,9.75,lock-in,False,0.2646684489,-1.1190596010,1.8975358452,False,0,0,7,0,0,False,False
0.5,10.0,lock-in,False,0.2587478246,-1.1507843273,1.9179738788,False,0,0,7,0,0,False,False
0.5,10.25,lock-in,False,0.2531235396,-1.1815750830,1.9377831362,False,0,0,7,0,0,False,False
0.5,10.5,lock-in,False,0.2477730536,-1.2114801887,1.9570064587,False,0,0,7,0,0,True,False
0.5,10.75,oscillation,True,0.2426760777,-1.2405446932,1.9756822892,False,0,0,1,6,0,True,False
0.5,11.0,oscillation,False,0.2378143008,-1.2688106139,1.9938452504,False,0,0,0,7,0,True,False
0.5,11.25,oscillation,False,0.2331711550,-1.2963171640,2.0115266338,False,0,0,0,7,0,True,False
0.5,11.5,oscillation,False,0.2287316128,-1.3231009658,2.0287548142,False,0,0,0,7,0,False,False
0.5,11.75,oscillation,False,0.2244820124,-1.3491962485,2.0455556025,False,0,0,0,7,0,False,False
0.5,12.0,oscillation,False,0.2204099054,-1.3746350319,2.0619525478,False,0,0,0,7,0,False,False
0.5,12.25,oscillation,False,0.2165039246,-1.3994472957,2.0779671966,False,0,0,0,7,0,False,False
0.5,12.5,oscillation,False,0.2127536690,-1.4236611353,2.0936193166,False,0,0,0,7,0,False,False
0.5,12.75,oscillation,False,0.2091496025,-1.4473029048,2.1089270899,False,0,0,0,7,0,False,False
0.5,13.0,oscillation,False,0.2056829654,-1.4703973485,2.1239072811,False,0,0,0,7,0,False,False
0.5,13.25,oscillation,False,0.2023456967,-1.4929677207,2.1385753838,False,0,0,0,7,0,False,False
0.5,13.5,oscillation,False,0.1991303652,-1.5150358970,2.1529457483,False,0,0,0,7,0,False,False
0.5,13.75,oscillation,False,0.1960301085,-1.5366224743,2.1670316946,False,0,0,0,7,0,False,False
0.5,14.0,oscillation,False,0.1930385797,-1.5577468645,2.1808456103,False,0,0,0,7,0,False,False
0.75,0.0,equilibrium,False,0.9911149442,0.0352244462,0.0000000000,True,0,7,0,0,0,False,False
0.75,0.25,equilibrium,False,0.9885359601,0.0424973088,0.0028331539,True,0,7,0,0,0,False,False
0.75,0.5,equilibrium,False,0.9851997313,0.0510342725,0.0072906104,True,0,7,0,0,0,False,False
0.75,0.75,equilibrium,False,0.9808828913,0.0609428459,0.0140637337,True,0,7,0,0,0,False,False
0.75,1.0,equilibrium,False,0.9752989127,0.0722728308,0.0240909436,True,0,7,0,0,0,False,False
0.75,1.25,equilibrium,False,0.9680846615,0.0849660616,0.0386209371,True,0,7,0,0,0,False,False
0.75,1.5,equilibrium,False,0.9587892929,0.0987809617,0.0592685770,True,0,7,0,0,0,False,False
0.75,1.75,equilibrium,False,0.9468721234,0.1131869369,0.0880342843,True,0,7,0,0,0,False,False
0.75,2.0,equilibrium,False,0.9317217900,0.1272325920,0.1272325920,True,0,7,0,0,0,False,False
0.75,2.25,equilibrium,False,0.9127155742,0.1394152459,0.1792481733,True,0,7,0,0,0,False,False
0.75,2.5,equilibrium,False,0.8893391713,0.1476225145,0.2460375242,True,0,7,0,0,0,False,False
0.75,2.75,equilibrium,False,0.8613695605,0.1492650510,0.3283831121,True,0,7,0,0,0,False,False
0.75,3.0,equilibrium,False,0.8290732238,0.1417108134,0.4251324401,True,0,7,0,0,0,False,False
0.75,3.25,equilibrium,False,0.7933078538,0.1229778772,0.5329041345,True,0,7,0,0,0,False,False
0.75,3.5,equilibrium,False,0.7554156371,0.0923814262,0.6466699831,True,0,7,0,0,0,False,False
0.75,3.75,equilibrium,False,0.7169189919,0.0507365377,0.7610480660,True,0,7,0,0,0,False,False
0.75,4.0,equilibrium,False,0.6791786992,0.0000000000,0.8715799750,True,0,7,0,0,0,False,False
0.75,4.25,equilibrium,False,0.6431825677,-0.0573746881,0.9753696973,True,0,7,0,0,0,True,True
0.75,4.5,lock-in,False,0.6095082995,-0.1190039662,1.0710356955,False,0,0,7,0,0,True,True
0.75,4.75,lock-in,False,0.5783982119,-0.1828902903,1.1583051717,False,0,0,7,0,0,False,False
0.75,5.0,lock-in,False,0.5498669333,-0.2475132890,1.2375664448,False,0,0,7,0,0,False,False
0.75,5.25,lock-in,False,0.5237958171,-0.3117921989,1.3095272352,False,0,0,7,0,0,False,False
0.75,5.5,lock-in,False,0.5000000000,-0.3750000000,1.3750000000,False,0,0,7,0,0,False,False
0.75,5.75,lock-in,False,0.4782703971,-0.4366736926,1.4347849900,False,0,0,7,0,0,False,False
0.75,6.0,lock-in,False,0.4583976038,-0.4965384813,1.4896154438,False,0,0,7,0,0,False,False
0.75,6.25,lock-in,False,0.4401842119,-0.5544496609,1.5401379469,False,0,0,7,0,0,False,False
0.75,6.5,lock-in,False,0.4234502460,-0.6103503379,1.5869108786,False,0,0,7,0,0,False,False
0.75,6.75,lock-in,False,0.4080347542,-0.6642415823,1.6304111566,False,0,0,7,0,0,False,False
0.75,7.0,lock-in,False,0.3937953816,-0.7161617371,1.6710440532,False,0,0,7,0,0,False,False
0.75,7.25,lock-in,False,0.3806069826,-0.7661722490,1.7091534786,False,0,0,7,0,0,False,False
0.75,7.5,lock-in,False,0.3683598577,-0.8143480553,1.7450315471,False,0,0,7,0,0,False,False
0.75,7.75,lock-in,False,0.3569579276,-0.8607711207,1.7789269828,False,0,0,7,0,0,False,False
0.75,8.0,lock-in,False,0.3463169981,-0.9055261397,1.8110522794,False,0,0,7,0,0,False,False
0.75,8.25,lock-in,False,0.3363631866,-0.9486977216,1.8415896948,False,0,0,7,0,0,False,False
0.75,8.5,lock-in,False,0.3270315306,-0.9903685887,1.8706962230,False,0,0,7,0,0,False,False
0.75,8.75,lock-in,False,0.3182647756,-1.0306184641,1.8985076970,False,0,0,7,0,0,False,False
0.75,9.0,lock-in,False,0.3100123307,-1.0695234276,1.9251421697,False,0,0,7,0,0,False,False
0.75,9.25,lock-in,False,0.3022293714,-1.1071555868,1.9507027006,False,0,0,7,0,0,False,False
0.75,9.5,lock-in,False,0.2948760723,-1.1435829585,1.9752796555,False,0,0,7,0,0,False,False
0.75,9.75,lock-in,False,0.2879169514,-1.1788694879,1.9989526098,False,0,0,7,0,0,False,False
0.75,10.0,lock-in,False,0.2813203092,-1.2130751570,2.0217919284,False,0,0,7,0,0,False,False
0.75,10.25,lock-in,False,0.2750577485,-1.2462561469,2.0438600809,False,0,0,7,0,0,True,False
0.75,10.5,oscillation,True,0.2691037632,-1.2784650309,2.0652127422,False,0,0,1,6,0,True,False
0.75,10.75,oscillation,False,0.2634353847,-1.3097509837,2.0858997148,False,0,0,0,7,0,False,False
0.75,11.0,oscillation,False,0.2580318779,-1.3401599951,2.1059657067,False,0,0,0,7,0,False,False
0.75,11.25,oscillation,False,0.2528744787,-1.3697350813,2.1254509883,False,0,0,0,7,0,False,False
0.75,11.5,oscillation,False,0.2479461671,-1.3985164899,2.1443919512,False,0,0,0,7,0,False,False
0.75,11.75,oscillation,False,0.2432314700,-1.4265418955,2.1628215835,False,0,0,0,7,0,False,False
0.75,12.0,oscillation,False,0.2387162904,-1.4538465846,2.1807698769,False,0,0,0,7,0,False,False
0.75,12.25,oscillation,False,0.2343877578,-1.4804636285,2.1982641757,False,0,0,0,7,0,False,False
0.75,12.5,oscillation,False,0.2302340983,-1.5064240452,2.2153294782,False,0,0,0,7,0,False,False
0.75,12.75,oscillation,False,0.2262445197,-1.5317569486,2.2319886965,False,0,0,0,7,0,False,False
0.75,13.0,oscillation,False,0.2224091116,-1.5564896881,2.2482628829,False,0,0,0,7,0,False,False
0.75,13.25,oscillation,False,0.2187187569,-1.5806479763,2.2641714255,False,0,0,0,7,0,False,False
0.75,13.5,oscillation,False,0.2151650538,-1.6042560073,2.2797322208,False,0,0,0,7,0,False,False
0.75,13.75,oscillation,False,0.2117402463,-1.6273365656,2.2949618233,False,0,0,0,7,0,False,False
0.75,14.0,oscillation,False,0.2084371640,-1.6499111268,2.3098755776,False,0,0,0,7,0,False,False
1.0,0.0,equilibrium,False,0.9931217359,0.0273238143,0.0000000000,True,0,7,0,0,0,False,False
1.0,0.25,equilibrium,False,0.9911351494,0.0329484940,0.0021965663,True,0,7,0,0,0,False,False
1.0,0.5,equilibrium,False,0.9885697297,0.0395486673,0.0056498096,True,0,7,0,0,0,False,False
1.0,0.75,equilibrium,False,0.9852562548,0.0472106932,0.0108947754,True,0,7,0,0,0,False,False
1.0,1.0,equilibrium,False,0.9809776080,0.0559816217,0.0186605406,True,0,7,0,0,0,False,False
1.0,1.25,equilibrium,False,0.9754577010,0.0658349301,0.0299249682,True,0,7,0,0,0,False,False
1.0,1.5,equilibrium,False,0.9683506491,0.0766191737,0.0459715042,True,0,7,0,0,0,False,False
1.0,1.75,equilibrium,False,0.9592335649,0.0879851990,0.0684329326,True,0,7,0,0,0,False,False
1.0,2.0,equilibrium,False,0.9476095981,0.0992912954,0.0992912954,True,0,7,0,0,0,False,False
1.0,2.25,equilibrium,False,0.9329324016,0.1094966874,0.1407814553,True,0,7,0,0,0,False,False
1.0,2.5,equilibrium,False,0.9146671490,0.1170767334,0.1951278890,True,0,7,0,0,0,False,False
1.0,2.75,equilibrium,False,0.8924006749,0.1200271379,0.2640597034,True,0,7,0,0,0,False,False
1.0,3.0,equilibrium,False,0.8659940781,0.1160483348,0.3481450044,True,0,7,0,0,0,False,False
1.0,3.25,equilibrium,False,0.8357305083,0.1029637694,0.4461763339,True,0,7,0,0,0,False,False
1.0,3.5,equilibrium,False,0.8023720232,0.0792855798,0.5549990585,True,0,7,0,0,0,False,False
1.0,3.75,equilibrium,False,0.7670564247,0.0446702165,0.6700532475,True,0,7,0,0,0,False,False
1.0,4.0,equilibrium,False,0.7310585786,0.0000000000,0.7864477330,True,0,7,0,0,0,False,False
1.0,4.25,equilibrium,False,0.6955332009,-0.0529416918,0.9000087613,True,0,7,0,0,0,True,True
1.0,4.5,unresolved,False,0.6613517976,-0.1119827987,1.0078451883,False,0,0,0,0,7,True,True
1.0,4.75,lock-in,False,0.6290637102,-0.1750069190,1.1083771539,False,0,0,7,0,0,True,False
1.0,5.0,lock-in,False,0.5989418625,-0.2402105079,1.2010525393,False,0,0,7,0,0,False,False
1.0,5.25,lock-in,False,0.5710595811,-0.3061881699,1.2859903137,False,0,0,7,0,0,False,False
1.0,5.5,lock-in,False,0.5453635730,-0.3719132194,1.3636818044,False,0,0,7,0,0,False,False
1.0,5.75,lock-in,False,0.5217296029,-0.4366736926,1.4347849900,False,0,0,7,0,0,False,False
1.0,6.0,lock-in,False,0.5000000000,-0.5000000000,1.5000000000,False,0,0,7,0,0,False,False
1.0,6.25,lock-in,False,0.4800068262,-0.5616006143,1.5600017063,False,0,0,7,0,0,False,False
1.0,6.5,lock-in,False,0.4615851409,-0.6213107465,1.6154079409,False,0,0,7,0,0,False,False
1.0,6.75,lock-in,False,0.4445799365,-0.6790536955,1.6667681618,False,0,0,7,0,0,False,False
1.0,7.0,lock-in,False,0.4288492467,-0.7348127109,1.7145629922,False,0,0,7,0,0,False,False
1.0,7.25,lock-in,False,0.4142650479,-0.7886109335,1.7592090054,False,0,0,7,0,0,False,False
1.0,7.5,lock-in,False,0.4007129550,-0.8404972894,1.8010656202,False,0,0,7,0,0,False,False
1.0,7.75,lock-in,False,0.3880913116,-0.8905366705,1.8404424523,False,0,0,7,0,0,False,False
1.0,8.0,lock-in,False,0.3763100216,-0.9388031570,1.8776063139,False,0,0,7,0,0,False,False
1.0,8.25,lock-in,False,0.3652893160,-0.9853753844,1.9127875109,False,0,0,7,0,0,False,False
1.0,8.5,lock-in,False,0.3549585592,-1.0303334120,1.9461853337,False,0,0,7,0,0,False,False
1.0,8.75,lock-in,False,0.3452551442,-1.0737566405,1.9779727589,False,0,0,7,0,0,False,False
1.0,9.0,lock-in,False,0.3361234985,-1.1157224614,2.0083004305,False,0,0,7,0,0,False,False
1.0,9.25,lock-in,False,0.3275142034,-1.1563054123,2.0373000122,False,0,0,7,0,0,False,False
1.0,9.5,lock-in,False,0.3193832208,-1.1955766849,2.0650870012,False,0,0,7,0,0,False,False
1.0,9.75,lock-in,False,0.3116912212,-1.2336038719,2.0917630872,False,0,0,7,0,0,False,False
1.0,10.0,lock-in,True,0.3044029989,-1.2704508790,2.1174181316,False,0,0,5,2,0,True,False
1.0,10.25,oscillation,True,0.2974869665,-1.3061779453,2.1421318303,False,0,0,1,6,0,True,False
1.0,10.5,oscillation,False,0.2909147161,-1.3408417363,2.1659751125,False,0,0,0,7,0,False,False
1.0,10.75,oscillation,False,0.2846606405,-1.3744954816,2.1890113226,False,0,0,0,7,0,False,False
1.0,11.0,oscillation,False,0.2787016038,-1.4071891390,2.2112972184,False,0,0,0,7,0,False,False
1.0,11.25,oscillation,False,0.2730166565,-1.4389695729,2.2328838200,False,0,0,0,7,0,False,False
1.0,11.5,oscillation,False,0.2675867870,-1.4698807381,2.2538171317,False,0,0,0,7,0,False,False
1.0,11.75,oscillation,False,0.2623947057,-1.4999638620,2.2741387586,False,0,0,0,7,0,False,False
1.0,12.0,oscillation,False,0.2574246569,-1.5292576233,2.2938864349,False,0,0,0,7,0,False,False
1.0,12.25,oscillation,False,0.2526622534,-1.5577983225,2.3130944789,False,0,0,0,7,0,False,False
1.0,12.5,oscillation,False,0.2480943326,-1.5856200451,2.3317941839,False,0,0,0,7,0,False,False
1.0,12.75,oscillation,False,0.2437088294,-1.6127548140,2.3500141576,False,0,0,0,7,0,False,False
1.0,13.0,oscillation,False,0.2394946651,-1.6392327342,2.3677806160,False,0,0,0,7,0,False,False
1.0,13.25,oscillation,False,0.2354416481,-1.6650821257,2.3851176395,False,0,0,0,7,0,False,False
1.0,13.5,oscillation,False,0.2315403881,-1.6903296491,2.4020473961,False,0,0,0,7,0,False,False
1.0,13.75,oscillation,False,0.2277822178,-1.7150004210,2.4185903373,False,0,0,0,7,0,False,False
1.0,14.0,oscillation,False,0.2241591258,-1.7391181210,2.4347653694,False,0,0,0,7,0,False,False
1.25,0.0,equilibrium,False,0.9946679425,0.0212145066,0.0000000000,True,0,7,0,0,0,False,False
1.25,0.25,equilibrium,False,0.9931337802,0.0255715305,0.0017047687,True,0,7,0,0,0,False,False
1.25,0.5,equilibrium,False,0.9911552161,0.0306829378,0.0043832768,True,0,7,0,0,0,False,False
1.25,0.75,equilibrium,False,0.9886031997,0.0366174680,0.0084501849,True,0,7,0,0,0,False,False
1.25,1.0,equilibrium,False,0.9853121285,0.0434164139,0.0144721380,True,0,7,0,0,0,False,False
1.25,1.25,equilibrium,False,0.9810709130,0.0510696358,0.0232134708,True,0,7,0,0,0,False,False
1.25,1.5,equilibrium,False,0.9756134228,0.0594796802,0.0356878081,True,0,7,0,0,0,False,False
1.25,1.75,equilibrium,False,0.9686099940,0.0684105154,0.0532081786,True,0,7,0,0,0,False,False
1.25,2.0,equilibrium,False,0.9596635446,0.0774188514,0.0774188514,True,0,7,0,0,0,False,False
1.25,2.25,equilibrium,False,0.9483167224,0.0857712037,0.1102772618,True,0,7,0,0,0,False,False
1.25,2.5,equilibrium,False,0.9340799863,0.0923618483,0.1539364138,True,0,7,0,0,0,False,False
1.25,2.75,equilibrium,False,0.9164923468,0.0956676564,0.2104688440,True,0,7,0,0,0,False,False
1.25,3.0,equilibrium,False,0.8952213887,0.0938000539,0.2814001618,True,0,7,0,0,0,False,False
1.25,3.25,equilibrium,False,0.8701903412,0.0847193335,0.3671171118,True,0,7,0,0,0,False,False
1.25,3.5,equilibrium,False,0.8416883384,0.0666245397,0.4663717780,True,0,7,0,0,0,False,False
1.25,3.75,equilibrium,False,0.8103981843,0.0384132418,0.5761986270,True,0,7,0,0,0,False,False
1.25,4.0,equilibrium,False,0.7772998612,0.0000000000,0.6924191480,True,0,7,0,0,0,False,False
1.25,4.25,equilibrium,False,0.7434790477,-0.0476794883,0.8105513017,True,0,7,0,0,0,False,False
1.25,4.5,equilibrium,False,0.7099283009,-0.1029650542,0.9266854882,True,0,7,0,0,0,True,True
1.25,4.75,lock-in,False,0.6774190055,-0.1638918724,1.0379818584,False,0,0,7,0,0,True,True
1.25,5.0,lock-in,False,0.6464647082,-0.2285480893,1.1427404463,False,0,0,7,0,0,False,False
1.25,5.25,lock-in,False,0.6173494728,-0.2952863765,1.2402027815,False,0,0,7,0,0,False,False
1.25,5.5,lock-in,False,0.5901836319,-0.3628003688,1.3302680190,False,0,0,7,0,0,False,False
1.25,5.75,lock-in,False,0.5649605240,-0.4301152281,1.4132357494,False,0,0,7,0,0,False,False
1.25,6.0,lock-in,False,0.5416023962,-0.4965384813,1.4896154438,False,0,0,7,0,0,False,False
1.25,6.25,lock-in,False,0.5199931738,-0.5616006143,1.5600017063,False,0,0,7,0,0,False,False
1.25,6.5,lock-in,False,0.5000000000,-0.6250000000,1.6250000000,False,0,0,7,0,0,False,False
1.25,6.75,lock-in,False,0.4814864993,-0.6865574383,1.6851864395,False,0,0,7,0,0,False,False
1.25,7.0,lock-in,False,0.4643204271,-0.7461809042,1.7410887765,False,0,0,7,0,0,False,False
1.25,7.25,lock-in,False,0.4483777124,-0.8038392031,1.7931797608,False,0,0,7,0,0,False,False
1.25,7.5,lock-in,False,0.4335442796,-0.8595427303,1.8418772792,False,0,0,7,0,0,False,False
1.25,7.75,lock-in,False,0.4197165533,-0.9133296307,1.8875479035,False,0,0,7,0,0,False,False
1.25,8.0,lock-in,False,0.4068012213,-0.9652559506,1.9305119012,False,0,0,7,0,0,False,False
1.25,8.25,lock-in,False,0.3947146071,-1.0153886907,1.9710486349,False,0,0,7,0,0,False,False
1.25,8.5,lock-in,False,0.3833818655,-1.0638009482,2.0094017911,False,0,0,7,0,0,False,False
1.25,8.75,lock-in,False,0.3727361230,-1.1105685517,2.0457841741,False,0,0,7,0,0,False,False
1.25,9.0,lock-in,False,0.3627176338,-1.1557677597,2.0803819674,False,0,0,7,0,0,False,False
1.25,9.25,lock-in,False,0.3532729874,-1.1994737148,2.1133584500,False,0,0,7,0,0,False,False
1.25,9.5,lock-in,False,0.3443543838,-1.2417594319,2.1448572006,False,0,0,7,0,0,False,False
1.25,9.75,lock-in,False,0.3359189825,-1.2826951632,2.1750048419,False,0,0,7,0,0,False,False
1.25,10.0,lock-in,True,0.3279283232,-1.3223480282,2.2039133804,False,0,0,4,3,0,True,False
1.25,10.25,oscillation,True,0.3203478153,-1.3607818284,2.2316821985,False,0,0,1,6,0,True,False
1.25,10.5,oscillation,False,0.3131462884,-1.3980569881,2.2583997500,False,0,0,0,7,0,False,False
1.25,10.75,oscillation,False,0.3062955986,-1.4342305830,2.2841450026,False,0,0,0,7,0,False,False
1.25,11.0,oscillation,False,0.2997702838,-1.4693564252,2.3089886682,False,0,0,0,7,0,False,False
1.25,11.25,oscillation,False,0.2935472619,-1.5034851853,2.3329942531,False,0,0,0,7,0,False,False
1.25,11.5,oscillation,False,0.2876055672,-1.5366645368,2.3562189564,False,0,0,0,7,0,False,False
1.25,11.75,oscillation,False,0.2819261184,-1.5689393118,2.3787144405,False,0,0,0,7,0,False,False
1.25,12.0,oscillation,False,0.2764915166,-1.6003516627,2.4005274940,False,0,0,0,7,0,False,False
1.25,12.25,oscillation,False,0.2712858664,-1.6309412220,2.4217006023,False,0,0,0,7,0,False,False
1.25,12.5,oscillation,False,0.2662946199,-1.6607452601,2.4422724414,False,0,0,0,7,0,False,False
1.25,12.75,oscillation,False,0.2615044384,-1.6897988370,2.4622783054,False,0,0,0,7,0,False,False
1.25,13.0,oscillation,False,0.2569030707,-1.7181349466,2.4817504784,False,0,0,0,7,0,False,False
1.25,13.25,oscillation,False,0.2524792455,-1.7457846538,2.5007185582,False,0,0,0,7,0,False,False
1.25,13.5,oscillation,False,0.2482225761,-1.7727772239,2.5192097392,False,0,0,0,7,0,False,False
1.25,13.75,oscillation,False,0.2441234758,-1.7991402427,2.5372490602,False,0,0,0,7,0,False,False
1.25,14.0,oscillation,False,0.2401730826,-1.8248997300,2.5548596220,False,0,0,0,7,0,False,False
1.5,0.0,equilibrium,False,0.9958622174,0.0164826455,0.0000000000,True,0,7,0,0,0,False,False
1.5,0.25,equilibrium,False,0.9946751508,0.0198618568,0.0013241238,True,0,7,0,0,0,False,False
1.5,0.5,equilibrium,False,0.9931457611,0.0238254041,0.0034036292,True,0,7,0,0,0,False,False
1.5,0.75,equilibrium,False,0.9911751463,0.0284276710,0.0065602318,True,0,7,0,0,0,False,False
1.5,1.0,equilibrium,False,0.9886363749,0.0337034793,0.0112344931,True,0,7,0,0,0,False,False
1.5,1.25,equilibrium,False,0.9853673655,0.0396509315,0.0180231507,True,0,7,0,0,0,False,False
1.5,1.5,equilibrium,False,0.9811628434,0.0462057953,0.0277234772,True,0,7,0,0,0,False,False
1.5,1.75,equilibrium,False,0.9757661824,0.0532047143,0.0413814445,True,0,7,0,0,0,False,False
1.5,2.0,equilibrium,False,0.9688629873,0.0603349983,0.0603349983,True,0,7,0,0,0,False,False
1.5,2.25,equilibrium,False,0.9600800344,0.0670711334,0.0862343144,True,0,7,0,0,0,False,False
1.5,2.5,equilibrium,False,0.9489956596,0.0726043465,0.1210072442,True,0,7,0,0,0,False,False
1.5,2.75,equilibrium,False,0.9351701724,0.0757836513,0.1667240329,True,0,7,0,0,0,False,False
1.5,3.0,equilibrium,False,0.9182050357,0.0751045481,0.2253136443,True,0,7,0,0,0,False,False
1.5,3.25,equilibrium,False,0.8978329406,0.0687967135,0.2981190919,True,0,7,0,0,0,False,False
1.5,3.5,equilibrium,False,0.8740234847,0.0550532165,0.3853725152,True,0,7,0,0,0,False,False
1.5,3.75,equilibrium,False,0.8470652425,0.0323864294,0.4857964404,True,0,7,0,0,0,False,False
1.5,4.0,equilibrium,False,0.8175744762,0.0000000000,0.5965858083,True,0,7,0,0,0,False,False
1.5,4.25,equilibrium,False,0.7864063737,-0.0419928473,0.7138784037,True,0,7,0,0,0,False,False
1.5,4.5,equilibrium,False,0.7544985877,-0.0926152344,0.8335371100,True,0,7,0,0,0,False,False
1.5,4.75,equilibrium,False,0.7227140687,-0.1502988327,0.9518926070,True,0,7,0,0,0,True,True
1.5,5.0,lock-in,False,0.6917388436,-0.2132362159,1.0661810794,False,0,0,7,0,0,True,True
1.5,5.25,lock-in,False,0.6620490163,-0.2796751454,1.1746356107,False,0,0,7,0,0,False,False
1.5,5.5,lock-in,False,0.6339284565,-0.3480947528,1.2763474269,False,0,0,7,0,0,False,False
1.5,5.75,lock-in,False,0.6075099871,-0.4172728047,1.3710392154,False,0,0,7,0,0,False,False
1.5,6.0,lock-in,False,0.5828199006,-0.4862817281,1.4588451844,False,0,0,7,0,0,False,False
1.5,6.25,lock-in,False,0.5598157881,-0.5544496609,1.5401379469,False,0,0,7,0,0,False,False
1.5,6.5,lock-in,False,0.5384148591,-0.6213107465,1.6154079409,False,0,0,7,0,0,False,False
1.5,6.75,lock-in,False,0.5185135007,-0.6865574383,1.6851864395,False,0,0,7,0,0,False,False
1.5,7.0,lock-in,False,0.5000000000,-0.7500000000,1.7500000000,False,0,0,7,0,0,False,False
1.5,7.25,lock-in,False,0.4827623912,-0.8115343107,1.8103457701,False,0,0,7,0,0,False,False
1.5,7.5,lock-in,False,0.4666930119,-0.8711172559,1.8666798341,False,0,0,7,0,0,False,False
1.5,7.75,lock-in,False,0.4516909267,-0.9287483754,1.9194133091,False,0,0,7,0,0,False,False
1.5,8.0,lock-in,False,0.4376630132,-0.9844564003,1.9689128006,False,0,0,7,0,0,False,False
1.5,8.25,lock-in,False,0.4245242377,-1.0382894895,2.0155031268,False,0,0,7,0,0,False,False
1.5,8.5,lock-in,False,0.4121974599,-1.0903082128,2.0594710685,False,0,0,7,0,0,False,False
1.5,8.75,lock-in,False,0.4006129823,-1.1405805484,2.1010694312,False,0,0,7,0,0,False,False
1.5,9.0,lock-in,False,0.3897079772,-1.1891783486,2.1405210274,False,0,0,7,0,0,False,False
1.5,9.25,lock-in,False,0.3794258707,-1.2361748665,2.1780223839,False,0,0,7,0,0,False,False
1.5,9.5,lock-in,False,0.3697157312,-1.2816430512,2.2137470884,False,0,0,7,0,0,False,False
1.5,9.75,lock-in,True,0.3605316889,-1.3256543937,2.2478487546,False,0,0,6,1,0,True,False
1.5,10.0,lock-in,True,0.3518323980,-1.3682781703,2.2804636171,False,0,0,4,3,0,True,False
1.5,10.25,oscillation,True,0.3435805472,-1.4095809675,2.3117127867,False,0,0,1,6,0,True,False
1.5,10.5,oscillation,False,0.3357424206,-1.4496264096,2.3417042001,False,0,0,0,7,0,False,False
1.5,10.75,oscillation,False,0.3282875042,-1.4884750269,2.3705343021,False,0,0,0,7,0,False,False
1.5,11.0,oscillation,False,0.3211881372,-1.5261842241,2.3982894950,False,0,0,0,7,0,False,False
1.5,11.25,oscillation,False,0.3144192029,-1.5628083163,2.4250473873,False,0,0,0,7,0,False,False
1.5,11.5,oscillation,False,0.3079578554,-1.5983986103,2.4508778692,False,0,0,0,7,0,False,False
1.5,11.75,oscillation,False,0.3017832782,-1.6330035169,2.4758440417,False,0,0,0,7,0,False,False
1.5,12.0,oscillation,False,0.2958764710,-1.6666686794,2.5000030191,False,0,0,0,7,0,False,False
1.5,12.25,oscillation,False,0.2902200616,-1.6994371138,2.5234066235,False,0,0,0,7,0,False,False
1.5,12.5,oscillation,False,0.2847981389,-1.7313493515,2.5461019875,False,0,0,0,7,0,False,False
1.5,12.75,oscillation,False,0.2795961066,-1.7624435829,2.5681320780,False,0,0,0,7,0,False,False
1.5,13.0,oscillation,False,0.2746005516,-1.7927557979,2.5895361526,False,0,0,0,7,0,False,False
1.5,13.25,oscillation,False,0.2697991292,-1.8223199217,2.6103501581,False,0,0,0,7,0,False,False
1.5,13.5,oscillation,False,0.2651804600,-1.8511679445,2.6306070790,False,0,0,0,7,0,False,False
1.5,13.75,oscillation,False,0.2607340383,-1.8793300456,2.6503372438,False,0,0,0,7,0,False,False
1.5,14.0,oscillation,False,0.2564501508,-1.9068347097,2.6695685936,False,0,0,0,7,0,False,False
1.75,0.0,equilibrium,False,0.9967864029,0.0128130795,0.0000000000,True,0,7,0,0,0,False,False
1.75,0.25,equilibrium,False,0.9958665446,0.0154363873,0.0010290925,True,0,7,0,0,0,False,False
1.75,0.5,equilibrium,False,0.9946823299,0.0185128739,0.0026446963,True,0,7,0,0,0,False,False
1.75,0.75,equilibrium,False,0.9931576791,0.0220853865,0.0050966276,True,0,7,0,0,0,False,False
1.75,1.0,equilibrium,False,0.9911949414,0.0261825888,0.0087275296,True,0,7,0,0,0,False,False
1.75,1.25,equilibrium,False,0.9886692599,0.0308064746,0.0140029430,True,0,7,0,0,0,False,False
1.75,1.5,equilibrium,False,0.9854219786,0.0359137566,0.0215482540,True,0,7,0,0,0,False,False
1.75,1.75,equilibrium,False,0.9812534349,0.0413890456,0.0321914799,True,0,7,0,0,0,False,False
1.75,2.0,equilibrium,False,0.9759160790,0.0470077715,0.0470077715,True,0,7,0,0,0,False,False
1.75,2.25,equilibrium,False,0.9691099015,0.0523878255,0.0673557757,True,0,7,0,0,0,False,False
1.75,2.5,equilibrium,False,0.9604837718,0.0569320439,0.0948867398,True,0,7,0,0,0,False,False
1.75,2.75,equilibrium,False,0.9496483535,0.0597704478,0.1314949851,True,0,7,0,0,0,False,False
1.75,3.0,equilibrium,False,0.9362078804,0.0597226851,0.1791680553,True,0,7,0,0,0,False,False
1.75,3.25,equilibrium,False,0.9198169637,0.0553152877,0.2396995802,True,0,7,0,0,0,False,False
1.75,3.5,equilibrium,False,0.9002612400,0.0448954699,0.3142682892,True,0,7,0,0,0,False,False
1.75,3.75,equilibrium,False,0.8775451799,0.0268649093,0.4029736391,True,0,7,0,0,0,False,False
1.75,4.0,equilibrium,False,0.8519528020,0.0000000000,0.5045169007,True,0,7,0,0,0,False,False
1.75,4.25,equilibrium,False,0.8240438653,-0.0362488933,0.6162311868,True,0,7,0,0,0,False,False
1.75,4.5,equilibrium,False,0.7945729059,-0.0816134016,0.7345206141,True,0,7,0,0,0,False,False
1.75,4.75,equilibrium,False,0.7643594183,-0.1350855735,0.8555419652,True,0,7,0,0,0,False,False
1.75,5.0,equilibrium,False,0.7341612469,-0.1951685105,0.9758425523,True,0,7,0,0,0,True,True
1.75,5.25,lock-in,False,0.7045917588,-0.2601777653,1.0927466142,False,0,0,7,0,0,True,True
1.75,5.5,lock-in,False,0.6760907412,-0.3284880763,1.2044562798,False,0,0,7,0,0,False,False
1.75,5.75,lock-in,False,0.6489354209,-0.3986819207,1.3099548824,False,0,0,7,0,0,False,False
1.75,6.0,lock-in,False,0.6232714282,-0.4696083100,1.4088249300,False,0,0,7,0,0,False,False
1.75,6.25,lock-in,False,0.5991480991,-0.5403817225,1.5010603402,False,0,0,7,0,0,False,False
1.75,6.5,lock-in,False,0.5765497540,-0.6103503379,1.5869108786,False,0,0,7,0,0,False,False
1.75,6.75,lock-in,False,0.5554200635,-0.6790536955,1.6667681618,False,0,0,7,0,0,False,False
1.75,7.0,lock-in,False,0.5356795729,-0.7461809042,1.7410887765,False,0,0,7,0,0,False,False
1.75,7.25,lock-in,False,0.5172376088,-0.8115343107,1.8103457701,False,0,0,7,0,0,False,False
1.75,7.5,lock-in,False,0.5000000000,-0.8750000000,1.8750000000,False,0,0,7,0,0,False,False
1.75,7.75,lock-in,False,0.4838738555,-0.9365248030,1.9354845928,False,0,0,7,0,0,False,False
1.75,8.0,lock-in,False,0.4687703530,-0.9960988366,1.9921976732,False,0,0,7,0,0,False,False
1.75,8.25,lock-in,False,0.4546062245,-1.0537424719,2.0455000924,False,0,0,7,0,0,False,False
1.75,8.5,lock-in,False,0.4413044110,-1.1094967253,2.0957160366,False,0,0,7,0,0,False,False
1.75,8.75,lock-in,False,0.4287942036,-1.1634162391,2.1431351773,False,0,0,7,0,0,False,False
1.75,9.0,lock-in,False,0.4170110788,-1.2155641948,2.1880155506,False,0,0,7,0,0,False,False
1.75,9.25,lock-in,False,0.4058963639,-1.2660086547,2.2305866774,False,0,0,7,0,0,False,False
1.75,9.5,lock-in,False,0.3953968163,-1.3148199567,2.2710526525,False,0,0,7,0,0,False,False
1.75,9.75,lock-in,True,0.3854641713,-1.3620688777,2.3095950534,False,0,0,6,1,0,True,False
1.75,10.0,lock-in,True,0.3760546895,-1.4078253601,2.3463756002,False,0,0,4,3,0,True,False
1.75,10.25,oscillation,True,0.3671287229,-1.4521576482,2.3815385430,False,0,0,3,4,0,True,False
1.75,10.5,oscillation,True,0.3586503086,-1.4951317208,2.4152127797,False,0,0,1,6,0,True,False
1.75,10.75,oscillation,False,0.3505867968,-1.5368109392,2.4475137180,False,0,0,0,7,0,False,False
1.75,11.0,oscillation,False,0.3429085114,-1.5772558495,2.4785449063,False,0,0,0,7,0,False,False
1.75,11.25,oscillation,False,0.3355884450,-1.6165240942,2.5083994565,False,0,0,0,7,0,False,False
1.75,11.5,oscillation,False,0.3286019845,-1.6546704022,2.5371612833,False,0,0,0,7,0,False,False
1.75,11.75,oscillation,False,0.3219266667,-1.6917466317,2.5649061836,False,0,0,0,7,0,False,False
1.75,12.0,oscillation,False,0.3155419595,-1.7278018505,2.5917027757,False,0,0,0,7,0,False,False
1.75,12.25,oscillation,False,0.3094290679,-1.7628824387,2.6176133181,False,0,0,0,7,0,False,False
1.75,12.5,oscillation,False,0.3035707603,-1.7970322073,2.6426944226,False,0,0,0,7,0,False,False
1.75,12.75,oscillation,False,0.2979512150,-1.8302925241,2.6669976780,False,0,0,0,7,0,False,False
1.75,13.0,oscillation,False,0.2925558824,-1.8627024426,2.6905701948,False,0,0,0,7,0,False,False
1.75,13.25,oscillation,False,0.2873713633,-1.8942988314,2.7134550828,False,0,0,0,7,0,False,False
1.75,13.5,oscillation,False,0.2823852997,-1.9251165008,2.7356918696,False,0,0,0,7,0,False,False
1.75,13.75,oscillation,False,0.2775862773,-1.9551883256,2.7573168695,False,0,0,0,7,0,False,False
1.75,14.0,oscillation,False,0.2729637391,-1.9845453624,2.7783635074,False,0,0,0,7,0,False,False
2.0,0.0,equilibrium,False,0.9975026147,0.0099645935,0.0000000000,True,0,7,0,0,0,False,False
2.0,0.25,equilibrium,False,0.9967890066,0.0120025608,0.0008001707,True,0,7,0,0,0,False,False
2.0,0.5,equilibrium,False,0.9958708582,0.0143923219,0.0020560460,True,0,7,0,0,0,False,False
2.0,0.75,equilibrium,False,0.9946894798,0.0171675354,0.0039617389,True,0,7,0,0,0,False,False
2.0,1.0,equilibrium,False,0.9931695349,0.0203514297,0.0067838099,True,0,7,0,0,0,False,False
2.0,1.25,equilibrium,False,0.9912146031,0.0239475878,0.0108852672,True,0,7,0,0,0,False,False
2.0,1.5,equilibrium,False,0.9887018592,0.0279262320,0.0167557392,True,0,7,0,0,0,False,False
2.0,1.75,equilibrium,False,0.9854759805,0.0322044128,0.0250478767,True,0,7,0,0,0,False,False
2.0,2.0,equilibrium,False,0.9813427219,0.0366183681,0.0366183681,True,0,7,0,0,0,False,False
2.0,2.25,equilibrium,False,0.9760632069,0.0408866902,0.0525686017,True,0,7,0,0,0,False,False
2.0,2.5,equilibrium,False,0.9693509925,0.0445644687,0.0742741145,True,0,7,0,0,0,False,False
2.0,2.75,equilibrium,False,0.9608754367,0.0469922898,0.1033830375,True,0,7,0,0,0,False,False
2.0,3.0,equilibrium,False,0.9502765577,0.0472510216,0.1417530647,True,0,7,0,0,0,False,False
2.0,3.25,equilibrium,False,0.9371974364,0.0441438012,0.1912898052,True,0,7,0,0,0,False,False
2.0,3.5,equilibrium,False,0.9213381678,0.0362370742,0.2536595193,True,0,7,0,0,0,False,False
2.0,3.75,equilibrium,False,0.9025277700,0.0219928486,0.3298927290,True,0,7,0,0,0,False,False
2.0,4.0,equilibrium,False,0.8807970780,0.0000000000,0.4199743416,True,0,7,0,0,0,False,False
2.0,4.25,equilibrium,False,0.8564231567,-0.0307406333,0.5225907668,True,0,7,0,0,0,False,False
2.0,4.5,equilibrium,False,0.8299173108,-0.0705772840,0.6351955561,True,0,7,0,0,0,False,False
2.0,4.75,equilibrium,False,0.8019515274,-0.1191189563,0.7544200568,True,0,7,0,0,0,False,False
2.0,5.0,equilibrium,False,0.7732493552,-0.1753347899,0.8766739495,True,0,7,0,0,0,True,False
2.0,5.25,unresolved,False,0.7444822586,-0.2377855315,0.9986992324,True,0,0,0,0,7,True,True
2.0,5.5,lock-in,False,0.7162016055,-0.3048852987,1.1179127618,False,0,0,7,0,0,True,True
2.0,5.75,lock-in,False,0.6888132247,-0.3751117408,1.2325100056,False,0,0,7,0,0,False,False
2.0,6.0,lock-in,False,0.6625841928,-0.4471327605,1.3413982815,False,0,0,7,0,0,False,False
2.0,6.25,lock-in,False,0.6376665021,-0.5198578519,1.4440495887,False,0,0,7,0,0,False,False
2.0,6.5,lock-in,False,0.6141253709,-0.5924384993,1.5403400982,False,0,0,7,0,0,False,False
2.0,6.75,lock-in,False,0.5919652458,-0.6642415823,1.6304111566,False,0,0,7,0,0,False,False
2.0,7.0,lock-in,False,0.5711507533,-0.7348127109,1.7145629922,False,0,0,7,0,0,False,False
2.0,7.25,lock-in,False,0.5516222876,-0.8038392031,1.7931797608,False,0,0,7,0,0,False,False
2.0,7.5,lock-in,False,0.5333069881,-0.8711172559,1.8666798341,False,0,0,7,0,0,False,False
2.0,7.75,lock-in,False,0.5161261445,-0.9365248030,1.9354845928,False,0,0,7,0,0,False,False
2.0,8.0,lock-in,False,0.5000000000,-1.0000000000,2.0000000000,False,0,0,7,0,0,False,False
2.0,8.25,lock-in,False,0.4848507337,-1.0615246239,2.0606066228,False,0,0,7,0,0,False,False
2.0,8.5,lock-in,False,0.4706042065,-1.1211114930,2.1176550423,False,0,0,7,0,0,False,False
2.0,8.75,lock-in,False,0.4571908874,-1.1787950544,2.1714645740,False,0,0,7,0,0,False,False
2.0,9.0,lock-in,False,0.4445462498,-1.2346244079,2.2223239343,False,0,0,7,0,0,False,False
2.0,9.25,lock-in,False,0.4326108332,-1.2886581760,2.2704929768,False,0,0,7,0,0,False,False
2.0,9.5,lock-in,False,0.4213301033,-1.3409607605,2.3162049499,False,0,0,7,0,0,False,False
2.0,9.75,lock-in,False,0.4106541960,-1.3915996320,2.3596689412,False,0,0,7,0,0,False,False
2.0,10.0,lock-in,True,0.4005376009,-1.4406433870,2.4010723116,False,0,0,5,2,0,True,False
2.0,10.25,lock-in,True,0.3909388219,-1.4881603715,2.4405830093,False,0,0,4,3,0,True,False
2.0,10.5,oscillation,True,0.3818200357,-1.5342177243,2.4783517085,False,0,0,2,5,0,True,False
2.0,10.75,oscillation,True,0.3731467614,-1.5788807270,2.5145137505,False,0,0,1,6,0,True,False
2.0,11.0,oscillation,False,0.3648875496,-1.6222123803,2.5491908833,False,0,0,0,7,0,False,False
2.0,11.25,oscillation,False,0.3570136945,-1.6642731442,2.5824928100,False,0,0,0,7,0,False,False
2.0,11.5,oscillation,False,0.3494989693,-1.7051207982,2.6145185572,False,0,0,0,7,0,False,False
2.0,11.75,oscillation,False,0.3423193864,-1.7448103867,2.6453576830,False,0,0,0,7,0,False,False
2.0,12.0,oscillation,False,0.3354529798,-1.7833942253,2.6750913379,False,0,0,0,7,0,False,False
2.0,12.25,oscillation,False,0.3288796100,-1.8209219501,2.7037931987,False,0,0,0,7,0,False,False
2.0,12.5,oscillation,False,0.3225807875,-1.8574405957,2.7315302878,False,0,0,0,7,0,False,False
2.0,12.75,oscillation,False,0.3165395151,-1.8929946918,2.7583636938,False,0,0,0,7,0,False,False
2.0,13.0,oscillation,False,0.3107401470,-1.9276263722,2.7843492043,False,0,0,0,7,0,False,False
2.0,13.25,oscillation,False,0.3051682610,-1.9613754897,2.8095378636,False,0,0,0,7,0,False,False
2.0,13.5,oscillation,False,0.2998105459,-1.9942797333,2.8339764632,False,0,0,0,7,0,False,False
2.0,13.75,oscillation,False,0.2946546988,-2.0263747460,2.8577079752,False,0,0,0,7,0,False,False
2.0,14.0,oscillation,False,0.2896893344,-2.0576942392,2.8807719349,False,0,0,0,7,0,False,False
2.25,0.0,equilibrium,False,0.9980582715,0.0077518329,0.0000000000,True,0,7,0,0,0,False,False
2.25,0.25,equilibrium,False,0.9975041842,0.0093359502,0.0006223967,True,0,7,0,0,0,False,False
2.25,0.5,equilibrium,False,0.9967916040,0.0111933575,0.0015990511,True,0,7,0,0,0,False,False
2.25,0.75,equilibrium,False,0.9958751583,0.0133504390,0.0030808705,True,0,7,0,0,0,False,False
2.25,1.0,equilibrium,False,0.9946966008,0.0158258193,0.0052752731,True,0,7,0,0,0,False,False
2.25,1.25,equilibrium,False,0.9931813289,0.0186234863,0.0084652210,True,0,7,0,0,0,False,False
2.25,1.5,equilibrium,False,0.9912341330,0.0217225665,0.0130335399,True,0,7,0,0,0,False,False
2.25,1.75,equilibrium,False,0.9887341771,0.0250625342,0.0194930822,True,0,7,0,0,0,False,False
2.25,2.0,equilibrium,False,0.9855293831,0.0285224364,0.0285224364,True,0,7,0,0,0,False,False
2.25,2.25,equilibrium,False,0.9814307376,0.0318927785,0.0410050009,True,0,7,0,0,0,False,False
2.25,2.5,equilibrium,False,0.9762076561,0.0348394023,0.0580656706,True,0,7,0,0,0,False,False
2.25,2.75,equilibrium,False,0.9695865007,0.0368606480,0.0810934256,True,0,7,0,0,0,False,False
2.25,3.0,equilibrium,False,0.9612556574,0.0372432186,0.1117296557,True,0,7,0,0,0,False,False
2.25,3.25,equilibrium,False,0.9508818592,0.0350291618,0.1517930343,True,0,7,0,0,0,False,False
2.25,3.5,equilibrium,False,0.9381426641,0.0290155029,0.2031085206,True,0,7,0,0,0,False,False
2.25,3.75,equilibrium,False,0.9227772894,0.0178148409,0.2672226135,True,0,7,0,0,0,False,False
2.25,4.0,equilibrium,False,0.9046505351,0.0000000000,0.3450317778,True,0,7,0,0,0,False,False
2.25,4.25,equilibrium,False,0.8838132213,-0.0256718528,0.4364214975,True,0,7,0,0,0,False,False
2.25,4.5,equilibrium,False,0.8605340812,-0.0600075881,0.5400682933,True,0,7,0,0,0,False,False
2.25,4.75,equilibrium,False,0.8352825024,-0.1031892327,0.6535318070,True,0,7,0,0,0,False,False
2.25,5.0,equilibrium,False,0.8086617947,-0.1547278965,0.7736394826,True,0,7,0,0,0,False,False
2.25,5.25,equilibrium,False,0.7813164348,-0.2135763294,0.8970205836,True,0,7,0,0,0,True,True
2.25,5.5,equilibrium,False,0.7538460368,-0.2783432844,1.0205920429,False,0,7,0,0,0,True,True
2.25,5.75,lock-in,False,0.7267488340,-0.3475236910,1.1418635562,False,0,0,7,0,0,True,False
2.25,6.0,lock-in,False,0.7003995050,-0.4196800768,1.2590402303,False,0,0,7,0,0,False,False
2.25,6.25,lock-in,False,0.6750532402,-0.4935518169,1.3709772692,False,0,0,7,0,0,False,False
2.25,6.5,lock-in,False,0.6508641188,-0.5681000441,1.4770601147,False,0,0,7,0,0,False,False
2.25,6.75,lock-in,False,0.6279080678,-0.6425086970,1.5770668018,False,0,0,7,0,0,False,False
2.25,7.0,lock-in,False,0.6062046184,-0.7161617371,1.6710440532,False,0,0,7,0,0,False,False
2.25,7.25,lock-in,False,0.5857349521,-0.7886109335,1.7592090054,False,0,0,7,0,0,False,False
2.25,7.5,lock-in,False,0.5664557204,-0.8595427303,1.8418772792,False,0,0,7,0,0,False,False
2.25,7.75,lock-in,False,0.5483090733,-0.9287483754,1.9194133091,False,0,0,7,0,0,False,False
2.25,8.0,lock-in,False,0.5312296470,-0.9960988366,1.9921976732,False,0,0,7,0,0,False,False
2.25,8.25,lock-in,False,0.5151492663,-1.0615246239,2.0606066228,False,0,0,7,0,0,False,False
2.25,8.5,lock-in,False,0.5000000000,-1.1250000000,2.1250000000,False,0,0,7,0,0,False,False
2.25,8.75,lock-in,False,0.4857160630,-1.1865308534,2.1857147300,False,0,0,7,0,0,False,False
2.25,9.0,lock-in,False,0.4722349296,-1.2461455043,2.2430619078,False,0,0,7,0,0,False,False
2.25,9.25,lock-in,False,0.4594979189,-1.3038878025,2.2973261282,False,0,0,7,0,0,False,False
2.25,9.5,lock-in,False,0.4474504324,-1.3598119862,2.3487661580,False,0,0,7,0,0,False,False
2.25,9.75,lock-in,False,0.4360419706,-1.4139788803,2.3976163622,False,0,0,7,0,0,False,False
2.25,10.0,lock-in,True,0.4252260127,-1.4664531049,2.4440885082,False,0,0,6,1,0,True,False
2.25,10.25,lock-in,True,0.4149598159,-1.5173010443,2.4883737126,False,0,0,5,2,0,True,False
2.25,10.5,lock-in,True,0.4052041733,-1.5665893831,2.5306443880,False,0,0,4,3,0,True,False
2.25,10.75,oscillation,True,0.3959231533,-1.6143840673,2.5710561072,False,0,0,2,5,0,True,False
2.25,11.0,oscillation,True,0.3870838370,-1.6607495809,2.6097493414,False,0,0,1,6,0,True,False
2.25,11.25,oscillation,False,0.3786560637,-1.7057484561,2.6468510526,False,0,0,0,7,0,False,False
2.25,11.5,oscillation,False,0.3706121888,-1.7494409573,2.6824761346,False,0,0,0,7,0,False,False
2.25,11.75,oscillation,False,0.3629268581,-1.7918848917,2.7167287068,False,0,0,0,7,0,False,False
2.25,12.0,oscillation,False,0.3555767995,-1.8331355132,2.7497032698,False,0,0,0,7,0,False,False
2.25,12.25,oscillation,False,0.3485406319,-1.8732454936,2.7814857329,False,0,0,0,7,0,False,False
2.25,12.5,oscillation,False,0.3417986918,-1.9122649418,2.8121543262,False,0,0,0,7,0,False,False
2.25,12.75,oscillation,False,0.3353328750,-1.9502414570,2.8417804088,False,0,0,0,7,0,False,False
2.25,13.0,oscillation,False,0.3291264940,-1.9872202046,2.8704291845,False,0,0,0,7,0,False,False
2.25,13.25,oscillation,False,0.3231641493,-2.0232440077,2.8981603354,False,0,0,0,7,0,False,False
2.25,13.5,oscillation,False,0.3174316127,-2.0583534477,2.9250285836,False,0,0,0,7,0,False,False
2.25,13.75,oscillation,False,0.3119157226,-2.0925869698,2.9510841881,False,0,0,0,7,0,False,False
2.25,14.0,oscillation,False,0.3066042892,-2.1259809903,2.9763733865,False,0,0,0,7,0,False,False
2.5,0.0,equilibrium,False,0.9984897353,0.0060319352,0.0000000000,True,0,7,0,0,0,False,False
2.5,0.25,equilibrium,False,0.9980592189,0.0072638044,0.0004842536,True,0,7,0,0,0,False,False
2.5,0.5,equilibrium,False,0.9975057507,0.0087080979,0.0012440140,True,0,7,0,0,0,False,False
2.5,0.75,equilibrium,False,0.9967941951,0.0103854650,0.0023966458,True,0,7,0,0,0,False,False
2.5,1.0,equilibrium,False,0.9958794449,0.0123107282,0.0041035761,True,0,7,0,0,0,False,False
2.5,1.25,equilibrium,False,0.9947036932,0.0144877037,0.0065853199,True,0,7,0,0,0,False,False
2.5,1.5,equilibrium,False,0.9931930618,0.0169015094,0.0101409057,True,0,7,0,0,0,False,False
2.5,1.75,equilibrium,False,0.9912535326,0.0195074250,0.0151724417,True,0,7,0,0,0,False,False
2.5,2.0,equilibrium,False,0.9887662180,0.0222151682,0.0222151682,True,0,7,0,0,0,False,False
2.5,2.25,equilibrium,False,0.9855821981,0.0248673755,0.0319723399,True,0,7,0,0,0,False,False
2.5,2.5,equilibrium,False,0.9815175139,0.0272113257,0.0453522095,True,0,7,0,0,0,False,False
2.5,2.75,equilibrium,False,0.9763495122,0.0288639277,0.0635006410,True,0,7,0,0,0,False,False
2.5,3.0,equilibrium,False,0.9698166520,0.0292723135,0.0878169406,True,0,7,0,0,0,False,False
2.5,3.25,equilibrium,False,0.9616250150,0.0276767592,0.1199326231,True,0,7,0,0,0,False,False
2.5,3.5,equilibrium,False,0.9514656989,0.0230893614,0.1616255295,True,0,7,0,0,0,False,False
2.5,3.75,equilibrium,False,0.9390469590,0.0143094419,0.2146416292,True,0,7,0,0,0,False,False
2.5,4.0,equilibrium,False,0.9241418200,0.0000000000,0.2804148662,True,0,7,0,0,0,False,False
2.5,4.25,equilibrium,False,0.9066447685,-0.0211600081,0.3597201370,True,0,7,0,0,0,False,False
2.5,4.5,equilibrium,False,0.8866217735,-0.0502618021,0.4523562193,True,0,7,0,0,0,False,False
2.5,4.75,equilibrium,False,0.8643325142,-0.0879463643,0.5569936408,True,0,7,0,0,0,False,False
2.5,5.0,equilibrium,False,0.8402098334,-0.1342572693,0.6712863463,True,0,7,0,0,0,False,False
2.5,5.25,equilibrium,False,0.8147991923,-0.1886268357,0.7922327098,True,0,7,0,0,0,False,False
2.5,5.5,equilibrium,False,0.7886790547,-0.2499966050,0.9166542185,True,0,7,0,0,0,True,True
2.5,5.75,lock-in,False,0.7623886161,-0.3170163748,1.0416252315,False,0,0,7,0,0,True,True
2.5,6.0,lock-in,False,0.7363803331,-0.3882486762,1.1647460286,False,0,0,7,0,0,False,False
2.5,6.25,lock-in,False,0.7110005984,-0.4623271819,1.2842421718,False,0,0,7,0,0,False,False
2.5,6.5,lock-in,False,0.6864920429,-0.5380517949,1.3989346667,False,0,0,7,0,0,False,False
2.5,6.75,lock-in,False,0.6630080186,-0.6144280611,1.5081416045,False,0,0,7,0,0,False,False
2.5,7.0,lock-in,False,0.6406314204,-0.6906684107,1.6115596251,False,0,0,7,0,0,False,False
2.5,7.25,lock-in,False,0.6193930174,-0.7661722490,1.7091534786,False,0,0,7,0,0,False,False
2.5,7.5,lock-in,False,0.5992870450,-0.8404972894,1.8010656202,False,0,0,7,0,0,False,False
2.5,7.75,lock-in,False,0.5802834467,-0.9133296307,1.8875479035,False,0,0,7,0,0,False,False
2.5,8.0,lock-in,False,0.5623369868,-0.9844564003,1.9689128006,False,0,0,7,0,0,False,False
2.5,8.25,lock-in,False,0.5453937755,-1.0537424719,2.0455000924,False,0,0,7,0,0,False,False
2.5,8.5,lock-in,False,0.5293957935,-1.1211114930,2.1176550423,False,0,0,7,0,0,False,False
2.5,8.75,lock-in,False,0.5142839370,-1.1865308534,2.1857147300,False,0,0,7,0,0,False,False
2.5,9.0,lock-in,False,0.5000000000,-1.2500000000,2.2500000000,False,0,0,7,0,0,False,False
2.5,9.25,lock-in,False,0.4864879095,-1.3115414729,2.3108111666,False,0,0,7,0,0,False,False
2.5,9.5,lock-in,False,0.4736944467,-1.3711940983,2.3684261697,False,0,0,7,0,0,False,False
2.5,9.75,lock-in,False,0.4615696189,-1.4290078584,2.4231002817,False,0,0,7,0,0,False,False
2.5,10.0,lock-in,False,0.4500668000,-1.4850400532,2.4750667554,False,0,0,7,0,0,False,False
2.5,10.25,lock-in,True,0.4391427207,-1.5393524473,2.5245380135,False,0,0,5,2,0,True,False
2.5,10.5,lock-in,True,0.4287573651,-1.5920091653,2.5717071132,False,0,0,5,2,0,True,False
2.5,10.75,lock-in,True,0.4188738105,-1.6430751543,2.6167493198,False,0,0,4,3,0,True,False
2.5,11.0,oscillation,True,0.4094580382,-1.6926150721,2.6598236847,False,0,0,3,4,0,True,False
2.5,11.25,oscillation,True,0.4004787304,-1.7406924975,2.7010745651,False,0,0,1,6,0,True,False
2.5,11.5,oscillation,False,0.3919070653,-1.7873693811,2.7406330509,False,0,0,0,7,0,False,False
2.5,11.75,oscillation,False,0.3837165176,-1.8327056759,2.7786182828,False,0,0,0,7,0,False,False
2.5,12.0,oscillation,False,0.3758826678,-1.8767591027,2.8151386541,False,0,0,0,7,0,False,False
2.5,12.25,oscillation,False,0.3683830231,-1.9195850140,2.8502928996,False,0,0,0,7,0,False,False
2.5,12.5,oscillation,False,0.3611968517,-1.9612363312,2.8841710753,False,0,0,0,7,0,False,False
2.5,12.75,oscillation,False,0.3543050291,-2.0017635353,2.9168554371,False,0,0,0,7,0,False,False
2.5,13.0,oscillation,False,0.3476898979,-2.0412146952,2.9484212264,False,0,0,0,7,0,False,False
2.5,13.25,oscillation,False,0.3413351394,-2.0796355236,2.9789373717,False,0,0,0,7,0,False,False
2.5,13.5,oscillation,False,0.3352256570,-2.1170694509,3.0084671144,False,0,0,0,7,0,False,False
2.5,13.75,oscillation,False,0.3293474699,-2.1535577111,3.0370685669,False,0,0,0,7,0,False,False
2.5,14.0,oscillation,False,0.3236876169,-2.1891394357,3.0647952100,False,0,0,0,7,0,False,False
2.75,0.0,equilibrium,False,0.9988249865,0.0046945313,0.0000000000,True,0,7,0,0,0,False,False
2.75,0.25,equilibrium,False,0.9984903078,0.0056527989,0.0003768533,True,0,7,0,0,0,False,False
2.75,0.5,equilibrium,False,0.9980601649,0.0067762526,0.0009680361,True,0,7,0,0,0,False,False
2.75,0.75,equilibrium,False,0.9975073143,0.0080810346,0.0018648541,True,0,7,0,0,0,False,False
2.75,1.0,equilibrium,False,0.9967967799,0.0095788784,0.0031929595,True,0,7,0,0,0,False,False
2.75,1.25,equilibrium,False,0.9958837182,0.0112731795,0.0051241725,True,0,7,0,0,0,False,False
2.75,1.5,equilibrium,False,0.9947107572,0.0131531669,0.0078919001,True,0,7,0,0,0,False,False
2.75,1.75,equilibrium,False,0.9932047342,0.0151854529,0.0118109078,True,0,7,0,0,0,False,False
2.75,2.0,equilibrium,False,0.9912728036,0.0173020648,0.0173020648,True,0,7,0,0,0,False,False
2.75,2.25,equilibrium,False,0.9887979861,0.0193839254,0.0249221898,True,0,7,0,0,0,False,False
2.75,2.5,equilibrium,False,0.9856344371,0.0212387902,0.0353979837,True,0,7,0,0,0,False,False
2.75,2.75,equilibrium,False,0.9816030814,0.0225730899,0.0496607978,True,0,7,0,0,0,False,False
2.75,3.0,equilibrium,False,0.9764888569,0.0229583692,0.0688751077,True,0,7,0,0,0,False,False
2.75,3.25,equilibrium,False,0.9700416593,0.0217956289,0.0944477252,True,0,7,0,0,0,False,False
2.75,3.5,equilibrium,False,0.9619840486,0.0182853694,0.1279975859,True,0,7,0,0,0,False,False
2.75,3.75,equilibrium,False,0.9520293888,0.0114173579,0.1712603689,True,0,7,0,0,0,False,False
2.75,4.0,equilibrium,False,0.9399133498,0.0000000000,0.2259049786,True,0,7,0,0,0,False,False
2.75,4.25,equilibrium,False,0.9254382954,-0.0172505642,0.2932595914,True,0,7,0,0,0,False,False
2.75,4.5,equilibrium,False,0.9085234684,-0.0415542879,0.3739885908,True,0,7,0,0,0,False,False
2.75,4.75,equilibrium,False,0.8892462855,-0.0738654969,0.4678148138,True,0,7,0,0,0,False,False
2.75,5.0,equilibrium,False,0.8678570736,-0.1146811734,0.5734058672,True,0,7,0,0,0,False,False
2.75,5.25,equilibrium,False,0.8447565909,-0.1639286163,0.6885001884,True,0,7,0,0,0,False,False
2.75,5.5,equilibrium,False,0.8204410415,-0.2209763084,0.8102464640,True,0,7,0,0,0,False,False
2.75,5.75,equilibrium,False,0.7954331494,-0.2847586949,0.9356357118,True,0,7,0,0,0,True,True
2.75,6.0,lock-in,False,0.7702208027,-0.3539614356,1.0618843067,False,0,0,7,0,0,True,True
2.75,6.25,lock-in,False,0.7452168006,-0.4272046216,1.1866795043,False,0,0,7,0,0,False,False
2.75,6.5,lock-in,False,0.7207419798,-0.5031824459,1.3082743594,False,0,0,7,0,0,False,False
2.75,6.75,lock-in,False,0.6970263715,-0.5807466746,1.4254691104,False,0,0,7,0,0,False,False
2.75,7.0,lock-in,False,0.6742207732,-0.6589413666,1.5375298553,False,0,0,7,0,0,False,False
2.75,7.25,lock-in,False,0.6524123402,-0.7370040553,1.6440859694,False,0,0,7,0,0,False,False
2.75,7.5,lock-in,False,0.6316401423,-0.8143480553,1.7450315471,False,0,0,7,0,0,False,False
2.75,7.75,lock-in,False,0.6119086884,-0.8905366705,1.8404424523,False,0,0,7,0,0,False,False
2.75,8.0,lock-in,False,0.5931987787,-0.9652559506,1.9305119012,False,0,0,7,0,0,False,False
2.75,8.25,lock-in,False,0.5754757623,-1.0382894895,2.0155031268,False,0,0,7,0,0,False,False
2.75,8.5,lock-in,False,0.5586955890,-1.1094967253,2.0957160366,False,0,0,7,0,0,False,False
2.75,8.75,lock-in,False,0.5428091126,-1.1787950544,2.1714645740,False,0,0,7,0,0,False,False
2.75,9.0,lock-in,False,0.5277650704,-1.2461455043,2.2430619078,False,0,0,7,0,0,False,False
2.75,9.25,lock-in,False,0.5135120905,-1.3115414729,2.3108111666,False,0,0,7,0,0,False,False
2.75,9.5,lock-in,False,0.5000000000,-1.3750000000,2.3750000000,False,0,0,7,0,0,False,False
2.75,9.75,lock-in,False,0.4871806400,-1.4365550681,2.4358977241,False,0,0,7,0,0,False,False
2.75,10.0,lock-in,False,0.4750083375,-1.4962525008,2.4937541681,False,0,0,7,0,0,False,False
2.75,10.25,lock-in,False,0.4634401426,-1.5541461052,2.5487996125,False,0,0,7,0,0,False,False
2.75,10.5,lock-in,True,0.4524359082,-1.6102947716,2.6012454003,False,0,0,6,1,0,True,False
2.75,10.75,lock-in,True,0.4419582659,-1.6647603105,2.6512849389,False,0,0,5,2,0,True,False
2.75,11.0,lock-in,True,0.4319725365,-1.7176058495,2.6990949063,False,0,0,4,3,0,True,False
2.75,11.25,oscillation,True,0.4224466007,-1.7688946593,2.7448365403,False,0,0,3,4,0,True,False
2.75,11.5,oscillation,True,0.4133507483,-1.8186893039,2.7886569326,False,0,0,1,6,0,True,False
2.75,11.75,oscillation,True,0.4046575181,-1.8670510363,2.8306902809,False,0,0,1,6,0,True,False
2.75,12.0,oscillation,False,0.3963415351,-1.9140393812,2.8710590718,False,0,0,0,7,0,False,False
2.75,12.25,oscillation,False,0.3883793525,-1.9597118563,2.9098751805,False,0,0,0,7,0,False,False
2.75,12.5,oscillation,False,0.3807492996,-2.0041237990,2.9472408808,False,0,0,0,7,0,False,False
2.75,12.75,oscillation,False,0.3734313383,-2.0473282713,2.9832497668,False,0,0,0,7,0,False,False
2.75,13.0,oscillation,False,0.3664069290,-2.0893760224,3.0179875879,False,0,0,0,7,0,False,False
2.75,13.25,oscillation,False,0.3596589071,-2.1303154931,3.0515330036,False,0,0,0,7,0,False,False
2.75,13.5,oscillation,False,0.3531713678,-2.1701928512,3.0839582623,False,0,0,0,7,0,False,False
2.75,13.75,oscillation,False,0.3469295616,-2.2090520486,3.1153298122,False,0,0,0,7,0,False,False
2.75,14.0,oscillation,False,0.3409197978,-2.2469348926,3.1457088496,False,0,0,0,7,0,False,False
3.0,0.0,equilibrium,False,0.9990856135,0.0036542014,0.0000000000,True,0,7,0,0,0,False,False
3.0,0.25,equilibrium,False,0.9988253327,0.0043998278,0.0002933219,True,0,7,0,0,0,False,False
3.0,0.5,equilibrium,False,0.9984908796,0.0052739502,0.0007534215,True,0,7,0,0,0,False,False
3.0,0.75,equilibrium,False,0.9980611095,0.0062891764,0.0014513484,True,0,7,0,0,0,False,False
3.0,1.0,equilibrium,False,0.9975088750,0.0074547579,0.0024849193,True,0,7,0,0,0,False,False
3.0,1.25,equilibrium,False,0.9967993585,0.0087735929,0.0039879968,True,0,7,0,0,0,False,False
3.0,1.5,equilibrium,False,0.9958879782,0.0102377827,0.0061426696,True,0,7,0,0,0,False,False
3.0,1.75,equilibrium,False,0.9947177928,0.0118221873,0.0091950346,True,0,7,0,0,0,False,False
3.0,2.0,equilibrium,False,0.9932163465,0.0134752711,0.0134752711,True,0,7,0,0,0,False,False
3.0,2.25,equilibrium,False,0.9912919474,0.0151063892,0.0194225004,True,0,7,0,0,0,False,False
3.0,2.5,equilibrium,False,0.9888294854,0.0165686012,0.0276143354,True,0,7,0,0,0,False,False
3.0,2.75,equilibrium,False,0.9856861111,0.0176362519,0.0387997541,True,0,7,0,0,0,False,False
3.0,3.0,equilibrium,False,0.9816874699,0.0179771813,0.0539315439,True,0,7,0,0,0,False,False
3.0,3.25,equilibrium,False,0.9766257682,0.0171209078,0.0741906006,True,0,7,0,0,0,False,False
3.0,3.5,equilibrium,False,0.9702617234,0.0144269558,0.1009886904,True,0,7,0,0,0,False,False
3.0,3.75,equilibrium,False,0.9623332592,0.0090619894,0.1359298405,True,0,7,0,0,0,False,False
3.0,4.0,equilibrium,False,0.9525741268,0.0000000000,0.1807066389,True,0,7,0,0,0,False,False
3.0,4.25,equilibrium,False,0.9407445492,-0.0139360606,0.2369130300,True,0,7,0,0,0,False,False
3.0,4.5,equilibrium,False,0.9266724505,-0.0339753100,0.3057777901,True,0,7,0,0,0,False,False
3.0,4.75,equilibrium,False,0.9102978113,-0.0612417796,0.3878646039,True,0,7,0,0,0,False,False
3.0,5.0,equilibrium,False,0.8917066401,-0.0965659081,0.4828295404,True,0,7,0,0,0,False,False
3.0,5.25,equilibrium,False,0.8711398863,-0.1403189810,0.5893397202,True,0,7,0,0,0,False,False
3.0,5.5,equilibrium,False,0.8489699616,-0.1923299489,0.7052098126,True,0,7,0,0,0,False,False
3.0,5.75,equilibrium,False,0.8256507265,-0.2519153076,0.8277217249,True,0,7,0,0,0,False,False
3.0,6.0,equilibrium,False,0.8016573643,-0.3180056691,0.9540170074,True,0,7,0,0,0,True,True
3.0,6.25,lock-in,False,0.7774338049,-0.3893185887,1.0814405242,False,0,0,7,0,0,True,True
3.0,6.5,lock-in,False,0.7533582977,-0.4645239325,1.2077622245,False,0,0,7,0,0,False,False
3.0,6.75,lock-in,False,0.7297286390,-0.5423680691,1.3312670788,False,0,0,7,0,0,False,False
3.0,7.0,lock-in,False,0.7067625866,-0.6217476983,1.4507446294,False,0,0,7,0,0,False,False
3.0,7.25,lock-in,False,0.6846072258,-0.7017405596,1.5654212484,False,0,0,7,0,0,False,False
3.0,7.5,lock-in,False,0.6633520131,-0.7816064193,1.6748708986,False,0,0,7,0,0,False,False
3.0,7.75,lock-in,False,0.6430420724,-0.8607711207,1.7789269828,False,0,0,7,0,0,False,False
3.0,8.0,lock-in,False,0.6236899784,-0.9388031570,1.8776063139,False,0,0,7,0,0,False,False
3.0,8.25,lock-in,False,0.6052853929,-1.0153886907,1.9710486349,False,0,0,7,0,0,False,False
3.0,8.5,lock-in,False,0.5878025401,-1.0903082128,2.0594710685,False,0,0,7,0,0,False,False
3.0,8.75,lock-in,False,0.5712057964,-1.1634162391,2.1431351773,False,0,0,7,0,0,False,False
3.0,9.0,lock-in,False,0.5554537502,-1.2346244079,2.2223239343,False,0,0,7,0,0,False,False
3.0,9.25,lock-in,False,0.5405020811,-1.3038878025,2.2973261282,False,0,0,7,0,0,False,False
3.0,9.5,lock-in,False,0.5263055533,-1.3711940983,2.3684261697,False,0,0,7,0,0,False,False
3.0,9.75,lock-in,False,0.5128193600,-1.4365550681,2.4358977241,False,0,0,7,0,0,False,False
3.0,10.0,lock-in,False,0.5000000000,-1.5000000000,2.5000000000,False,0,0,7,0,0,False,False
3.0,10.25,lock-in,False,0.4878058219,-1.5615706376,2.5609758457,False,0,0,7,0,0,False,False
3.0,10.5,lock-in,False,0.4761973355,-1.6213173155,2.6190510482,False,0,0,7,0,0,False,False
3.0,10.75,lock-in,True,0.4651373625,-1.6792960264,2.6744344124,False,0,0,6,1,0,True,False
3.0,11.0,lock-in,True,0.4545910778,-1.7355662085,2.7273183276,False,0,0,5,2,0,True,False
3.0,11.25,lock-in,True,0.4445259785,-1.7901890888,2.7778796206,False,0,0,4,3,0,True,False
3.0,11.5,lock-in,True,0.4349118063,-1.8432264528,2.8262805610,False,0,0,4,3,0,True,False
3.0,11.75,oscillation,True,0.4257204416,-1.8947397409,2.8726699297,False,0,0,2,5,0,True,False
3.0,12.0,oscillation,True,0.4169257821,-1.9447893945,2.9171840918,False,0,0,1,6,0,True,False
3.0,12.25,oscillation,False,0.4085036137,-1.9934343932,2.9599480384,False,0,0,0,7,0,False,False
3.0,12.5,oscillation,False,0.4004314814,-2.0407319358,3.0010763762,False,0,0,0,7,0,False,False
3.0,12.75,oscillation,False,0.3926885608,-2.0867372314,3.0406742515,False,0,0,0,7,0,False,False
3.0,13.0,oscillation,False,0.3852555366,-2.1315033730,3.0788382055,False,0,0,0,7,0,False,False
3.0,13.25,oscillation,False,0.3781144857,-2.1750812731,3.1156569587,False,0,0,0,7,0,False,False
3.0,13.5,oscillation,False,0.3712487690,-2.2175196448,3.1512121268,False,0,0,0,7,0,False,False
3.0,13.75,oscillation,False,0.3646429291,-2.2588650178,3.1855788712,False,0,0,0,7,0,False,False
3.0,14.0,oscillation,False,0.3582825972,-2.2991617774,3.2188264883,False,0,0,0,7,0,False,False
3.25,0.0,equilibrium,False,0.9992883079,0.0028447424,0.0000000000,True,0,7,0,0,0,False,False
3.25,0.25,equilibrium,False,0.9990858231,0.0034250295,0.0002283353,True,0,7,0,0,0,False,False
3.25,0.5,equilibrium,False,0.9988256787,0.0041052981,0.0005864712,True,0,7,0,0,0,False,False
3.25,0.75,equilibrium,False,0.9984914508,0.0048953887,0.0011297051,True,0,7,0,0,0,False,False
3.25,1.0,equilibrium,False,0.9980620528,0.0058025748,0.0019341916,True,0,7,0,0,0,False,False
3.25,1.25,equilibrium,False,0.9975104327,0.0068292657,0.0031042117,True,0,7,0,0,0,False,False
3.25,1.5,equilibrium,False,0.9968019308,0.0079696039,0.0047817624,True,0,7,0,0,0,False,False
3.25,1.75,equilibrium,False,0.9958922249,0.0092045278,0.0071590772,True,0,7,0,0,0,False,False
3.25,2.0,equilibrium,False,0.9947248004,0.0104947437,0.0104947437,True,0,7,0,0,0,False,False
3.25,2.25,equilibrium,False,0.9932278994,0.0117709187,0.0151340383,True,0,7,0,0,0,False,False
3.25,2.5,equilibrium,False,0.9913109655,0.0129203027,0.0215338379,True,0,7,0,0,0,False,False
3.25,2.75,equilibrium,False,0.9888607201,0.0137689954,0.0302917900,True,0,7,0,0,0,False,False
3.25,3.0,equilibrium,False,0.9857372308,0.0140593426,0.0421780278,True,0,7,0,0,0,False,False
3.25,3.25,equilibrium,False,0.9817707079,0.0134227387,0.0581652012,True,0,7,0,0,0,False,False
3.25,3.5,equilibrium,False,0.9767603205,0.0113497984,0.0794485887,True,0,7,0,0,0,False,False
3.25,3.75,equilibrium,False,0.9704770337,0.0071628402,0.1074426029,True,0,7,0,0,0,False,False
3.25,4.0,equilibrium,False,0.9626731127,0.0000000000,0.1437343633,True,0,7,0,0,0,False,False
3.25,4.25,equilibrium,False,0.9531010099,-0.0111748687,0.1899727680,True,0,7,0,0,0,False,False
3.25,4.5,equilibrium,False,0.9415429958,-0.0275198914,0.2476790227,True,0,7,0,0,0,False,False
3.25,4.75,equilibrium,False,0.9278493437,-0.0502087044,0.3179884609,True,0,7,0,0,0,False,False
3.25,5.0,equilibrium,False,0.9119774736,-0.0802745612,0.4013728062,True,0,7,0,0,0,False,False
3.25,5.25,equilibrium,False,0.8940197671,-0.1184355289,0.4974292215,True,0,7,0,0,0,False,False
3.25,5.5,equilibrium,False,0.8742079448,-0.1649526210,0.6048262771,True,0,7,0,0,0,False,False
3.25,5.75,equilibrium,False,0.8528892308,-0.2195710838,0.7214478468,True,0,7,0,0,0,False,False
3.25,6.0,equilibrium,False,0.8304807763,-0.2815649129,0.8446947388,True,0,7,0,0,0,False,False
3.25,6.25,equilibrium,False,0.8074168521,-0.3498634778,0.9718429940,True,0,7,0,0,0,True,True
3.25,6.5,lock-in,False,0.7841034226,-0.4232131132,1.1003540943,False,0,0,7,0,0,True,True
3.25,6.75,lock-in,False,0.7608884716,-0.5003273148,1.2280761363,False,0,0,7,0,0,False,False
3.25,7.0,lock-in,False,0.7380490300,-0.5799979779,1.3533286152,False,0,0,7,0,0,False,False
3.25,7.25,lock-in,False,0.7157911112,-0.6611611380,1.4748979233,False,0,0,7,0,0,False,False
3.25,7.5,lock-in,False,0.6942573862,-0.7429242377,1.5919805094,False,0,0,7,0,0,False,False
3.25,7.75,lock-in,False,0.6735381977,-0.8245668523,1.7041048282,False,0,0,7,0,0,False,False
3.25,8.0,lock-in,False,0.6536830019,-0.9055261397,1.8110522794,False,0,0,7,0,0,False,False
3.25,8.25,lock-in,False,0.6347106840,-0.9853753844,1.9127875109,False,0,0,7,0,0,False,False
3.25,8.5,lock-in,False,0.6166181345,-1.0638009482,2.0094017911,False,0,0,7,0,0,False,False
3.25,8.75,lock-in,False,0.5993870177,-1.1405805484,2.1010694312,False,0,0,7,0,0,False,False
3.25,9.0,lock-in,False,0.5829889212,-1.2155641948,2.1880155506,False,0,0,7,0,0,False,False
3.25,9.25,lock-in,False,0.5673891668,-1.2886581760,2.2704929768,False,0,0,7,0,0,False,False
3.25,9.5,lock-in,False,0.5525495676,-1.3598119862,2.3487661580,False,0,0,7,0,0,False,False
3.25,9.75,lock-in,False,0.5384303811,-1.4290078584,2.4231002817,False,0,0,7,0,0,False,False
3.25,10.0,lock-in,False,0.5249916625,-1.4962525008,2.4937541681,False,0,0,7,0,0,False,False
3.25,10.25,lock-in,False,0.5121941781,-1.5615706376,2.5609758457,False,0,0,7,0,0,False,False
3.25,10.5,lock-in,False,0.5000000000,-1.6250000000,2.6250000000,False,0,0,7,0,0,False,False
3.25,10.75,lock-in,False,0.4883728731,-1.6865874670,2.6860467066,False,0,0,7,0,0,False,False
3.25,11.0,lock-in,False,0.4772784218,-1.7463861092,2.7443210287,False,0,0,7,0,0,False,False
3.25,11.25,lock-in,True,0.4666842441,-1.8044529379,2.8000131796,False,0,0,5,2,0,True,False
3.25,11.5,lock-in,True,0.4565599288,-1.8608472016,2.8532990424,False,0,0,4,3,0,True,False
3.25,11.75,lock-in,True,0.4468770221,-1.9156291065,2.9043409034,False,0,0,4,3,0,True,False
3.25,12.0,lock-in,True,0.4376089602,-1.9688588652,2.9532882978,False,0,0,4,3,0,True,False
3.25,12.25,oscillation,True,0.4287309813,-2.0205959975,3.0002789054,False,0,0,1,6,0,True,False
3.25,12.5,oscillation,True,0.4202200268,-2.0708988249,3.0454394484,False,0,0,1,6,0,True,False
3.25,12.75,oscillation,False,0.4120546366,-2.1198241143,3.0888865665,False,0,0,0,7,0,False,False
3.25,13.0,oscillation,False,0.4042148441,-2.1674268351,3.1307276507,False,0,0,0,7,0,False,False
3.25,13.25,oscillation,False,0.3966820721,-2.2137600035,3.1710616266,False,0,0,0,7,0,False,False
3.25,13.5,oscillation,False,0.3894390339,-2.2588745914,3.2099796825,False,0,0,0,7,0,False,False
3.25,13.75,oscillation,False,0.3824696375,-2.3028194855,3.2475659412,False,0,0,0,7,0,False,False
3.25,14.0,oscillation,False,0.3757588970,-2.3456414833,3.2838980767,False,0,0,0,7,0,False,False
3.5,0.0,equilibrium,False,0.9994459957,0.0022147894,0.0000000000,True,0,7,0,0,0,False,False
3.5,0.25,equilibrium,False,0.9992884348,0.0026664709,0.0001777647,True,0,7,0,0,0,False,False
3.5,0.5,equilibrium,False,0.9990860325,0.0031959627,0.0004565661,True,0,7,0,0,0,False,False
3.5,0.75,equilibrium,False,0.9988260243,0.0038109419,0.0008794481,True,0,7,0,0,0,False,False
3.5,1.0,equilibrium,False,0.9984920214,0.0045171139,0.0015057046,True,0,7,0,0,0,False,False
3.5,1.25,equilibrium,False,0.9980629946,0.0053164468,0.0024165667,True,0,7,0,0,0,False,False
3.5,1.5,equilibrium,False,0.9975119875,0.0062045557,0.0037227334,True,0,7,0,0,0,False,False
3.5,1.75,equilibrium,False,0.9968044969,0.0071669067,0.0055742608,True,0,7,0,0,0,False,False
3.5,2.0,equilibrium,False,0.9958964585,0.0081734049,0.0081734049,True,0,7,0,0,0,False,False
3.5,2.25,equilibrium,False,0.9947317801,0.0091708150,0.0117910479,True,0,7,0,0,0,False,False
3.5,2.5,equilibrium,False,0.9932393934,0.0100723513,0.0167872521,True,0,7,0,0,0,False,False
3.5,2.75,equilibrium,False,0.9913298594,0.0107437116,0.0236361655,True,0,7,0,0,0,False,False
3.5,3.0,equilibrium,False,0.9888916940,0.0109849116,0.0329547348,True,0,7,0,0,0,False,False
3.5,3.25,equilibrium,False,0.9857878068,0.0105076551,0.0455331719,True,0,7,0,0,0,False,False
3.5,3.5,equilibrium,False,0.9818528230,0.0089089285,0.0623624994,True,0,7,0,0,0,False,False
3.5,3.75,equilibrium,False,0.9768925851,0.0056433656,0.0846504834,True,0,7,0,0,0,False,False
3.5,4.0,equilibrium,False,0.9706877692,0.0000000000,0.1138120955,True,0,7,0,0,0,False,False
3.5,4.25,equilibrium,False,0.9630040435,-0.0089068139,0.1514158365,True,0,7,0,0,0,False,False
3.5,4.5,equilibrium,False,0.9536110446,-0.0221185101,0.1990665909,True,0,7,0,0,0,False,False
3.5,4.75,equilibrium,False,0.9423108901,-0.0407708074,0.2582151135,True,0,7,0,0,0,False,False
3.5,5.0,equilibrium,False,0.9289734588,-0.0659817717,0.3299088584,True,0,7,0,0,0,False,False
3.5,5.25,equilibrium,False,0.9135708866,-0.0986989022,0.4145353893,True,0,7,0,0,0,False,False
3.5,5.5,equilibrium,False,0.8962001933,-0.1395381102,0.5116397374,True,0,7,0,0,0,False,False
3.5,5.75,equilibrium,False,0.8770841294,-0.1886632289,0.6198934664,True,0,7,0,0,0,False,False
3.5,6.0,equilibrium,False,0.8565474206,-0.2457478737,0.7372436210,True,0,7,0,0,0,False,False
3.5,6.25,equilibrium,False,0.8349751518,-0.3100312073,0.8611977979,True,0,7,0,0,0,True,False
3.5,6.5,unresolved,False,0.8127661021,-0.3804434134,0.9891528749,True,0,0,0,0,7,True,True
3.5,6.75,lock-in,False,0.7902932056,-0.4557571007,1.1186765199,False,0,0,7,0,0,True,True
3.5,7.0,lock-in,False,0.7678777943,-0.5347244619,1.2476904111,False,0,0,7,0,0,False,False
3.5,7.25,lock-in,False,0.7457781680,-0.6161775494,1.3745499179,False,0,0,7,0,0,False,False
3.5,7.5,lock-in,False,0.7241892281,-0.6990871650,1.4980439250,False,0,0,7,0,0,False,False
3.5,7.75,lock-in,False,0.7032488394,-0.7825871599,1.6173467970,False,0,0,7,0,0,False,False
3.5,8.0,lock-in,False,0.6830472119,-0.8659748728,1.7319497456,False,0,0,7,0,0,False,False
3.5,8.25,lock-in,False,0.6636368134,-0.9486977216,1.8415896948,False,0,0,7,0,0,False,False
3.5,8.5,lock-in,False,0.6450414408,-1.0303334120,1.9461853337,False,0,0,7,0,0,False,False
3.5,8.75,lock-in,False,0.6272638770,-1.1105685517,2.0457841741,False,0,0,7,0,0,False,False
3.5,9.0,lock-in,False,0.6102920228,-1.1891783486,2.1405210274,False,0,0,7,0,0,False,False
3.5,9.25,lock-in,False,0.5941036361,-1.2660086547,2.2305866774,False,0,0,7,0,0,False,False
3.5,9.5,lock-in,False,0.5786698967,-1.3409607605,2.3162049499,False,0,0,7,0,0,False,False
3.5,9.75,lock-in,False,0.5639580294,-1.4139788803,2.3976163622,False,0,0,7,0,0,False,False
3.5,10.0,lock-in,False,0.5499332000,-1.4850400532,2.4750667554,False,0,0,7,0,0,False,False
3.5,10.25,lock-in,False,0.5365598574,-1.5541461052,2.5487996125,False,0,0,7,0,0,False,False
3.5,10.5,lock-in,False,0.5238026645,-1.6213173155,2.6190510482,False,0,0,7,0,0,False,False
3.5,10.75,lock-in,False,0.5116271269,-1.6865874670,2.6860467066,False,0,0,7,0,0,False,False
3.5,11.0,lock-in,False,0.5000000000,-1.7500000000,2.7500000000,False,0,0,7,0,0,False,False
3.5,11.25,lock-in,False,0.4888895393,-1.8116050431,2.8111112737,False,0,0,7,0,0,False,False
3.5,11.5,lock-in,True,0.4782656364,-1.8714571308,2.8695676006,False,0,0,5,2,0,True,False
3.5,11.75,lock-in,True,0.4680998771,-1.9296134617,2.9255429903,False,0,0,5,2,0,True,False
3.5,12.0,lock-in,True,0.4583655431,-1.9861325760,2.9791988640,False,0,0,4,3,0,True,False
3.5,12.25,lock-in,True,0.4490375790,-2.0410733610,3.0306846876,False,0,0,4,3,0,True,False
3.5,12.5,oscillation,True,0.4400925326,-2.0944943105,3.0801386919,False,0,0,3,4,0,True,False
3.5,12.75,oscillation,True,0.4315084826,-2.1464529804,3.1276886286,False,0,0,1,6,0,True,False
3.5,13.0,oscillation,False,0.4232649564,-2.1970055977,3.1734525300,False,0,0,0,7,0,False,False
3.5,13.25,oscillation,False,0.4153428441,-2.2462067850,3.2175394488,False,0,0,0,7,0,False,False
3.5,13.5,oscillation,False,0.4077243128,-2.2941093768,3.2600501671,False,0,0,0,7,0,False,False
3.5,13.75,oscillation,False,0.4003927216,-2.3407643034,3.3010778637,False,0,0,0,7,0,False,False
3.5,14.0,oscillation,False,0.3933325391,-2.3862205279,3.3407087390,False,0,0,0,7,0,False,False
3.75,0.0,equilibrium,False,0.9995686998,0.0017244567,0.0000000000,True,0,7,0,0,0,False,False
3.75,0.25,equilibrium,False,0.9994460726,0.0020760773,0.0001384052,True,0,7,0,0,0,False,False
3.75,0.5,equilibrium,False,0.9992885616,0.0024882631,0.0003554662,True,0,7,0,0,0,False,False
3.75,0.75,equilibrium,False,0.9990862417,0.0029670009,0.0006846925,True,0,7,0,0,0,False,False
3.75,1.0,equilibrium,False,0.9988263696,0.0035167590,0.0011722530,True,0,7,0,0,0,False,False
3.75,1.25,equilibrium,False,0.9984925913,0.0041391252,0.0018814206,True,0,7,0,0,0,False,False
3.75,1.5,equilibrium,False,0.9980639351,0.0048307913,0.0028984748,True,0,7,0,0,0,False,False
3.75,1.75,equilibrium,False,0.9975135394,0.0055806258,0.0043404867,True,0,7,0,0,0,False,False
3.75,2.0,equilibrium,False,0.9968070568,0.0063654966,0.0063654966,True,0,7,0,0,0,False,False
3.75,2.25,equilibrium,False,0.9959006790,0.0071444040,0.0091856622,True,0,7,0,0,0,False,False
3.75,2.5,equilibrium,False,0.9947387322,0.0078503803,0.0130839671,True,0,7,0,0,0,False,False
3.75,2.75,equilibrium,False,0.9932508289,0.0083795247,0.0184349543,True,0,7,0,0,0,False,False
3.75,3.0,equilibrium,False,0.9913486304,0.0085765234,0.0257295701,True,0,7,0,0,0,False,False
3.75,3.25,equilibrium,False,0.9889224109,0.0082161571,0.0356033474,True,0,7,0,0,0,False,False
3.75,3.5,equilibrium,False,0.9858378493,0.0069807921,0.0488655447,True,0,7,0,0,0,False,False
3.75,3.75,equilibrium,False,0.9819338418,0.0044349430,0.0665241454,True,0,7,0,0,0,False,False
3.75,4.0,equilibrium,False,0.9770226301,0.0000000000,0.0897976415,True,0,7,0,0,0,False,False
3.75,4.25,equilibrium,False,0.9708940994,-0.0070646868,0.1200996754,True,0,7,0,0,0,False,False
3.75,4.5,equilibrium,False,0.9633264575,-0.0176642969,0.1589786722,True,0,7,0,0,0,False,False
3.75,4.75,equilibrium,False,0.9541051569,-0.0328413799,0.2079954058,True,0,7,0,0,0,False,False
3.75,5.0,equilibrium,False,0.9430502236,-0.0537064994,0.2685324970,True,0,7,0,0,0,False,False
3.75,5.25,equilibrium,False,0.9300487879,-0.0813225501,0.3415547103,True,0,7,0,0,0,False,False
3.75,5.5,equilibrium,False,0.9150854384,-0.1165561183,0.4273724337,True,0,7,0,0,0,False,False
3.75,5.75,equilibrium,False,0.8982604712,-0.1599300449,0.5254844332,True,0,7,0,0,0,False,False
3.75,6.0,equilibrium,False,0.8797879896,-0.2115221658,0.6345664975,True,0,7,0,0,0,False,False
3.75,6.25,equilibrium,False,0.8599725279,-0.2709445030,0.7526236195,True,0,7,0,0,0,False,False
3.75,6.5,equilibrium,False,0.8391709686,-0.3374076351,0.8772598513,True,0,7,0,0,0,True,True
3.75,6.75,unresolved,False,0.8177510787,-0.4098441929,1.0059812008,False,0,0,0,0,7,True,True
3.75,7.0,lock-in,False,0.7960568637,-0.4870510003,1.1364523341,False,0,0,7,0,0,True,False
3.75,7.25,lock-in,False,0.7743860688,-0.5678149271,1.2666640682,False,0,0,7,0,0,False,False
3.75,7.5,lock-in,False,0.7529800719,-0.6510037913,1.3950081243,False,0,0,7,0,0,False,False
3.75,7.75,lock-in,False,0.7320233359,-0.7356193935,1.5202800800,False,0,0,7,0,0,False,False
3.75,8.0,lock-in,False,0.7116487381,-0.8208192467,1.6416384934,False,0,0,7,0,0,False,False
3.75,8.25,lock-in,False,0.6919456281,-0.9059167224,1.7585442259,False,0,0,7,0,0,False,False
3.75,8.5,lock-in,False,0.6729684694,-0.9903685887,1.8706962230,False,0,0,7,0,0,False,False
3.75,8.75,lock-in,False,0.6547448558,-1.0737566405,1.9779727589,False,0,0,7,0,0,False,False
3.75,9.0,lock-in,False,0.6372823662,-1.1557677597,2.0803819674,False,0,0,7,0,0,False,False
3.75,9.25,lock-in,False,0.6205741293,-1.2361748665,2.1780223839,False,0,0,7,0,0,False,False
3.75,9.5,lock-in,False,0.6046031837,-1.3148199567,2.2710526525,False,0,0,7,0,0,False,False
3.75,9.75,lock-in,False,0.5893458040,-1.3915996320,2.3596689412,False,0,0,7,0,0,False,False
3.75,10.0,lock-in,False,0.5747739873,-1.4664531049,2.4440885082,False,0,0,7,0,0,False,False
3.75,10.25,lock-in,False,0.5608572793,-1.5393524473,2.5245380135,False,0,0,7,0,0,False,False
3.75,10.5,lock-in,False,0.5475640918,-1.6102947716,2.6012454003,False,0,0,7,0,0,False,False
3.75,10.75,lock-in,False,0.5348626375,-1.6792960264,2.6744344124,False,0,0,7,0,0,False,False
3.75,11.0,lock-in,False,0.5227215782,-1.7463861092,2.7443210287,False,0,0,7,0,0,False,False
3.75,11.25,lock-in,False,0.5111104607,-1.8116050431,2.8111112737,False,0,0,7,0,0,False,False
3.75,11.5,lock-in,False,0.5000000000,-1.8750000000,2.8750000000,False,0,0,7,0,0,False,False
3.75,11.75,lock-in,False,0.4893622487,-1.9366229964,2.9361703494,False,0,0,7,0,0,False,False
3.75,12.0,lock-in,True,0.4791706873,-1.9965291179,2.9947936768,False,0,0,5,2,0,True,False
3.75,12.25,lock-in,True,0.4694002575,-2.0547751600,3.0510297830,False,0,0,4,3,0,True,False
3.75,12.5,lock-in,True,0.4600273557,-2.1114185955,3.1050273463,False,0,0,4,3,0,True,False
3.75,12.75,lock-in,True,0.4510297998,-2.1665167955,3.1569244735,False,0,0,4,3,0,True,False
3.75,13.0,oscillation,True,0.4423867785,-2.2201264504,3.2068493172,False,0,0,2,5,0,True,False
3.75,13.25,oscillation,True,0.4340787896,-2.2723031447,3.2549207208,False,0,0,1,6,0,True,False
3.75,13.5,oscillation,False,0.4260875715,-2.3231010527,3.3012488643,False,0,0,0,7,0,False,False
3.75,13.75,oscillation,False,0.4183960326,-2.3725727269,3.3459358969,False,0,0,0,7,0,False,False
3.75,14.0,oscillation,False,0.4109881797,-2.4207689585,3.3890765420,False,0,0,0,7,0,False,False
4.0,0.0,equilibrium,False,0.9996641993,0.0013427519,0.0000000000,True,0,7,0,0,0,False,False
4.0,0.25,equilibrium,False,0.9995687464,0.0016165037,0.0001077669,True,0,7,0,0,0,False,False
4.0,0.5,equilibrium,False,0.9994461494,0.0019374036,0.0002767719,True,0,7,0,0,0,False,False
4.0,0.75,equilibrium,False,0.9992886883,0.0023101187,0.0005331043,True,0,7,0,0,0,False,False
4.0,1.0,equilibrium,False,0.9990864508,0.0027381439,0.0009127146,True,0,7,0,0,0,False,False
4.0,1.25,equilibrium,False,0.9988267146,0.0032227492,0.0014648860,True,0,7,0,0,0,False,False
4.0,1.5,equilibrium,False,0.9984931605,0.0037614223,0.0022568534,True,0,7,0,0,0,False,False
4.0,1.75,equilibrium,False,0.9980648743,0.0043456073,0.0033799168,True,0,7,0,0,0,False,False
4.0,2.0,equilibrium,False,0.9975150884,0.0049574737,0.0049574737,True,0,7,0,0,0,False,False
4.0,2.25,equilibrium,False,0.9968096106,0.0055653689,0.0071554743,True,0,7,0,0,0,False,False
4.0,2.5,equilibrium,False,0.9959048865,0.0061175153,0.0101958588,True,0,7,0,0,0,False,False
4.0,2.75,equilibrium,False,0.9947456568,0.0065334189,0.0143735215,True,0,7,0,0,0,False,False
4.0,3.0,equilibrium,False,0.9932622066,0.0066923955,0.0200771865,True,0,7,0,0,0,False,False
4.0,3.25,equilibrium,False,0.9913672801,0.0064186470,0.0278141371,True,0,7,0,0,0,False,False
4.0,3.5,equilibrium,False,0.9889528747,0.0054625432,0.0382378023,True,0,7,0,0,0,False,False
4.0,3.75,equilibrium,False,0.9858873681,0.0034783664,0.0521754957,True,0,7,0,0,0,False,False
4.0,4.0,equilibrium,False,0.9820137900,0.0000000000,0.0706508249,True,0,7,0,0,0,False,False
4.0,4.25,equilibrium,False,0.9771505206,-0.0055818452,0.0948913680,True,0,7,0,0,0,False,False
4.0,4.5,equilibrium,False,0.9710961844,-0.0140341925,0.1263077325,True,0,7,0,0,0,False,False
4.0,4.75,equilibrium,False,0.9636407336,-0.0262779526,0.1664270331,True,0,7,0,0,0,False,False
4.0,5.0,equilibrium,False,0.9545842004,-0.0433532048,0.2167660238,True,0,7,0,0,0,False,False
4.0,5.25,equilibrium,False,0.9437628048,-0.0663432164,0.2786415087,True,0,7,0,0,0,False,False
4.0,5.5,equilibrium,False,0.9310789000,-0.0962564729,0.3529404006,True,0,7,0,0,0,False,False
4.0,5.75,equilibrium,False,0.9165276376,-0.1338832725,0.4399021810,True,0,7,0,0,0,False,False
4.0,6.0,equilibrium,False,0.9002115160,-0.1796614849,0.5389844546,True,0,7,0,0,0,False,False
4.0,6.25,equilibrium,False,0.8823363509,-0.2335925583,0.6488682174,True,0,7,0,0,0,False,False
4.0,6.5,equilibrium,False,0.8631884749,-0.2952353293,0.7676118561,True,0,7,0,0,0,False,False
4.0,6.75,equilibrium,False,0.8430998142,-0.3637769231,0.8929069929,True,0,7,0,0,0,True,True
4.0,7.0,equilibrium,False,0.8224108600,-0.4381537120,1.0223586614,False,0,7,0,0,0,True,True
4.0,7.25,lock-in,False,0.8014401271,-0.5171850118,1.1537204108,False,0,0,7,0,0,True,False
4.0,7.5,lock-in,False,0.7804643870,-0.5996890466,1.2850479570,False,0,0,7,0,0,False,False
4.0,7.75,lock-in,False,0.7597097015,-0.6845657660,1.4147692497,False,0,0,7,0,0,False,False
4.0,8.0,lock-in,False,0.7393507715,-0.7708448327,1.5416896655,False,0,0,7,0,0,False,False
4.0,8.25,lock-in,False,0.7195154480,-0.8577051144,1.6649569868,False,0,0,7,0,0,False,False
4.0,8.5,lock-in,False,0.7002917060,-0.9444745462,1.7840074762,False,0,0,7,0,0,False,False
4.0,8.75,lock-in,False,0.6817352244,-1.0306184641,1.8985076970,False,0,0,7,0,0,False,False
4.0,9.0,lock-in,False,0.6638765015,-1.1157224614,2.0083004305,False,0,0,7,0,0,False,False
4.0,9.25,lock-in,False,0.6467270126,-1.1994737148,2.1133584500,False,0,0,7,0,0,False,False
4.0,9.5,lock-in,False,0.6302842688,-1.2816430512,2.2137470884,False,0,0,7,0,0,False,False
4.0,9.75,lock-in,False,0.6145358287,-1.3620688777,2.3095950534,False,0,0,7,0,0,False,False
4.0,10.0,lock-in,True,0.5994623991,-1.4406433870,2.4010723116,False,0,0,5,2,0,True,False
4.0,10.25,lock-in,True,0.5850401841,-1.5173010443,2.4883737126,False,0,0,5,2,0,True,False
4.0,10.5,lock-in,True,0.5712426349,-1.5920091653,2.5717071132,False,0,0,5,2,0,True,False
4.0,10.75,lock-in,True,0.5580417341,-1.6647603105,2.6512849389,False,0,0,5,2,0,True,False
4.0,11.0,lock-in,True,0.5454089222,-1.7355662085,2.7273183276,False,0,0,5,2,0,True,False
4.0,11.25,lock-in,False,0.5333157559,-1.8044529379,2.8000131796,False,0,0,7,0,0,False,False
4.0,11.5,lock-in,False,0.5217343636,-1.8714571308,2.8695676006,False,0,0,7,0,0,False,False
4.0,11.75,lock-in,False,0.5106377513,-1.9366229964,2.9361703494,False,0,0,7,0,0,False,False
4.0,12.0,lock-in,False,0.5000000000,-2.0000000000,3.0000000000,False,0,0,7,0,0,False,False
4.0,12.25,lock-in,True,0.4897963810,-2.0616410608,3.0612246055,False,0,0,6,1,0,True,False
4.0,12.5,lock-in,True,0.4800034149,-2.1216011610,3.1200017073,False,0,0,5,2,0,True,False
4.0,12.75,lock-in,True,0.4705988885,-2.1799362781,3.1764785767,False,0,0,4,3,0,True,False
4.0,13.0,lock-in,True,0.4615618438,-2.2367025733,3.2307926059,False,0,0,4,3,0,True,False
4.0,13.25,lock-in,True,0.4528725460,-2.2919557785,3.2830717908,False,0,0,4,3,0,True,False
4.0,13.5,oscillation,True,0.4445124395,-2.3457507410,3.3334352635,False,0,0,2,5,0,True,False
4.0,13.75,oscillation,True,0.4364640956,-2.3981410913,3.3819938466,False,0,0,1,6,0,True,False
4.0,14.0,oscillation,False,0.4287111547,-2.4491790054,3.4288506075,False,0,0,0,7,0,False,False
